// SPDX-License-Identifier: BSD-3-Clause
// Auto-generated by sof_tflm_train.py — do not edit.

#include "sof_tflm_quantized_model_data.h"

alignas(8) const unsigned char g_sof_tflm_quantized_model_data[] = {
    0x1c, 0x00, 0x00, 0x00, 0x54, 0x46, 0x4c, 0x33, 0x14, 0x00, 0x20, 0x00,
    0x1c, 0x00, 0x18, 0x00, 0x14, 0x00, 0x10, 0x00, 0x0c, 0x00, 0x00, 0x00,
    0x08, 0x00, 0x04, 0x00, 0x14, 0x00, 0x00, 0x00, 0x1c, 0x00, 0x00, 0x00,
    0x84, 0x00, 0x00, 0x00, 0xdc, 0x00, 0x00, 0x00, 0x04, 0x53, 0x00, 0x00,
    0x14, 0x53, 0x00, 0x00, 0xc4, 0x5d, 0x00, 0x00, 0x03, 0x00, 0x00, 0x00,
    0x01, 0x00, 0x00, 0x00, 0x04, 0x00, 0x00, 0x00, 0x2e, 0xac, 0xff, 0xff,
    0x0c, 0x00, 0x00, 0x00, 0x1c, 0x00, 0x00, 0x00, 0x3c, 0x00, 0x00, 0x00,
    0x0f, 0x00, 0x00, 0x00, 0x73, 0x65, 0x72, 0x76, 0x69, 0x6e, 0x67, 0x5f,
    0x64, 0x65, 0x66, 0x61, 0x75, 0x6c, 0x74, 0x00, 0x01, 0x00, 0x00, 0x00,
    0x04, 0x00, 0x00, 0x00, 0x98, 0xff, 0xff, 0xff, 0x0e, 0x00, 0x00, 0x00,
    0x04, 0x00, 0x00, 0x00, 0x08, 0x00, 0x00, 0x00, 0x6f, 0x75, 0x74, 0x70,
    0x75, 0x74, 0x5f, 0x30, 0x00, 0x00, 0x00, 0x00, 0x01, 0x00, 0x00, 0x00,
    0x04, 0x00, 0x00, 0x00, 0x36, 0xac, 0xff, 0xff, 0x04, 0x00, 0x00, 0x00,
    0x05, 0x00, 0x00, 0x00, 0x6d, 0x65, 0x6c, 0x34, 0x30, 0x00, 0x00, 0x00,
    0x02, 0x00, 0x00, 0x00, 0x34, 0x00, 0x00, 0x00, 0x04, 0x00, 0x00, 0x00,
    0xdc, 0xff, 0xff, 0xff, 0x11, 0x00, 0x00, 0x00, 0x04, 0x00, 0x00, 0x00,
    0x13, 0x00, 0x00, 0x00, 0x43, 0x4f, 0x4e, 0x56, 0x45, 0x52, 0x53, 0x49,
    0x4f, 0x4e, 0x5f, 0x4d, 0x45, 0x54, 0x41, 0x44, 0x41, 0x54, 0x41, 0x00,
    0x08, 0x00, 0x0c, 0x00, 0x08, 0x00, 0x04, 0x00, 0x08, 0x00, 0x00, 0x00,
    0x10, 0x00, 0x00, 0x00, 0x04, 0x00, 0x00, 0x00, 0x13, 0x00, 0x00, 0x00,
    0x6d, 0x69, 0x6e, 0x5f, 0x72, 0x75, 0x6e, 0x74, 0x69, 0x6d, 0x65, 0x5f,
    0x76, 0x65, 0x72, 0x73, 0x69, 0x6f, 0x6e, 0x00, 0x12, 0x00, 0x00, 0x00,
    0x24, 0x52, 0x00, 0x00, 0x1c, 0x52, 0x00, 0x00, 0x08, 0x52, 0x00, 0x00,
    0xf4, 0x51, 0x00, 0x00, 0xe0, 0x51, 0x00, 0x00, 0xbc, 0x51, 0x00, 0x00,
    0x8c, 0x03, 0x00, 0x00, 0x5c, 0x03, 0x00, 0x00, 0xcc, 0x00, 0x00, 0x00,
    0xc4, 0x00, 0x00, 0x00, 0xbc, 0x00, 0x00, 0x00, 0xb4, 0x00, 0x00, 0x00,
    0xac, 0x00, 0x00, 0x00, 0xa4, 0x00, 0x00, 0x00, 0x9c, 0x00, 0x00, 0x00,
    0x94, 0x00, 0x00, 0x00, 0x74, 0x00, 0x00, 0x00, 0x04, 0x00, 0x00, 0x00,
    0xf2, 0xac, 0xff, 0xff, 0x04, 0x00, 0x00, 0x00, 0x60, 0x00, 0x00, 0x00,
    0x0c, 0x00, 0x00, 0x00, 0x08, 0x00, 0x0e, 0x00, 0x08, 0x00, 0x04, 0x00,
    0x08, 0x00, 0x00, 0x00, 0x10, 0x00, 0x00, 0x00, 0x28, 0x00, 0x00, 0x00,
    0x00, 0x00, 0x06, 0x00, 0x08, 0x00, 0x04, 0x00, 0x06, 0x00, 0x00, 0x00,
    0x04, 0x00, 0x00, 0x00, 0x01, 0x00, 0x00, 0x00, 0xeb, 0x03, 0x00, 0x00,
    0x0c, 0x00, 0x18, 0x00, 0x14, 0x00, 0x10, 0x00, 0x0c, 0x00, 0x04, 0x00,
    0x0c, 0x00, 0x00, 0x00, 0xfe, 0x0d, 0xc0, 0xfc, 0x54, 0x83, 0xce, 0x09,
    0x02, 0x00, 0x00, 0x00, 0x02, 0x00, 0x00, 0x00, 0x04, 0x00, 0x00, 0x00,
    0x06, 0x00, 0x00, 0x00, 0x32, 0x2e, 0x32, 0x31, 0x2e, 0x30, 0x00, 0x00,
    0x5e, 0xad, 0xff, 0xff, 0x04, 0x00, 0x00, 0x00, 0x10, 0x00, 0x00, 0x00,
    0x31, 0x2e, 0x31, 0x34, 0x2e, 0x30, 0x00, 0x00, 0x00, 0x00, 0x00, 0x00,
    0x00, 0x00, 0x00, 0x00, 0xc8, 0xa4, 0xff, 0xff, 0xcc, 0xa4, 0xff, 0xff,
    0xd0, 0xa4, 0xff, 0xff, 0xd4, 0xa4, 0xff, 0xff, 0xd8, 0xa4, 0xff, 0xff,
    0xdc, 0xa4, 0xff, 0xff, 0xe0, 0xa4, 0xff, 0xff, 0x96, 0xad, 0xff, 0xff,
    0x04, 0x00, 0x00, 0x00, 0x80, 0x02, 0x00, 0x00, 0xe4, 0x18, 0xf9, 0xd9,
    0xa3, 0xe8, 0x03, 0x9b, 0x4d, 0x2b, 0xe2, 0xa5, 0xc5, 0xc9, 0xf1, 0xb8,
    0xf3, 0x2a, 0xed, 0x16, 0xc3, 0xce, 0xf3, 0x2f, 0x2c, 0xdc, 0x00, 0x0e,
    0x00, 0x1c, 0xa5, 0x21, 0x18, 0xbb, 0xa7, 0x07, 0x30, 0x69, 0x02, 0x3e,
    0x25, 0xe0, 0xa1, 0x55, 0x0f, 0x1a, 0xe2, 0x43, 0x21, 0x14, 0xb4, 0x62,
    0x2c, 0xe6, 0xd7, 0x1c, 0xc9, 0x22, 0x81, 0x19, 0x04, 0xe4, 0xb0, 0xd7,
    0x01, 0xe1, 0xe6, 0xdf, 0xe6, 0x2e, 0xea, 0xe4, 0x59, 0x5f, 0xef, 0x90,
    0xa1, 0xd4, 0xda, 0x0b, 0xe3, 0x0b, 0xfc, 0x07, 0x1c, 0xdd, 0xe6, 0xdf,
    0x14, 0xd2, 0x22, 0x38, 0x3f, 0x5a, 0xd6, 0x0d, 0x0d, 0xca, 0xdd, 0x11,
    0x37, 0x7f, 0xb6, 0x24, 0xc5, 0xc7, 0xe3, 0x1f, 0x20, 0x1d, 0xae, 0x21,
    0xf8, 0x0f, 0xf7, 0x6f, 0xfd, 0x0c, 0xe3, 0x34, 0xef, 0xfa, 0xb5, 0x26,
    0x3f, 0xf7, 0xe8, 0x9f, 0x4f, 0x04, 0x07, 0x12, 0xca, 0xec, 0xad, 0xf3,
    0x30, 0x52, 0x02, 0xcf, 0xb3, 0xf3, 0xae, 0xfa, 0xfc, 0xfd, 0x22, 0x2b,
    0xed, 0xcf, 0xa3, 0x39, 0x3b, 0xe9, 0x1e, 0x04, 0x25, 0x68, 0xde, 0x3b,
    0x65, 0xdb, 0x3d, 0xeb, 0x33, 0x41, 0xe3, 0x3a, 0x3c, 0xcb, 0x2b, 0x1a,
    0x01, 0x4e, 0xfa, 0x48, 0xf4, 0xe7, 0x3f, 0x30, 0x22, 0x19, 0xd8, 0x0c,
    0xad, 0xf4, 0x10, 0x56, 0x35, 0x12, 0xe5, 0xab, 0x2f, 0x26, 0x1c, 0x27,
    0x9c, 0x31, 0xf6, 0x0a, 0x39, 0x5b, 0xf1, 0xf2, 0xc8, 0x90, 0x0b, 0xfa,
    0x0f, 0x36, 0x2c, 0xe8, 0xfe, 0xad, 0xb4, 0x01, 0xe9, 0xf3, 0x44, 0xd7,
    0x29, 0x2d, 0x0a, 0xf7, 0x5b, 0xe8, 0x43, 0xd4, 0x49, 0x77, 0xca, 0x4e,
    0x25, 0xf3, 0x23, 0xeb, 0x15, 0xff, 0xd5, 0x4a, 0x2b, 0xb9, 0x6b, 0x33,
    0x38, 0xd2, 0x09, 0xc7, 0xe7, 0xf9, 0x3f, 0x2a, 0xe7, 0xcb, 0xea, 0x81,
    0x36, 0x3b, 0x07, 0x2f, 0xc4, 0xf8, 0xff, 0xee, 0x7f, 0x7f, 0x00, 0xeb,
    0xab, 0xbe, 0xbe, 0xe8, 0x60, 0x62, 0x28, 0x7f, 0xdc, 0xee, 0xeb, 0x32,
    0x1f, 0xd5, 0x48, 0x25, 0x07, 0x66, 0xb8, 0x21, 0x00, 0xc5, 0x31, 0x22,
    0x6d, 0x6a, 0xd7, 0x22, 0x1e, 0xb2, 0x1b, 0xf9, 0x0c, 0x04, 0xc1, 0x6e,
    0x06, 0xa9, 0x67, 0x70, 0xfa, 0xeb, 0x03, 0x10, 0xda, 0xde, 0x1f, 0x2b,
    0x02, 0x2e, 0xce, 0xaa, 0x4f, 0x17, 0x25, 0x05, 0xe0, 0x03, 0xcd, 0xf8,
    0x4c, 0x64, 0xe2, 0xc9, 0x98, 0xbc, 0xdd, 0xff, 0x08, 0x52, 0x06, 0x61,
    0xb5, 0xcd, 0xd3, 0x46, 0xfd, 0x1a, 0x33, 0xf6, 0x53, 0x48, 0xe7, 0xf0,
    0x4c, 0xd2, 0x12, 0x01, 0x43, 0x79, 0xda, 0x28, 0xc0, 0xb6, 0x11, 0x4c,
    0xda, 0x1b, 0xe9, 0x47, 0xea, 0xd8, 0x5a, 0x12, 0xde, 0xe6, 0x34, 0x15,
    0xe6, 0xf0, 0x24, 0x10, 0x1d, 0x24, 0xc9, 0x83, 0x2f, 0x0e, 0x0f, 0x24,
    0xab, 0xfc, 0x1f, 0x0c, 0x31, 0x66, 0xef, 0xbf, 0x81, 0xb5, 0x10, 0x28,
    0xfc, 0x31, 0xed, 0x09, 0x2f, 0x8b, 0x4e, 0x51, 0xdc, 0xcd, 0x08, 0x37,
    0x67, 0x4b, 0x3a, 0x36, 0x37, 0xc7, 0x13, 0x0d, 0x41, 0x45, 0x68, 0x60,
    0xfe, 0xfe, 0xd7, 0x0d, 0x0c, 0x00, 0x65, 0x06, 0xd0, 0xb0, 0x32, 0x35,
    0x16, 0xca, 0x42, 0xdc, 0x0d, 0xdf, 0x16, 0xe1, 0xed, 0xeb, 0xf9, 0x89,
    0xbb, 0x15, 0x04, 0xf9, 0x9a, 0xe5, 0x47, 0x09, 0x4d, 0x54, 0xe9, 0x06,
    0x91, 0xbd, 0xfe, 0x02, 0xd7, 0x30, 0xf2, 0xfb, 0xe3, 0x92, 0xff, 0x19,
    0x00, 0xe5, 0xf9, 0xe9, 0x38, 0xfd, 0x3a, 0x0b, 0xe3, 0xc5, 0x0b, 0x36,
    0x6a, 0x6d, 0x5a, 0x06, 0xba, 0xd9, 0xe6, 0xb3, 0x15, 0x2d, 0x12, 0x1e,
    0x95, 0xcd, 0x2c, 0xd8, 0xda, 0xce, 0x05, 0x15, 0x15, 0xc4, 0xfd, 0xc5,
    0x16, 0xba, 0x05, 0x8b, 0xf7, 0x1d, 0x20, 0x2e, 0xbf, 0x24, 0x19, 0xcb,
    0xd5, 0x60, 0x07, 0x94, 0xd0, 0xcc, 0x38, 0x03, 0x01, 0x3f, 0xdd, 0xce,
    0x56, 0x81, 0x58, 0xdb, 0xfa, 0x1e, 0x10, 0xc2, 0x7b, 0x0d, 0x4b, 0x0c,
    0x9f, 0xf3, 0xf5, 0x01, 0x6e, 0x51, 0x75, 0x23, 0xb7, 0xc5, 0xe1, 0xe0,
    0xde, 0x16, 0x33, 0x31, 0xa8, 0xed, 0xf9, 0xa5, 0xe7, 0xc9, 0x7f, 0xde,
    0x93, 0xd7, 0xda, 0x25, 0xfe, 0x14, 0x34, 0x9f, 0xe0, 0xf8, 0x22, 0xea,
    0xed, 0xcf, 0x1d, 0xf8, 0xe2, 0x5a, 0xd6, 0x89, 0xb7, 0x8f, 0x22, 0x29,
    0xd8, 0x4a, 0xee, 0xe2, 0x37, 0x87, 0x20, 0x1d, 0xb8, 0xe5, 0xf2, 0xbb,
    0x7f, 0xfe, 0x10, 0xce, 0xaa, 0xd7, 0xcf, 0xb7, 0x3b, 0x19, 0x7b, 0x2c,
    0xd6, 0xe0, 0xcd, 0xcd, 0x27, 0x2b, 0x5b, 0xfa, 0x81, 0xf4, 0xf1, 0x92,
    0xf8, 0x17, 0x13, 0x16, 0x92, 0xd4, 0xd7, 0x00, 0xce, 0x07, 0x43, 0xb8,
    0x22, 0xb0, 0xff, 0xff, 0x04, 0x00, 0x00, 0x00, 0x20, 0x00, 0x00, 0x00,
    0x6d, 0x00, 0x00, 0x00, 0x1b, 0xde, 0xff, 0xff, 0xd2, 0x26, 0x00, 0x00,
    0xad, 0xd4, 0xff, 0xff, 0xa8, 0x0e, 0x00, 0x00, 0x23, 0x10, 0x00, 0x00,
    0x89, 0xdd, 0xff, 0xff, 0x90, 0x68, 0x00, 0x00, 0x4e, 0xb0, 0xff, 0xff,
    0x04, 0x00, 0x00, 0x00, 0x20, 0x4e, 0x00, 0x00, 0xfa, 0xfd, 0xf6, 0x02,
    0xc6, 0xd0, 0xe3, 0x03, 0xfe, 0xfe, 0x02, 0xfe, 0xf9, 0xf8, 0xf0, 0x47,
    0x06, 0x39, 0xf7, 0xff, 0xb6, 0xfc, 0xe5, 0x0c, 0x05, 0x4e, 0x01, 0x01,
    0xf2, 0xf9, 0xec, 0x0f, 0xfe, 0xf3, 0x03, 0xfe, 0x19, 0x00, 0xed, 0x1e,
    0xfd, 0x25, 0x02, 0xfb, 0xe2, 0xfe, 0xf8, 0x08, 0xff, 0x31, 0xfd, 0x01,
    0xf5, 0xff, 0x02, 0x0e, 0xfc, 0x2a, 0x06, 0xfc, 0x06, 0xff, 0xf9, 0x10,
    0xfe, 0xf1, 0x01, 0x00, 0xf8, 0x01, 0xf8, 0x0d, 0x00, 0x09, 0xf0, 0x04,
    0xf8, 0xfc, 0xf7, 0x0c, 0x02, 0x1a, 0x04, 0xfc, 0xe8, 0xff, 0x04, 0xfe,
    0xf9, 0x29, 0x03, 0xfc, 0xfa, 0x01, 0xfb, 0x13, 0xfb, 0x39, 0x11, 0x04,
    0xf0, 0xf5, 0xf8, 0x08, 0xfe, 0x1a, 0xf2, 0xfb, 0xfa, 0x02, 0xf1, 0xff,
    0x00, 0xdb, 0x05, 0xfc, 0x18, 0xfe, 0xfe, 0xff, 0xfe, 0xdb, 0xff, 0xfd,
    0x1f, 0x00, 0xfe, 0x0d, 0xf9, 0xf4, 0xfa, 0x01, 0x0c, 0xfe, 0xf6, 0x0b,
    0x01, 0x1b, 0x0f, 0x06, 0xf2, 0xfe, 0xfc, 0x0f, 0x00, 0xd5, 0x23, 0x0d,
    0xfb, 0xfe, 0xfb, 0x17, 0xec, 0xf1, 0x17, 0xfd, 0x01, 0xfc, 0xf8, 0x49,
    0x00, 0x01, 0xf3, 0x03, 0xe8, 0xd6, 0xeb, 0x06, 0x05, 0xff, 0xfb, 0xfb,
    0x0a, 0xef, 0xd3, 0x2e, 0x20, 0x31, 0xfd, 0x11, 0xa9, 0xfb, 0xd5, 0x2d,
    0x1e, 0x60, 0xfc, 0x0d, 0x12, 0x05, 0xbf, 0x1b, 0x12, 0xe1, 0x0f, 0x0f,
    0x1b, 0xfd, 0xd1, 0x37, 0x09, 0x0e, 0xfc, 0x02, 0xed, 0x01, 0xc9, 0x32,
    0x0b, 0x23, 0x0a, 0x07, 0x09, 0x07, 0xdf, 0x24, 0x03, 0x19, 0x06, 0x07,
    0x2a, 0x09, 0xf0, 0x17, 0x01, 0xfd, 0x03, 0xfd, 0x20, 0x07, 0xf1, 0x2f,
    0xff, 0x03, 0xfd, 0xf9, 0xf6, 0x02, 0xf0, 0x36, 0x09, 0x1a, 0x0b, 0x08,
    0xf4, 0xf9, 0xf6, 0x32, 0x0b, 0x3a, 0x0f, 0xfe, 0xec, 0xf9, 0xfe, 0x3e,
    0x07, 0x2b, 0xf1, 0x0a, 0x03, 0xfb, 0x02, 0x17, 0xfd, 0x17, 0x08, 0x03,
    0x0c, 0xfb, 0x05, 0x13, 0xf6, 0xd9, 0xfa, 0x02, 0x19, 0xfe, 0xf0, 0x0b,
    0xf6, 0xd5, 0xfa, 0xff, 0x17, 0x00, 0xef, 0x2c, 0x08, 0xfa, 0x18, 0x09,
    0x14, 0x00, 0xec, 0x2f, 0x0a, 0x1c, 0x1d, 0x03, 0xfd, 0xfc, 0xe9, 0x1a,
    0xcb, 0xcf, 0x17, 0x02, 0xf7, 0x03, 0xeb, 0x12, 0x18, 0x04, 0x13, 0x07,
    0x05, 0xfe, 0xf5, 0x40, 0x08, 0x00, 0xd1, 0xfc, 0xe4, 0xe2, 0xc6, 0x40,
    0x16, 0x07, 0xdf, 0x04, 0xef, 0xc7, 0xa2, 0x04, 0x4b, 0x14, 0xe5, 0x0c,
    0xd7, 0x12, 0xb6, 0x12, 0x4c, 0x32, 0xe3, 0xff, 0x21, 0x1f, 0xb8, 0x19,
    0x02, 0xef, 0xeb, 0x00, 0x1e, 0x3f, 0xac, 0x2a, 0x32, 0xda, 0x00, 0xf8,
    0xf5, 0x28, 0xca, 0x13, 0x33, 0xff, 0xf5, 0xfc, 0x06, 0x28, 0xe7, 0x13,
    0x24, 0x0f, 0xfb, 0x00, 0x16, 0x1e, 0xe5, 0x0d, 0x23, 0x00, 0xfb, 0xf1,
    0xf4, 0x19, 0xe2, 0x21, 0x22, 0x01, 0xf4, 0xff, 0xe5, 0x02, 0xe8, 0x2b,
    0x3a, 0x18, 0xfa, 0x04, 0xfc, 0x00, 0xe9, 0x13, 0x47, 0x13, 0xfc, 0x00,
    0xfa, 0x07, 0x02, 0x28, 0x24, 0x13, 0xf2, 0x06, 0x0a, 0x03, 0x0d, 0x09,
    0x08, 0x0f, 0xfb, 0x07, 0xfd, 0x00, 0x06, 0x04, 0xd2, 0xfc, 0x02, 0x05,
    0x14, 0x13, 0x04, 0x08, 0xfa, 0xf3, 0x01, 0xfc, 0x1f, 0x12, 0x0a, 0x25,
    0x0c, 0xff, 0x04, 0xf9, 0x07, 0xf8, 0x12, 0x28, 0x1e, 0x1c, 0x04, 0xf7,
    0xf4, 0xf7, 0x1a, 0x1d, 0xe4, 0xcf, 0x15, 0x03, 0x05, 0x02, 0xf1, 0x1a,
    0x11, 0xf2, 0xfe, 0x05, 0x05, 0x04, 0x10, 0x24, 0x03, 0x03, 0xea, 0xf6,
    0xe9, 0xd9, 0xda, 0x2e, 0x14, 0x03, 0xea, 0xfe, 0xe1, 0x9e, 0xbd, 0xf9,
    0x34, 0x18, 0xec, 0x06, 0xde, 0x21, 0xdf, 0xf3, 0xfd, 0x34, 0xef, 0x00,
    0x1f, 0x13, 0xe3, 0x0b, 0xce, 0xe0, 0xf5, 0x07, 0x12, 0x15, 0xdc, 0x02,
    0xee, 0xd6, 0x05, 0xff, 0x0b, 0x25, 0xda, 0x01, 0xf6, 0xee, 0xf8, 0x00,
    0x0d, 0x19, 0xe0, 0x09, 0xff, 0x03, 0x06, 0x02, 0x12, 0x18, 0x04, 0x0d,
    0x15, 0xff, 0x03, 0x08, 0x04, 0x16, 0xf6, 0x10, 0x0a, 0x0f, 0xfa, 0xfe,
    0xec, 0xf7, 0xf8, 0x1a, 0x1c, 0x0b, 0x04, 0x08, 0xf5, 0x15, 0x00, 0x18,
    0x27, 0x04, 0x0a, 0xfc, 0x10, 0x02, 0x18, 0x1d, 0xed, 0x24, 0x11, 0xfc,
    0xf9, 0xf0, 0x0a, 0x07, 0x07, 0x11, 0x05, 0x04, 0xf6, 0xfd, 0x13, 0x04,
    0xef, 0x00, 0x05, 0x04, 0x12, 0x02, 0x04, 0x12, 0xd4, 0xee, 0x10, 0x01,
    0x09, 0x14, 0x07, 0x17, 0x01, 0xfb, 0x14, 0xfe, 0xf8, 0xfe, 0x1e, 0x29,
    0x1b, 0x0b, 0x13, 0xf7, 0xf0, 0xf5, 0x1e, 0x16, 0xd6, 0xd3, 0x17, 0x0b,
    0xfa, 0xfa, 0x0f, 0x17, 0x05, 0xea, 0x11, 0xfe, 0x01, 0xf8, 0x0c, 0x2a,
    0x08, 0xfd, 0xe7, 0x03, 0xf5, 0xe3, 0xf1, 0x2a, 0x14, 0x06, 0xf3, 0xfa,
    0xe0, 0x86, 0xda, 0xe5, 0x18, 0x07, 0xe7, 0x00, 0xce, 0x0e, 0xe9, 0xe0,
    0xc4, 0x11, 0xd9, 0x00, 0x1d, 0x00, 0xe5, 0xfa, 0xb9, 0xef, 0xe4, 0x01,
    0x11, 0x0a, 0xe0, 0x04, 0xb9, 0xcb, 0x05, 0x08, 0x0c, 0x28, 0xe5, 0x0e,
    0xed, 0xf1, 0xec, 0xfd, 0x10, 0x14, 0xea, 0x12, 0xf8, 0xf9, 0xf3, 0xf9,
    0x1f, 0x11, 0xf1, 0x17, 0x16, 0x0a, 0xfa, 0xfa, 0xf7, 0x11, 0xf7, 0x1a,
    0x07, 0x02, 0xf5, 0xfa, 0xf5, 0xef, 0xf3, 0x0e, 0x0f, 0xfd, 0x05, 0xf5,
    0xf1, 0x0b, 0x04, 0x0c, 0x07, 0x00, 0xf7, 0x00, 0xf2, 0x04, 0x04, 0x1d,
    0x07, 0x07, 0x13, 0x01, 0xfc, 0x00, 0x0c, 0x09, 0x1a, 0x06, 0x02, 0x00,
    0xf4, 0x07, 0xff, 0x07, 0xe5, 0xf9, 0x07, 0xff, 0x17, 0x0f, 0x03, 0x0b,
    0xf8, 0xf3, 0x15, 0xfd, 0x18, 0x19, 0x03, 0x21, 0xfa, 0x03, 0x0d, 0x01,
    0xff, 0xfd, 0x06, 0x2b, 0x13, 0x0e, 0x0b, 0xf9, 0xf7, 0xf4, 0xff, 0x18,
    0xec, 0xe0, 0x24, 0x02, 0xf5, 0xf4, 0xe9, 0x2b, 0x08, 0xf0, 0x1f, 0xfd,
    0xfe, 0xfa, 0x06, 0x46, 0x01, 0x01, 0xe1, 0xfb, 0xe2, 0xef, 0xd9, 0x19,
    0x0c, 0x03, 0xfc, 0xfb, 0xf0, 0x85, 0xc5, 0xdd, 0xf3, 0xf8, 0xe7, 0xf5,
    0xd5, 0x08, 0xe6, 0xe0, 0xbb, 0x19, 0xed, 0x03, 0x21, 0x00, 0xf6, 0x05,
    0xab, 0xf9, 0xf0, 0x06, 0x0f, 0xf5, 0xde, 0x00, 0xc3, 0xd4, 0xf0, 0x02,
    0x1a, 0x15, 0xe3, 0xf8, 0xdd, 0xe6, 0xec, 0x06, 0x0b, 0x0c, 0xea, 0x26,
    0xf0, 0x06, 0xf6, 0xff, 0x12, 0x23, 0xf6, 0x18, 0x01, 0x0c, 0xe5, 0xfa,
    0x14, 0x08, 0xf2, 0x15, 0x07, 0x0b, 0xf4, 0xfa, 0x03, 0xf8, 0xf0, 0x0f,
    0x14, 0x04, 0xf9, 0xfd, 0x01, 0x04, 0xf8, 0x03, 0x05, 0x01, 0xea, 0xf8,
    0x03, 0x0e, 0xff, 0x2e, 0x22, 0x12, 0xfd, 0xfe, 0xfe, 0x04, 0xfd, 0x19,
    0x24, 0x0c, 0x03, 0x02, 0x04, 0x03, 0x01, 0x1f, 0x07, 0xf8, 0xff, 0x05,
    0x04, 0x10, 0x00, 0x16, 0x05, 0xf7, 0x0c, 0x00, 0x13, 0x18, 0x09, 0x20,
    0x18, 0xfa, 0x07, 0x03, 0x07, 0x03, 0x06, 0x28, 0x24, 0x0e, 0x0f, 0xfa,
    0xf1, 0xf9, 0x05, 0x20, 0xdb, 0xe3, 0x28, 0x00, 0xfc, 0xfa, 0xf8, 0x23,
    0xfa, 0x07, 0x23, 0x00, 0xfe, 0xff, 0x07, 0x3c, 0x03, 0x00, 0xe7, 0xfc,
    0xdc, 0xe2, 0xdc, 0x18, 0x03, 0x0a, 0xf2, 0x03, 0xf2, 0x81, 0xdc, 0xd9,
    0xee, 0x01, 0xf7, 0x00, 0xe2, 0xf8, 0xec, 0xe1, 0xb7, 0x1e, 0xf2, 0xf7,
    0x35, 0x07, 0xf6, 0xf4, 0x9c, 0xf5, 0x03, 0xfc, 0x08, 0xfa, 0xde, 0xf9,
    0xcd, 0xda, 0xf7, 0x04, 0x14, 0x16, 0xe9, 0x0d, 0xd9, 0xf7, 0xf6, 0xf8,
    0x1f, 0x10, 0xec, 0x28, 0xec, 0x06, 0xf2, 0xf7, 0x1a, 0x1c, 0xfc, 0x01,
    0xf0, 0x1b, 0xea, 0xf5, 0x10, 0xfd, 0xf3, 0x0f, 0xf9, 0xfc, 0xf9, 0x04,
    0xf5, 0xf6, 0xee, 0x0e, 0x0d, 0x08, 0xf9, 0xfe, 0xfd, 0x09, 0x04, 0x11,
    0x16, 0x06, 0xef, 0x05, 0x0a, 0xfc, 0xf9, 0x2b, 0x03, 0x0c, 0xf1, 0xfe,
    0xf3, 0xf3, 0xfb, 0x14, 0x13, 0x0f, 0xef, 0x00, 0x01, 0x10, 0x0d, 0x0e,
    0xfa, 0xf9, 0xf8, 0xfd, 0x14, 0x0b, 0x03, 0x0f, 0xee, 0xfd, 0x02, 0x04,
    0x21, 0x16, 0x12, 0x15, 0x0a, 0x0c, 0x11, 0xfd, 0x0a, 0x08, 0x09, 0x20,
    0x09, 0x0f, 0x0c, 0xf5, 0xec, 0x01, 0x07, 0x1e, 0xd2, 0xde, 0x25, 0xf9,
    0x00, 0x00, 0xe5, 0x1a, 0x0e, 0x03, 0x14, 0xfa, 0x04, 0xff, 0x03, 0x50,
    0xfe, 0x01, 0xe1, 0xed, 0xeb, 0xe0, 0xfe, 0x0a, 0xfe, 0x0b, 0xf5, 0x00,
    0xe5, 0x85, 0xe3, 0xe3, 0xf9, 0x06, 0xf3, 0x0a, 0xe4, 0x15, 0xfa, 0xf8,
    0xbd, 0x15, 0xf9, 0xfd, 0x0e, 0x0c, 0xf8, 0x18, 0xb7, 0xf8, 0xfe, 0x01,
    0x16, 0xea, 0xea, 0x09, 0xcc, 0xd9, 0x01, 0xf8, 0x10, 0x12, 0xf3, 0x04,
    0xf0, 0xf4, 0xf9, 0xfa, 0x1d, 0x09, 0xfc, 0x20, 0xe2, 0xf2, 0xf2, 0x00,
    0x18, 0x21, 0x06, 0x04, 0x09, 0x10, 0xfe, 0xf7, 0x10, 0xfc, 0x04, 0x1e,
    0xe2, 0x08, 0xf1, 0x01, 0xf4, 0xf9, 0x02, 0x20, 0x1a, 0x16, 0xf3, 0x04,
    0xf2, 0x05, 0x08, 0x14, 0x14, 0x02, 0xf2, 0x01, 0x0d, 0x1e, 0x16, 0x2a,
    0x06, 0x08, 0xf1, 0x01, 0x0c, 0x0a, 0x06, 0x19, 0x0c, 0x0a, 0x00, 0xf8,
    0x0c, 0x05, 0x0c, 0x10, 0xef, 0xf4, 0x05, 0xfe, 0x0e, 0x11, 0x14, 0x00,
    0xe9, 0xea, 0x07, 0x05, 0x1f, 0x14, 0x1c, 0x17, 0xf4, 0xf6, 0x07, 0xfb,
    0x04, 0xf5, 0x11, 0x2c, 0x03, 0xfd, 0x0c, 0xfe, 0xec, 0xf0, 0x14, 0x18,
    0xe7, 0xce, 0x2b, 0x0e, 0x08, 0xfc, 0x03, 0x27, 0x19, 0xfe, 0x37, 0xfc,
    0x04, 0x01, 0x0e, 0x3a, 0xfd, 0xfe, 0xee, 0xf3, 0xea, 0xea, 0xf5, 0x07,
    0xfe, 0x03, 0xf1, 0x05, 0xec, 0x85, 0xcf, 0xe6, 0xed, 0x07, 0xf4, 0x07,
    0xec, 0xf9, 0xf8, 0xf7, 0xdd, 0x18, 0xf4, 0xf4, 0x27, 0x18, 0xf4, 0x01,
    0xcb, 0xfc, 0xea, 0x02, 0x16, 0xfb, 0xe7, 0x1b, 0xf9, 0xce, 0xf2, 0x08,
    0x0b, 0x1b, 0xed, 0xfc, 0xf6, 0xff, 0xf6, 0xfe, 0x07, 0x03, 0xed, 0x26,
    0xf2, 0xf5, 0x03, 0x04, 0x1d, 0x17, 0xed, 0x1c, 0x11, 0x03, 0xfe, 0xf6,
    0x0d, 0x06, 0xf4, 0x22, 0x05, 0x09, 0xfd, 0xfe, 0xe4, 0xf5, 0xfc, 0x1b,
    0x1b, 0x10, 0x01, 0xfb, 0xfa, 0xf9, 0xfe, 0x0f, 0x0c, 0x0f, 0xf5, 0x02,
    0x16, 0xfc, 0x08, 0x11, 0x0a, 0x05, 0xf2, 0x06, 0xfd, 0xfb, 0x03, 0x0a,
    0x03, 0xfa, 0xf3, 0x04, 0x0b, 0x04, 0x08, 0x13, 0xe2, 0xe1, 0xfd, 0x02,
    0x0e, 0x17, 0x14, 0x0d, 0xd6, 0xf1, 0xf6, 0x02, 0x0d, 0x10, 0x0f, 0x1b,
    0x05, 0xff, 0x0c, 0xf3, 0xf4, 0xf2, 0x0c, 0x36, 0x16, 0x08, 0xff, 0x04,
    0xef, 0xf8, 0x16, 0x20, 0xe7, 0xd7, 0x1f, 0x11, 0xfe, 0xf6, 0xf7, 0x23,
    0x15, 0xff, 0x1a, 0xfa, 0xfd, 0x06, 0x0a, 0x34, 0x02, 0x01, 0xef, 0xf8,
    0xdd, 0xf2, 0xe8, 0xf9, 0xfb, 0xfa, 0xf9, 0xf2, 0xe6, 0xac, 0xb4, 0xe9,
    0xfd, 0x05, 0xf4, 0x0c, 0xec, 0x03, 0xe8, 0x07, 0xf2, 0x1d, 0xf9, 0xf8,
    0x1b, 0x0c, 0xe9, 0x00, 0xb4, 0xf9, 0xf9, 0xfc, 0x12, 0x01, 0xda, 0x13,
    0xdb, 0xe6, 0x00, 0xfb, 0x07, 0x15, 0xe2, 0x03, 0xd6, 0xfc, 0xfc, 0xfa,
    0x04, 0xfb, 0xdf, 0x19, 0xf0, 0xfd, 0xff, 0x00, 0x2d, 0x17, 0xe3, 0xfc,
    0x03, 0x13, 0x08, 0xfa, 0xf9, 0xfd, 0xf0, 0x0d, 0xfd, 0x08, 0xf2, 0x05,
    0xeb, 0xee, 0xec, 0x20, 0x0f, 0x10, 0x03, 0x04, 0xf6, 0x05, 0xf9, 0xff,
    0x24, 0xfe, 0xf6, 0x00, 0x08, 0x05, 0x05, 0x28, 0x0f, 0xfc, 0x10, 0x02,
    0x03, 0xfc, 0xfa, 0x12, 0x15, 0x06, 0xff, 0xfc, 0x0b, 0xf5, 0x0a, 0x13,
    0xf9, 0xe9, 0xf1, 0xf8, 0x13, 0x0d, 0x10, 0x06, 0xf5, 0xf5, 0xfc, 0x00,
    0x1b, 0x13, 0x14, 0x25, 0x17, 0xf7, 0x00, 0xfe, 0x01, 0x05, 0x08, 0x47,
    0x16, 0x07, 0x07, 0x00, 0xe6, 0xf6, 0x05, 0x18, 0xd9, 0xe7, 0x12, 0xfc,
    0xfd, 0xfb, 0xf9, 0x1b, 0xfc, 0xf0, 0x24, 0xfe, 0x03, 0xfb, 0x06, 0x38,
    0x06, 0xff, 0xee, 0xf9, 0xe0, 0xf2, 0xed, 0xff, 0xfe, 0xff, 0xf9, 0xfc,
    0xe4, 0xac, 0xd4, 0xf4, 0x0f, 0x04, 0xed, 0xfd, 0xf4, 0xed, 0xf5, 0x19,
    0xf9, 0x20, 0xe5, 0xf7, 0x14, 0x15, 0xee, 0xe6, 0xc2, 0x07, 0xff, 0xf3,
    0x06, 0xf9, 0xe6, 0xf9, 0xbe, 0xde, 0xf8, 0x08, 0x12, 0xfb, 0xdd, 0x07,
    0xe6, 0x0a, 0xf1, 0xf9, 0x08, 0xfd, 0xea, 0x1b, 0xf1, 0x0f, 0xf1, 0xff,
    0x21, 0x12, 0xe8, 0x14, 0x1d, 0x13, 0xf6, 0x01, 0xfc, 0x09, 0xed, 0x1b,
    0x0f, 0x0b, 0xe7, 0xfb, 0xfe, 0xf3, 0xef, 0x16, 0x12, 0x02, 0x04, 0xfc,
    0xf3, 0x02, 0xf1, 0x01, 0x1e, 0xfa, 0xfb, 0xfb, 0x12, 0x17, 0xf7, 0x23,
    0x05, 0x08, 0xff, 0xff, 0xfd, 0xf9, 0xfb, 0x0d, 0x10, 0x0b, 0xff, 0xf6,
    0xf8, 0xff, 0x00, 0x07, 0xea, 0xeb, 0xf4, 0x02, 0x17, 0x12, 0x00, 0x0b,
    0xf6, 0xe0, 0x19, 0xf7, 0x17, 0x18, 0x03, 0x33, 0x0e, 0x02, 0x1d, 0xf6,
    0xf6, 0x00, 0xfa, 0x47, 0x1b, 0x07, 0x0c, 0xf4, 0xf2, 0x05, 0xfb, 0x13,
    0xd3, 0xda, 0x10, 0x09, 0xf4, 0xfc, 0xe1, 0x1b, 0x02, 0xed, 0x1e, 0x01,
    0xfe, 0x02, 0xfb, 0x4a, 0xff, 0xfc, 0xf2, 0xf2, 0xf3, 0xed, 0xf5, 0x07,
    0x01, 0x06, 0xf5, 0xf9, 0xeb, 0xb9, 0xdf, 0xe5, 0x12, 0x18, 0xf9, 0xfa,
    0xfe, 0xf6, 0xec, 0x12, 0xee, 0x21, 0xe6, 0xf4, 0x0e, 0xf8, 0xdf, 0xf5,
    0xaf, 0xf9, 0xf5, 0xf8, 0x18, 0x08, 0xd8, 0x03, 0xde, 0xdb, 0xe9, 0xf4,
    0x17, 0x03, 0xde, 0x10, 0xe6, 0x0a, 0xf1, 0xfb, 0x07, 0x00, 0xe3, 0x28,
    0xf7, 0x0c, 0xef, 0xfc, 0x12, 0x17, 0xf3, 0x09, 0x0f, 0x19, 0xf7, 0xff,
    0xfc, 0xfe, 0xf1, 0xf8, 0xf4, 0xfc, 0xf7, 0x01, 0xf5, 0xf2, 0xf5, 0x18,
    0x03, 0x06, 0x07, 0xfe, 0xf7, 0xff, 0xfb, 0xf1, 0x27, 0x07, 0xf6, 0x03,
    0x0a, 0x15, 0xf2, 0x34, 0x04, 0x07, 0xfe, 0x00, 0xf4, 0xfc, 0x04, 0x0c,
    0x0c, 0x02, 0x05, 0xfe, 0xf6, 0x02, 0xf9, 0x08, 0xe0, 0xe4, 0x07, 0x06,
    0x0b, 0x15, 0x01, 0x11, 0xe8, 0xdd, 0x10, 0x05, 0x0a, 0x1c, 0x07, 0x2a,
    0x02, 0xfb, 0xf7, 0x03, 0x09, 0x03, 0x04, 0x3e, 0x0f, 0x0f, 0xfc, 0xfc,
    0xf0, 0xf8, 0xfa, 0x21, 0xe8, 0xda, 0x0d, 0x06, 0xfd, 0xf5, 0xe7, 0x15,
    0x03, 0xfd, 0x15, 0xff, 0xfc, 0x00, 0x02, 0x38, 0xff, 0x02, 0xee, 0xfa,
    0xf6, 0xec, 0xfb, 0x04, 0x02, 0x02, 0xfe, 0xf7, 0xd9, 0xc3, 0xe6, 0xf2,
    0x07, 0x0e, 0xfc, 0xfa, 0xf6, 0xf1, 0xec, 0x0b, 0xd8, 0x28, 0xf9, 0xf0,
    0x0b, 0x07, 0xe8, 0xe6, 0xb4, 0xf7, 0xff, 0xfd, 0x22, 0xf6, 0xed, 0xfd,
    0xbe, 0xde, 0xf6, 0xfb, 0x0a, 0xfb, 0xe1, 0x0f, 0xe5, 0x05, 0xf7, 0xf0,
    0x0f, 0xf6, 0xf3, 0x24, 0x01, 0x18, 0xfb, 0xf5, 0x27, 0x16, 0xfc, 0x16,
    0x14, 0x1a, 0xfb, 0xfe, 0xfc, 0xf7, 0xfc, 0x0c, 0xe7, 0x08, 0xfc, 0xf9,
    0xf0, 0xe9, 0xfb, 0x0a, 0xe8, 0x04, 0x02, 0x06, 0xfd, 0x03, 0xf6, 0xed,
    0x11, 0x04, 0xf6, 0x06, 0x0a, 0x0a, 0x0d, 0x2e, 0xfe, 0x04, 0xf3, 0x01,
    0xf7, 0xfd, 0x08, 0x07, 0xfc, 0x06, 0x01, 0xfd, 0xfb, 0xfd, 0x06, 0x05,
    0xd9, 0xf0, 0x00, 0xfa, 0x0f, 0x15, 0x08, 0x02, 0xda, 0xe8, 0x16, 0xf5,
    0x13, 0x13, 0x08, 0x1a, 0xe7, 0xf4, 0x0a, 0xfc, 0xff, 0x0a, 0x07, 0x38,
    0xf7, 0x07, 0x0d, 0xef, 0xf6, 0x07, 0xfd, 0x1b, 0xe1, 0xd3, 0x10, 0x0b,
    0xf6, 0xf7, 0xf3, 0x12, 0x01, 0xf6, 0x24, 0x07, 0xff, 0xf2, 0x07, 0x48,
    0x07, 0xfd, 0xf3, 0xfd, 0xf9, 0x02, 0xd9, 0x08, 0x00, 0xff, 0xf8, 0xf6,
    0xd6, 0xcc, 0xc5, 0xed, 0x00, 0x1a, 0xfc, 0xf2, 0xeb, 0xe0, 0xde, 0x0a,
    0xe6, 0x3b, 0xf1, 0xf9, 0x02, 0xee, 0xe8, 0xdc, 0x9d, 0xee, 0xf6, 0xfe,
    0x20, 0x05, 0xe1, 0x10, 0xcf, 0xe8, 0xf3, 0x01, 0xfe, 0x00, 0xd5, 0x16,
    0xec, 0x0a, 0x03, 0xf8, 0x13, 0x00, 0xed, 0x2e, 0xfb, 0x0c, 0x02, 0xf2,
    0x18, 0xfc, 0xea, 0x13, 0x06, 0x17, 0xfe, 0xf8, 0xfe, 0xeb, 0xf9, 0x08,
    0xeb, 0xfa, 0xfa, 0xfb, 0xe4, 0xeb, 0xe9, 0x0c, 0xef, 0x09, 0xff, 0x02,
    0xf9, 0x00, 0xfb, 0xf3, 0x1c, 0x06, 0xf5, 0xfc, 0xf6, 0x00, 0xf8, 0x36,
    0xef, 0x08, 0xf6, 0xf5, 0x05, 0xff, 0x05, 0x0e, 0x01, 0x01, 0x01, 0x03,
    0x04, 0x04, 0xfd, 0xf1, 0xc4, 0xdc, 0xf6, 0xfa, 0x1a, 0x11, 0x00, 0xfb,
    0xd2, 0xe3, 0x07, 0xf3, 0xff, 0x19, 0xfa, 0x1a, 0xeb, 0xef, 0xfe, 0xf4,
    0x00, 0x08, 0xf9, 0x2c, 0x0a, 0x00, 0x05, 0x00, 0xeb, 0xf6, 0xf4, 0x31,
    0xe2, 0xd1, 0x19, 0x0d, 0x01, 0xf2, 0xeb, 0x23, 0x17, 0xef, 0x20, 0x03,
    0xfc, 0x07, 0xfc, 0x37, 0xfd, 0xf9, 0x03, 0xfa, 0xf9, 0xed, 0xcc, 0x08,
    0xfe, 0xf9, 0x05, 0xf7, 0xe4, 0xb9, 0xce, 0xf5, 0x22, 0x10, 0xf5, 0xf6,
    0xe1, 0xf0, 0xf4, 0x14, 0xf6, 0x27, 0xe8, 0xf7, 0x00, 0x01, 0xea, 0xe5,
    0xa6, 0xe5, 0xf4, 0x00, 0x22, 0x03, 0xe9, 0x07, 0xea, 0xe8, 0x07, 0x00,
    0xf2, 0xf7, 0xda, 0x1b, 0x02, 0x03, 0xf9, 0xf2, 0x0c, 0x04, 0xd9, 0x1d,
    0xf6, 0x08, 0xf9, 0xf7, 0x0a, 0xfc, 0xed, 0x1b, 0x0b, 0x1a, 0xf9, 0xf4,
    0xfb, 0x03, 0xe0, 0x06, 0xe2, 0x00, 0xfc, 0xf5, 0xdb, 0xe8, 0xe7, 0x18,
    0xf4, 0xff, 0x04, 0x01, 0xf4, 0x09, 0x05, 0xff, 0x0a, 0xf9, 0xf0, 0x04,
    0xfc, 0x0b, 0x0d, 0x2b, 0x07, 0x01, 0xf5, 0x04, 0xf3, 0xff, 0x0b, 0x02,
    0xf9, 0xfc, 0xff, 0x05, 0xfe, 0x08, 0xff, 0xf6, 0xd0, 0xd1, 0x05, 0x04,
    0x11, 0x0d, 0x01, 0x01, 0xd7, 0xdf, 0x06, 0xf5, 0x0a, 0x25, 0xf9, 0x22,
    0x03, 0xed, 0x12, 0x04, 0xff, 0xfe, 0xf4, 0x2e, 0x14, 0x09, 0x05, 0xff,
    0xe9, 0xf9, 0xf6, 0x32, 0xd8, 0xc7, 0x1a, 0x08, 0xf8, 0xf7, 0xd5, 0x22,
    0x0d, 0xfb, 0x23, 0xff, 0x01, 0xf8, 0x02, 0x3f, 0xfb, 0xff, 0xe5, 0x04,
    0xf9, 0xf0, 0xea, 0x14, 0x09, 0xff, 0xff, 0xf7, 0xe1, 0xc1, 0xf4, 0xfc,
    0x12, 0x19, 0xef, 0xf2, 0xea, 0xe0, 0xff, 0x03, 0xf3, 0x2d, 0xfa, 0x00,
    0x04, 0xfc, 0xf1, 0xed, 0xce, 0xe4, 0xf8, 0xff, 0x30, 0x01, 0xe9, 0x05,
    0xfb, 0xfd, 0xf6, 0x09, 0xf2, 0xfb, 0xdd, 0x0f, 0x08, 0x04, 0xf5, 0xff,
    0x09, 0x0c, 0xea, 0x24, 0xfd, 0x16, 0xf3, 0xf4, 0x0b, 0x04, 0xe7, 0x1f,
    0x08, 0x0a, 0xfd, 0x04, 0xf5, 0xfd, 0xed, 0x04, 0xfe, 0x08, 0x05, 0x08,
    0xd8, 0xe8, 0xef, 0xfe, 0x04, 0x00, 0x08, 0x09, 0x04, 0x11, 0xfc, 0xfc,
    0x07, 0xfb, 0xfb, 0x03, 0x07, 0xfc, 0xff, 0x22, 0xfe, 0x06, 0x01, 0x02,
    0xfb, 0x05, 0xfa, 0x05, 0xf1, 0xf5, 0x06, 0xfe, 0xfa, 0x0b, 0xfc, 0xff,
    0xcf, 0xd3, 0x07, 0xfd, 0x0f, 0x06, 0x09, 0xfc, 0xc9, 0xda, 0x04, 0xfa,
    0x09, 0x16, 0xed, 0x21, 0xea, 0xed, 0x15, 0xfa, 0xf7, 0x0a, 0xf1, 0x21,
    0x0a, 0x02, 0x14, 0xf5, 0xe9, 0xe9, 0xe6, 0x30, 0xd3, 0xce, 0x2d, 0x05,
    0xf3, 0xed, 0xe5, 0x24, 0x1a, 0x0a, 0x2f, 0xfc, 0x02, 0x08, 0xfd, 0x37,
    0xfd, 0x02, 0xeb, 0xfb, 0xf1, 0xf8, 0xcf, 0x09, 0x09, 0xfa, 0xfc, 0xf9,
    0xdf, 0xdb, 0xdb, 0xee, 0x0e, 0x21, 0xfe, 0xf8, 0xe4, 0xdd, 0xde, 0x06,
    0xed, 0x24, 0xfa, 0xf5, 0x01, 0xf8, 0xf4, 0x00, 0xc4, 0xe9, 0xf8, 0xf6,
    0x21, 0x17, 0xed, 0x0c, 0xfe, 0x03, 0x00, 0xf7, 0xf6, 0xf3, 0xe8, 0x10,
    0xf0, 0xfc, 0xf3, 0xfc, 0x03, 0xff, 0xde, 0x14, 0xfc, 0x11, 0xf9, 0xf5,
    0x09, 0x04, 0xea, 0x29, 0x0e, 0xfd, 0xfc, 0x00, 0xed, 0x02, 0xee, 0x08,
    0xfc, 0x01, 0xfb, 0xfe, 0xd7, 0xe9, 0xf2, 0x07, 0x02, 0xf2, 0x01, 0x08,
    0xf9, 0x0c, 0xf0, 0x09, 0x0a, 0xed, 0x0a, 0xfc, 0xf8, 0x07, 0x00, 0x24,
    0xf5, 0xfe, 0xf3, 0xf6, 0xed, 0xfb, 0xfb, 0xf8, 0xe1, 0xf1, 0xf9, 0xfd,
    0x01, 0xf2, 0xf8, 0x07, 0xaf, 0xd4, 0xf7, 0x03, 0x10, 0x0e, 0xf5, 0x04,
    0xd3, 0xe3, 0xf1, 0x01, 0x0f, 0x18, 0xf2, 0x09, 0xf6, 0xe5, 0x02, 0x02,
    0xf6, 0xf1, 0x00, 0x20, 0x0a, 0xfe, 0x02, 0xf6, 0xf4, 0xf1, 0xf4, 0x23,
    0xd9, 0xcd, 0x0c, 0x0b, 0x01, 0xef, 0xd9, 0x17, 0x25, 0x04, 0x0e, 0x05,
    0x07, 0x0a, 0x06, 0x31, 0xfd, 0x02, 0xf2, 0x08, 0xfa, 0xe8, 0xe4, 0x15,
    0x03, 0x01, 0x08, 0xf9, 0xea, 0xdf, 0xd6, 0xf3, 0x09, 0x1a, 0x01, 0x01,
    0xda, 0xef, 0xe1, 0x04, 0x11, 0x22, 0xfa, 0xf4, 0xf3, 0xfb, 0xea, 0xfc,
    0xcc, 0xf0, 0x02, 0x05, 0x29, 0x21, 0x02, 0x14, 0xed, 0xff, 0x01, 0xf9,
    0xee, 0xee, 0xee, 0x09, 0xfc, 0x04, 0x03, 0xfd, 0xf8, 0x02, 0xec, 0x14,
    0x0b, 0x09, 0x0b, 0xfc, 0xff, 0x06, 0xf9, 0x19, 0x18, 0x07, 0x10, 0xf8,
    0xf9, 0x01, 0xf7, 0x10, 0x01, 0x06, 0x02, 0xfe, 0xda, 0xe5, 0xef, 0x10,
    0x17, 0xfd, 0x08, 0x01, 0xf1, 0x00, 0xf6, 0x0c, 0x22, 0xf4, 0xff, 0xff,
    0xee, 0xf6, 0xfa, 0x1a, 0x13, 0xf9, 0x10, 0x06, 0xf7, 0xf7, 0x0a, 0x01,
    0x06, 0xe7, 0x12, 0x02, 0xfb, 0xf4, 0x13, 0xfc, 0xf6, 0xdb, 0x11, 0x06,
    0x01, 0x13, 0x0c, 0xf5, 0xf4, 0xdb, 0xf8, 0x09, 0x0b, 0x15, 0x06, 0x14,
    0x17, 0xeb, 0xf9, 0xfc, 0xfe, 0x04, 0x0a, 0x33, 0x24, 0xfd, 0xf9, 0x04,
    0xf8, 0xfa, 0x06, 0x23, 0xff, 0xcb, 0x03, 0x06, 0xff, 0xf0, 0xf6, 0x16,
    0x0b, 0xff, 0xfe, 0x01, 0x00, 0x03, 0x0e, 0x30, 0xf7, 0x02, 0xee, 0x00,
    0xf2, 0xe2, 0xf2, 0x11, 0xf6, 0x03, 0xff, 0xfe, 0xde, 0xdd, 0xd2, 0xe7,
    0x04, 0x20, 0xf5, 0x01, 0xd8, 0xdd, 0xdf, 0x01, 0x02, 0x21, 0x00, 0xf4,
    0x03, 0x0b, 0xf3, 0xf6, 0xc0, 0xf2, 0xfd, 0xf9, 0x20, 0x14, 0xf1, 0x19,
    0xe4, 0x01, 0x0e, 0xf7, 0xec, 0xea, 0xe8, 0x0d, 0x02, 0x13, 0x00, 0x03,
    0x01, 0xf7, 0xeb, 0x14, 0x0c, 0x0a, 0x11, 0xf6, 0x16, 0x0d, 0xf8, 0x19,
    0x11, 0x06, 0x06, 0xf7, 0x02, 0xfb, 0xee, 0x0f, 0x0a, 0x07, 0xfa, 0xfe,
    0xe3, 0xe0, 0xf6, 0xfc, 0x09, 0x09, 0x01, 0xf5, 0xe9, 0xea, 0xf8, 0xfd,
    0x1c, 0xf8, 0xfb, 0xfb, 0xf9, 0x0a, 0x0b, 0x1e, 0x15, 0xff, 0x0b, 0x02,
    0xf8, 0xfa, 0x0e, 0xf8, 0x18, 0xea, 0xf7, 0x00, 0xfe, 0x0e, 0x0f, 0xf9,
    0xf7, 0xd1, 0x06, 0x02, 0x04, 0x0a, 0x14, 0x03, 0xfa, 0xd7, 0x04, 0xfb,
    0x0b, 0x0c, 0x0d, 0x1c, 0x15, 0xee, 0xfe, 0xf6, 0x01, 0x0c, 0x16, 0x31,
    0x1a, 0xfc, 0x09, 0x00, 0xf4, 0x03, 0x08, 0x27, 0xee, 0xd7, 0x18, 0x09,
    0xfa, 0x06, 0xec, 0x18, 0xfc, 0xfc, 0x1a, 0xfb, 0xff, 0x0e, 0xff, 0x48,
    0x05, 0xfb, 0xe7, 0xf7, 0xf7, 0xf0, 0xe4, 0x05, 0x05, 0xfd, 0xf6, 0x0a,
    0xd6, 0xda, 0xe0, 0xeb, 0x00, 0x1b, 0xfc, 0xff, 0xd3, 0xd2, 0xed, 0x13,
    0xde, 0x11, 0xec, 0xf2, 0x12, 0x03, 0xe2, 0xe1, 0xb8, 0xf9, 0xfa, 0xfb,
    0x26, 0x1f, 0xe5, 0x22, 0xfb, 0x08, 0x0f, 0xfd, 0xfc, 0xf3, 0xdc, 0x0c,
    0x12, 0x1b, 0x03, 0xfb, 0x00, 0xfd, 0xe3, 0x19, 0x08, 0x08, 0x07, 0xfb,
    0x1b, 0x13, 0xf0, 0x18, 0x23, 0x0f, 0x02, 0xfe, 0xea, 0xfb, 0xde, 0x18,
    0x13, 0x0e, 0x01, 0x04, 0xe2, 0xdf, 0xe4, 0x05, 0x14, 0x11, 0x05, 0xfc,
    0xea, 0xf1, 0xe5, 0x12, 0x17, 0xf9, 0x0a, 0x00, 0xf9, 0x02, 0xfe, 0x0e,
    0x16, 0xf8, 0x09, 0xfb, 0xf8, 0xfe, 0xf5, 0xf8, 0x0c, 0xe3, 0x07, 0xff,
    0xfd, 0x06, 0xfe, 0x01, 0xfd, 0xc7, 0x10, 0xf7, 0xfe, 0x07, 0x02, 0x0a,
    0xff, 0xe0, 0x10, 0xf9, 0x09, 0x0a, 0x0c, 0x0a, 0x04, 0xef, 0x12, 0x03,
    0xfb, 0x14, 0x05, 0x22, 0x25, 0x03, 0x04, 0xf7, 0xe6, 0x00, 0x07, 0x1d,
    0xe5, 0xd0, 0x13, 0xff, 0xfe, 0xff, 0xe2, 0x1c, 0xfe, 0x14, 0x0d, 0xf5,
    0x09, 0xfe, 0x09, 0x2b, 0xfc, 0x02, 0xe5, 0x00, 0xf4, 0xe4, 0x04, 0x14,
    0x06, 0xfc, 0xf2, 0xf3, 0xd8, 0xcd, 0xd2, 0xe9, 0x12, 0x1b, 0xf5, 0xff,
    0xce, 0xe1, 0xf1, 0x09, 0xed, 0x29, 0xf9, 0x03, 0x17, 0x0d, 0xfd, 0xea,
    0xa7, 0xf5, 0xf0, 0xf9, 0x29, 0x17, 0xf4, 0x23, 0xe8, 0x04, 0x04, 0xfd,
    0x05, 0xf7, 0xe3, 0x0d, 0x03, 0x17, 0x06, 0xf6, 0x08, 0x04, 0xe8, 0x0a,
    0x02, 0xff, 0x02, 0xf6, 0x0c, 0x1c, 0xea, 0x22, 0x18, 0x0d, 0x05, 0xf8,
    0xfe, 0x0c, 0xf3, 0x21, 0x34, 0x0a, 0xf9, 0xf7, 0xe3, 0xf3, 0xe8, 0x10,
    0xfd, 0x08, 0xf4, 0x07, 0xdb, 0xf3, 0xf9, 0xf7, 0xff, 0xf6, 0xf6, 0xf7,
    0x01, 0x01, 0xfd, 0x15, 0x01, 0xfe, 0xf6, 0xfc, 0x02, 0x03, 0xfc, 0xf7,
    0x04, 0xe6, 0xf5, 0xfc, 0x05, 0x00, 0x08, 0x02, 0xdc, 0xc9, 0xf7, 0x04,
    0x0d, 0x09, 0x09, 0x0d, 0xef, 0xe8, 0x08, 0xfb, 0x10, 0x0f, 0x15, 0x11,
    0x01, 0xf8, 0x09, 0xf6, 0x0d, 0x03, 0xfd, 0x35, 0xf8, 0xff, 0x07, 0xf9,
    0xf4, 0xf5, 0x07, 0x0d, 0xea, 0xd5, 0x13, 0xfe, 0xf5, 0xf9, 0xf7, 0x16,
    0x04, 0xfe, 0x14, 0xff, 0x01, 0x02, 0x02, 0x3a, 0x02, 0x03, 0xf5, 0xf6,
    0xee, 0xf2, 0xed, 0x11, 0x06, 0x01, 0xf2, 0xfd, 0xee, 0xc3, 0xde, 0xf4,
    0x1a, 0x1e, 0xfd, 0x04, 0xdc, 0xe2, 0xef, 0x09, 0xef, 0x1b, 0xf6, 0x05,
    0x16, 0x04, 0x01, 0x00, 0xb6, 0xea, 0xf2, 0xff, 0x38, 0x2b, 0xfb, 0x1b,
    0xf1, 0x02, 0xff, 0xff, 0xf8, 0xf5, 0xee, 0x1a, 0x0e, 0x0f, 0xf2, 0xf6,
    0x06, 0x01, 0xf6, 0x16, 0xed, 0x07, 0xf5, 0xf7, 0x09, 0x0c, 0x0b, 0x21,
    0x12, 0x0c, 0xfa, 0x02, 0x13, 0xee, 0xfd, 0x22, 0x0d, 0x0a, 0xe9, 0x03,
    0xde, 0xe1, 0x07, 0xfa, 0x06, 0xfd, 0xf8, 0xfe, 0xf3, 0xf3, 0x1a, 0xf3,
    0x04, 0xfa, 0xef, 0x05, 0x06, 0xf8, 0x10, 0x18, 0xee, 0xfa, 0xf2, 0xfb,
    0xff, 0xf9, 0x1f, 0xeb, 0xee, 0xef, 0xed, 0xfb, 0xf7, 0xfd, 0x21, 0x0c,
    0xd5, 0xc9, 0x06, 0x06, 0x02, 0xf6, 0x25, 0x02, 0xe0, 0xe6, 0x03, 0x00,
    0x11, 0x0d, 0x25, 0x04, 0xf6, 0xf8, 0x01, 0xff, 0xfc, 0xfb, 0x12, 0x14,
    0xf0, 0xfb, 0x03, 0xfc, 0xfd, 0xee, 0x10, 0x1a, 0xe6, 0xd4, 0x0c, 0xff,
    0xff, 0xf2, 0x20, 0x11, 0x24, 0x0d, 0x16, 0x01, 0x01, 0xf8, 0x21, 0x2d,
    0x04, 0x02, 0xf7, 0x08, 0xfd, 0xde, 0x12, 0x12, 0xac, 0xfb, 0xf8, 0xf2,
    0xd3, 0xbc, 0xff, 0xf3, 0xe7, 0x1e, 0x04, 0xfd, 0xe8, 0xc7, 0xfe, 0x0e,
    0xf5, 0x22, 0xff, 0x0b, 0xfb, 0xfe, 0xfa, 0x11, 0xd9, 0xef, 0x04, 0x0d,
    0x00, 0x10, 0x03, 0x1c, 0xf3, 0x07, 0xfb, 0xfe, 0xfb, 0xea, 0x00, 0x15,
    0x09, 0x11, 0x0c, 0xf5, 0xf6, 0xe5, 0xfd, 0x0d, 0xfb, 0xfb, 0x14, 0xfc,
    0xfa, 0xd7, 0x00, 0x1b, 0x02, 0x0f, 0x00, 0xf4, 0xfc, 0xdd, 0xfb, 0x15,
    0xfe, 0x03, 0x04, 0x06, 0xf6, 0x91, 0xff, 0x18, 0xf0, 0x04, 0xfd, 0xfa,
    0xf2, 0xba, 0xff, 0x03, 0xef, 0xf6, 0xf0, 0xf5, 0x00, 0xcf, 0x04, 0x14,
    0xeb, 0xf8, 0xef, 0xfe, 0x06, 0xc5, 0xfb, 0xfc, 0xd1, 0xfd, 0xfb, 0x06,
    0xff, 0xce, 0x02, 0xf9, 0xd8, 0xd8, 0x03, 0x03, 0x02, 0xe2, 0x02, 0x09,
    0xd4, 0xdb, 0x10, 0x03, 0xfe, 0xbf, 0xfa, 0x0a, 0xe6, 0xee, 0x16, 0x08,
    0xfe, 0xe5, 0x05, 0x29, 0xdd, 0xf4, 0x18, 0xfd, 0x00, 0xfc, 0x03, 0x19,
    0x17, 0xcd, 0x0b, 0x00, 0x01, 0xe9, 0x01, 0x1c, 0x16, 0x00, 0x1d, 0x03,
    0x00, 0x00, 0xf9, 0x3c, 0xc8, 0xff, 0x04, 0x14, 0x06, 0xf0, 0x00, 0xe3,
    0xf5, 0xf5, 0x0c, 0x02, 0xcd, 0xed, 0x00, 0xea, 0xff, 0x17, 0xf6, 0x05,
    0xf4, 0xec, 0x00, 0xe9, 0x0d, 0x1d, 0xff, 0x04, 0xfc, 0xef, 0xfe, 0xdf,
    0xf1, 0xf0, 0x08, 0x0a, 0xfd, 0xff, 0xfb, 0xfd, 0x02, 0x08, 0x08, 0x07,
    0xfd, 0x06, 0xff, 0xfe, 0x12, 0x07, 0x0a, 0x0d, 0xfc, 0xff, 0x02, 0xf2,
    0x0c, 0x0e, 0x1a, 0x0b, 0xfd, 0xf4, 0x01, 0xf3, 0x0a, 0x03, 0x0d, 0x00,
    0x00, 0x11, 0x00, 0xf0, 0x09, 0x04, 0x07, 0xfb, 0xf7, 0xc7, 0xfe, 0xf3,
    0x0a, 0x14, 0x08, 0xf5, 0xfb, 0xe3, 0xfb, 0xfe, 0xf6, 0x01, 0xf2, 0xf7,
    0xfa, 0xdd, 0x00, 0xf5, 0xf2, 0xf8, 0xff, 0xf7, 0x01, 0xc4, 0x06, 0xf1,
    0xfd, 0xf3, 0xf5, 0x01, 0xf7, 0xf6, 0xfe, 0xe7, 0xfa, 0xd9, 0x08, 0xfc,
    0x04, 0xfc, 0x02, 0xfd, 0x07, 0xe7, 0x03, 0xf9, 0xff, 0xd8, 0xff, 0xf5,
    0xf8, 0xfd, 0x03, 0x08, 0x04, 0x1e, 0x04, 0x17, 0x17, 0xfb, 0x1a, 0xfb,
    0xfd, 0x2a, 0xfa, 0x0a, 0x25, 0xc6, 0x22, 0x09, 0xff, 0x13, 0x03, 0x2e,
    0x29, 0x0a, 0x1a, 0xfc, 0xfd, 0x0c, 0xfb, 0x4b, 0xe5, 0xfd, 0xe6, 0x19,
    0x0b, 0xeb, 0xfa, 0xe4, 0xef, 0xf2, 0xec, 0xfb, 0xde, 0xe7, 0x00, 0xea,
    0xfe, 0x0f, 0xfd, 0x05, 0xef, 0xf5, 0xfe, 0x19, 0xfa, 0x11, 0xe4, 0x05,
    0xfe, 0xec, 0x01, 0x10, 0xff, 0xf0, 0xf0, 0x10, 0xfa, 0xfb, 0x03, 0x38,
    0x08, 0xfe, 0xfb, 0x0c, 0xf9, 0x0c, 0xfe, 0x28, 0x08, 0x06, 0xfc, 0x05,
    0xff, 0x18, 0x02, 0x11, 0x09, 0x03, 0x08, 0xf9, 0x02, 0x07, 0x02, 0x3e,
    0x17, 0xee, 0x0c, 0xfc, 0xfd, 0x20, 0xff, 0x31, 0x02, 0xfe, 0xfd, 0x04,
    0xf7, 0xe7, 0xff, 0x16, 0x1b, 0x06, 0xf7, 0xf8, 0xf6, 0xe8, 0xfd, 0x32,
    0xf5, 0xff, 0x00, 0xf4, 0xff, 0xf0, 0x00, 0x32, 0xec, 0x02, 0xee, 0xf5,
    0xfe, 0xd3, 0xfc, 0x14, 0xf4, 0xee, 0xf6, 0x01, 0xfa, 0xfd, 0xff, 0x1f,
    0xe7, 0xda, 0xfc, 0xfe, 0x08, 0xfe, 0xfc, 0x37, 0xf9, 0xef, 0xfe, 0xfc,
    0xfb, 0xee, 0xfc, 0x3b, 0x08, 0xf1, 0x06, 0x01, 0xfe, 0x15, 0xfc, 0x48,
    0x12, 0x06, 0x19, 0x02, 0x00, 0x1f, 0xf8, 0x42, 0x20, 0xe8, 0x1a, 0x03,
    0xff, 0x1e, 0xfe, 0x2a, 0x1e, 0x05, 0x27, 0xf9, 0x00, 0x12, 0xfe, 0x77,
    0xfa, 0xff, 0x0f, 0x01, 0xec, 0xe2, 0xf1, 0xfe, 0x00, 0xf9, 0x25, 0x09,
    0x67, 0x00, 0xf6, 0x05, 0x06, 0x08, 0x2b, 0x04, 0x03, 0xff, 0xef, 0x11,
    0x06, 0x4d, 0x18, 0x08, 0xfd, 0x01, 0xf9, 0x0e, 0x01, 0x51, 0x0d, 0x02,
    0xcd, 0xfc, 0xd5, 0x04, 0x02, 0x21, 0x1d, 0xfe, 0xd6, 0x00, 0xda, 0x02,
    0x00, 0x08, 0x28, 0x06, 0x02, 0xf9, 0xe0, 0x06, 0x02, 0x0e, 0x12, 0xff,
    0xf4, 0x00, 0xe5, 0xfa, 0x01, 0x3b, 0x18, 0x01, 0xf1, 0xfd, 0xe4, 0x0a,
    0x00, 0x2b, 0x24, 0x04, 0xf9, 0x00, 0xd8, 0x07, 0x05, 0x2e, 0x08, 0xfa,
    0x04, 0x02, 0xe9, 0x00, 0xff, 0x22, 0x0f, 0xfd, 0x07, 0xfe, 0xf3, 0xfe,
    0x02, 0x10, 0xea, 0x0a, 0x02, 0x03, 0xef, 0xfe, 0xfd, 0xf8, 0x14, 0x03,
    0xf2, 0x01, 0x09, 0xfc, 0xfc, 0x17, 0x04, 0x03, 0xfe, 0xfe, 0xf0, 0xfd,
    0xfa, 0x29, 0x10, 0xfa, 0x04, 0xfb, 0xfe, 0xf4, 0x06, 0x26, 0xfb, 0x05,
    0xf9, 0xfa, 0xfb, 0xf4, 0x00, 0x1b, 0xfc, 0xfc, 0xfd, 0xff, 0x08, 0xfe,
    0x00, 0x43, 0xd7, 0x07, 0x06, 0xfb, 0x00, 0x08, 0x22, 0x22, 0xe7, 0x03,
    0xc9, 0xfe, 0x01, 0xe3, 0x02, 0x01, 0xfd, 0x06, 0xfc, 0xf4, 0x06, 0x00,
    0x08, 0x03, 0x05, 0x02, 0x52, 0x05, 0x0e, 0x03, 0x23, 0x06, 0x07, 0x06,
    0x02, 0x05, 0x01, 0x32, 0x20, 0x41, 0xff, 0x05, 0x01, 0x09, 0xfc, 0x3f,
    0x15, 0x48, 0xfc, 0x0e, 0xb8, 0xfe, 0xfe, 0x12, 0x0b, 0x0b, 0xfd, 0x12,
    0xf6, 0x04, 0xff, 0x09, 0x02, 0x0c, 0x05, 0x05, 0x13, 0x01, 0xef, 0x0b,
    0x02, 0x1f, 0xfa, 0x02, 0xed, 0xff, 0xf3, 0x23, 0x02, 0x4f, 0x08, 0x00,
    0xf5, 0xfd, 0xf3, 0x1d, 0xfd, 0x32, 0x01, 0xf8, 0xee, 0xff, 0xf9, 0xf9,
    0xf8, 0x25, 0xfd, 0xfe, 0x21, 0x00, 0x0a, 0x0a, 0x07, 0x0a, 0x02, 0xfa,
    0xfb, 0x04, 0x0d, 0xfd, 0x02, 0xff, 0x00, 0xfb, 0x05, 0x00, 0x11, 0xf3,
    0xfe, 0xfe, 0xf3, 0xf9, 0xf0, 0xfd, 0x01, 0xf0, 0x07, 0x22, 0x03, 0xf0,
    0xfb, 0xff, 0x19, 0x1d, 0xf9, 0x2a, 0x03, 0xfd, 0xfa, 0x05, 0x03, 0x08,
    0x01, 0x3c, 0x01, 0xff, 0xfd, 0xff, 0xf8, 0xe2, 0xfb, 0x1b, 0xf8, 0xfb,
    0xfd, 0xfb, 0xf2, 0x28, 0x2e, 0x61, 0xeb, 0xfb, 0x05, 0x04, 0xf7, 0x03,
    0xff, 0x29, 0x00, 0x02, 0xe3, 0xfa, 0xeb, 0xd6, 0x07, 0x01, 0xe4, 0x05,
    0x02, 0xf7, 0x1b, 0x24, 0x12, 0x08, 0x03, 0x00, 0x44, 0xed, 0x07, 0x12,
    0x44, 0xfd, 0xfc, 0xfd, 0x0c, 0x20, 0xfc, 0x1b, 0x4f, 0x12, 0xf3, 0xfc,
    0x12, 0x11, 0x00, 0xfd, 0x3a, 0x1e, 0xed, 0xf6, 0xd9, 0xfa, 0x04, 0xf6,
    0x01, 0xe8, 0xed, 0x05, 0x08, 0x38, 0xfc, 0xf0, 0xe8, 0xf3, 0x01, 0x07,
    0x1e, 0x18, 0xfd, 0x05, 0xfc, 0x01, 0xfb, 0xfc, 0xfc, 0x03, 0xf9, 0x10,
    0x0a, 0x06, 0xee, 0x07, 0x0f, 0xfa, 0xfa, 0x21, 0x1e, 0x09, 0xf3, 0xf7,
    0xf7, 0x07, 0xfe, 0xf3, 0x14, 0xff, 0xfb, 0xf8, 0x11, 0xf6, 0xff, 0xf4,
    0xf1, 0xe3, 0xf9, 0xf6, 0x09, 0x00, 0x03, 0xf2, 0xcc, 0xee, 0x04, 0x02,
    0x0b, 0xf7, 0xfd, 0xf9, 0xe3, 0x01, 0xf8, 0xfc, 0xf2, 0xf4, 0x04, 0xf1,
    0x02, 0xfa, 0xef, 0xfa, 0x07, 0xe8, 0xf5, 0x0a, 0xec, 0x07, 0xfd, 0xf8,
    0xf2, 0xf6, 0xe6, 0x00, 0xd5, 0xff, 0x04, 0xf9, 0x05, 0xf5, 0xe6, 0xd7,
    0xcb, 0x01, 0xfe, 0x01, 0xfb, 0x03, 0xe0, 0x36, 0x0a, 0x38, 0xea, 0xf7,
    0xfe, 0x0b, 0xf3, 0x0a, 0x0f, 0x1e, 0xfb, 0xff, 0x00, 0xf7, 0xe2, 0xf5,
    0xfe, 0x03, 0xfe, 0xfb, 0x07, 0xf5, 0x21, 0x0d, 0x04, 0x0d, 0xf5, 0x12,
    0x20, 0xe2, 0x0f, 0x0b, 0x0e, 0xff, 0xfa, 0x06, 0xf9, 0x13, 0x0d, 0x02,
    0xf2, 0x0a, 0xf7, 0x00, 0x0e, 0x06, 0x0a, 0xf1, 0xde, 0x1b, 0xf9, 0x00,
    0xdf, 0xdf, 0x0f, 0xef, 0xf3, 0xe6, 0xf8, 0x01, 0x10, 0x3d, 0x06, 0xff,
    0xed, 0xf6, 0xf5, 0x04, 0x2d, 0x17, 0x07, 0x0f, 0x1b, 0x08, 0x00, 0x07,
    0xf4, 0xf7, 0xfc, 0xfb, 0xe1, 0x11, 0x01, 0xfc, 0x18, 0xff, 0x01, 0x20,
    0x26, 0x09, 0x07, 0xfa, 0x00, 0x01, 0x00, 0xf4, 0x09, 0xfc, 0x09, 0xfd,
    0x07, 0xf7, 0x02, 0xe2, 0xf1, 0xf3, 0x0a, 0xf7, 0xff, 0xfd, 0x09, 0xf1,
    0xe6, 0xf3, 0x0c, 0xf9, 0x01, 0x06, 0x16, 0x03, 0x07, 0x09, 0x0d, 0x03,
    0xf2, 0xeb, 0xf9, 0x03, 0x05, 0x0f, 0xf7, 0xfa, 0x01, 0xf0, 0xf9, 0x0b,
    0x14, 0x03, 0xf0, 0xf6, 0xf5, 0xf1, 0x00, 0x00, 0xed, 0x00, 0xf3, 0xf8,
    0x19, 0xfb, 0xfd, 0xf4, 0xea, 0x07, 0xfc, 0xfc, 0x0d, 0xfb, 0xf3, 0x3d,
    0x1f, 0x39, 0xfd, 0xfe, 0x01, 0x06, 0xfb, 0xf7, 0x14, 0x2d, 0xea, 0xfe,
    0xff, 0xee, 0xdd, 0xe7, 0xff, 0x00, 0xfb, 0xde, 0xf1, 0xfe, 0x28, 0x0d,
    0x0e, 0x0e, 0xfe, 0x1a, 0xfe, 0xd6, 0x15, 0xfb, 0x05, 0xef, 0x12, 0x08,
    0xe7, 0x15, 0x1a, 0xf3, 0xe6, 0x15, 0x00, 0x0e, 0x11, 0xfb, 0x18, 0xef,
    0xea, 0x21, 0x00, 0x0b, 0xd2, 0xd4, 0x14, 0xf2, 0xfa, 0xef, 0xfb, 0x04,
    0x17, 0x45, 0x13, 0x0e, 0xfa, 0xf8, 0x07, 0xf7, 0x2c, 0x0a, 0x07, 0x10,
    0x1d, 0x02, 0xfe, 0xf1, 0xe8, 0xf0, 0xfb, 0x18, 0x12, 0x14, 0xeb, 0x08,
    0x0b, 0x07, 0xfb, 0x25, 0x33, 0x1a, 0xfc, 0xfc, 0xf8, 0x0a, 0xf9, 0xfd,
    0x1f, 0xfc, 0xfa, 0xf8, 0x08, 0x07, 0x04, 0xeb, 0xfc, 0xe4, 0x03, 0x00,
    0xfe, 0xfe, 0xfc, 0x04, 0x07, 0xea, 0xec, 0xfc, 0x04, 0x18, 0x07, 0x0c,
    0x10, 0x07, 0xf9, 0xf9, 0xfd, 0xe2, 0x07, 0x11, 0x14, 0x0f, 0xfc, 0x00,
    0xfa, 0xfb, 0x00, 0x10, 0x0d, 0x14, 0x03, 0x06, 0xfb, 0xef, 0xfe, 0xfa,
    0xfd, 0x04, 0xf9, 0x00, 0x01, 0x04, 0x02, 0xe6, 0x17, 0xfd, 0x00, 0x03,
    0x0d, 0xfb, 0xf6, 0x38, 0x1e, 0x39, 0xfd, 0xf8, 0x01, 0x15, 0x1c, 0xf3,
    0x0f, 0x0e, 0xf8, 0x01, 0xfa, 0xec, 0xf0, 0xce, 0x02, 0xff, 0x08, 0xef,
    0xfd, 0x06, 0x32, 0x0a, 0x06, 0x0c, 0x12, 0x2e, 0xf9, 0xd8, 0x14, 0xf2,
    0x1e, 0xeb, 0x16, 0x24, 0xe3, 0x37, 0x1b, 0xee, 0x09, 0x0b, 0x0b, 0x1f,
    0x3d, 0xef, 0x21, 0xf4, 0x11, 0x10, 0x08, 0x21, 0xd5, 0xd6, 0x25, 0xf8,
    0x03, 0xf7, 0xfb, 0x04, 0x1d, 0x34, 0x1d, 0x17, 0xed, 0x11, 0xf5, 0x0a,
    0x2c, 0xed, 0x07, 0x00, 0x2e, 0x0a, 0xfc, 0xf2, 0xe1, 0xf7, 0xfd, 0x1d,
    0x1d, 0x0b, 0xfb, 0xf6, 0x12, 0x01, 0xf2, 0x22, 0x29, 0x24, 0x01, 0x00,
    0x00, 0x02, 0xf2, 0xf6, 0x0d, 0xef, 0xf4, 0xfd, 0x22, 0x10, 0x09, 0xf4,
    0x02, 0xee, 0x02, 0x00, 0x0b, 0x0b, 0x0f, 0xf7, 0xfd, 0xfa, 0xfb, 0xfd,
    0x0f, 0x05, 0x11, 0x1b, 0x14, 0x1c, 0x01, 0x07, 0xee, 0xf3, 0x12, 0x0f,
    0x07, 0x15, 0xfd, 0x05, 0xfc, 0xe8, 0xfb, 0x1a, 0x0f, 0x08, 0x04, 0x05,
    0xf5, 0xf8, 0x03, 0x00, 0xf7, 0xff, 0x07, 0x05, 0x13, 0xfb, 0x0b, 0xee,
    0xfa, 0xfa, 0x04, 0x04, 0x00, 0xfe, 0x14, 0x38, 0x37, 0x53, 0xf4, 0xfb,
    0x03, 0x11, 0x32, 0xf2, 0x08, 0xfe, 0xe0, 0x03, 0xff, 0xf5, 0x00, 0xd2,
    0x04, 0x02, 0x05, 0xe8, 0xfa, 0x0a, 0x25, 0x01, 0x06, 0x0f, 0x05, 0x38,
    0xfe, 0xe0, 0x13, 0xfb, 0x15, 0xe2, 0x0a, 0x1e, 0xfb, 0x3a, 0x27, 0xff,
    0x0c, 0xff, 0xf9, 0x27, 0x28, 0x0a, 0x2a, 0x03, 0x0a, 0x20, 0x01, 0x1b,
    0xd2, 0xdc, 0x26, 0xf5, 0x05, 0xf6, 0xfe, 0x14, 0x23, 0x3c, 0x1c, 0x08,
    0xf6, 0x0d, 0x07, 0x03, 0x31, 0xee, 0x08, 0x04, 0x12, 0x0c, 0x04, 0xfa,
    0xe9, 0xf7, 0x00, 0x23, 0x08, 0x0c, 0xec, 0x00, 0x16, 0xfd, 0xfb, 0x17,
    0x15, 0x12, 0xfa, 0xf5, 0x11, 0x08, 0x07, 0xf2, 0xfc, 0xf1, 0xee, 0x03,
    0x26, 0x06, 0x1a, 0xf5, 0xf3, 0xed, 0xf2, 0xfe, 0x13, 0x16, 0x20, 0xfc,
    0xfb, 0xec, 0xfd, 0xf6, 0x03, 0x17, 0x0e, 0x09, 0x06, 0x0b, 0x03, 0x06,
    0xeb, 0xf3, 0xff, 0x09, 0xff, 0x1d, 0x01, 0x08, 0x0d, 0xe7, 0xf8, 0x0a,
    0x0d, 0x16, 0x19, 0xf5, 0xf0, 0xfe, 0x08, 0xf7, 0xfe, 0xfd, 0xff, 0x04,
    0x03, 0x00, 0x07, 0xfd, 0x0d, 0x04, 0x07, 0x08, 0x05, 0xf7, 0x07, 0x35,
    0x24, 0x48, 0xea, 0xf5, 0x01, 0x14, 0x25, 0xd7, 0x03, 0xf5, 0xf3, 0xfe,
    0xff, 0xef, 0xef, 0xc6, 0xfe, 0x02, 0xf8, 0xef, 0xfd, 0x09, 0x13, 0xf8,
    0xf9, 0x0b, 0x09, 0x39, 0xf8, 0xe7, 0x1f, 0xeb, 0x11, 0xdc, 0x0a, 0x25,
    0xf0, 0x44, 0x21, 0x0a, 0x01, 0xfa, 0xf6, 0x1e, 0x32, 0xfb, 0x26, 0xf8,
    0x0d, 0x24, 0xf9, 0x1a, 0xeb, 0xe6, 0x2a, 0x02, 0x08, 0xff, 0xf1, 0x02,
    0x1d, 0x36, 0x17, 0x1b, 0xf3, 0x12, 0xf7, 0xfb, 0x21, 0xeb, 0x0c, 0x06,
    0x21, 0x1d, 0xf9, 0x05, 0xe4, 0xef, 0x01, 0x03, 0x02, 0x0e, 0xf8, 0x09,
    0x18, 0xfd, 0x07, 0x08, 0x13, 0x10, 0xfb, 0x0a, 0x0d, 0xf7, 0x07, 0xe6,
    0xea, 0xf3, 0xec, 0x0b, 0x19, 0x05, 0x0a, 0xef, 0xf6, 0xf2, 0x06, 0x0e,
    0x07, 0x0f, 0x11, 0xfb, 0xf5, 0xf3, 0x0c, 0x07, 0x16, 0x10, 0x0a, 0xf9,
    0x0b, 0x01, 0x0b, 0xfb, 0xe1, 0xf2, 0x05, 0x0a, 0x11, 0x1c, 0x0b, 0x05,
    0x00, 0xea, 0x01, 0x06, 0x1b, 0x02, 0xf3, 0x01, 0x02, 0x06, 0xf0, 0xff,
    0xff, 0x08, 0xf0, 0x01, 0x01, 0x09, 0x01, 0x01, 0x07, 0x05, 0xfb, 0x01,
    0x02, 0xfa, 0x00, 0x28, 0x24, 0x29, 0xe4, 0xf6, 0x04, 0x06, 0xfe, 0xda,
    0xf0, 0x05, 0xef, 0x00, 0xfa, 0xf3, 0xf4, 0xdc, 0x01, 0xf9, 0xfe, 0xf3,
    0xff, 0xfe, 0x24, 0xf8, 0xf6, 0x0a, 0x0c, 0x30, 0xfc, 0xeb, 0x2a, 0xe9,
    0x05, 0xdf, 0x04, 0x21, 0xfb, 0x3f, 0x38, 0x08, 0x03, 0xff, 0xf5, 0x12,
    0x3f, 0x0d, 0x30, 0x03, 0x0b, 0x2c, 0xf9, 0x11, 0xf5, 0xe6, 0x1e, 0x00,
    0x08, 0x0e, 0xf9, 0xfe, 0x2c, 0x25, 0x1a, 0x1e, 0xf6, 0x16, 0xfd, 0x08,
    0x1e, 0xee, 0x1b, 0xff, 0x15, 0x1f, 0xfd, 0xf2, 0xdf, 0xec, 0x0d, 0xfa,
    0xfe, 0x17, 0xfa, 0x01, 0x15, 0xf3, 0x16, 0x0c, 0x07, 0x0f, 0xf2, 0xf0,
    0x14, 0x08, 0x0c, 0xf7, 0xf3, 0xf3, 0xf1, 0xfe, 0x09, 0xf6, 0x00, 0xf5,
    0x03, 0xf0, 0xfa, 0x03, 0xff, 0x17, 0x0e, 0x03, 0xf6, 0xfe, 0x0a, 0x04,
    0x10, 0x12, 0x0a, 0x0a, 0x11, 0x03, 0xf9, 0xfe, 0xed, 0xff, 0x0c, 0x14,
    0x21, 0x18, 0xfc, 0x01, 0x0d, 0xec, 0x01, 0x1e, 0x15, 0x13, 0xfc, 0xf8,
    0x03, 0xf3, 0xfc, 0xfe, 0xf6, 0xfd, 0xeb, 0xfc, 0x02, 0xfe, 0x02, 0xf7,
    0x00, 0x0b, 0x02, 0xff, 0xff, 0xf8, 0xf9, 0x25, 0x1f, 0x2b, 0xe0, 0xf8,
    0xfb, 0x0b, 0x0f, 0xcc, 0xd9, 0x02, 0xdb, 0x08, 0x02, 0xed, 0xf4, 0xc9,
    0x04, 0x03, 0xff, 0xf5, 0xf7, 0x06, 0x1f, 0xf5, 0xfa, 0x04, 0x03, 0x3f,
    0xf4, 0xf2, 0x2c, 0xe2, 0x12, 0xe3, 0x05, 0x32, 0x1a, 0x3a, 0x41, 0x03,
    0x09, 0xf8, 0xff, 0x19, 0x42, 0x17, 0x40, 0x0d, 0x13, 0x23, 0xf6, 0x03,
    0xf8, 0xe2, 0x37, 0xfe, 0x12, 0x07, 0xf1, 0x08, 0x25, 0x1f, 0x2c, 0x24,
    0x09, 0x0f, 0xf8, 0x0c, 0x14, 0xe4, 0x22, 0x04, 0x15, 0x22, 0x04, 0xfb,
    0xf5, 0xfd, 0x23, 0xff, 0x05, 0x1d, 0xfe, 0xfd, 0x11, 0x02, 0x0b, 0x01,
    0xfd, 0x11, 0x02, 0xef, 0xfe, 0xfc, 0xfd, 0xf5, 0xf8, 0xee, 0xeb, 0xfe,
    0xf9, 0xf8, 0x03, 0xfe, 0xfd, 0xf0, 0xf3, 0x06, 0xfb, 0x15, 0xfe, 0x02,
    0xfc, 0xf5, 0xe5, 0x09, 0x0d, 0x0c, 0xf9, 0x07, 0x08, 0xff, 0xef, 0x00,
    0xf1, 0xfb, 0xf7, 0x0f, 0xf9, 0x05, 0xe4, 0x02, 0x09, 0xeb, 0xf7, 0x05,
    0xfe, 0x07, 0xea, 0x04, 0xf8, 0xf8, 0xee, 0xf5, 0xf5, 0x00, 0xec, 0x02,
    0xff, 0xfc, 0xf9, 0xfd, 0xf5, 0x11, 0xfc, 0x07, 0x08, 0xef, 0x00, 0x2c,
    0x26, 0x39, 0xe0, 0xf8, 0xfe, 0x05, 0xfc, 0xd6, 0xec, 0x1a, 0xdb, 0x04,
    0x02, 0xed, 0xef, 0xce, 0x02, 0x00, 0xf4, 0x11, 0xff, 0x01, 0x32, 0xf5,
    0xfa, 0x00, 0x08, 0x44, 0x06, 0xff, 0x39, 0xea, 0x07, 0xed, 0xf7, 0x22,
    0x21, 0x39, 0x4e, 0x0d, 0x0d, 0xfb, 0xff, 0x1f, 0x39, 0x1c, 0x48, 0x0c,
    0x21, 0x16, 0x06, 0x0c, 0xf4, 0xf3, 0x35, 0x01, 0x17, 0x15, 0xf0, 0x05,
    0x10, 0x3f, 0x3c, 0x0f, 0xfa, 0x13, 0xf8, 0x0d, 0x01, 0xe6, 0x34, 0xf7,
    0x2e, 0x1c, 0xfe, 0x09, 0xe7, 0x0d, 0x29, 0xf4, 0x04, 0x1a, 0x01, 0x08,
    0x0d, 0xf0, 0x0b, 0x12, 0xff, 0x02, 0x0c, 0xf5, 0x00, 0x0d, 0xe8, 0xeb,
    0xf2, 0xef, 0xf3, 0xf1, 0x03, 0x01, 0xf8, 0xf1, 0xfb, 0xe9, 0xee, 0xfe,
    0xff, 0x0b, 0xee, 0xfe, 0xf5, 0x00, 0xed, 0xf6, 0xfe, 0xfb, 0xf6, 0xf7,
    0x02, 0xfa, 0xe7, 0xf9, 0xef, 0xf9, 0xec, 0xf6, 0x07, 0x15, 0xf8, 0x05,
    0xfb, 0xfa, 0x02, 0x0b, 0x07, 0x0a, 0xff, 0xf8, 0xfa, 0xfa, 0xfd, 0xff,
    0xf4, 0xf8, 0xee, 0x07, 0x04, 0x03, 0xf6, 0xfe, 0xf0, 0xff, 0xf4, 0xf6,
    0x06, 0xf0, 0xfc, 0x32, 0x23, 0x36, 0xf8, 0xef, 0x01, 0x06, 0x11, 0xf4,
    0xf1, 0x2a, 0xe3, 0x01, 0xf4, 0xea, 0xf5, 0xd7, 0xff, 0x01, 0xf5, 0x0b,
    0xf0, 0x03, 0x2d, 0xfb, 0xf9, 0x00, 0x00, 0x31, 0xec, 0x04, 0x5b, 0xed,
    0x12, 0xee, 0x01, 0x1c, 0x21, 0x2a, 0x58, 0x01, 0x20, 0xff, 0xf7, 0x07,
    0x36, 0x1e, 0x49, 0x0e, 0x0a, 0x11, 0x04, 0x0a, 0xfb, 0xf2, 0x3d, 0x0f,
    0x0f, 0x07, 0xf4, 0x00, 0x0d, 0x2f, 0x38, 0x0d, 0x00, 0x12, 0xf6, 0x08,
    0xf5, 0xe8, 0x27, 0xf7, 0x20, 0x1b, 0xf7, 0x00, 0xd7, 0xfb, 0x20, 0x05,
    0x08, 0x19, 0xf0, 0xfc, 0x07, 0xe9, 0x02, 0x0a, 0x10, 0x16, 0xf2, 0xf7,
    0xf8, 0xf4, 0xf6, 0xdb, 0xe6, 0xda, 0xf2, 0xf6, 0xfa, 0xfe, 0xef, 0xf6,
    0xf7, 0xd6, 0xeb, 0xf5, 0xf6, 0xfc, 0xf9, 0xff, 0xf6, 0xf4, 0xf6, 0xfb,
    0xfb, 0xff, 0xeb, 0xf1, 0xfc, 0xf1, 0xf8, 0xfe, 0xef, 0xf5, 0xfd, 0x0d,
    0xfd, 0x01, 0xe7, 0x07, 0x07, 0xf7, 0xf4, 0x0f, 0x05, 0x11, 0xde, 0xf8,
    0x07, 0xff, 0xec, 0x01, 0x00, 0xfc, 0x05, 0x03, 0x04, 0xfb, 0xf0, 0xee,
    0xef, 0x00, 0x0d, 0xfd, 0x0b, 0x0a, 0xf7, 0x37, 0x23, 0x2f, 0x03, 0xeb,
    0x0d, 0x0c, 0x06, 0xf9, 0x1c, 0x1f, 0xf6, 0xfe, 0xf8, 0xea, 0xf2, 0xcf,
    0x03, 0x01, 0x0e, 0x0b, 0xff, 0x01, 0x1b, 0x00, 0xf6, 0xfd, 0x00, 0x29,
    0x04, 0x05, 0x60, 0xf4, 0x06, 0xf0, 0x02, 0x0a, 0x2f, 0x26, 0x4c, 0x12,
    0x05, 0x00, 0xff, 0x0d, 0x33, 0x1e, 0x40, 0x14, 0x13, 0x06, 0x07, 0xff,
    0xfa, 0x02, 0x37, 0xfd, 0x18, 0x07, 0xf7, 0x09, 0x0c, 0x39, 0x33, 0x03,
    0x01, 0x07, 0xf6, 0x02, 0xf1, 0xff, 0x32, 0x08, 0x0b, 0x11, 0xec, 0x06,
    0xd7, 0x04, 0x0f, 0x0a, 0x01, 0x1e, 0xe3, 0xf0, 0x00, 0xec, 0x02, 0x0f,
    0x0d, 0x21, 0xf3, 0xef, 0xf7, 0xf3, 0xef, 0xda, 0xdc, 0xe8, 0x00, 0xee,
    0xf9, 0xfc, 0xe6, 0xf3, 0xf4, 0xda, 0xfb, 0xf3, 0xf4, 0xf7, 0xf0, 0xfa,
    0xff, 0xf1, 0xfb, 0xf7, 0xfb, 0xe9, 0xed, 0x09, 0x0c, 0xf7, 0xf6, 0xfe,
    0xf8, 0xee, 0xf1, 0x05, 0x06, 0x0c, 0xf1, 0x02, 0x06, 0xf2, 0xe6, 0x12,
    0x0e, 0x00, 0xf7, 0x09, 0xfb, 0x01, 0xe9, 0x09, 0x0b, 0x06, 0xf4, 0xfb,
    0x03, 0x02, 0xe8, 0xdc, 0x03, 0xfa, 0xfb, 0x04, 0x09, 0xfe, 0xec, 0x30,
    0x37, 0x31, 0xef, 0xf6, 0x03, 0x10, 0x19, 0xfd, 0x0f, 0x17, 0xf0, 0x05,
    0x01, 0xec, 0xee, 0xc4, 0x03, 0x00, 0x00, 0x0a, 0x04, 0xfc, 0x4e, 0xfc,
    0xfe, 0xf8, 0x1b, 0x26, 0x0d, 0x15, 0x7b, 0xee, 0x08, 0xfd, 0x06, 0x0e,
    0x2f, 0x12, 0x63, 0x17, 0x0f, 0xfa, 0x0d, 0x0b, 0x20, 0x11, 0x49, 0x0d,
    0x0b, 0x0c, 0xfb, 0xfa, 0xed, 0xf9, 0x44, 0xff, 0x09, 0xfc, 0xfa, 0xf5,
    0x15, 0x17, 0x44, 0x04, 0xf9, 0x13, 0xfd, 0x06, 0xf0, 0xeb, 0x1e, 0xfe,
    0x15, 0x0f, 0x09, 0xed, 0xe2, 0xfc, 0x19, 0x03, 0x10, 0x16, 0x02, 0xf4,
    0xf3, 0xe0, 0x03, 0x1a, 0x0c, 0x21, 0xf2, 0x00, 0x04, 0xef, 0xfb, 0xe1,
    0xe8, 0xe7, 0xf6, 0xfc, 0xf3, 0xf8, 0xe2, 0xf2, 0xf4, 0xe1, 0x00, 0xfe,
    0xf8, 0xff, 0xfb, 0xf1, 0x05, 0xf7, 0xfa, 0xfe, 0xf9, 0xf8, 0xfe, 0xf3,
    0x0d, 0xf6, 0x02, 0xfb, 0xfc, 0xf2, 0x00, 0xfd, 0x09, 0x07, 0x04, 0xfb,
    0x04, 0xfa, 0xf6, 0x06, 0x1a, 0x07, 0x06, 0xff, 0x0d, 0xfe, 0xf8, 0x04,
    0xf7, 0xfc, 0x0d, 0x05, 0x02, 0xf6, 0xf8, 0xe8, 0x04, 0xf8, 0x0e, 0x04,
    0x09, 0x06, 0xf7, 0x31, 0x42, 0x27, 0xf7, 0xf8, 0x03, 0x05, 0x12, 0xf7,
    0x00, 0x11, 0xf6, 0xfb, 0xfa, 0xf7, 0xeb, 0xd6, 0xfe, 0xfc, 0xfc, 0x0a,
    0xf9, 0x0d, 0x4f, 0xf0, 0xf2, 0xfb, 0x0a, 0x20, 0x11, 0x0e, 0x7f, 0xf3,
    0x00, 0x07, 0x04, 0x0a, 0x26, 0x05, 0x49, 0x21, 0x07, 0xfd, 0x09, 0x02,
    0x29, 0x14, 0x5a, 0x00, 0x0c, 0x08, 0x08, 0xf8, 0xfd, 0xf9, 0x4f, 0x06,
    0xff, 0xf9, 0xf3, 0xfc, 0x00, 0x03, 0x44, 0x01, 0xff, 0x12, 0x07, 0x06,
    0xee, 0xec, 0x20, 0x08, 0x17, 0x0a, 0x06, 0x00, 0xe5, 0x11, 0x1e, 0x06,
    0x0e, 0x1b, 0xf9, 0xf8, 0x00, 0xe9, 0x0b, 0x19, 0x10, 0x1b, 0xf9, 0xff,
    0x07, 0xfe, 0xfb, 0xe9, 0xfe, 0xf8, 0xf9, 0xf1, 0xfa, 0xf5, 0xf9, 0xf5,
    0xfc, 0xe3, 0xfc, 0xfa, 0xf2, 0xff, 0xf8, 0xf6, 0xfd, 0xe5, 0xfd, 0xf7,
    0xfa, 0x01, 0xfb, 0x07, 0x0c, 0xfe, 0x0b, 0xf8, 0xf5, 0xf8, 0xfb, 0xf6,
    0x09, 0xfc, 0xfd, 0x04, 0xfc, 0x05, 0x06, 0x08, 0xfd, 0xfc, 0x0b, 0x09,
    0xf9, 0xfa, 0x0d, 0xfb, 0xed, 0x03, 0xf7, 0x07, 0xfa, 0xf8, 0x0e, 0xe1,
    0xf5, 0xfd, 0x08, 0xff, 0x08, 0xfb, 0xfc, 0x1e, 0x49, 0x2b, 0xef, 0xf2,
    0xff, 0x0d, 0x31, 0xf1, 0x0f, 0x03, 0xee, 0x01, 0x05, 0xec, 0xfc, 0xd2,
    0xfc, 0xff, 0x09, 0x06, 0x04, 0x0b, 0x32, 0xfc, 0xf1, 0xf6, 0x11, 0x13,
    0x13, 0x1a, 0x71, 0xfe, 0x02, 0xff, 0xf8, 0x15, 0x28, 0x10, 0x49, 0x21,
    0x04, 0xf7, 0x04, 0xfd, 0x31, 0x11, 0x46, 0xff, 0xfb, 0x0a, 0xf5, 0x01,
    0xee, 0xf9, 0x3f, 0x04, 0xfa, 0xf9, 0xf9, 0xf5, 0xf8, 0x10, 0x34, 0x0b,
    0xfe, 0x14, 0xf9, 0x05, 0xef, 0xf1, 0x26, 0x03, 0x15, 0xfe, 0x01, 0xf3,
    0xe4, 0x08, 0x15, 0x0c, 0x0d, 0x14, 0xff, 0xfb, 0xec, 0xef, 0x1e, 0x1b,
    0x1c, 0x18, 0xe8, 0xf8, 0xfb, 0xf3, 0x05, 0xf3, 0xf9, 0xfe, 0xee, 0xf6,
    0xeb, 0xec, 0xf0, 0xed, 0xf8, 0xde, 0xf8, 0xfb, 0xed, 0xfa, 0xf4, 0xf0,
    0xf7, 0xee, 0x12, 0x00, 0xfc, 0xfc, 0xf1, 0xef, 0x18, 0x05, 0x0f, 0xfa,
    0x0f, 0xfd, 0xf9, 0xea, 0x0d, 0x09, 0x0e, 0x08, 0xf1, 0x01, 0xf4, 0x0b,
    0x0c, 0x04, 0x04, 0x03, 0xfd, 0xf3, 0x05, 0xee, 0xf7, 0x00, 0xf3, 0xfc,
    0x06, 0xfa, 0x09, 0xf5, 0x03, 0xf5, 0xfb, 0x0a, 0x08, 0xfc, 0x04, 0x2a,
    0x4d, 0x33, 0xcb, 0xf4, 0xfd, 0x0a, 0x36, 0xe3, 0xfd, 0xff, 0xd4, 0x00,
    0x01, 0xef, 0xf4, 0xd1, 0xfb, 0x02, 0x08, 0x08, 0x04, 0x01, 0x3b, 0xfd,
    0xf3, 0xfb, 0x19, 0x20, 0x12, 0x18, 0x71, 0xfd, 0x04, 0x02, 0x05, 0x16,
    0x2a, 0x0d, 0x4d, 0x23, 0x08, 0xff, 0x06, 0x08, 0x37, 0x08, 0x3c, 0xef,
    0x12, 0x0a, 0x07, 0x05, 0xf4, 0xf5, 0x36, 0xf9, 0xf8, 0xf5, 0x01, 0x0a,
    0xf7, 0x19, 0x27, 0x1e, 0x08, 0x0c, 0x05, 0x02, 0xeb, 0xe8, 0x11, 0x08,
    0x20, 0x08, 0x0a, 0x04, 0xea, 0xf7, 0x0e, 0x0e, 0x1c, 0x06, 0xfd, 0x03,
    0xf3, 0xf2, 0xfc, 0x04, 0x10, 0x10, 0xfe, 0xf1, 0xf1, 0xff, 0x00, 0xf5,
    0x05, 0xf4, 0xf7, 0xf2, 0xf7, 0xea, 0x05, 0xea, 0xfa, 0xf7, 0x00, 0x01,
    0xf2, 0xec, 0x00, 0xda, 0xfe, 0xec, 0x20, 0x00, 0xf7, 0xf5, 0x0c, 0xfc,
    0x13, 0x02, 0x17, 0x04, 0xfd, 0x03, 0x0b, 0xef, 0x10, 0xfe, 0x28, 0xfb,
    0xfa, 0xf8, 0x10, 0xf7, 0x0c, 0xfe, 0x24, 0x04, 0x02, 0xf6, 0x0b, 0xf8,
    0xfc, 0xf5, 0x0c, 0x09, 0x06, 0xf0, 0x02, 0xe5, 0xfb, 0xf6, 0x07, 0xfb,
    0x02, 0xfd, 0xfc, 0x13, 0x49, 0x37, 0x01, 0xf6, 0x05, 0x09, 0x35, 0xfd,
    0xee, 0x0d, 0xf5, 0xff, 0x04, 0xf4, 0xf3, 0xd2, 0xfb, 0x00, 0x0d, 0x10,
    0x03, 0x0f, 0x37, 0x01, 0xf8, 0xf9, 0x07, 0x24, 0xff, 0x1f, 0x7f, 0xf2,
    0x0a, 0x06, 0x00, 0x07, 0x28, 0x12, 0x3f, 0x12, 0x09, 0xf4, 0xf6, 0x0a,
    0x1b, 0x0b, 0x2e, 0xf1, 0x10, 0x07, 0xfe, 0xf6, 0xe8, 0xf0, 0x25, 0xf8,
    0xfc, 0xf3, 0xf8, 0x03, 0xf9, 0x18, 0x1f, 0x15, 0x05, 0x09, 0xf2, 0xf8,
    0xf1, 0xf3, 0x17, 0x0e, 0x1d, 0x06, 0x06, 0xfb, 0xe2, 0x05, 0x10, 0x02,
    0x1a, 0x07, 0xf5, 0x05, 0xf7, 0xf5, 0x01, 0x03, 0x1d, 0x00, 0xf2, 0xf8,
    0xf6, 0xfb, 0x10, 0xf2, 0x00, 0x02, 0xf3, 0x00, 0xff, 0xf0, 0x11, 0xed,
    0xff, 0xf7, 0xfe, 0xf4, 0xf6, 0xf1, 0x05, 0xf1, 0xdf, 0xde, 0xff, 0xff,
    0x02, 0xf3, 0xfe, 0xf7, 0xff, 0xf9, 0x03, 0x03, 0x01, 0xfa, 0xfe, 0xe6,
    0xf9, 0xfd, 0xfe, 0x05, 0x00, 0x06, 0x01, 0x0a, 0xf4, 0x08, 0x07, 0x01,
    0x0f, 0x04, 0x05, 0x00, 0xf0, 0xf4, 0x10, 0xf2, 0x09, 0xf9, 0xfe, 0xe9,
    0xf3, 0xf2, 0x20, 0x01, 0x05, 0xf3, 0xf9, 0x11, 0x1d, 0x23, 0x09, 0xfd,
    0xfd, 0x01, 0x1c, 0x02, 0xf6, 0x07, 0x0d, 0xfe, 0xfe, 0xf4, 0xf1, 0xdd,
    0xfb, 0x03, 0xfc, 0xfe, 0x06, 0x02, 0x36, 0x01, 0xf6, 0xfc, 0x0c, 0x23,
    0x08, 0x1d, 0x71, 0xfc, 0x15, 0xf9, 0xfd, 0x09, 0x22, 0x0c, 0x2b, 0x19,
    0xfa, 0xef, 0xf9, 0x0b, 0x07, 0x0b, 0x2d, 0xff, 0x16, 0x02, 0xff, 0xf9,
    0xe8, 0xfa, 0x1e, 0xfc, 0x0c, 0xec, 0xfd, 0x01, 0xe9, 0x0b, 0x22, 0x0d,
    0x0a, 0xfe, 0xf4, 0x02, 0xf3, 0xf8, 0x13, 0x0f, 0x23, 0xff, 0xfa, 0xf5,
    0xe5, 0xfd, 0x11, 0x06, 0x1c, 0x09, 0xf7, 0xfc, 0xf0, 0xf3, 0x0b, 0x0f,
    0x24, 0x08, 0xf3, 0xf3, 0xfe, 0xfd, 0x0d, 0x04, 0x14, 0xf4, 0xfa, 0xfa,
    0xe9, 0xf1, 0x09, 0xfc, 0x11, 0xff, 0xfe, 0xfd, 0xf3, 0xf6, 0xf7, 0xe8,
    0xfd, 0xf8, 0xff, 0x07, 0xfa, 0xf0, 0xf2, 0xe2, 0x02, 0xf4, 0x1b, 0x00,
    0xfc, 0xfa, 0xf8, 0xfc, 0x04, 0x07, 0x0a, 0x04, 0xfc, 0x04, 0xfc, 0x03,
    0xfc, 0xf0, 0x06, 0xf6, 0xf8, 0x0b, 0xf9, 0xf2, 0xec, 0xf7, 0x0c, 0xf8,
    0x03, 0xf7, 0xf0, 0xd7, 0xf7, 0xfd, 0xfc, 0x00, 0x01, 0xfe, 0xfe, 0x1c,
    0x40, 0x08, 0xf3, 0x01, 0x0a, 0x03, 0x0e, 0xf1, 0x03, 0xf7, 0xf8, 0xfa,
    0xfb, 0xfa, 0xf2, 0xc6, 0xff, 0xfd, 0x11, 0x04, 0xff, 0x03, 0x30, 0x03,
    0xf4, 0xfe, 0x16, 0x25, 0xf2, 0x15, 0x5a, 0xf0, 0x19, 0xf4, 0x0b, 0x0b,
    0x22, 0x18, 0x2d, 0x15, 0x09, 0xf8, 0x07, 0x0b, 0x03, 0xff, 0x28, 0x02,
    0x10, 0xf0, 0xf4, 0x00, 0xe8, 0x00, 0x27, 0xec, 0x10, 0xe1, 0xf3, 0x06,
    0xf3, 0x0a, 0x19, 0x0c, 0x02, 0xff, 0xf4, 0x02, 0xe7, 0xfb, 0x1b, 0x0f,
    0x1e, 0xfd, 0xf7, 0x02, 0xe0, 0xfc, 0x11, 0x0e, 0x0f, 0x04, 0xf6, 0xfd,
    0xf6, 0xf5, 0x16, 0x07, 0x2a, 0x01, 0xf9, 0xfc, 0x07, 0xff, 0x19, 0x00,
    0x02, 0xf3, 0xf1, 0xf6, 0xfb, 0xef, 0x06, 0xf9, 0xf6, 0x07, 0xfb, 0x00,
    0xf2, 0xfc, 0x07, 0xeb, 0xff, 0xf4, 0x02, 0x05, 0xf4, 0xff, 0x09, 0xef,
    0xf7, 0xee, 0x03, 0x07, 0x03, 0xfc, 0x01, 0xf9, 0xfa, 0x00, 0xf2, 0xfd,
    0x06, 0x0a, 0x05, 0xfe, 0xfe, 0xf3, 0xfe, 0xfb, 0x04, 0xff, 0xfc, 0x03,
    0xf0, 0xf8, 0x04, 0x04, 0xfe, 0xf7, 0xf0, 0xf1, 0xef, 0xe4, 0xff, 0x06,
    0x01, 0xff, 0xf5, 0x01, 0x3f, 0x13, 0xed, 0x04, 0x00, 0x08, 0x18, 0xee,
    0x0a, 0xf1, 0xeb, 0x05, 0xf7, 0xf4, 0xf7, 0xda, 0xfc, 0x00, 0x03, 0x01,
    0x08, 0x10, 0x45, 0x0c, 0xf8, 0xf9, 0x13, 0x11, 0xf9, 0x04, 0x62, 0x00,
    0x1c, 0xfd, 0x08, 0xfa, 0x1e, 0x0b, 0x25, 0x06, 0x09, 0xeb, 0x05, 0x04,
    0xfa, 0xf3, 0x22, 0xff, 0x1b, 0xe5, 0x09, 0xfe, 0xe7, 0xf1, 0x1a, 0xe2,
    0x0c, 0xe3, 0x07, 0x07, 0xe1, 0x11, 0x24, 0x0e, 0x0b, 0x07, 0xff, 0xfe,
    0xef, 0xff, 0x1d, 0x01, 0x27, 0xf2, 0x00, 0xf4, 0xef, 0xf4, 0x12, 0x07,
    0x0f, 0xf1, 0xfa, 0xf7, 0xea, 0xeb, 0x0a, 0xff, 0x0f, 0xfe, 0x03, 0xfa,
    0x0e, 0xff, 0x13, 0xf2, 0xff, 0x01, 0xfe, 0xf7, 0xf9, 0xfb, 0x04, 0x09,
    0xff, 0x07, 0xfe, 0xfd, 0xe1, 0xf4, 0x03, 0xe5, 0xfe, 0xf7, 0x0c, 0xf7,
    0xf0, 0xfa, 0xff, 0xf0, 0xfd, 0xf0, 0x0d, 0x05, 0xf5, 0xf3, 0x00, 0xec,
    0xf4, 0xf7, 0x15, 0xff, 0x01, 0x05, 0x06, 0xf8, 0xf9, 0xfe, 0x04, 0x02,
    0xf8, 0xfd, 0xf6, 0xf1, 0xfa, 0xef, 0x0b, 0xf8, 0xec, 0xf7, 0xf3, 0xe3,
    0xfb, 0xf6, 0xfd, 0xfd, 0x00, 0x01, 0xf2, 0x19, 0x2f, 0x23, 0xee, 0xfc,
    0x01, 0x05, 0x0e, 0xf1, 0x06, 0x0a, 0xf5, 0x03, 0xfe, 0xf9, 0xe7, 0xd6,
    0x03, 0x04, 0x06, 0x0c, 0x03, 0x05, 0x55, 0x0a, 0xf6, 0xfb, 0x12, 0x0e,
    0xf2, 0x1d, 0x6a, 0xf4, 0x08, 0x06, 0x03, 0x08, 0x1a, 0x16, 0x33, 0x00,
    0x12, 0xf4, 0x00, 0x09, 0xfb, 0xf7, 0x2b, 0xf7, 0x0b, 0xeb, 0x16, 0xfd,
    0xef, 0xf1, 0x28, 0xec, 0x0d, 0xee, 0x09, 0xf8, 0xfd, 0x03, 0x1e, 0x01,
    0x00, 0xfb, 0x14, 0x04, 0xf1, 0xfe, 0x1c, 0xfb, 0x23, 0xf1, 0x0e, 0xfb,
    0xe4, 0xf9, 0x0e, 0x10, 0x14, 0x03, 0xff, 0x00, 0xec, 0xeb, 0x0b, 0x00,
    0x15, 0x04, 0x12, 0xff, 0xfd, 0x0c, 0x08, 0xf5, 0x13, 0xfc, 0xfa, 0xf5,
    0xf0, 0xf8, 0xf2, 0x0a, 0x08, 0xfa, 0x08, 0x02, 0xe4, 0xf9, 0xf3, 0xf3,
    0x01, 0x00, 0x0d, 0x03, 0xed, 0xf5, 0xfa, 0xe7, 0xf2, 0xe6, 0x1a, 0x05,
    0xed, 0xf9, 0xeb, 0xef, 0x08, 0xf8, 0x0b, 0x06, 0xff, 0x05, 0xec, 0xfa,
    0xfb, 0xec, 0x06, 0xf7, 0xf9, 0xf8, 0xdb, 0xfc, 0xf4, 0xfa, 0x0c, 0x07,
    0xeb, 0xf8, 0xdc, 0xd3, 0xfc, 0xf9, 0x0d, 0x02, 0xf3, 0xfd, 0xef, 0x0f,
    0x35, 0x16, 0x00, 0x00, 0xfd, 0x13, 0xf1, 0xf2, 0xf0, 0xf0, 0xf4, 0x04,
    0x02, 0x00, 0xe1, 0xd2, 0x03, 0x04, 0x02, 0xf5, 0xfb, 0x0e, 0x2a, 0x04,
    0xe7, 0xfa, 0x00, 0x02, 0x04, 0xf3, 0xff, 0xf5, 0x24, 0xff, 0xee, 0xfb,
    0x01, 0x1f, 0x03, 0xfd, 0xf3, 0xf2, 0xfd, 0xfb, 0xfd, 0x1e, 0xff, 0xf0,
    0xed, 0xec, 0xfe, 0xfd, 0xf5, 0xfa, 0x08, 0xfa, 0x08, 0xea, 0x07, 0xfb,
    0xfd, 0x2c, 0xfd, 0x01, 0x0d, 0xfe, 0xfc, 0x03, 0x03, 0x09, 0xf8, 0x11,
    0x2b, 0xeb, 0xea, 0xf8, 0xfc, 0x41, 0x00, 0x13, 0x11, 0xfe, 0xf8, 0x00,
    0xfe, 0xf7, 0x02, 0x10, 0x03, 0x0a, 0xf3, 0x02, 0xf8, 0x2c, 0xfc, 0xf3,
    0xfa, 0x06, 0x0b, 0x00, 0xf5, 0x01, 0xf8, 0x0b, 0x08, 0x02, 0x12, 0xfe,
    0xff, 0x19, 0xfb, 0x09, 0x0c, 0x05, 0x0b, 0x0b, 0xff, 0x24, 0xfa, 0xf9,
    0x2f, 0xf0, 0x03, 0xf9, 0xfa, 0x0f, 0x00, 0xfd, 0x34, 0xf6, 0xfe, 0x05,
    0x02, 0x25, 0xfa, 0x0c, 0x37, 0xf3, 0xf5, 0x01, 0x01, 0x56, 0xff, 0x0d,
    0x13, 0xf9, 0xf2, 0x01, 0x01, 0x27, 0xfd, 0xe6, 0x2a, 0xe8, 0xe9, 0xf9,
    0x04, 0x1d, 0xff, 0x22, 0xf1, 0x22, 0xfb, 0xf7, 0xff, 0x15, 0xf2, 0xeb,
    0xf2, 0x05, 0xe2, 0x05, 0x00, 0xfd, 0xff, 0xc1, 0x0c, 0x01, 0x09, 0xd6,
    0x0e, 0xef, 0xfc, 0x08, 0xed, 0xf9, 0x09, 0xf7, 0x13, 0xe4, 0x00, 0x01,
    0x0a, 0x05, 0x0f, 0xf0, 0x01, 0x08, 0x02, 0xf5, 0xf0, 0xee, 0xff, 0x01,
    0xff, 0xf6, 0x03, 0xf9, 0xef, 0xf5, 0xfb, 0xf7, 0xf8, 0xf8, 0xfb, 0xf2,
    0xf3, 0xe2, 0xf9, 0xf5, 0xfb, 0x08, 0x00, 0x03, 0xea, 0x0e, 0xf9, 0xfe,
    0x01, 0xf4, 0x05, 0x1b, 0x04, 0xf7, 0xf0, 0xee, 0x00, 0x06, 0xfe, 0x1e,
    0xe1, 0xfb, 0xf0, 0xf2, 0xfd, 0xe1, 0x01, 0x07, 0xeb, 0x0a, 0xee, 0x02,
    0xfe, 0x13, 0x00, 0xfd, 0xdf, 0x06, 0xf9, 0x06, 0xfd, 0x1c, 0x01, 0xfb,
    0xff, 0x0a, 0x00, 0x0b, 0xfe, 0x16, 0x00, 0x0e, 0x09, 0x14, 0xfc, 0x0d,
    0xfd, 0x3e, 0x02, 0xf6, 0x07, 0xf1, 0x13, 0x09, 0x00, 0x11, 0xfe, 0x00,
    0x10, 0xfa, 0x01, 0x09, 0xff, 0x05, 0xfe, 0x0d, 0xfa, 0x03, 0xf7, 0xfe,
    0x00, 0x3e, 0xfd, 0xf9, 0xfe, 0xfa, 0x02, 0xfb, 0x04, 0x02, 0x02, 0xeb,
    0xf3, 0xe6, 0xf4, 0xf9, 0xfd, 0xe9, 0xfa, 0x0d, 0xdb, 0x1f, 0xec, 0xfe,
    0x01, 0x00, 0xff, 0xdf, 0xcc, 0xfd, 0xdd, 0x00, 0xff, 0xfb, 0x00, 0xa9,
    0xff, 0x01, 0x0b, 0xde, 0x0f, 0xfd, 0x03, 0x06, 0xf2, 0xf9, 0x2c, 0x01,
    0x14, 0xeb, 0x04, 0x13, 0x0e, 0xff, 0x19, 0xf8, 0x0a, 0x16, 0x02, 0xee,
    0xed, 0xec, 0x21, 0x02, 0xfe, 0x06, 0x02, 0x02, 0xf4, 0xf9, 0x13, 0x03,
    0xf2, 0x05, 0x05, 0xf6, 0xf9, 0xe4, 0x08, 0xfe, 0x01, 0x14, 0x00, 0xf6,
    0xfd, 0xf5, 0x08, 0xe9, 0x04, 0xec, 0x04, 0x0e, 0x02, 0x00, 0xf8, 0xfd,
    0xf5, 0xf9, 0x00, 0xfb, 0xe1, 0x0c, 0xec, 0xf7, 0xf9, 0xcc, 0xfe, 0xfa,
    0xe7, 0x09, 0x05, 0xf9, 0xf6, 0xfc, 0xff, 0xf6, 0xd2, 0x03, 0x01, 0x01,
    0xf7, 0xff, 0x00, 0xe3, 0xff, 0x03, 0xfa, 0x03, 0xf8, 0x0b, 0x06, 0xdd,
    0x0c, 0x11, 0x0b, 0x03, 0xfa, 0x2a, 0xfc, 0xeb, 0xfe, 0xfe, 0x0d, 0x08,
    0x08, 0x0b, 0x00, 0xe2, 0x08, 0x01, 0x06, 0xfc, 0x04, 0x05, 0xfd, 0xe9,
    0x05, 0x10, 0x0b, 0x03, 0x07, 0x28, 0xff, 0xe1, 0xfe, 0xfc, 0xf3, 0x06,
    0xf2, 0xee, 0x03, 0xc9, 0xf2, 0xf3, 0xf1, 0xf6, 0x02, 0xf2, 0xfc, 0xe7,
    0xd1, 0x00, 0xd8, 0xf8, 0x00, 0xe8, 0xff, 0xd3, 0xd2, 0x0e, 0xcf, 0x10,
    0x01, 0xeb, 0xfa, 0x8c, 0xfd, 0x00, 0xf4, 0xe5, 0x1c, 0x0c, 0x22, 0xff,
    0x00, 0xf7, 0xdf, 0xf0, 0x12, 0xfc, 0x27, 0xe8, 0x00, 0x12, 0xe2, 0xfc,
    0x11, 0xf9, 0x0c, 0xf6, 0x00, 0xe7, 0xf0, 0x02, 0xe3, 0xfd, 0x0c, 0xe5,
    0x03, 0xbe, 0xf3, 0xfe, 0x0e, 0x03, 0x07, 0xf5, 0x02, 0x00, 0xf7, 0xff,
    0x1f, 0xfc, 0x10, 0xfb, 0xfe, 0xf4, 0xef, 0x0c, 0xf9, 0xfd, 0x0f, 0xff,
    0xfc, 0xd4, 0x11, 0xf8, 0x0f, 0x01, 0x14, 0xed, 0xfd, 0xd6, 0x08, 0xfd,
    0x09, 0x00, 0x1c, 0xf8, 0x00, 0xff, 0xf5, 0xfa, 0x37, 0xfc, 0x16, 0x00,
    0x02, 0x22, 0xf1, 0xfa, 0x12, 0xfc, 0x19, 0xf6, 0x03, 0x14, 0x00, 0xfe,
    0xfc, 0xfa, 0x0e, 0x05, 0x00, 0x18, 0x17, 0xfd, 0x18, 0xfe, 0x11, 0x00,
    0xf8, 0x13, 0x0d, 0x06, 0x13, 0x00, 0x04, 0x04, 0xfe, 0xff, 0x01, 0xfc,
    0x0a, 0x0b, 0x0f, 0xf9, 0x03, 0xf2, 0x0b, 0x01, 0xf8, 0xfe, 0x14, 0xed,
    0xfe, 0xde, 0x13, 0x06, 0x0a, 0x02, 0x0a, 0xfd, 0xff, 0xe8, 0x22, 0xfe,
    0x06, 0xff, 0xfa, 0xfb, 0xfb, 0xfc, 0x29, 0x03, 0xf4, 0xff, 0x02, 0xe2,
    0x17, 0xe2, 0x19, 0xff, 0xf4, 0xf7, 0xf4, 0xd5, 0xfa, 0x03, 0x06, 0xe4,
    0x07, 0xf5, 0x11, 0xf9, 0xf7, 0xf3, 0x0d, 0xf4, 0xfe, 0x06, 0x12, 0xf7,
    0xe3, 0x43, 0x01, 0xe8, 0xd8, 0xeb, 0x03, 0xfd, 0x03, 0x1c, 0x0e, 0x02,
    0xa6, 0xfa, 0x04, 0xd2, 0x11, 0xc2, 0x0e, 0x04, 0xc6, 0xfd, 0xf5, 0x00,
    0x17, 0x01, 0x10, 0x0a, 0xe9, 0x05, 0xf1, 0x07, 0x10, 0x01, 0x05, 0x0f,
    0xd6, 0x04, 0xf4, 0xfd, 0x06, 0xb7, 0x12, 0x0b, 0xf9, 0x01, 0x0c, 0xc7,
    0xf6, 0x87, 0x0d, 0x08, 0x02, 0x0b, 0x0a, 0xf0, 0xf7, 0xed, 0x0d, 0xff,
    0x39, 0x01, 0x04, 0x0a, 0xfc, 0x0f, 0x18, 0xfd, 0xdb, 0xfe, 0x16, 0xfd,
    0xf6, 0x0a, 0x00, 0xfc, 0x03, 0xff, 0x05, 0xfe, 0xf7, 0x23, 0x0a, 0x00,
    0x0a, 0xfd, 0xf8, 0xf3, 0xff, 0x1e, 0xff, 0x06, 0x14, 0x00, 0xfe, 0xff,
    0x05, 0xf7, 0xf7, 0x07, 0x08, 0xfe, 0xff, 0xcf, 0xff, 0x08, 0x05, 0x02,
    0xf0, 0x07, 0x03, 0xd2, 0x08, 0xdd, 0xec, 0x05, 0x07, 0x03, 0x0f, 0xf4,
    0x00, 0x01, 0xf6, 0x05, 0x00, 0xfe, 0x17, 0xce, 0xf7, 0x0b, 0xef, 0xff,
    0x00, 0xff, 0x01, 0xdc, 0xfc, 0xed, 0xfc, 0x04, 0x02, 0x01, 0x0a, 0xe8,
    0x03, 0x00, 0x28, 0xfa, 0x17, 0x05, 0x23, 0xfd, 0xdd, 0xed, 0x1e, 0xf6,
    0xf7, 0x34, 0x1f, 0xfc, 0xcd, 0x56, 0x08, 0xf7, 0xd1, 0x9f, 0x0b, 0x24,
    0xe6, 0x4c, 0x13, 0xf5, 0xab, 0xc4, 0xff, 0x00, 0x08, 0xff, 0x0e, 0x01,
    0xa8, 0xf6, 0xff, 0xf5, 0x06, 0x05, 0x0d, 0x07, 0x00, 0x11, 0xf6, 0xf7,
    0x29, 0x0c, 0x08, 0xfe, 0xea, 0x03, 0xed, 0xef, 0x18, 0xde, 0x0f, 0xff,
    0xfc, 0x06, 0xf3, 0xac, 0xfc, 0xb4, 0x09, 0xfe, 0x0b, 0x1d, 0x11, 0xdf,
    0xd6, 0xed, 0x14, 0xfe, 0x34, 0x24, 0x10, 0x15, 0xd0, 0x16, 0x15, 0x06,
    0x08, 0xfa, 0x0c, 0x03, 0xda, 0x1a, 0xf7, 0x03, 0xf7, 0xfa, 0x02, 0x25,
    0xe7, 0x18, 0xfc, 0x08, 0x08, 0x01, 0x0a, 0xfa, 0xfd, 0x27, 0xea, 0x00,
    0x0a, 0x03, 0x03, 0x0c, 0xfc, 0x11, 0x05, 0x04, 0x10, 0x0a, 0x06, 0xd5,
    0xf5, 0x0f, 0xf8, 0x06, 0xfc, 0xff, 0x14, 0xe2, 0x00, 0xee, 0x0d, 0x04,
    0xf9, 0xfb, 0x09, 0xff, 0xf4, 0x0f, 0xf9, 0x0b, 0x10, 0x07, 0x02, 0xce,
    0x03, 0x12, 0xd1, 0x03, 0xfb, 0xfb, 0xeb, 0xd5, 0xda, 0xfc, 0xe7, 0xff,
    0x02, 0xfd, 0x0d, 0xd3, 0xfa, 0x00, 0x0e, 0x15, 0x08, 0x14, 0xf3, 0x29,
    0xf5, 0xe9, 0x19, 0xf7, 0x09, 0x33, 0x0d, 0x12, 0x44, 0x58, 0x04, 0xea,
    0xd8, 0x9f, 0xf3, 0x45, 0x1e, 0x58, 0xf9, 0xf9, 0x91, 0xbe, 0xda, 0xe4,
    0xf5, 0xee, 0xf6, 0xf9, 0xae, 0xfb, 0xef, 0xf6, 0xb1, 0xef, 0xf5, 0x05,
    0xff, 0xfe, 0xee, 0xfe, 0xdb, 0x03, 0x01, 0x03, 0xf1, 0xf7, 0xdd, 0xe8,
    0xd9, 0xd6, 0x06, 0x00, 0x13, 0x12, 0xf5, 0xb8, 0xd5, 0x9f, 0x05, 0x01,
    0x08, 0x25, 0x03, 0x0a, 0xc4, 0xd7, 0x00, 0x09, 0x46, 0x36, 0x04, 0x2c,
    0xeb, 0x15, 0x10, 0x03, 0x10, 0x01, 0xfd, 0xff, 0xf0, 0x0b, 0xfe, 0xf1,
    0xf0, 0xff, 0x06, 0x18, 0xec, 0x07, 0xf4, 0xf5, 0x03, 0x10, 0xfa, 0x07,
    0xfa, 0x27, 0xe4, 0xfa, 0x04, 0x01, 0xf3, 0x12, 0xdc, 0x08, 0xf4, 0xfa,
    0x03, 0x04, 0x09, 0xd7, 0xf7, 0x11, 0xf0, 0x08, 0xf0, 0xf7, 0xfd, 0xee,
    0xf0, 0x05, 0x04, 0x01, 0x06, 0xf4, 0x01, 0x01, 0xf7, 0x14, 0xfd, 0xf9,
    0xf9, 0x00, 0xfd, 0xb1, 0xd7, 0x17, 0xfa, 0x04, 0x02, 0xf5, 0xe2, 0xd3,
    0xe2, 0xf2, 0xfa, 0x04, 0x00, 0x0a, 0x07, 0xc9, 0x00, 0x01, 0x12, 0x1e,
    0x0a, 0x0a, 0xe5, 0x45, 0xff, 0xe7, 0x1d, 0xef, 0x0a, 0x3c, 0xdc, 0x17,
    0x50, 0x48, 0xfd, 0xeb, 0xc6, 0xb4, 0xaf, 0x35, 0x06, 0x58, 0x05, 0xec,
    0x88, 0xa1, 0xac, 0xde, 0xe4, 0x04, 0x09, 0xf4, 0x90, 0xd8, 0xd7, 0xee,
    0xaa, 0xe8, 0xf4, 0xf5, 0xfb, 0xe8, 0xde, 0xe9, 0xc2, 0x0e, 0xf1, 0x06,
    0xee, 0xce, 0xeb, 0xde, 0xb5, 0xe7, 0x02, 0x12, 0x0c, 0xeb, 0xf1, 0xb8,
    0xc8, 0xa4, 0x03, 0x03, 0x0d, 0x13, 0x05, 0x04, 0xd9, 0xb2, 0x0d, 0x0f,
    0x57, 0x2f, 0x09, 0x1d, 0xeb, 0x15, 0x15, 0x04, 0x14, 0xf6, 0xe4, 0xfb,
    0x08, 0x1d, 0x13, 0xff, 0xe0, 0x07, 0xf2, 0x16, 0xf9, 0x04, 0x0b, 0xf9,
    0xfc, 0xf8, 0x05, 0xff, 0x15, 0x1e, 0x12, 0x00, 0x0b, 0xf9, 0xff, 0xf7,
    0xf6, 0x0e, 0xfd, 0x04, 0xfc, 0x05, 0x0e, 0xe0, 0xf4, 0x10, 0xf8, 0xfc,
    0xf8, 0xe1, 0x07, 0xff, 0xf5, 0x06, 0xf7, 0xfe, 0x04, 0xf3, 0xfe, 0x08,
    0xfd, 0x04, 0xd8, 0x08, 0x08, 0xf6, 0x01, 0xb9, 0xe5, 0x02, 0xd7, 0x09,
    0xf9, 0x02, 0xd1, 0xd3, 0xe1, 0xf6, 0xe5, 0x00, 0x01, 0x07, 0x0a, 0xce,
    0x00, 0x02, 0x08, 0x19, 0x08, 0x0a, 0xd4, 0x3f, 0x03, 0xe9, 0x10, 0xea,
    0x0b, 0x35, 0xd0, 0x0f, 0x33, 0x34, 0xec, 0xd3, 0xcd, 0xbe, 0xa1, 0x34,
    0xf4, 0x39, 0x01, 0xd8, 0x92, 0xb6, 0xac, 0xcf, 0xe3, 0x02, 0x06, 0xe4,
    0x81, 0xd1, 0xd0, 0xee, 0xbe, 0xeb, 0x0b, 0xf8, 0x17, 0xf5, 0xf1, 0xef,
    0xd9, 0x1d, 0xfb, 0xec, 0xf7, 0xc9, 0x07, 0xf9, 0xbf, 0xf4, 0xfd, 0x0a,
    0x00, 0xce, 0x13, 0xc3, 0xd9, 0xab, 0xfe, 0x09, 0x1a, 0x0c, 0x1b, 0x01,
    0xdf, 0xb3, 0x00, 0xfc, 0x6b, 0x17, 0x10, 0x20, 0xff, 0x23, 0x0e, 0x0a,
    0x09, 0xec, 0xfc, 0xf8, 0x15, 0x14, 0x13, 0xff, 0xe9, 0x0d, 0xfe, 0x0b,
    0x00, 0xf4, 0x03, 0xf7, 0x02, 0x0d, 0x0e, 0xed, 0x07, 0x0f, 0x0b, 0xff,
    0x02, 0x07, 0x16, 0xf3, 0xfc, 0x09, 0x09, 0xf9, 0x00, 0x1a, 0x15, 0xe1,
    0x06, 0x10, 0xfa, 0xf5, 0xf1, 0xef, 0x0a, 0x04, 0x02, 0x07, 0xee, 0xfe,
    0xfd, 0xf1, 0x03, 0x00, 0xf5, 0x12, 0xc0, 0xfe, 0x08, 0x01, 0xfa, 0xb6,
    0xcf, 0xf2, 0xd6, 0x00, 0x01, 0xf6, 0xeb, 0xd3, 0xde, 0xef, 0xdc, 0xff,
    0x08, 0x08, 0x09, 0xc1, 0x02, 0x02, 0xfe, 0x11, 0x04, 0x0c, 0xf1, 0x25,
    0x02, 0xeb, 0x0c, 0xe7, 0x21, 0x2f, 0xcd, 0x0b, 0x1f, 0x1e, 0xf6, 0xdf,
    0xd4, 0xbc, 0xb7, 0x2d, 0xe4, 0x13, 0xf9, 0xea, 0xa3, 0xc1, 0xa7, 0xc4,
    0xf5, 0xf4, 0x01, 0xfd, 0x9a, 0xeb, 0xd0, 0xf0, 0xcc, 0xf0, 0xfa, 0xf4,
    0x0f, 0x01, 0xec, 0x04, 0x07, 0x27, 0xf8, 0xf1, 0xe8, 0xc4, 0x05, 0xf9,
    0xd8, 0xff, 0xfd, 0xf4, 0xf7, 0xd9, 0x00, 0xb7, 0xf0, 0xc4, 0xf4, 0xec,
    0x0b, 0x04, 0x15, 0x05, 0xfd, 0xbd, 0xf5, 0xfc, 0x38, 0x22, 0x17, 0x23,
    0x14, 0x1a, 0x0c, 0x04, 0xf5, 0xeb, 0xef, 0x08, 0x12, 0xfd, 0x13, 0x03,
    0xe2, 0x04, 0x03, 0xfd, 0xfc, 0xf3, 0x11, 0x07, 0x0b, 0x13, 0x12, 0xfc,
    0xfe, 0x19, 0x0a, 0xfa, 0x03, 0xfc, 0x1b, 0xe8, 0x00, 0x00, 0xf8, 0xfa,
    0xf3, 0x13, 0x14, 0xf1, 0x03, 0x12, 0xe0, 0xf6, 0xea, 0xf8, 0x06, 0x08,
    0x10, 0x10, 0xe3, 0x00, 0x07, 0x01, 0x0b, 0xf9, 0x00, 0x16, 0xbf, 0xfd,
    0x01, 0xfd, 0x0b, 0xa5, 0xc0, 0xe3, 0xdc, 0x02, 0x0b, 0xf6, 0xfa, 0xd2,
    0xe2, 0xe9, 0xe2, 0x03, 0x00, 0x09, 0x0f, 0xb9, 0x02, 0x01, 0xf6, 0x14,
    0xfe, 0x05, 0xf7, 0x19, 0x03, 0xec, 0x0c, 0xef, 0x1a, 0x2b, 0xda, 0xff,
    0x18, 0x20, 0xf0, 0xe0, 0xd8, 0xd0, 0xb4, 0x29, 0xed, 0x16, 0xf9, 0x05,
    0xaa, 0xe2, 0xc3, 0xc7, 0x04, 0xe7, 0xf9, 0xf7, 0xb2, 0x00, 0xcb, 0xfc,
    0xde, 0xe9, 0xee, 0x00, 0x0e, 0x1b, 0xe0, 0xfe, 0x1c, 0x1a, 0xe5, 0xe9,
    0xec, 0xee, 0xf1, 0x12, 0xd7, 0x03, 0xee, 0xe4, 0xfd, 0xe6, 0xf2, 0xcd,
    0x02, 0xca, 0xe9, 0xf7, 0x03, 0x11, 0xfd, 0x10, 0x10, 0xc6, 0xf3, 0xf2,
    0x3c, 0x24, 0xfc, 0x26, 0x09, 0x20, 0x09, 0x03, 0xf1, 0xd6, 0xf8, 0xf9,
    0x0d, 0x03, 0x0b, 0x0a, 0xee, 0xfe, 0xf8, 0x06, 0x03, 0xf4, 0x0d, 0xf3,
    0x07, 0x07, 0xfe, 0x0a, 0x02, 0x1c, 0x00, 0x0c, 0x0c, 0x04, 0xf1, 0xeb,
    0x14, 0xfe, 0xfc, 0xfb, 0xfb, 0x15, 0xf5, 0xf2, 0x12, 0x06, 0xec, 0x08,
    0xe5, 0xfd, 0xf8, 0x0f, 0x21, 0x15, 0x00, 0x01, 0x03, 0xed, 0xfa, 0xf6,
    0x0c, 0x10, 0xea, 0xfe, 0xff, 0x01, 0xff, 0xa3, 0xdd, 0xf8, 0xe7, 0xfd,
    0xf8, 0xff, 0xe5, 0xcd, 0xd9, 0xe5, 0xed, 0x00, 0xff, 0xfc, 0x12, 0xd3,
    0xfd, 0xff, 0xf2, 0x0a, 0x01, 0xfd, 0xf7, 0x15, 0xfa, 0xf5, 0x10, 0xf8,
    0x18, 0x28, 0xef, 0xfb, 0x26, 0x1a, 0xed, 0xdb, 0xed, 0xe2, 0xd4, 0x2c,
    0x0b, 0x0e, 0xfa, 0x09, 0xc0, 0xdc, 0xcb, 0xc4, 0x08, 0xd7, 0xfe, 0x04,
    0xb2, 0x12, 0xdc, 0xee, 0xe3, 0xe9, 0xf6, 0x02, 0x1c, 0x1f, 0xcf, 0xfc,
    0x1a, 0x1e, 0xf3, 0xe7, 0xef, 0xeb, 0xe3, 0x12, 0xef, 0xfc, 0xf9, 0xf6,
    0x04, 0xe8, 0xea, 0xce, 0xfc, 0xc8, 0x01, 0xe5, 0x04, 0x00, 0xee, 0x08,
    0xf6, 0xcf, 0xf6, 0xd9, 0x31, 0x1c, 0x00, 0x1e, 0x0f, 0x30, 0x01, 0xf1,
    0xf3, 0xd7, 0xdd, 0xf8, 0x06, 0xff, 0x17, 0x02, 0xeb, 0x02, 0xdf, 0x06,
    0x01, 0xdf, 0x0e, 0xee, 0x03, 0x0f, 0xdd, 0xfe, 0x06, 0x0b, 0x0c, 0x05,
    0x02, 0x10, 0xe6, 0x06, 0x14, 0xef, 0x33, 0xea, 0xfb, 0x15, 0xe3, 0xec,
    0x16, 0x02, 0x12, 0x06, 0xed, 0x05, 0xef, 0x25, 0x20, 0x14, 0x20, 0x06,
    0x07, 0xf8, 0xed, 0xed, 0x0b, 0x0b, 0xf7, 0x00, 0xfa, 0x05, 0xf2, 0xbf,
    0xec, 0x0b, 0xdf, 0x01, 0xff, 0xff, 0xe8, 0xce, 0xdd, 0xf6, 0xef, 0x04,
    0x03, 0x0f, 0x0b, 0xb0, 0x05, 0x04, 0xf7, 0xff, 0x02, 0xf9, 0x11, 0x06,
    0xfd, 0xe9, 0x14, 0x06, 0x17, 0x1a, 0x00, 0x0c, 0x1c, 0x0d, 0xf5, 0xd0,
    0xe4, 0xf6, 0xdc, 0x1f, 0xfd, 0x1f, 0xfb, 0x00, 0xcc, 0xd7, 0xc7, 0xcc,
    0x09, 0xda, 0x00, 0x00, 0xc6, 0x0f, 0xd9, 0xe8, 0xe5, 0xe1, 0x09, 0x04,
    0x16, 0x1f, 0xd9, 0x0a, 0x1c, 0x13, 0x0d, 0xf0, 0xea, 0xff, 0xe4, 0x0e,
    0xf0, 0x06, 0x0d, 0xfe, 0xff, 0xe4, 0xe7, 0xcd, 0xfe, 0xcb, 0xff, 0xf5,
    0xf6, 0x04, 0xf6, 0x0f, 0xf7, 0xe3, 0x00, 0xf2, 0x27, 0x15, 0xed, 0x19,
    0x08, 0x23, 0xfd, 0xf2, 0xfa, 0xd0, 0xe3, 0xfd, 0xfb, 0x07, 0x00, 0xf3,
    0xfb, 0xff, 0xe7, 0xf2, 0xfd, 0xe8, 0x0b, 0xfb, 0xf6, 0x1b, 0xe7, 0x02,
    0x00, 0x08, 0x0d, 0x01, 0x13, 0x19, 0xdc, 0xfd, 0x27, 0x05, 0x01, 0x00,
    0xff, 0x14, 0xe7, 0xe5, 0x12, 0xfa, 0xfa, 0x06, 0xf3, 0x09, 0xee, 0x1a,
    0x03, 0x03, 0xfe, 0x01, 0x08, 0x06, 0xf4, 0xea, 0x0d, 0xf4, 0xdf, 0xf5,
    0x01, 0x0a, 0xfe, 0xc2, 0xea, 0x07, 0xdc, 0x06, 0xfd, 0xfb, 0xf4, 0xc4,
    0xdb, 0xef, 0xd3, 0x02, 0x08, 0x0e, 0x09, 0x9b, 0xff, 0xff, 0x09, 0xec,
    0x04, 0xfb, 0xed, 0x03, 0xfe, 0xf1, 0x0a, 0x0e, 0x12, 0x13, 0xd6, 0x0d,
    0x12, 0x09, 0xfb, 0xdf, 0xd6, 0x05, 0xd5, 0x10, 0xfd, 0x1b, 0x05, 0xfe,
    0xe1, 0xdd, 0xcd, 0xcd, 0xfd, 0xcf, 0x14, 0x05, 0xe2, 0x1e, 0xe4, 0x00,
    0xf5, 0xdb, 0x1b, 0x08, 0x1f, 0x19, 0xed, 0xf6, 0x1c, 0x09, 0x12, 0xf3,
    0xfe, 0x09, 0xef, 0x07, 0xda, 0xf9, 0x0e, 0xfa, 0xf5, 0xe8, 0xf5, 0xd7,
    0xff, 0xda, 0x10, 0xea, 0xff, 0x09, 0xff, 0x0c, 0x03, 0xf1, 0xf7, 0xda,
    0x1a, 0x0f, 0xef, 0x14, 0x0a, 0x27, 0xfe, 0xf5, 0xee, 0xdd, 0xee, 0xfc,
    0x0c, 0x12, 0xfd, 0xfb, 0xfa, 0xf2, 0xe9, 0xe7, 0xf0, 0xf8, 0xee, 0x05,
    0xf6, 0x0a, 0xfd, 0x00, 0xf9, 0x0e, 0xea, 0x08, 0x12, 0x0a, 0xe6, 0x12,
    0x0d, 0xf6, 0xe7, 0x09, 0x04, 0x0b, 0xeb, 0xf3, 0xfa, 0xfe, 0xd4, 0xfe,
    0xfa, 0x03, 0xec, 0xfd, 0x02, 0x01, 0xe4, 0x03, 0x08, 0xfd, 0x00, 0xdf,
    0x0a, 0xf7, 0xc0, 0xf9, 0x0c, 0xf9, 0xf7, 0xbf, 0xe6, 0x12, 0xc6, 0xff,
    0x01, 0xfe, 0xdc, 0xd5, 0xd8, 0xef, 0xd5, 0xfe, 0x04, 0x0d, 0x06, 0xb7,
    0xfc, 0xfe, 0xfe, 0xef, 0x13, 0xfd, 0xd2, 0x08, 0x01, 0xfc, 0x0b, 0x07,
    0x0d, 0x0b, 0xb0, 0x0b, 0x07, 0x07, 0xff, 0xde, 0xcf, 0x05, 0xe1, 0x15,
    0xf8, 0x03, 0x0f, 0x07, 0xdd, 0xdb, 0xd8, 0xc1, 0x06, 0xd8, 0x0e, 0x05,
    0xd9, 0x09, 0xed, 0xf8, 0xf1, 0xd8, 0x15, 0x0c, 0x26, 0x1c, 0xed, 0x0a,
    0x0d, 0x10, 0x14, 0xf3, 0x08, 0xfa, 0xff, 0x0b, 0xe1, 0xf8, 0x10, 0xf2,
    0xf6, 0xe7, 0x00, 0xd4, 0x01, 0xe6, 0x10, 0xfd, 0x00, 0x10, 0xfd, 0x13,
    0x0d, 0xf1, 0xfc, 0xec, 0x1a, 0x09, 0xfa, 0x1b, 0x21, 0x21, 0xfe, 0xfe,
    0xda, 0xe4, 0x00, 0x00, 0x09, 0x10, 0x03, 0xfa, 0xf8, 0xf4, 0xfa, 0xe6,
    0xfc, 0xf0, 0xef, 0x07, 0xff, 0x0f, 0x01, 0xed, 0xfb, 0xfc, 0xe8, 0xff,
    0x18, 0x0f, 0xfd, 0x03, 0x01, 0x10, 0x08, 0x05, 0x12, 0xfa, 0xf6, 0xe2,
    0xfb, 0xfa, 0xeb, 0x07, 0xff, 0xf7, 0xfb, 0xeb, 0xfa, 0xf7, 0x00, 0x04,
    0x09, 0x08, 0x01, 0xf6, 0x0b, 0x0d, 0xe7, 0x09, 0x0b, 0xff, 0x0d, 0xce,
    0xcd, 0x00, 0xeb, 0x01, 0x06, 0x04, 0xef, 0xe9, 0xd9, 0xf5, 0xce, 0x03,
    0x01, 0x13, 0x0e, 0xc3, 0xfd, 0x00, 0x0c, 0x01, 0x06, 0x08, 0xef, 0x01,
    0x09, 0xfc, 0x1a, 0xf4, 0x08, 0x04, 0xac, 0x14, 0x08, 0x04, 0x04, 0xd9,
    0xd3, 0x0c, 0xef, 0x09, 0xfa, 0x09, 0x07, 0x05, 0xf1, 0xd9, 0xe0, 0xc3,
    0x02, 0xe3, 0xff, 0x10, 0xde, 0x10, 0xe1, 0xee, 0xf0, 0xd2, 0x06, 0x09,
    0x19, 0x13, 0xf1, 0x05, 0x14, 0xfa, 0x0b, 0xfc, 0xfa, 0xf8, 0xf1, 0xfb,
    0xf2, 0xee, 0x12, 0xf3, 0x08, 0xe7, 0xf5, 0xcd, 0x10, 0xee, 0x0e, 0xf3,
    0xf8, 0x0a, 0x06, 0x1d, 0x12, 0xf2, 0x13, 0xff, 0x14, 0x0d, 0xf8, 0x15,
    0x20, 0x28, 0x02, 0xf2, 0xe9, 0xe8, 0xfd, 0x14, 0x03, 0x13, 0x0f, 0x08,
    0xf9, 0xeb, 0xfd, 0xf8, 0xe8, 0x0a, 0xfe, 0x03, 0x08, 0x02, 0x01, 0xe5,
    0xe1, 0xfc, 0xf3, 0x00, 0x0f, 0x0c, 0xfb, 0x0c, 0x06, 0x00, 0xfc, 0x03,
    0x0e, 0xff, 0x09, 0xd8, 0x08, 0xfd, 0xe5, 0x04, 0x03, 0xfe, 0x06, 0xef,
    0xfc, 0xf9, 0xe2, 0x0f, 0xfa, 0x09, 0xfe, 0x04, 0xfe, 0xfd, 0xd5, 0x07,
    0x08, 0x03, 0x0b, 0xb2, 0xd7, 0x0e, 0xdd, 0x14, 0x05, 0xfb, 0xf1, 0xe1,
    0xe1, 0xf6, 0xd7, 0x04, 0xfc, 0x0d, 0x0b, 0xd9, 0x05, 0x02, 0x03, 0xf6,
    0x02, 0xf8, 0xde, 0xfc, 0x06, 0xff, 0xf5, 0xfc, 0x09, 0xfe, 0xb6, 0x0d,
    0x14, 0xe9, 0xf7, 0xf8, 0xea, 0x0e, 0xe8, 0x08, 0xf6, 0x07, 0x04, 0x06,
    0xfc, 0xe9, 0xf1, 0xc7, 0xf3, 0xe2, 0x01, 0x0d, 0xf7, 0x11, 0xf4, 0xed,
    0xdd, 0xda, 0x0f, 0x09, 0x21, 0x0f, 0xfb, 0x07, 0x14, 0xff, 0x15, 0x03,
    0x03, 0x07, 0xfd, 0x0c, 0xf2, 0xf0, 0x05, 0x0b, 0x0d, 0x01, 0xf9, 0xd7,
    0x0f, 0xe1, 0x05, 0x06, 0x0f, 0x0e, 0xf4, 0x1c, 0x19, 0x04, 0x16, 0xfc,
    0x08, 0x17, 0x04, 0x14, 0x21, 0x24, 0x01, 0xf9, 0xe7, 0xe1, 0xfc, 0x03,
    0xf6, 0x05, 0xff, 0x06, 0xfe, 0xf2, 0x00, 0xff, 0xe0, 0x08, 0xf4, 0x08,
    0x05, 0x03, 0x01, 0xe8, 0xe5, 0x09, 0xed, 0xff, 0x14, 0x04, 0xff, 0x0b,
    0xf6, 0x04, 0x01, 0xfc, 0xf3, 0xf4, 0x06, 0xe8, 0x07, 0x07, 0xe0, 0xfd,
    0x04, 0xf6, 0x01, 0xe2, 0xf7, 0x04, 0xe6, 0x0c, 0xff, 0x0a, 0x08, 0xef,
    0xee, 0xfc, 0xf8, 0x0a, 0x0f, 0x0b, 0x09, 0xb6, 0xcd, 0x0b, 0xea, 0x09,
    0x03, 0x00, 0xf9, 0xdd, 0xde, 0xfa, 0xee, 0x00, 0x09, 0x0f, 0x0c, 0xdd,
    0xff, 0xff, 0x01, 0xf4, 0x06, 0x05, 0xf1, 0x03, 0x00, 0x05, 0xf4, 0xf6,
    0x12, 0xf7, 0xc3, 0x0f, 0xff, 0xf8, 0xfa, 0xe8, 0xfc, 0x09, 0xf4, 0x04,
    0xe6, 0x01, 0xf0, 0x0b, 0x0c, 0xdd, 0xee, 0xc5, 0xed, 0xde, 0x00, 0x1a,
    0xf5, 0x07, 0xef, 0xfc, 0xde, 0xea, 0x0e, 0x0c, 0x18, 0x1e, 0xf4, 0xf4,
    0x0a, 0x01, 0xff, 0xfc, 0xfd, 0x01, 0xf6, 0x08, 0xfc, 0xf6, 0x02, 0x06,
    0x07, 0xf3, 0xf2, 0xe8, 0xfc, 0xf2, 0x0b, 0x06, 0x02, 0x0e, 0xf7, 0x19,
    0x18, 0xfb, 0x10, 0xfc, 0x10, 0x0d, 0xf4, 0x1a, 0x13, 0x1a, 0xf2, 0xf2,
    0xf7, 0xf9, 0x01, 0xfa, 0xf6, 0x07, 0x00, 0x06, 0x06, 0xf0, 0x07, 0xf6,
    0xef, 0x00, 0xeb, 0x03, 0x0d, 0x09, 0x06, 0xe2, 0xec, 0x01, 0xea, 0x06,
    0x09, 0x09, 0x0c, 0xf3, 0xf5, 0x09, 0xeb, 0x02, 0xf8, 0xf7, 0x0c, 0xed,
    0x03, 0x0b, 0xd4, 0x03, 0xfe, 0xee, 0x0a, 0xef, 0xfe, 0x00, 0xdc, 0x0a,
    0x07, 0x04, 0x0c, 0xe1, 0xf2, 0xfc, 0xe4, 0x0e, 0x08, 0x01, 0x05, 0xce,
    0xca, 0x06, 0xeb, 0xfd, 0x08, 0x05, 0xfb, 0xeb, 0xe5, 0xf9, 0xeb, 0x05,
    0x05, 0x0b, 0x0a, 0xdb, 0xfd, 0xfe, 0x09, 0x04, 0xf7, 0xf6, 0x06, 0xf9,
    0xfc, 0xff, 0x07, 0xee, 0x0f, 0x06, 0xc5, 0x0a, 0xf5, 0xf5, 0xf9, 0xfa,
    0xf5, 0xf8, 0xf6, 0x02, 0xe2, 0xfb, 0x02, 0x06, 0xfc, 0xed, 0xf1, 0xd0,
    0xf1, 0xee, 0x04, 0x0b, 0x00, 0x0b, 0xea, 0x03, 0xea, 0xeb, 0xfb, 0x08,
    0x1c, 0x15, 0xfa, 0xfd, 0x04, 0xfc, 0xf7, 0x09, 0xfb, 0x0c, 0xf7, 0x06,
    0xe5, 0xfd, 0x01, 0x07, 0x01, 0xf9, 0xf5, 0xe9, 0xf8, 0xf0, 0x04, 0x01,
    0x16, 0x0e, 0x03, 0x1f, 0x04, 0x02, 0x07, 0xf7, 0x03, 0x10, 0xf9, 0x0b,
    0x0f, 0x0e, 0x06, 0x02, 0xfb, 0xef, 0xfb, 0xf8, 0xfa, 0x03, 0x07, 0xff,
    0x0b, 0x06, 0xff, 0xf5, 0xee, 0x06, 0xf2, 0x09, 0x06, 0x01, 0x0c, 0xf1,
    0xef, 0x04, 0xe1, 0x03, 0x0c, 0x03, 0x0b, 0x12, 0xf6, 0x04, 0xe4, 0x02,
    0x0c, 0xfb, 0xff, 0xef, 0x01, 0x0f, 0xcd, 0x0c, 0x08, 0xfc, 0x07, 0xf0,
    0x03, 0xff, 0xdf, 0x07, 0x0a, 0x08, 0x07, 0xe6, 0xef, 0xfd, 0xdf, 0xfe,
    0x08, 0x07, 0x1b, 0xc1, 0xc7, 0xfc, 0xec, 0x05, 0x0a, 0xfe, 0xf5, 0xf7,
    0xeb, 0xf8, 0xf2, 0x03, 0x07, 0x02, 0x0f, 0xd8, 0xfa, 0x04, 0x0d, 0x05,
    0xfd, 0x00, 0xed, 0xf2, 0x01, 0x01, 0xee, 0xee, 0x08, 0x07, 0xb6, 0x07,
    0xee, 0x07, 0xf6, 0xf9, 0x02, 0xfd, 0xec, 0xf7, 0xe8, 0x04, 0xff, 0x01,
    0x17, 0xfc, 0xec, 0xdb, 0xe6, 0xfb, 0xff, 0x0d, 0xfd, 0x09, 0xe9, 0x03,
    0xed, 0xf8, 0x00, 0x04, 0x19, 0x15, 0xed, 0xf4, 0x00, 0xfa, 0xfd, 0x02,
    0x0a, 0x0b, 0xef, 0xfa, 0xe2, 0xed, 0xed, 0x03, 0x05, 0x07, 0xf1, 0xdc,
    0x01, 0xf9, 0xfc, 0x06, 0x0a, 0x06, 0xfb, 0x1f, 0xfe, 0x06, 0xf0, 0x03,
    0x11, 0x0f, 0xf2, 0xff, 0x05, 0x12, 0xe7, 0x07, 0xfa, 0xfa, 0x03, 0xfb,
    0xf1, 0xf8, 0xfd, 0x09, 0x07, 0xfe, 0xfa, 0x04, 0xfe, 0xfb, 0xda, 0x07,
    0x0e, 0x0e, 0xff, 0xf4, 0xfa, 0x0b, 0xf1, 0xfb, 0x09, 0x0d, 0xfb, 0xfa,
    0x00, 0x02, 0xfd, 0x08, 0x09, 0x00, 0x00, 0xef, 0x0d, 0x1b, 0xde, 0xfa,
    0xf1, 0xf6, 0xff, 0xf8, 0x07, 0x06, 0xe3, 0x04, 0x0a, 0x08, 0x13, 0xd8,
    0xeb, 0x04, 0xe2, 0xfb, 0x0d, 0x0f, 0x10, 0xc5, 0xdd, 0xfb, 0xf3, 0x05,
    0x05, 0x02, 0xf9, 0xe0, 0xf7, 0x04, 0xdf, 0xfb, 0x05, 0x07, 0x02, 0xdc,
    0xfc, 0x03, 0x01, 0x05, 0xfe, 0x05, 0xdc, 0xf9, 0xfa, 0x07, 0xf6, 0xf1,
    0x0e, 0xfd, 0xba, 0x0c, 0xed, 0x01, 0x01, 0xf9, 0x01, 0x02, 0xe7, 0xff,
    0xec, 0x00, 0x00, 0x07, 0x0f, 0xf1, 0xeb, 0xf2, 0xda, 0xeb, 0xf4, 0x09,
    0x0a, 0xfd, 0xed, 0xfe, 0xe2, 0xf7, 0xff, 0xfd, 0x1d, 0x00, 0xfa, 0xec,
    0xf4, 0xfd, 0xfa, 0x04, 0x15, 0xf3, 0xf0, 0x03, 0xcd, 0xef, 0xf9, 0x07,
    0x05, 0xf2, 0xf7, 0xed, 0xdb, 0xef, 0xe7, 0x00, 0x00, 0xff, 0xf3, 0x1d,
    0xdf, 0x09, 0xec, 0x05, 0x12, 0x02, 0xfb, 0xfb, 0x09, 0x08, 0xee, 0x00,
    0xf6, 0xfb, 0xf4, 0xe8, 0xf2, 0x02, 0xfc, 0x0a, 0x10, 0xff, 0xf6, 0x08,
    0xfd, 0x04, 0xe6, 0x02, 0x11, 0x09, 0xfd, 0xf6, 0xec, 0x04, 0xe3, 0xfc,
    0x13, 0x09, 0x08, 0x11, 0xf4, 0x02, 0xdd, 0x06, 0xfc, 0x0f, 0x07, 0x03,
    0xf1, 0x09, 0xd8, 0xfe, 0xfb, 0xfc, 0x09, 0x01, 0x01, 0x0a, 0xe9, 0x05,
    0x0f, 0x06, 0x08, 0xdd, 0xfb, 0x0c, 0xd8, 0x02, 0x0c, 0x13, 0x10, 0xc9,
    0xdf, 0x05, 0xe5, 0x01, 0x04, 0xfe, 0xf4, 0xf9, 0xed, 0xfc, 0xe5, 0xfb,
    0x0b, 0x09, 0x11, 0xe1, 0xfb, 0x03, 0xfa, 0x0f, 0xfb, 0x01, 0xe1, 0x02,
    0x04, 0x08, 0xfc, 0xfc, 0x0f, 0x13, 0xd1, 0x0d, 0xfc, 0x04, 0x05, 0xf9,
    0x04, 0xff, 0xfb, 0xfa, 0xec, 0x05, 0xfd, 0x04, 0x09, 0xed, 0xf8, 0xe4,
    0xf2, 0x01, 0xf4, 0x09, 0x0e, 0x01, 0xf6, 0x00, 0xd5, 0xf9, 0xff, 0x00,
    0x19, 0x00, 0xfc, 0xe3, 0xeb, 0x03, 0x06, 0xfc, 0x15, 0xff, 0xee, 0x0b,
    0xb9, 0xf5, 0xf4, 0x09, 0x0d, 0xf9, 0xf9, 0xdd, 0xdc, 0xf0, 0xfc, 0xf8,
    0x0d, 0xf8, 0xfb, 0x15, 0xd8, 0x02, 0x08, 0x06, 0x05, 0x07, 0xf3, 0xf9,
    0xf9, 0x06, 0x01, 0x02, 0x0a, 0xee, 0xff, 0xf5, 0xf2, 0x03, 0xf9, 0xfe,
    0x09, 0xff, 0x00, 0x09, 0x04, 0x0e, 0xf6, 0x08, 0xfd, 0x0f, 0xf8, 0xee,
    0xe2, 0x0e, 0xf1, 0x07, 0x08, 0xff, 0x06, 0x05, 0xfc, 0x0f, 0xf7, 0x03,
    0xfe, 0x0a, 0x07, 0xec, 0xf8, 0x15, 0xdd, 0x02, 0x00, 0xff, 0x01, 0xf5,
    0x00, 0x0c, 0xe7, 0x0a, 0x16, 0x0e, 0x0a, 0xf2, 0x08, 0x09, 0xe4, 0x02,
    0x0d, 0x0f, 0x0f, 0xcc, 0xd0, 0x06, 0xeb, 0xfd, 0x05, 0x08, 0xf8, 0xef,
    0xf2, 0x07, 0xe4, 0x00, 0x00, 0xfd, 0x0a, 0xc9, 0x04, 0xfe, 0x0a, 0xf8,
    0xf3, 0xf5, 0xf3, 0xf3, 0xfa, 0x0a, 0x08, 0xe9, 0x15, 0x07, 0xd3, 0x0f,
    0xf2, 0x06, 0x00, 0x01, 0x07, 0xfb, 0xf3, 0xfd, 0xf1, 0x09, 0xfd, 0xff,
    0x11, 0xf6, 0xf9, 0xf2, 0xe3, 0xfc, 0xfd, 0x01, 0x04, 0x06, 0x02, 0x03,
    0xdc, 0x09, 0xf2, 0xfe, 0x10, 0x04, 0xf6, 0xeb, 0xde, 0xf9, 0xfc, 0xfe,
    0x03, 0x04, 0xf3, 0x09, 0xb3, 0xf0, 0x06, 0x04, 0xfe, 0xf5, 0x01, 0xd2,
    0xd1, 0xe7, 0xf8, 0x03, 0x0b, 0x02, 0xfc, 0x0c, 0xe7, 0xfd, 0xff, 0xff,
    0x0f, 0x07, 0xff, 0x07, 0xf9, 0x25, 0xfb, 0x02, 0x07, 0x00, 0xff, 0xec,
    0xf7, 0xfe, 0x0b, 0x05, 0x0d, 0xff, 0xed, 0x07, 0xea, 0x09, 0xf1, 0x0d,
    0x0e, 0x06, 0xf7, 0x0a, 0xfa, 0x16, 0x04, 0x02, 0x00, 0x08, 0xf7, 0xf3,
    0xf1, 0x10, 0x01, 0xff, 0xfb, 0xfb, 0xff, 0xeb, 0x08, 0x08, 0xe9, 0x08,
    0xfb, 0xef, 0x02, 0xee, 0x04, 0x0e, 0xf5, 0x00, 0x08, 0xfc, 0x0a, 0xe2,
    0x06, 0x0d, 0xf1, 0x05, 0x14, 0x00, 0x0e, 0xc8, 0xd6, 0x13, 0xe5, 0x03,
    0xff, 0x04, 0xf5, 0xdd, 0xe9, 0xf7, 0xee, 0x07, 0x01, 0x07, 0x07, 0xc0,
    0xfd, 0x02, 0x11, 0x0a, 0x05, 0xfe, 0xd7, 0xf9, 0x03, 0xfc, 0x0f, 0x00,
    0x1d, 0x25, 0xba, 0x00, 0x02, 0x04, 0x0c, 0xef, 0x0d, 0x03, 0xf0, 0x11,
    0xea, 0x00, 0x08, 0xfa, 0x18, 0xf7, 0xd7, 0xe4, 0xe7, 0xfa, 0xfa, 0x01,
    0x01, 0x0b, 0xed, 0x0a, 0xe3, 0x09, 0xff, 0xfb, 0x1e, 0x04, 0xf1, 0xf4,
    0xeb, 0xff, 0xfd, 0xfb, 0x12, 0x06, 0xed, 0x03, 0xbc, 0xf7, 0xf7, 0x09,
    0x00, 0xf3, 0xf6, 0xd9, 0xf1, 0xf5, 0x01, 0x04, 0x17, 0xf9, 0xfc, 0x10,
    0x06, 0x0c, 0x04, 0x04, 0xfd, 0x02, 0xf7, 0x12, 0x28, 0x10, 0x01, 0x00,
    0x05, 0xfe, 0xfb, 0xea, 0x06, 0x03, 0x0c, 0x08, 0xfe, 0x02, 0xf1, 0x07,
    0x02, 0x0f, 0xee, 0xfd, 0x0e, 0x02, 0x03, 0xeb, 0x01, 0x10, 0x01, 0xfa,
    0xfd, 0x09, 0xfd, 0xfe, 0x0f, 0xfb, 0xf8, 0x00, 0x06, 0x08, 0x06, 0xee,
    0x01, 0x0d, 0xe3, 0x0a, 0x06, 0xf6, 0x07, 0xf4, 0x10, 0x05, 0xde, 0x03,
    0x02, 0x08, 0x08, 0xe2, 0x00, 0x0c, 0xdc, 0xff, 0x12, 0x11, 0x0d, 0xc7,
    0xd5, 0x03, 0xf1, 0x11, 0x0c, 0x07, 0xf8, 0xe6, 0xf3, 0xfc, 0xe6, 0x00,
    0x03, 0x01, 0x11, 0xd3, 0x00, 0x02, 0x08, 0x0b, 0x0a, 0x0e, 0xc6, 0x0c,
    0xff, 0x04, 0x11, 0xf2, 0x21, 0x26, 0xc0, 0x19, 0xf8, 0x02, 0xf5, 0xff,
    0x07, 0xf7, 0xdd, 0x02, 0xea, 0xfd, 0x16, 0xf8, 0x11, 0xf8, 0xd5, 0xef,
    0xec, 0xf7, 0xfc, 0xfb, 0x05, 0x09, 0xe2, 0x10, 0xd1, 0x03, 0x02, 0xfc,
    0x03, 0xfd, 0xe1, 0xf7, 0xee, 0x08, 0xf8, 0xfe, 0x0b, 0x06, 0xdd, 0x02,
    0xcc, 0xfa, 0xf3, 0x01, 0x07, 0xf7, 0xf0, 0xe3, 0xd9, 0x05, 0x07, 0xf8,
    0x03, 0x12, 0xf6, 0x1d, 0xff, 0x04, 0x0c, 0xfc, 0x0b, 0x07, 0xf4, 0x0d,
    0x12, 0x11, 0x06, 0xf9, 0xf7, 0xfe, 0xe7, 0xf6, 0x0d, 0x01, 0x11, 0x08,
    0x0b, 0x01, 0xf9, 0x00, 0x12, 0x07, 0xe8, 0x02, 0x15, 0x04, 0xef, 0xf3,
    0xf8, 0x0c, 0xea, 0xfe, 0x18, 0x05, 0xfc, 0xf6, 0xf7, 0xfc, 0xea, 0x07,
    0xfb, 0x0f, 0xfe, 0xea, 0x0a, 0x12, 0xed, 0x0e, 0xf8, 0xf5, 0x07, 0x02,
    0x1e, 0x0e, 0xe5, 0x0e, 0x0e, 0x09, 0x0f, 0xf0, 0x0b, 0x09, 0xda, 0xfc,
    0x1a, 0x03, 0x04, 0xc2, 0xda, 0x05, 0xeb, 0x05, 0x00, 0x05, 0xf9, 0xe3,
    0xec, 0x03, 0xe7, 0x05, 0x0c, 0x08, 0x12, 0xc2, 0x04, 0x03, 0x05, 0x0b,
    0x01, 0xff, 0xe0, 0xfa, 0xec, 0xff, 0x0f, 0x08, 0x30, 0x48, 0x01, 0x10,
    0x05, 0x00, 0x08, 0xfe, 0x00, 0xfb, 0x01, 0xfe, 0x0a, 0x09, 0x0b, 0xfa,
    0x0b, 0xd3, 0xf7, 0xf0, 0x12, 0xf9, 0xf7, 0xf2, 0xff, 0x1b, 0x01, 0x02,
    0xf7, 0x04, 0x00, 0xfe, 0x09, 0x0d, 0xfc, 0xf9, 0xf6, 0xff, 0x00, 0xfe,
    0x06, 0x1a, 0xfd, 0x09, 0xd9, 0xed, 0x08, 0x06, 0xfc, 0xc2, 0x01, 0xdb,
    0xee, 0xf7, 0x04, 0x04, 0x06, 0x26, 0x03, 0x12, 0xfb, 0x01, 0x08, 0x03,
    0x05, 0x1f, 0x02, 0x17, 0x0d, 0x16, 0xf1, 0x01, 0xfd, 0xe8, 0x05, 0xea,
    0xfb, 0x03, 0xf2, 0xf9, 0xfa, 0xe6, 0x00, 0x05, 0xef, 0x03, 0xf5, 0x03,
    0x00, 0x08, 0xfe, 0xe0, 0xd2, 0x14, 0xf2, 0x03, 0x0a, 0xfb, 0x06, 0xe4,
    0xca, 0x03, 0xeb, 0x04, 0x03, 0x30, 0x01, 0xe1, 0xfd, 0x11, 0xdf, 0x00,
    0xff, 0xcd, 0xfa, 0xf8, 0x12, 0x06, 0xe6, 0x07, 0x00, 0x05, 0x08, 0xd3,
    0x06, 0xff, 0xee, 0x05, 0x0a, 0xf6, 0xff, 0x96, 0xe3, 0xf7, 0xed, 0xfa,
    0x03, 0x02, 0x0f, 0xd8, 0xe4, 0xfb, 0xf6, 0xfd, 0x03, 0xfe, 0xfe, 0xc5,
    0xfd, 0xff, 0xf6, 0x1c, 0xfd, 0xf9, 0xfe, 0x00, 0x04, 0x05, 0x04, 0x0e,
    0x24, 0x33, 0x01, 0x03, 0x0b, 0x0b, 0xfb, 0x08, 0xfb, 0x12, 0x01, 0x0d,
    0x09, 0xfe, 0x05, 0x01, 0xfe, 0xf5, 0x01, 0xec, 0x0e, 0xef, 0xff, 0x02,
    0x07, 0x0e, 0x01, 0x06, 0x01, 0x06, 0xf0, 0x00, 0x04, 0xfd, 0x04, 0xf8,
    0x16, 0xf8, 0xff, 0x05, 0x03, 0x1d, 0x07, 0x06, 0xfc, 0xf9, 0x05, 0x01,
    0x03, 0xff, 0xfd, 0xfe, 0x1b, 0xfc, 0x0b, 0x0e, 0x05, 0x1b, 0x01, 0x17,
    0x00, 0xf8, 0x12, 0xf8, 0x03, 0x31, 0x03, 0x0c, 0x26, 0x21, 0x03, 0xf9,
    0x06, 0xd2, 0x01, 0xf3, 0x22, 0x00, 0x08, 0x06, 0xfb, 0xf9, 0x04, 0x0a,
    0x08, 0x07, 0xf0, 0x05, 0x03, 0x10, 0x04, 0xed, 0x06, 0x09, 0xff, 0xff,
    0xfa, 0xf2, 0x00, 0xe9, 0xf8, 0x05, 0xfa, 0xfb, 0x01, 0x05, 0x01, 0xee,
    0xfd, 0x02, 0xfd, 0xfb, 0x02, 0xdb, 0xff, 0x0d, 0x01, 0x05, 0xf1, 0x04,
    0xfe, 0xdf, 0x03, 0xff, 0xf3, 0x11, 0xe1, 0xfc, 0x07, 0xf8, 0xf9, 0xc6,
    0xee, 0x02, 0xed, 0xf9, 0x05, 0x04, 0xfd, 0xe4, 0xeb, 0xf9, 0xe1, 0x02,
    0x00, 0xe4, 0x03, 0xb6, 0x0b, 0x00, 0x04, 0x08, 0xf5, 0xec, 0x02, 0x0b,
    0x02, 0x00, 0xf3, 0x01, 0x00, 0x0f, 0xff, 0x06, 0xfc, 0xf9, 0xfa, 0xfc,
    0x01, 0xfc, 0xff, 0x06, 0x09, 0xfe, 0xfa, 0x0a, 0x0a, 0xf3, 0x00, 0xeb,
    0x06, 0xf3, 0xec, 0xfe, 0x01, 0x05, 0x00, 0xf5, 0x12, 0x00, 0xf3, 0x01,
    0x05, 0xf9, 0x00, 0xfc, 0xf4, 0xfb, 0xf8, 0xf8, 0x02, 0x1f, 0x02, 0xfc,
    0x04, 0x00, 0xfa, 0x0b, 0x11, 0x05, 0xff, 0xec, 0x22, 0xf8, 0x01, 0x0a,
    0xfa, 0x16, 0x01, 0x0c, 0x05, 0x0b, 0xef, 0xf8, 0xfe, 0x19, 0x01, 0x08,
    0x15, 0x08, 0xf7, 0xf8, 0xf9, 0xf0, 0xfd, 0xeb, 0x25, 0x0a, 0x07, 0xff,
    0xfd, 0x03, 0x03, 0x02, 0xf4, 0x01, 0xf5, 0xff, 0x03, 0x14, 0xff, 0xde,
    0x09, 0x0a, 0xe2, 0xfb, 0xf9, 0xf6, 0x06, 0xe8, 0xfb, 0x01, 0xe2, 0xf9,
    0x00, 0xfb, 0xfd, 0xed, 0xfc, 0x07, 0xdb, 0xfd, 0x00, 0xd9, 0xfc, 0xc9,
    0xfd, 0xfb, 0xe9, 0x01, 0x05, 0xcd, 0x00, 0xc9, 0xe6, 0x0d, 0xd3, 0x07,
    0x01, 0xea, 0xfe, 0xaa, 0xee, 0xfd, 0xdf, 0x02, 0xfc, 0x02, 0xff, 0xc2,
    0xe8, 0x03, 0xcf, 0xfc, 0x02, 0xe7, 0xfe, 0xd1, 0xfe, 0x00, 0xf2, 0x0f,
    0x0c, 0x0f, 0xe5, 0xf8, 0x00, 0x08, 0xe6, 0x03, 0x9d, 0xfc, 0xe4, 0xf9,
    0x04, 0xe2, 0xe2, 0x00, 0x05, 0x00, 0x01, 0x00, 0x02, 0xcd, 0xd6, 0x05,
    0xfb, 0x01, 0x04, 0xee, 0x01, 0xd8, 0xe0, 0x06, 0xdf, 0xfd, 0xfe, 0xf4,
    0xfe, 0xb1, 0xc4, 0x01, 0xf5, 0xf9, 0xf3, 0xf7, 0xff, 0xa1, 0xd0, 0x00,
    0xfd, 0x00, 0xf2, 0xf7, 0x01, 0xbe, 0xcd, 0x06, 0xf7, 0x01, 0x08, 0xf1,
    0xfc, 0xb2, 0xdb, 0xff, 0x25, 0x01, 0x18, 0xeb, 0xff, 0xc0, 0xe5, 0x01,
    0x11, 0x00, 0x16, 0xfc, 0x02, 0xce, 0xf1, 0xfc, 0x1b, 0xfe, 0x14, 0xf8,
    0xfe, 0xd8, 0xfb, 0x06, 0x03, 0xfb, 0x0e, 0xf6, 0xfc, 0xbc, 0xee, 0xfa,
    0x04, 0xfd, 0x13, 0xfd, 0xf8, 0xe4, 0xe0, 0x00, 0x0e, 0x01, 0x04, 0x0a,
    0x03, 0x06, 0xe0, 0x04, 0xf9, 0x00, 0x0d, 0x04, 0xff, 0x0c, 0xf8, 0xfd,
    0xfd, 0xfe, 0x05, 0x00, 0x00, 0xf8, 0xfe, 0xfc, 0xf3, 0xf8, 0x00, 0xf6,
    0xfb, 0xd6, 0x02, 0xf8, 0x03, 0xfc, 0xff, 0x00, 0x00, 0xe9, 0x0c, 0xff,
    0x09, 0xfc, 0x0c, 0xf6, 0x05, 0xde, 0xf5, 0x00, 0x3c, 0xfa, 0x0e, 0x13,
    0x03, 0x01, 0xf2, 0x08, 0x06, 0x11, 0xfa, 0x00, 0x06, 0x09, 0xe5, 0x08,
    0xd1, 0x04, 0xfa, 0xee, 0xf9, 0xd3, 0xe1, 0x03, 0x17, 0x03, 0x16, 0xc1,
    0xf7, 0xa9, 0xe2, 0xff, 0x02, 0x01, 0x03, 0xd8, 0x01, 0xfd, 0xdd, 0xff,
    0xff, 0x01, 0xf4, 0xbb, 0xf9, 0xbe, 0xd2, 0x05, 0x07, 0x08, 0x00, 0xbf,
    0xf1, 0x8a, 0xe0, 0x05, 0x27, 0x01, 0x0e, 0xb3, 0xeb, 0xa9, 0xd6, 0xfe,
    0x1a, 0xfb, 0xfb, 0xca, 0xf3, 0xc0, 0xe5, 0x00, 0x30, 0x01, 0xff, 0xbf,
    0xf9, 0xd0, 0xf1, 0x00, 0x14, 0xfd, 0x04, 0xf0, 0xf8, 0xeb, 0xff, 0xfc,
    0x19, 0xff, 0xf9, 0xfd, 0xfb, 0x06, 0x07, 0x01, 0x08, 0xfe, 0xf8, 0xd8,
    0x04, 0xe1, 0x0c, 0xfb, 0xf3, 0xfe, 0xfb, 0x1d, 0xfd, 0xcd, 0x09, 0x09,
    0x08, 0xfc, 0xfd, 0x11, 0xf9, 0x0e, 0xfa, 0x02, 0xf7, 0xfc, 0x03, 0x17,
    0x00, 0x07, 0xf4, 0x09, 0xf9, 0xfc, 0x00, 0xff, 0xf3, 0xff, 0xf6, 0x02,
    0xfc, 0xff, 0x0c, 0xe5, 0xfa, 0xd2, 0xfe, 0xff, 0x01, 0xfc, 0x16, 0xe6,
    0x17, 0xc8, 0xf9, 0x04, 0x0a, 0xfa, 0x0e, 0xfe, 0x0a, 0xd0, 0x0e, 0xfc,
    0x07, 0xfc, 0x0c, 0x04, 0x02, 0x00, 0xfc, 0x03, 0x03, 0x05, 0xfd, 0xe5,
    0x05, 0x00, 0xf2, 0x07, 0xde, 0xf4, 0x00, 0xee, 0x93, 0xcd, 0xf6, 0xff,
    0x08, 0x10, 0x10, 0xc3, 0xb0, 0xda, 0xf8, 0xfb, 0x01, 0xeb, 0x10, 0xe6,
    0xdb, 0x06, 0xf3, 0x09, 0x10, 0xea, 0x0e, 0xd4, 0xbb, 0xf4, 0xeb, 0xfe,
    0x10, 0xea, 0x09, 0xc4, 0xc0, 0xbf, 0x02, 0x04, 0x14, 0x07, 0x15, 0xbd,
    0xe8, 0xe1, 0x02, 0xfd, 0x1e, 0x0f, 0x19, 0x18, 0x0e, 0xf9, 0x0e, 0xff,
    0x25, 0xf0, 0x07, 0xea, 0x14, 0x0f, 0x17, 0xfe, 0x02, 0xe9, 0x02, 0x0c,
    0x0d, 0xfe, 0x13, 0x06, 0x07, 0xff, 0x07, 0x1d, 0x21, 0x0c, 0x1b, 0x04,
    0x0b, 0xf6, 0xfa, 0xea, 0x2c, 0xf8, 0x21, 0x08, 0xf3, 0xf9, 0x03, 0x20,
    0x1b, 0xe7, 0x25, 0x04, 0x13, 0x04, 0xf7, 0x1b, 0x34, 0x10, 0x0d, 0x04,
    0xf3, 0x01, 0x00, 0x27, 0x1f, 0x13, 0x19, 0xff, 0xfd, 0xf5, 0x02, 0x03,
    0x2c, 0x09, 0x0b, 0xff, 0xf8, 0xfd, 0x04, 0xfc, 0x1e, 0xe6, 0x13, 0x0b,
    0x0e, 0xf3, 0x02, 0xe0, 0x1a, 0xe2, 0x12, 0xfe, 0xfd, 0x03, 0x16, 0xf1,
    0x01, 0xf8, 0x19, 0xf7, 0xff, 0x09, 0x11, 0xfb, 0xfb, 0xff, 0xfb, 0xf5,
    0xfb, 0x07, 0x07, 0xd2, 0xf9, 0xfd, 0xfc, 0xf8, 0xef, 0x06, 0x03, 0xf4,
    0xb6, 0xdc, 0x02, 0xfc, 0x13, 0x0b, 0x04, 0xe0, 0xfe, 0xcf, 0xfe, 0xfb,
    0xeb, 0xfb, 0x07, 0xfe, 0x2b, 0x05, 0xfc, 0x04, 0x11, 0xef, 0x07, 0xe6,
    0x09, 0x01, 0x02, 0x03, 0x12, 0xc7, 0x05, 0xda, 0x05, 0xd9, 0xfd, 0xff,
    0x05, 0xfa, 0x09, 0xe3, 0x26, 0xe7, 0xf4, 0x09, 0x1f, 0xf9, 0x02, 0x25,
    0x4d, 0x09, 0xf0, 0x03, 0x16, 0xf2, 0xf9, 0x05, 0x36, 0x0a, 0xf9, 0x03,
    0xf1, 0xe9, 0xee, 0x08, 0x1b, 0xf2, 0xe4, 0x0e, 0xfa, 0x16, 0xee, 0x2f,
    0x25, 0x08, 0xe7, 0x12, 0xfe, 0x0c, 0xf5, 0xff, 0x2c, 0xfb, 0xf0, 0x00,
    0xf8, 0x00, 0xec, 0x19, 0x15, 0xe1, 0xfc, 0xfd, 0x0d, 0x11, 0xfe, 0x16,
    0x33, 0x01, 0x0a, 0x04, 0xf8, 0x00, 0xfc, 0x1d, 0x1d, 0x09, 0x08, 0x06,
    0xf8, 0x02, 0xf2, 0x01, 0x1e, 0x01, 0x0a, 0x00, 0xfe, 0x0b, 0xfa, 0xe4,
    0x26, 0xe4, 0x02, 0x0a, 0x09, 0x14, 0x00, 0xf1, 0x17, 0xcb, 0xfc, 0xfd,
    0x05, 0x09, 0x0f, 0xfd, 0xf6, 0xf7, 0x07, 0xf9, 0x04, 0x12, 0x0a, 0x15,
    0x03, 0x01, 0x0a, 0xff, 0xfe, 0x09, 0xfd, 0xc1, 0xf2, 0xfc, 0x03, 0xf9,
    0xf4, 0x03, 0x04, 0x0e, 0xc3, 0xd9, 0x00, 0xfe, 0x18, 0x06, 0x0d, 0xf5,
    0x23, 0xd1, 0x0c, 0xeb, 0x00, 0x03, 0x0d, 0x03, 0x36, 0x14, 0x02, 0x00,
    0x18, 0x09, 0x10, 0xf8, 0x2b, 0x0a, 0x0f, 0x09, 0x0f, 0xb7, 0x14, 0xdb,
    0x2a, 0xe0, 0x00, 0x0c, 0x04, 0x0d, 0x0a, 0x02, 0x2f, 0xf7, 0xf6, 0xfd,
    0x2a, 0x11, 0xf5, 0x29, 0x30, 0x0e, 0xf6, 0xf6, 0x1d, 0xe8, 0xef, 0xf7,
    0x18, 0x17, 0xf4, 0xf9, 0xe1, 0xea, 0xd7, 0xf9, 0x04, 0xf2, 0xf8, 0xfe,
    0xf3, 0x19, 0xe6, 0x16, 0x0b, 0xf6, 0xfe, 0x01, 0x09, 0x0a, 0xf6, 0xe8,
    0x0b, 0x01, 0x0a, 0x01, 0xfc, 0xf4, 0xf9, 0xfd, 0xf7, 0xe5, 0x06, 0x0d,
    0x06, 0x1a, 0x05, 0x0d, 0x09, 0xfb, 0x08, 0x0d, 0xfa, 0x0d, 0xfb, 0x1b,
    0x0c, 0x02, 0x0a, 0xfe, 0xfd, 0x00, 0xfb, 0xf6, 0x04, 0x06, 0xff, 0x01,
    0xfd, 0x0e, 0xf4, 0xee, 0xee, 0xe2, 0x06, 0x02, 0x00, 0x03, 0xff, 0xea,
    0x06, 0xcc, 0x0b, 0x0c, 0x02, 0xfe, 0x09, 0x06, 0xf6, 0x06, 0x07, 0xff,
    0xfe, 0x0b, 0xf4, 0x17, 0xff, 0x00, 0x09, 0x00, 0x07, 0x10, 0xe4, 0xd4,
    0xf3, 0xf9, 0xf4, 0xf5, 0xe7, 0xfe, 0x05, 0x0a, 0xbf, 0xe0, 0xfe, 0xff,
    0x0f, 0x08, 0x19, 0xff, 0x17, 0xd1, 0xfe, 0xfb, 0x06, 0x13, 0x1b, 0x05,
    0x21, 0x0a, 0x02, 0xee, 0x2f, 0x23, 0x1a, 0xfd, 0x16, 0x11, 0x04, 0xfa,
    0x0a, 0xbf, 0x20, 0xe2, 0x2c, 0xee, 0x00, 0xf9, 0xf9, 0x20, 0x14, 0x04,
    0x1f, 0xf0, 0x03, 0xf6, 0x1b, 0x10, 0xfb, 0x18, 0x21, 0x0a, 0xfc, 0xfa,
    0xf9, 0xfd, 0xeb, 0xf6, 0xfc, 0x0a, 0xf5, 0x02, 0xdf, 0xe6, 0xdc, 0xee,
    0xf4, 0xe4, 0xfa, 0x09, 0xee, 0x0e, 0xf2, 0x08, 0xe5, 0xf0, 0x01, 0xff,
    0x1d, 0x05, 0xef, 0xf0, 0x04, 0xff, 0x00, 0x05, 0xf2, 0x0b, 0xef, 0xf8,
    0xec, 0xe7, 0x04, 0xfc, 0x05, 0x1c, 0xe3, 0x15, 0x0a, 0xf5, 0x02, 0x00,
    0x07, 0xfb, 0xe9, 0x16, 0x04, 0xfc, 0xf8, 0x06, 0x03, 0xf9, 0xf0, 0xf7,
    0x04, 0xf3, 0x00, 0x0a, 0xf2, 0x00, 0xed, 0xf5, 0xf9, 0xea, 0x07, 0x05,
    0x02, 0x0d, 0xf1, 0xf3, 0xfb, 0xca, 0xff, 0x08, 0x08, 0xfb, 0xea, 0x08,
    0x04, 0x07, 0x13, 0xfb, 0xfd, 0x06, 0xee, 0x1f, 0x02, 0x01, 0x0c, 0x01,
    0xfe, 0x0f, 0xe9, 0xda, 0xf7, 0xfa, 0x04, 0xe1, 0xe5, 0x04, 0x06, 0x12,
    0xda, 0xef, 0x0b, 0xf9, 0x15, 0xf1, 0x0f, 0xf8, 0x08, 0xd3, 0x0a, 0xf1,
    0x01, 0x12, 0x27, 0x18, 0x1b, 0x02, 0xfe, 0xf8, 0x40, 0x25, 0x29, 0x03,
    0x0d, 0x25, 0x08, 0xf8, 0xed, 0xb6, 0x1c, 0xf0, 0x1b, 0xf3, 0xf8, 0xf8,
    0xde, 0x22, 0x0e, 0xf1, 0x0e, 0xed, 0xf2, 0x0b, 0x15, 0x02, 0x05, 0x1c,
    0x18, 0x03, 0x0d, 0x04, 0xf8, 0xff, 0xf4, 0xeb, 0xee, 0x03, 0x0d, 0x05,
    0xda, 0xe1, 0xe7, 0xe6, 0xfa, 0xe4, 0x01, 0x00, 0xfe, 0x03, 0xeb, 0xff,
    0xee, 0xf5, 0x00, 0x06, 0x08, 0xe6, 0xe5, 0xec, 0x18, 0xfb, 0x00, 0x0c,
    0xf9, 0x05, 0xde, 0xff, 0x04, 0xe9, 0xfd, 0x0a, 0x05, 0x0d, 0xe4, 0x0a,
    0x0e, 0xf1, 0x01, 0x09, 0xf7, 0x06, 0xee, 0x18, 0x01, 0xfc, 0xf9, 0x09,
    0x09, 0x03, 0xea, 0xf2, 0xfa, 0xfb, 0x03, 0xfe, 0xec, 0x02, 0xe6, 0xf2,
    0xf9, 0xf0, 0x05, 0x06, 0xff, 0x08, 0xed, 0xf7, 0x0c, 0xe4, 0x18, 0xfa,
    0xff, 0x01, 0xd4, 0x19, 0x0e, 0x0f, 0x03, 0x03, 0x03, 0x03, 0xf3, 0x1e,
    0xfd, 0x02, 0x09, 0xf4, 0x08, 0x0d, 0xf3, 0xfb, 0xf3, 0xf9, 0x04, 0xcc,
    0xf0, 0x08, 0xfc, 0x1a, 0xc5, 0xf8, 0x02, 0xe7, 0x17, 0xe8, 0x15, 0xec,
    0xf5, 0xd6, 0x12, 0xf2, 0x0a, 0x17, 0x23, 0x17, 0x03, 0x0b, 0x0e, 0xf4,
    0x36, 0x0e, 0x28, 0x04, 0x06, 0x24, 0x0a, 0x05, 0xe8, 0xaf, 0x17, 0xf8,
    0x09, 0xfa, 0x13, 0x05, 0xcd, 0x16, 0x14, 0xef, 0xfe, 0xf9, 0x08, 0xfc,
    0x0f, 0xf1, 0x0e, 0x1a, 0x04, 0x07, 0x19, 0xfc, 0xf2, 0x03, 0xfe, 0xe7,
    0xd8, 0x08, 0x14, 0xfd, 0xf0, 0xdb, 0xfb, 0xf4, 0xe6, 0xe3, 0x03, 0xf6,
    0x13, 0x13, 0xfc, 0xfb, 0xf6, 0xf8, 0xf6, 0xfd, 0xff, 0xea, 0xed, 0x06,
    0x05, 0x03, 0xfd, 0xfd, 0xef, 0xf4, 0xe7, 0xf6, 0xea, 0xe6, 0xf9, 0xfd,
    0x01, 0x18, 0xe5, 0xff, 0xf6, 0xef, 0xf4, 0xf7, 0xf4, 0x0d, 0xee, 0x08,
    0xe8, 0x01, 0x08, 0xf9, 0xf8, 0xfb, 0xdd, 0xee, 0xf9, 0xfc, 0xfd, 0x02,
    0xf2, 0x0b, 0xde, 0xf8, 0xf4, 0xf1, 0xfb, 0xfb, 0x06, 0x10, 0xf0, 0xfa,
    0xf6, 0xf4, 0x03, 0x00, 0xfa, 0xf9, 0xe0, 0x0d, 0x0e, 0x01, 0xf7, 0xfc,
    0xfd, 0x05, 0xf4, 0x18, 0xfc, 0xfc, 0x07, 0xfa, 0x10, 0x0d, 0xe9, 0x08,
    0xf7, 0xfe, 0xf9, 0xd2, 0xf0, 0x09, 0xf8, 0x19, 0xd6, 0xf9, 0x07, 0xeb,
    0x12, 0xe4, 0x05, 0xee, 0xeb, 0xba, 0x08, 0xf9, 0x04, 0x15, 0x0d, 0x25,
    0xfb, 0x12, 0x08, 0x0a, 0x2e, 0x0e, 0x1d, 0x03, 0x0b, 0x31, 0x18, 0x02,
    0xc3, 0xbd, 0x0a, 0xf4, 0xf5, 0x01, 0x0a, 0x0c, 0xc6, 0x0e, 0x0c, 0xf4,
    0xf8, 0xf6, 0x04, 0x12, 0x02, 0xf2, 0x0c, 0x1e, 0xee, 0x01, 0x05, 0x13,
    0xe8, 0x0f, 0xfc, 0xd8, 0xdf, 0x14, 0x14, 0x16, 0xf5, 0xe5, 0x04, 0xf1,
    0xe4, 0xef, 0xfc, 0x04, 0x0d, 0x14, 0x04, 0x02, 0xf9, 0x04, 0xe7, 0xf8,
    0x08, 0xe2, 0xeb, 0xf2, 0xfe, 0x10, 0xe1, 0x00, 0xee, 0xf1, 0xea, 0xeb,
    0xe2, 0xea, 0xf6, 0xfb, 0xfc, 0x17, 0xe9, 0xe6, 0xeb, 0xe2, 0xf4, 0x09,
    0xf1, 0x00, 0xed, 0xff, 0xf6, 0xe7, 0xfe, 0xfb, 0x06, 0xfb, 0xec, 0xeb,
    0x03, 0xf8, 0xff, 0x0c, 0xfa, 0xfd, 0xe5, 0xec, 0xef, 0xf4, 0xf7, 0xfd,
    0x0c, 0x0f, 0xe7, 0xe5, 0xf5, 0xe0, 0x18, 0x01, 0xfa, 0xfb, 0xe4, 0x26,
    0x23, 0x00, 0x0f, 0x03, 0x01, 0x07, 0xfc, 0x1f, 0x00, 0x03, 0xfe, 0x01,
    0x10, 0x0f, 0xe0, 0x19, 0xf6, 0xf0, 0xfa, 0xca, 0xf0, 0x06, 0xf7, 0x13,
    0xde, 0x02, 0x06, 0xeb, 0x15, 0xeb, 0xed, 0xe8, 0xe6, 0xd2, 0x0d, 0xf9,
    0x03, 0x1b, 0xfd, 0x20, 0x01, 0x19, 0x0b, 0xf1, 0x38, 0x1d, 0xfc, 0x0b,
    0x0f, 0x2e, 0x14, 0xfc, 0xa7, 0xb2, 0xed, 0xf9, 0xfc, 0x04, 0x01, 0xfc,
    0xcf, 0x0e, 0xf5, 0xf1, 0x01, 0xf2, 0xfe, 0x16, 0xf2, 0xf1, 0x08, 0x12,
    0xf5, 0xf8, 0x02, 0x15, 0x01, 0x00, 0x0a, 0xe3, 0xef, 0x06, 0x04, 0x1a,
    0x02, 0xee, 0x1c, 0xe8, 0xfe, 0xf6, 0x0e, 0x02, 0x0e, 0x17, 0x13, 0x0d,
    0xf7, 0x0e, 0xfc, 0xfd, 0xf1, 0xe7, 0xfc, 0xf6, 0xfa, 0x09, 0xf7, 0x04,
    0xef, 0xe4, 0xf8, 0xef, 0xe3, 0xf1, 0xfa, 0x09, 0x03, 0x0a, 0xfd, 0xdf,
    0xf5, 0xe0, 0x06, 0x0b, 0xe9, 0x04, 0xf3, 0x00, 0xf9, 0xf0, 0xff, 0x07,
    0x01, 0xfd, 0x06, 0xf5, 0x08, 0xf8, 0x03, 0xfe, 0x05, 0xfa, 0xfe, 0xda,
    0xf0, 0xfa, 0xf5, 0x02, 0x05, 0x0b, 0xfa, 0xe3, 0xfd, 0xea, 0x1c, 0x05,
    0xfe, 0xf9, 0xf6, 0x17, 0x1a, 0xfb, 0x08, 0x01, 0x03, 0x08, 0x05, 0x1b,
    0xff, 0x01, 0x08, 0xf5, 0x08, 0x05, 0xdf, 0x17, 0xff, 0xf9, 0xfb, 0xcb,
    0xfc, 0x08, 0x01, 0x10, 0xe8, 0xfa, 0x0b, 0xf1, 0x19, 0xe2, 0xdf, 0xeb,
    0xf4, 0xd2, 0x0e, 0x02, 0xfe, 0x1f, 0xf2, 0x2a, 0x05, 0x14, 0x05, 0xec,
    0x32, 0x17, 0xf3, 0x06, 0x0d, 0x27, 0x10, 0xf5, 0xb1, 0xa5, 0xdd, 0xfb,
    0x01, 0x05, 0x0c, 0xf6, 0xc7, 0x17, 0xe2, 0xf4, 0xf5, 0xfa, 0xfb, 0x0d,
    0x06, 0xf8, 0xf3, 0x12, 0xff, 0xfb, 0x05, 0x10, 0x04, 0x12, 0x0c, 0xdf,
    0xf5, 0x11, 0x00, 0x2b, 0x00, 0xf9, 0x1e, 0xf8, 0xf9, 0x04, 0x09, 0x0c,
    0x06, 0x20, 0x11, 0x0d, 0xf9, 0x19, 0x14, 0xf8, 0xf3, 0xea, 0x0c, 0xf3,
    0xfd, 0x12, 0x04, 0xfc, 0xef, 0xe5, 0xf8, 0xf5, 0xde, 0xf5, 0xff, 0xff,
    0x00, 0x09, 0xff, 0xd9, 0xf9, 0xee, 0xfe, 0x03, 0xec, 0xf9, 0xf8, 0xed,
    0xee, 0xee, 0xf1, 0x04, 0xff, 0x0e, 0x03, 0xf2, 0x08, 0xfb, 0xe7, 0x04,
    0x00, 0x01, 0x00, 0xe1, 0xfc, 0x00, 0xf0, 0xfe, 0x00, 0x0b, 0xfc, 0xd6,
    0xee, 0xe3, 0x07, 0x07, 0xfb, 0xfc, 0xf2, 0x04, 0x12, 0xec, 0xff, 0x04,
    0xff, 0x09, 0xfd, 0x11, 0xfd, 0xff, 0x15, 0x02, 0xfe, 0x0e, 0xf6, 0x12,
    0xfd, 0xfe, 0x0a, 0xd2, 0xfa, 0xfd, 0xee, 0x0c, 0xf5, 0xfb, 0x07, 0x09,
    0x0c, 0xef, 0xc6, 0xfe, 0x04, 0xda, 0x0c, 0x06, 0xed, 0x1a, 0xeb, 0x1e,
    0x11, 0x0e, 0x0d, 0xf1, 0x23, 0x16, 0xeb, 0x04, 0x0e, 0x26, 0x1b, 0xfc,
    0xa9, 0xa9, 0xde, 0xfc, 0x08, 0x0e, 0x07, 0xf7, 0xe8, 0x0a, 0xf0, 0xf0,
    0xfc, 0xf2, 0xf8, 0x00, 0x0c, 0xf6, 0xf5, 0x09, 0xfe, 0xe8, 0x08, 0x0d,
    0x0c, 0x08, 0x03, 0xed, 0xef, 0xfa, 0x0a, 0x1d, 0x0c, 0x01, 0x10, 0xf6,
    0x05, 0x07, 0x01, 0x15, 0x14, 0x1f, 0x0b, 0x0f, 0xf0, 0x10, 0x08, 0x03,
    0xfa, 0xfa, 0x05, 0xf0, 0xfc, 0x0f, 0x0e, 0xf4, 0xf2, 0xef, 0xf5, 0xf7,
    0xef, 0x06, 0xfb, 0xfb, 0x02, 0x00, 0xfb, 0xd5, 0xf4, 0xf0, 0xf9, 0x02,
    0xf2, 0xea, 0xf6, 0xe9, 0xe7, 0xeb, 0xf4, 0x02, 0xf8, 0x01, 0xfb, 0xee,
    0xf8, 0x00, 0xe7, 0xfb, 0xff, 0xf8, 0xf4, 0xe5, 0xf6, 0x01, 0xcc, 0x04,
    0xf9, 0x02, 0xec, 0xda, 0xed, 0xf0, 0xf3, 0x0a, 0xfe, 0xfc, 0xdb, 0xe7,
    0xe5, 0xfb, 0xeb, 0x02, 0x07, 0x07, 0x03, 0xe5, 0xfd, 0xff, 0x0c, 0x02,
    0x02, 0x09, 0x01, 0x14, 0xfe, 0xf9, 0xfe, 0xe4, 0xfe, 0x07, 0xf1, 0x08,
    0xf9, 0x01, 0x08, 0x10, 0x01, 0xf6, 0xd3, 0xf1, 0x08, 0xd8, 0x10, 0xfd,
    0xfa, 0x14, 0xf0, 0x1e, 0x01, 0x11, 0x03, 0xfa, 0x0c, 0x00, 0xe7, 0x0a,
    0x0a, 0x20, 0x0b, 0xfa, 0xaf, 0xb9, 0xda, 0x0a, 0xff, 0x02, 0x0d, 0x05,
    0xeb, 0xfe, 0xef, 0xec, 0x00, 0xfd, 0x05, 0x08, 0x0e, 0xf7, 0x03, 0xfc,
    0xfb, 0xe2, 0x0e, 0x0c, 0x08, 0x0c, 0x0a, 0xdc, 0xef, 0xdd, 0x06, 0x15,
    0x05, 0xf8, 0x18, 0xf7, 0xfd, 0x06, 0xf3, 0x12, 0x19, 0x18, 0x17, 0xfe,
    0xfe, 0x1c, 0x05, 0xfe, 0xfb, 0xfc, 0xfe, 0xea, 0x02, 0x11, 0xf6, 0xfb,
    0xf1, 0x05, 0xff, 0x00, 0xf2, 0x0a, 0xee, 0x03, 0xfa, 0x05, 0xf8, 0xd8,
    0xee, 0xf7, 0xf2, 0xfc, 0xf4, 0xf2, 0xf3, 0xe7, 0xef, 0xed, 0x00, 0xfc,
    0x05, 0x01, 0xfc, 0xe5, 0xf2, 0xfe, 0xe9, 0x00, 0xff, 0x00, 0xf7, 0xf1,
    0xf2, 0xfb, 0xda, 0xfe, 0x01, 0xf7, 0xf3, 0xcb, 0xd3, 0xf8, 0xec, 0x04,
    0xfe, 0xfd, 0xe1, 0xf0, 0xe2, 0x01, 0xdb, 0x01, 0x00, 0x04, 0x01, 0xe1,
    0x05, 0x01, 0x09, 0xff, 0xfe, 0x04, 0xe9, 0x0f, 0x05, 0x00, 0x02, 0xe2,
    0x00, 0x09, 0xf1, 0x09, 0x00, 0xfc, 0x06, 0xfa, 0xeb, 0xfb, 0xc9, 0xf2,
    0x02, 0xee, 0x09, 0x03, 0xec, 0x15, 0xe0, 0x19, 0x0f, 0x0b, 0x06, 0xff,
    0x0f, 0x11, 0xd6, 0x04, 0x17, 0x1d, 0x09, 0xf9, 0xb9, 0xd1, 0xdb, 0x09,
    0xff, 0x0e, 0x04, 0xfd, 0xfe, 0x07, 0xef, 0xe0, 0x00, 0xfb, 0x05, 0x12,
    0x0c, 0xf6, 0x04, 0xfb, 0xf2, 0xe4, 0x08, 0x08, 0x05, 0x14, 0x0d, 0xe3,
    0xee, 0xe6, 0x0b, 0x03, 0x09, 0x01, 0x19, 0x02, 0x05, 0x08, 0x0d, 0x0d,
    0x14, 0x1d, 0x1e, 0x17, 0xfb, 0x1e, 0x0e, 0x03, 0x0e, 0xfb, 0xff, 0xf7,
    0x02, 0x14, 0x04, 0x01, 0xfa, 0xfc, 0xf1, 0x04, 0xfa, 0x09, 0xfe, 0xf3,
    0xf3, 0x00, 0xf3, 0xeb, 0xfd, 0x01, 0xff, 0xfb, 0xf5, 0xef, 0xf6, 0xe3,
    0xed, 0xee, 0xfe, 0x06, 0xf9, 0xfd, 0xf3, 0xf1, 0x08, 0xfe, 0xf0, 0x02,
    0xf7, 0x02, 0x04, 0xee, 0xf6, 0x0d, 0xd3, 0xfe, 0x06, 0x06, 0xee, 0xbb,
    0xc9, 0xf7, 0xd2, 0x06, 0xfe, 0xf7, 0xdb, 0xe4, 0xeb, 0x00, 0xd5, 0xfe,
    0x01, 0x0d, 0x02, 0xda, 0xff, 0xfb, 0x0b, 0xf2, 0x04, 0xfc, 0xe5, 0x14,
    0xfd, 0xfe, 0xfe, 0xdc, 0xfc, 0x01, 0xf2, 0x04, 0x00, 0x03, 0x06, 0x04,
    0xe6, 0x05, 0xc2, 0xeb, 0x0a, 0xf1, 0x0c, 0x09, 0xde, 0x0d, 0xd0, 0x1b,
    0x14, 0x13, 0xfd, 0xff, 0xfc, 0x0f, 0xd8, 0xff, 0x16, 0x1e, 0x0f, 0xf6,
    0xdf, 0xe7, 0xe3, 0x03, 0x0d, 0x03, 0x09, 0x04, 0x02, 0x0b, 0xf8, 0xec,
    0x08, 0xfd, 0x05, 0x05, 0x04, 0xe6, 0xfa, 0xef, 0xfb, 0xec, 0x12, 0x09,
    0x03, 0x04, 0x02, 0xd1, 0xf5, 0xea, 0x0e, 0x13, 0x06, 0xfa, 0x1d, 0xf7,
    0x0d, 0xff, 0x10, 0x14, 0x0e, 0x0f, 0x19, 0x19, 0x02, 0x24, 0x0f, 0x0b,
    0xf5, 0xf1, 0x07, 0xf7, 0x09, 0x19, 0x04, 0xff, 0xf7, 0xf3, 0xf4, 0xfc,
    0x04, 0x0a, 0xf6, 0xfe, 0xfc, 0xfa, 0xf7, 0xfe, 0x00, 0x00, 0xee, 0x00,
    0xf3, 0xf3, 0xf3, 0xdb, 0x04, 0xfa, 0xf0, 0x09, 0x03, 0xfa, 0xfe, 0xf9,
    0x0d, 0x00, 0xe2, 0x03, 0x05, 0xf9, 0xfc, 0xfa, 0x01, 0x05, 0xd5, 0x07,
    0xfd, 0x01, 0xf9, 0xc0, 0xd9, 0xf4, 0xe1, 0x07, 0x01, 0x02, 0xf4, 0xea,
    0xf6, 0xf9, 0xdb, 0x01, 0xfb, 0x0e, 0x04, 0xd5, 0xff, 0xff, 0x0c, 0xee,
    0x14, 0xfe, 0xed, 0x13, 0x09, 0x03, 0xf0, 0xf5, 0xf8, 0x09, 0xcd, 0x05,
    0x08, 0x01, 0x0e, 0xf6, 0xf6, 0x0d, 0xdd, 0xe5, 0x07, 0xf3, 0x0d, 0x06,
    0xe0, 0x09, 0xda, 0x1b, 0x21, 0x0e, 0x14, 0xfd, 0xf6, 0x05, 0xd9, 0x00,
    0x15, 0x15, 0x13, 0xf6, 0xf8, 0xe5, 0xec, 0xfa, 0x0e, 0xfa, 0x12, 0x05,
    0xff, 0x06, 0x01, 0xdf, 0x0e, 0xfe, 0x14, 0x09, 0xfe, 0xf5, 0x08, 0xf0,
    0xf6, 0xf4, 0x11, 0x03, 0x09, 0x10, 0xf8, 0xd6, 0xeb, 0xef, 0x20, 0x08,
    0x0c, 0x03, 0x07, 0xff, 0x10, 0x07, 0x17, 0x0e, 0x0e, 0x0f, 0x0a, 0x21,
    0xff, 0x26, 0x0c, 0x02, 0x09, 0xfc, 0x09, 0xfa, 0x07, 0x1c, 0xf1, 0xf9,
    0xfd, 0xfc, 0xf7, 0xf2, 0xfc, 0x02, 0xf3, 0xfa, 0xf3, 0xf7, 0xf8, 0xee,
    0xfb, 0x05, 0xdd, 0x03, 0xff, 0xf3, 0xfa, 0xd0, 0xf0, 0xff, 0xe4, 0x00,
    0xff, 0xfb, 0x00, 0xf8, 0xfe, 0x0c, 0xdf, 0xf9, 0x02, 0x01, 0xf7, 0xf0,
    0x07, 0x0e, 0xdb, 0x01, 0xf7, 0x02, 0xf9, 0xaa, 0xc9, 0xed, 0xe5, 0x05,
    0xff, 0xfe, 0xee, 0xef, 0xe9, 0xf9, 0xd3, 0x00, 0xfe, 0x0e, 0x07, 0xc5,
    0xfc, 0x00, 0x00, 0xeb, 0x0f, 0xff, 0xfc, 0x08, 0x08, 0x04, 0xf9, 0xe8,
    0x04, 0xfb, 0xde, 0x12, 0x11, 0xf7, 0x03, 0xf9, 0xe9, 0x0d, 0xe4, 0xf8,
    0x11, 0xf1, 0x02, 0xfd, 0xd6, 0x09, 0xec, 0x15, 0x18, 0x0e, 0x0e, 0x07,
    0xf1, 0x03, 0xf3, 0x0e, 0x16, 0x11, 0x06, 0xf9, 0xf6, 0xf4, 0xfd, 0xf7,
    0x13, 0xfe, 0x0b, 0x05, 0x0c, 0x08, 0x06, 0xe2, 0x00, 0xfd, 0x15, 0x09,
    0x0c, 0xf8, 0x13, 0xe9, 0xfd, 0xf8, 0x1c, 0x0e, 0x09, 0x13, 0x00, 0xde,
    0xf9, 0xf9, 0x1d, 0x11, 0x0d, 0x05, 0x0b, 0xf6, 0x04, 0x06, 0x1c, 0x0b,
    0x12, 0x11, 0x10, 0x27, 0x03, 0x18, 0x05, 0x05, 0x07, 0x04, 0x0a, 0x08,
    0x18, 0x1a, 0xec, 0xf7, 0x02, 0xff, 0xf8, 0xf4, 0xf8, 0x0c, 0xce, 0xf9,
    0xfb, 0xfc, 0xfb, 0xf9, 0xfa, 0x09, 0xd4, 0xfc, 0xf5, 0xf4, 0x02, 0xd5,
    0xec, 0xf8, 0xde, 0xff, 0x02, 0xf8, 0x00, 0xf7, 0xfd, 0x04, 0xe6, 0xfd,
    0xfe, 0xfe, 0xfe, 0xf3, 0x01, 0x0c, 0xe0, 0xfc, 0xfd, 0x09, 0x03, 0xb3,
    0xc1, 0xf9, 0xeb, 0x04, 0xfd, 0xf9, 0xee, 0xe9, 0xf1, 0x03, 0xd4, 0x05,
    0x00, 0x09, 0x02, 0xda, 0xf9, 0x00, 0xfd, 0xee, 0xfa, 0x02, 0xf3, 0x10,
    0x08, 0x0c, 0xf9, 0xea, 0x05, 0xf3, 0xd5, 0x01, 0x0e, 0xf6, 0x03, 0x02,
    0xe0, 0x0a, 0xe3, 0xfd, 0x05, 0xf7, 0x0c, 0x07, 0xe8, 0x0b, 0xe5, 0x15,
    0x1c, 0x18, 0x13, 0xfe, 0xed, 0x09, 0xf8, 0x01, 0x15, 0x10, 0x0a, 0xfc,
    0x04, 0xfc, 0x01, 0xed, 0x07, 0xf5, 0x0b, 0x08, 0x06, 0x0b, 0x09, 0xea,
    0xfd, 0x09, 0xff, 0x09, 0x0a, 0xfe, 0x09, 0xf6, 0xf5, 0xfe, 0x0b, 0x01,
    0x11, 0x0f, 0x02, 0xd8, 0xe9, 0xec, 0x16, 0x0d, 0x05, 0x07, 0x03, 0xf5,
    0xf4, 0xfa, 0x17, 0x01, 0x0e, 0x15, 0x00, 0x1a, 0x04, 0x17, 0xfe, 0x0c,
    0x05, 0xfb, 0xfa, 0xfa, 0x1a, 0x1b, 0xda, 0xf7, 0x00, 0xf6, 0x06, 0x02,
    0xfc, 0x09, 0xe4, 0xfe, 0xe3, 0xf8, 0xf9, 0xf3, 0xf5, 0x02, 0xd4, 0xf8,
    0x03, 0xf7, 0x08, 0xc7, 0xf4, 0xfb, 0xef, 0x05, 0xf5, 0xfa, 0x00, 0xef,
    0xec, 0x06, 0xe1, 0xfd, 0xfb, 0xfa, 0x08, 0xea, 0xe5, 0x0c, 0xe5, 0xfc,
    0x05, 0xf6, 0x04, 0xb0, 0xc8, 0x04, 0xee, 0x00, 0x01, 0xf6, 0xf8, 0xe7,
    0xf3, 0xfe, 0xe8, 0x00, 0x00, 0x00, 0x07, 0xdb, 0x00, 0x01, 0x0f, 0xf0,
    0x18, 0x0e, 0xe4, 0xfb, 0x09, 0x0a, 0x05, 0xeb, 0xfd, 0xed, 0xcb, 0xfc,
    0xff, 0xf8, 0x0c, 0xfe, 0xe7, 0x0a, 0xea, 0x00, 0x0c, 0xfe, 0x0d, 0xfe,
    0xf4, 0x01, 0xf2, 0x12, 0x15, 0x15, 0x0c, 0x06, 0xf5, 0xfe, 0xfb, 0x06,
    0x16, 0x04, 0x0c, 0x00, 0x09, 0xfc, 0x01, 0x01, 0x08, 0x03, 0x00, 0x0a,
    0x00, 0x04, 0x03, 0xe0, 0xfe, 0x07, 0xff, 0x09, 0x05, 0xf1, 0x05, 0xf3,
    0xf0, 0xff, 0x10, 0x03, 0x06, 0x04, 0xfb, 0xd6, 0xe3, 0xe6, 0x18, 0x0c,
    0x0e, 0xff, 0x05, 0xec, 0xf4, 0xec, 0x10, 0x04, 0x06, 0x11, 0x02, 0x0a,
    0xf5, 0x07, 0x04, 0x03, 0x11, 0xfa, 0x07, 0x06, 0xf8, 0x13, 0xfb, 0xfd,
    0xfb, 0xf9, 0x02, 0x09, 0xfe, 0x1b, 0xdc, 0xff, 0xf7, 0xef, 0xfe, 0xf6,
    0xf8, 0x0c, 0xe8, 0xff, 0xfe, 0xe5, 0x02, 0xd6, 0xf2, 0x03, 0xf7, 0x04,
    0x05, 0xff, 0x05, 0xf4, 0xf4, 0x03, 0xf9, 0x02, 0x00, 0xfc, 0x03, 0xfc,
    0xed, 0x0d, 0xdf, 0xfa, 0xfe, 0x00, 0x00, 0xbf, 0xc2, 0x0c, 0xe7, 0x05,
    0x04, 0xfb, 0xfe, 0xe9, 0xed, 0xfa, 0xdc, 0xfd, 0x05, 0x02, 0x10, 0xce,
    0x03, 0xfd, 0x08, 0xf9, 0x08, 0x18, 0xe1, 0x02, 0x0c, 0x0a, 0xf6, 0xdf,
    0x13, 0xec, 0xd0, 0x02, 0xfc, 0xeb, 0xfa, 0xfc, 0xf5, 0x0d, 0xfb, 0xfc,
    0x13, 0x00, 0x0a, 0x06, 0xe1, 0x01, 0xfc, 0x0e, 0x1e, 0x16, 0x0b, 0x01,
    0xf5, 0xff, 0x00, 0xf6, 0x0a, 0x09, 0x0c, 0xfe, 0x0e, 0x03, 0x0e, 0xf1,
    0x09, 0x0f, 0x03, 0x0b, 0x0f, 0xfb, 0xf9, 0xe1, 0xf9, 0x10, 0x05, 0x00,
    0x04, 0x01, 0x04, 0xeb, 0xf7, 0x02, 0x10, 0x09, 0x0a, 0x01, 0xfb, 0xc6,
    0xe1, 0xfa, 0x23, 0x04, 0xfb, 0x09, 0x02, 0xe8, 0xf5, 0xea, 0x18, 0x0a,
    0x06, 0x0e, 0x00, 0x08, 0x00, 0x0a, 0xff, 0x03, 0x09, 0x09, 0x0a, 0x03,
    0xff, 0x03, 0x01, 0x01, 0x06, 0xfb, 0x08, 0x09, 0x02, 0x19, 0xee, 0xfd,
    0xf5, 0xf7, 0x07, 0xf2, 0xf8, 0x0d, 0xf3, 0xfd, 0xfc, 0xf0, 0x04, 0xd8,
    0xe1, 0x04, 0xf4, 0xfd, 0x0a, 0xfc, 0x08, 0xe7, 0xfb, 0x06, 0xef, 0x0a,
    0xfa, 0xf5, 0x08, 0xe8, 0xf7, 0x0e, 0xe9, 0x06, 0x08, 0xfe, 0x09, 0xd2,
    0xd9, 0x04, 0xf7, 0x03, 0xfd, 0xfb, 0xf9, 0xec, 0xec, 0xfe, 0xe7, 0x00,
    0x00, 0x06, 0x07, 0xd3, 0x00, 0x00, 0x01, 0x0b, 0xfd, 0x03, 0xdb, 0xfd,
    0x0d, 0x06, 0x02, 0xec, 0x0c, 0xe4, 0xd4, 0x09, 0xfe, 0xf9, 0xf8, 0xfe,
    0xf9, 0x05, 0xf3, 0x07, 0x0e, 0xfc, 0xff, 0x03, 0xec, 0x00, 0xf4, 0x0a,
    0x21, 0x20, 0x06, 0x03, 0xf9, 0xf9, 0xf6, 0xf5, 0x06, 0x06, 0x13, 0x04,
    0x0f, 0x08, 0x02, 0xea, 0x0d, 0xf4, 0x0b, 0x06, 0x0e, 0xfe, 0x00, 0xea,
    0x05, 0x09, 0xfd, 0x00, 0xfe, 0x08, 0x05, 0xf6, 0xff, 0x0e, 0x0c, 0x01,
    0x07, 0x01, 0x02, 0xc9, 0xd8, 0xfc, 0x10, 0x0a, 0x05, 0x07, 0x02, 0xed,
    0xfa, 0xf1, 0x14, 0x07, 0x0f, 0x13, 0x01, 0x06, 0xf3, 0xff, 0xfe, 0x02,
    0x12, 0x04, 0x06, 0xff, 0x0a, 0xff, 0x13, 0x01, 0x04, 0xff, 0xfe, 0x05,
    0x01, 0x15, 0xf4, 0xfe, 0xfd, 0xf8, 0x0d, 0xf8, 0x00, 0x11, 0xff, 0x04,
    0x03, 0xef, 0x06, 0xdf, 0xeb, 0x01, 0x01, 0xfd, 0x02, 0x01, 0x0b, 0xea,
    0xff, 0x0e, 0xeb, 0x05, 0x06, 0xfa, 0x0b, 0xf8, 0xfb, 0x12, 0xe2, 0xfc,
    0x03, 0xf8, 0x0a, 0xd6, 0xd9, 0x0a, 0xfc, 0x04, 0x08, 0xfa, 0x07, 0xe8,
    0xee, 0x02, 0xf1, 0x01, 0x01, 0x07, 0x03, 0xdf, 0xfe, 0x02, 0x0a, 0x04,
    0xfc, 0x0d, 0xc6, 0xfb, 0x0b, 0x06, 0xfd, 0xeb, 0x01, 0xea, 0xd0, 0xff,
    0xfa, 0xf6, 0x01, 0x07, 0xf0, 0x11, 0xf7, 0xfb, 0x0a, 0x07, 0x07, 0x03,
    0xea, 0x06, 0xfa, 0x0d, 0x1d, 0x1c, 0xff, 0x03, 0xfa, 0xf3, 0xf2, 0xec,
    0x0c, 0x08, 0xf1, 0xff, 0x19, 0x09, 0x02, 0xf0, 0x08, 0xf9, 0xfe, 0x03,
    0x11, 0xff, 0x02, 0xeb, 0x0a, 0x0e, 0x04, 0x06, 0x05, 0xf8, 0xfa, 0xf3,
    0xe6, 0x04, 0x13, 0x04, 0x03, 0x10, 0x03, 0xc7, 0xd9, 0xee, 0x08, 0x02,
    0x09, 0xfd, 0x09, 0xe2, 0xe5, 0xe4, 0x07, 0x05, 0x17, 0x11, 0x0a, 0x00,
    0xe1, 0xfd, 0x07, 0x0b, 0x0e, 0x04, 0x0a, 0xfb, 0x09, 0xfe, 0x0e, 0x01,
    0x0a, 0x0f, 0x00, 0x1b, 0x11, 0x12, 0xfe, 0x02, 0x06, 0xfd, 0x04, 0x05,
    0x09, 0x15, 0xec, 0x00, 0xf6, 0xf0, 0x09, 0xdf, 0xfe, 0x00, 0xff, 0x04,
    0x00, 0x06, 0x0c, 0xed, 0xef, 0xfa, 0xf0, 0xff, 0x06, 0x03, 0x0b, 0x16,
    0xff, 0x18, 0xf0, 0x03, 0x04, 0xfe, 0x04, 0xd3, 0xdb, 0x08, 0xf3, 0x0a,
    0x03, 0xfb, 0xfc, 0xed, 0xfa, 0xff, 0xf1, 0x00, 0x09, 0x01, 0x08, 0xe4,
    0x07, 0x01, 0xfd, 0x00, 0x07, 0x08, 0xe4, 0x07, 0x3c, 0x04, 0xfd, 0x01,
    0xf7, 0xe2, 0xfd, 0xfe, 0xfd, 0x01, 0x0d, 0x08, 0x03, 0x25, 0x04, 0x0e,
    0x21, 0x00, 0x00, 0x01, 0x02, 0x0c, 0xfc, 0x0f, 0x38, 0x1b, 0xfe, 0xfe,
    0xf8, 0x07, 0x02, 0xfd, 0x1f, 0x05, 0xf3, 0x01, 0x0b, 0xf7, 0xfc, 0xe9,
    0x0f, 0xfc, 0x02, 0x09, 0x0b, 0x02, 0xfc, 0xe4, 0xf2, 0x0f, 0xfd, 0x03,
    0x01, 0x08, 0x00, 0xe5, 0xf5, 0x02, 0xfb, 0x08, 0x05, 0x17, 0x00, 0xb7,
    0x19, 0xe6, 0x0e, 0x04, 0x04, 0xf5, 0x02, 0xde, 0x1f, 0xec, 0xfa, 0x07,
    0x08, 0x22, 0xfc, 0xf9, 0x15, 0xf9, 0xe7, 0x00, 0x02, 0x13, 0x00, 0xec,
    0x1f, 0xf5, 0xf3, 0x01, 0x02, 0x02, 0x02, 0x16, 0x1b, 0x0e, 0xe1, 0xfa,
    0x08, 0x03, 0xff, 0x07, 0x08, 0x18, 0xe3, 0xfd, 0xfc, 0xd6, 0x04, 0xcb,
    0xe9, 0xff, 0xed, 0x01, 0xfe, 0x13, 0x00, 0xd0, 0x04, 0x07, 0xf0, 0xfb,
    0xfe, 0xf3, 0x06, 0xef, 0x01, 0x12, 0xee, 0x00, 0x0b, 0xe9, 0x03, 0xad,
    0xf1, 0x10, 0xf8, 0x07, 0x06, 0xf2, 0xff, 0xea, 0xfe, 0xff, 0xf9, 0x05,
    0x02, 0xf7, 0xfd, 0xd5, 0x13, 0x04, 0xf1, 0x09, 0xed, 0x17, 0xff, 0x0c,
    0x06, 0x0b, 0xf3, 0x00, 0xeb, 0x06, 0x02, 0x00, 0xea, 0xe9, 0x04, 0x0c,
    0xfe, 0x1a, 0xff, 0x18, 0xff, 0x05, 0x08, 0x06, 0x04, 0x36, 0x04, 0x21,
    0x16, 0x23, 0x00, 0xf6, 0xfe, 0xf5, 0xfd, 0x07, 0x0d, 0x03, 0xee, 0xfd,
    0x02, 0xdd, 0xff, 0xf4, 0xe9, 0xf5, 0xf4, 0x03, 0x00, 0xff, 0x05, 0xee,
    0xe8, 0x0f, 0xfa, 0x0a, 0x02, 0x14, 0xff, 0xea, 0xf8, 0x0a, 0x0b, 0xfe,
    0x04, 0x20, 0x00, 0xfe, 0x0c, 0xf3, 0x09, 0xfb, 0x04, 0xea, 0x00, 0xfc,
    0x21, 0xee, 0x0b, 0x02, 0x02, 0x13, 0x03, 0x09, 0xf5, 0xf6, 0xe7, 0x01,
    0x00, 0x06, 0x03, 0xfe, 0xf6, 0xf7, 0xef, 0xff, 0x00, 0xf3, 0x00, 0x26,
    0xed, 0xfe, 0xe5, 0x00, 0x01, 0x0c, 0x01, 0x13, 0xe3, 0x16, 0xe3, 0x00,
    0xfd, 0xf2, 0x02, 0xdf, 0xed, 0x09, 0xea, 0xfb, 0xff, 0xfb, 0x00, 0xd8,
    0xf7, 0xfc, 0xf2, 0x05, 0xfe, 0x01, 0x02, 0x01, 0xfa, 0x16, 0xed, 0xfe,
    0x05, 0xf7, 0xf9, 0xd0, 0xf3, 0x13, 0xf3, 0x01, 0xfc, 0xfa, 0x02, 0xe7,
    0xf8, 0xf9, 0xf7, 0x00, 0xfe, 0xf2, 0xfe, 0xe6, 0x13, 0xfd, 0xfb, 0x05,
    0xeb, 0x14, 0x02, 0x0d, 0x03, 0x0e, 0xe8, 0x03, 0xf7, 0x15, 0xfe, 0xf5,
    0xe9, 0x02, 0xf8, 0x0d, 0x06, 0x09, 0x00, 0x0c, 0x02, 0xf9, 0xfb, 0x03,
    0x01, 0x1d, 0x01, 0xfa, 0x0e, 0x20, 0xff, 0xf8, 0xfb, 0xf7, 0x01, 0xd4,
    0xfe, 0x08, 0xf0, 0xfb, 0x02, 0xc9, 0x00, 0xdf, 0xf0, 0xff, 0xe6, 0x07,
    0x0d, 0xf6, 0x04, 0xd5, 0xf2, 0x0e, 0xf5, 0x09, 0x08, 0x09, 0x00, 0xd8,
    0x00, 0xfe, 0x0b, 0x0d, 0x01, 0x20, 0x00, 0xcc, 0x18, 0xf9, 0x14, 0xfc,
    0x09, 0x0e, 0xff, 0xdc, 0x16, 0xfc, 0x0f, 0x07, 0x0c, 0x00, 0xfe, 0xf4,
    0x00, 0xfa, 0xf9, 0xfa, 0x06, 0xeb, 0x01, 0xec, 0x06, 0xfc, 0xe8, 0xf9,
    0xfa, 0xcc, 0xfe, 0x11, 0xdf, 0x11, 0xd3, 0x02, 0x07, 0xe1, 0x01, 0xfa,
    0xec, 0x0e, 0xde, 0xfd, 0xfb, 0xda, 0xfe, 0xbd, 0xec, 0x03, 0xec, 0x01,
    0x02, 0xd9, 0xff, 0xd4, 0xf3, 0xfe, 0xec, 0xfd, 0x02, 0xea, 0x00, 0xee,
    0xf9, 0x03, 0xe7, 0xfd, 0x01, 0xed, 0xfc, 0xce, 0xfe, 0x0e, 0xf6, 0xfd,
    0xfe, 0xfb, 0x01, 0xc9, 0xf1, 0xfc, 0xe6, 0xf9, 0xff, 0xf6, 0xfd, 0x81,
    0xfd, 0x02, 0x10, 0x0b, 0x24, 0x37, 0x0e, 0x02, 0x01, 0x01, 0xf8, 0x09,
    0xbf, 0x05, 0x0a, 0xf0, 0xff, 0xc8, 0xf2, 0x00, 0x0a, 0xfd, 0x0f, 0xea,
    0xfd, 0xc5, 0xf9, 0xf9, 0x19, 0x04, 0x17, 0xfb, 0xfb, 0xf9, 0xfd, 0xf9,
    0x34, 0x01, 0x24, 0xf8, 0x02, 0x09, 0xf8, 0xff, 0x2c, 0xfe, 0x22, 0xf7,
    0xfe, 0x10, 0xfd, 0xff, 0xff, 0xfb, 0x19, 0x03, 0x00, 0x1b, 0xf1, 0x01,
    0xfd, 0x00, 0x11, 0x06, 0x04, 0x1d, 0xdf, 0x03, 0xda, 0xff, 0xf6, 0x05,
    0x04, 0xfa, 0xde, 0x06, 0xd9, 0x01, 0xfb, 0xfd, 0x06, 0xcb, 0xe4, 0x01,
    0xe3, 0x03, 0xf0, 0x0c, 0x02, 0xd4, 0xe9, 0x06, 0xf7, 0x02, 0xfa, 0xf8,
    0x03, 0xf8, 0x03, 0x03, 0xfb, 0x01, 0xf7, 0xfd, 0xff, 0x05, 0xf5, 0x01,
    0xfa, 0x03, 0xf5, 0xf8, 0x00, 0xfa, 0xf6, 0xfd, 0xf2, 0x00, 0x00, 0xfc,
    0xfd, 0xf7, 0xe9, 0xfe, 0xfd, 0x00, 0xf1, 0xfb, 0xff, 0xfe, 0xdc, 0x00,
    0x03, 0xfd, 0x02, 0x00, 0x02, 0x02, 0xdb, 0x01, 0xfb, 0x01, 0xf2, 0x02,
    0xff, 0xe2, 0xe1, 0x00, 0xfb, 0xfd, 0xfc, 0xd7, 0xd9, 0xf6, 0xed, 0xfe,
    0xfe, 0x00, 0xf2, 0xc4, 0x02, 0x00, 0x0f, 0x01, 0x16, 0x2c, 0xff, 0xf7,
    0x00, 0x01, 0x0a, 0x02, 0xdc, 0x05, 0x01, 0xde, 0xd7, 0x99, 0x02, 0xf5,
    0x21, 0xfa, 0x10, 0xc1, 0xd1, 0x81, 0x05, 0xf1, 0x34, 0x04, 0x08, 0xe7,
    0xdd, 0xda, 0x09, 0xf3, 0x4e, 0xfd, 0x14, 0xfa, 0xe9, 0x10, 0x04, 0xec,
    0x20, 0xfc, 0x0e, 0xfb, 0xf3, 0x22, 0x0a, 0xfb, 0xe9, 0xfc, 0x10, 0x0b,
    0x00, 0x2c, 0xfa, 0xfd, 0xd9, 0xfe, 0x06, 0x10, 0x07, 0x1d, 0xed, 0xff,
    0xc7, 0xfe, 0x09, 0xec, 0x04, 0xef, 0xe4, 0x06, 0xd9, 0xff, 0x00, 0xc7,
    0x00, 0xbe, 0xe4, 0x01, 0xee, 0x02, 0xfb, 0xcd, 0x0a, 0xc6, 0xdf, 0x01,
    0x00, 0x01, 0x00, 0xf2, 0x02, 0xe7, 0xe5, 0x0a, 0xfd, 0xfc, 0xf8, 0xee,
    0x05, 0xea, 0xeb, 0x04, 0xf3, 0xfd, 0xf6, 0xe9, 0x07, 0xe2, 0xfa, 0x02,
    0xf3, 0x03, 0xfc, 0xe2, 0x02, 0xdb, 0xed, 0x08, 0x0e, 0xfd, 0x00, 0xf9,
    0x05, 0xe9, 0xe4, 0xff, 0xf6, 0xfd, 0x0d, 0x06, 0xff, 0xf0, 0xdf, 0xfd,
    0xf8, 0x01, 0xfc, 0xe8, 0xcb, 0xd5, 0xdc, 0x01, 0xfe, 0xfe, 0x01, 0xed,
    0xd9, 0xee, 0xdc, 0x07, 0x03, 0xfe, 0x02, 0xd9, 0x00, 0xff, 0x01, 0x05,
    0x05, 0x26, 0xe1, 0xaf, 0xf0, 0xf9, 0xf5, 0xfc, 0xe0, 0x0e, 0xfa, 0xf7,
    0xb4, 0xbb, 0x06, 0xf8, 0x14, 0xf0, 0x0a, 0xd4, 0xaa, 0x9d, 0x0d, 0xf7,
    0x1e, 0x0c, 0x0e, 0x0d, 0xdb, 0xf6, 0x13, 0xfe, 0x30, 0x03, 0x0e, 0x27,
    0x10, 0x25, 0x10, 0xfa, 0xfa, 0xba, 0x09, 0x27, 0x01, 0x2e, 0x11, 0xfd,
    0xe0, 0xd4, 0x03, 0x18, 0xf0, 0x2d, 0xfe, 0xf9, 0xdb, 0xdd, 0xfc, 0x07,
    0xc5, 0x24, 0xf5, 0xfe, 0xcc, 0xea, 0x01, 0xdf, 0xbe, 0xfa, 0xf0, 0xfc,
    0xf5, 0xff, 0x07, 0xc3, 0xbd, 0xee, 0xdc, 0xfc, 0xf2, 0x07, 0x02, 0xd3,
    0xdb, 0xec, 0xdd, 0xfd, 0x03, 0x0b, 0xfb, 0xe1, 0xe9, 0xf3, 0xd4, 0xfe,
    0xf8, 0x0c, 0xf0, 0xd9, 0xf3, 0xfd, 0xc8, 0x00, 0x00, 0x00, 0xf7, 0xdb,
    0xe7, 0xf9, 0xe3, 0xfd, 0xf6, 0x03, 0xfc, 0xd8, 0xf0, 0xf3, 0xe4, 0x04,
    0x03, 0xff, 0x07, 0xe9, 0x00, 0x03, 0xe6, 0x05, 0xfe, 0x03, 0x03, 0xfc,
    0xfb, 0xff, 0xd4, 0x01, 0xff, 0x01, 0x01, 0xd7, 0xd1, 0xf4, 0xd1, 0xfd,
    0x00, 0xfa, 0x0b, 0xd5, 0xe3, 0xfa, 0xc6, 0xff, 0xff, 0x04, 0x08, 0xd1,
    0xfe, 0x01, 0x07, 0x01, 0x0b, 0x1a, 0xd6, 0xa9, 0x02, 0xf9, 0x01, 0xf9,
    0xf1, 0x0e, 0xee, 0xf4, 0xb1, 0xcd, 0x08, 0xf8, 0x22, 0x00, 0x0c, 0xe8,
    0x03, 0xac, 0x07, 0xfe, 0x25, 0x17, 0x0d, 0x21, 0x25, 0xf1, 0x0b, 0xfb,
    0x36, 0x21, 0x06, 0x20, 0x34, 0x20, 0x07, 0xff, 0xdf, 0xc4, 0x03, 0x28,
    0x29, 0x1d, 0x14, 0x04, 0xc6, 0xe6, 0x08, 0x0f, 0xef, 0x1d, 0x04, 0xfe,
    0xd2, 0xf7, 0x0b, 0x03, 0xdb, 0x23, 0x0b, 0xff, 0xc5, 0xed, 0x09, 0xcc,
    0xbb, 0xff, 0xff, 0xff, 0xe3, 0xec, 0x0d, 0xc8, 0xd1, 0xfb, 0xf3, 0x01,
    0xf3, 0xf4, 0x11, 0xeb, 0xe0, 0xf9, 0x01, 0x03, 0xff, 0xfa, 0xfe, 0xe7,
    0xf8, 0xfa, 0xef, 0x03, 0xfb, 0xfc, 0xf5, 0xcc, 0xe5, 0xee, 0xee, 0xfd,
    0xf8, 0x11, 0xf8, 0xd2, 0xe5, 0xe9, 0x00, 0xfd, 0x07, 0xfb, 0x00, 0xcf,
    0xde, 0xf2, 0x0a, 0xff, 0x01, 0x01, 0x06, 0xea, 0xf9, 0x00, 0xf0, 0xff,
    0xfa, 0xfc, 0xff, 0xfb, 0xf3, 0x01, 0xfe, 0x01, 0xfd, 0x01, 0x04, 0xce,
    0xda, 0xf7, 0xe2, 0x03, 0xff, 0xf6, 0xf7, 0xe8, 0xf1, 0xf0, 0xe2, 0xff,
    0x00, 0x04, 0x08, 0xdb, 0xfe, 0x01, 0xf6, 0x09, 0x12, 0x10, 0xef, 0xb1,
    0xf5, 0xfd, 0xf2, 0xf8, 0xfd, 0x0f, 0xf9, 0xf2, 0xd0, 0xe7, 0xfa, 0x07,
    0x2a, 0x08, 0x0f, 0xf9, 0x15, 0xc2, 0xfd, 0x02, 0x21, 0x34, 0x0d, 0x22,
    0x12, 0xe2, 0x00, 0xff, 0x3d, 0x34, 0xf9, 0x1f, 0x21, 0x20, 0x06, 0x04,
    0xcc, 0xf4, 0xf0, 0x1a, 0x0f, 0x17, 0x05, 0x05, 0xc6, 0x05, 0x04, 0xfb,
    0xf7, 0x15, 0x10, 0x06, 0xe4, 0xfd, 0x0f, 0xeb, 0xe3, 0x13, 0x13, 0xfe,
    0xce, 0xea, 0x14, 0xd2, 0xd9, 0x01, 0x10, 0xff, 0xe1, 0xed, 0x24, 0xe2,
    0xe7, 0x01, 0x00, 0xfa, 0xf6, 0xec, 0x1b, 0x00, 0xf2, 0x00, 0xf1, 0xf5,
    0x05, 0xe1, 0x0e, 0xf0, 0xf3, 0xfe, 0xe8, 0xfa, 0xf8, 0xf8, 0xfa, 0xc7,
    0xe4, 0xeb, 0xec, 0x06, 0xf8, 0x02, 0xfa, 0xd4, 0xee, 0xeb, 0xe7, 0x00,
    0xf7, 0xf9, 0xfb, 0xd6, 0xef, 0xee, 0xf0, 0x07, 0xf9, 0x09, 0x0a, 0xf3,
    0xfb, 0x01, 0xe2, 0x01, 0xf8, 0x03, 0x03, 0xf9, 0xf7, 0x01, 0xe6, 0x02,
    0x0a, 0x05, 0x05, 0xcd, 0xee, 0xfa, 0xe5, 0x04, 0x00, 0xf5, 0xff, 0xe8,
    0xf2, 0xf7, 0xdb, 0x00, 0x08, 0x07, 0x05, 0xe7, 0x01, 0xff, 0xf4, 0x05,
    0x09, 0x02, 0xf3, 0xcb, 0x01, 0xf8, 0xe6, 0xee, 0x0c, 0x0e, 0x18, 0x00,
    0xf1, 0x02, 0x00, 0xf8, 0x38, 0xee, 0xfb, 0xff, 0x13, 0xdc, 0xfd, 0xfa,
    0xf3, 0x1e, 0xf3, 0x26, 0x06, 0xe0, 0xfe, 0x01, 0x37, 0x23, 0xdf, 0x19,
    0x17, 0x17, 0xf4, 0xfe, 0xbe, 0xeb, 0xcd, 0x09, 0xfb, 0x02, 0x03, 0x03,
    0xc6, 0x0e, 0xf1, 0x04, 0xff, 0x0a, 0x0d, 0x0c, 0xf9, 0x03, 0x0b, 0xe3,
    0xea, 0x1d, 0x0f, 0x0a, 0xd8, 0xfc, 0x1a, 0xdb, 0xe7, 0x02, 0x0e, 0x05,
    0xe0, 0xff, 0x22, 0xf0, 0xf9, 0x0f, 0x09, 0xf5, 0xe1, 0xf5, 0x0d, 0x05,
    0xfb, 0x0a, 0xed, 0x01, 0xe4, 0xe9, 0xf5, 0xe9, 0xf2, 0x09, 0xfc, 0xfc,
    0xf8, 0xef, 0xee, 0xd4, 0xe0, 0xf7, 0xf2, 0xff, 0xff, 0xfc, 0xf3, 0xd5,
    0xe8, 0xec, 0xfa, 0xfd, 0x09, 0xf4, 0xf7, 0xda, 0xf7, 0xf1, 0xed, 0xf9,
    0xfe, 0x00, 0xfb, 0xf2, 0xfc, 0xfa, 0xef, 0xfb, 0xfe, 0x01, 0x01, 0xff,
    0x01, 0x00, 0xd8, 0xfa, 0xf3, 0xfb, 0xfb, 0xd6, 0xe8, 0xf6, 0xe9, 0x00,
    0xfa, 0x02, 0xff, 0xf0, 0xfb, 0xf8, 0xee, 0x01, 0xfe, 0x08, 0x04, 0xdd,
    0x00, 0x02, 0x08, 0x07, 0x13, 0x01, 0x02, 0xe6, 0x0d, 0x01, 0xfd, 0xef,
    0x11, 0x13, 0x13, 0x07, 0xfe, 0x18, 0x06, 0x01, 0x20, 0xf6, 0xd1, 0xf9,
    0x12, 0x03, 0x09, 0xf7, 0xe7, 0x09, 0xbd, 0x12, 0x09, 0xe6, 0x03, 0xf3,
    0x1d, 0x19, 0xb8, 0x0e, 0x10, 0x07, 0x00, 0xf1, 0xce, 0xed, 0xca, 0xfe,
    0x05, 0xf0, 0x0d, 0x07, 0xf5, 0x07, 0xe5, 0xf4, 0xff, 0xfc, 0x0a, 0x04,
    0xfd, 0x08, 0x00, 0xed, 0xfe, 0x08, 0x0f, 0x02, 0xec, 0x00, 0x08, 0xec,
    0x00, 0x07, 0x0f, 0x00, 0xe4, 0xfe, 0x12, 0xf6, 0xf7, 0x10, 0x0c, 0xfb,
    0xe1, 0xfd, 0x04, 0x07, 0x00, 0x10, 0x00, 0xfb, 0xf4, 0xf5, 0xfd, 0xec,
    0xfb, 0x13, 0xef, 0xf9, 0xf7, 0xde, 0x0a, 0xe1, 0x01, 0xfe, 0xfa, 0xfa,
    0x08, 0xf6, 0x07, 0xe1, 0xf1, 0xfa, 0xfa, 0xff, 0xfe, 0xf6, 0xf8, 0xd0,
    0xf3, 0xf1, 0xf3, 0x02, 0xff, 0xff, 0xfc, 0xee, 0xf4, 0xf6, 0xe8, 0xfd,
    0xf9, 0x09, 0xfa, 0xed, 0xf8, 0xfd, 0xdc, 0xfe, 0x05, 0x02, 0xf7, 0xd2,
    0xf0, 0x04, 0xd9, 0x05, 0xfe, 0xfd, 0x01, 0xd6, 0xf2, 0xf3, 0xe7, 0x00,
    0xfa, 0x0d, 0xff, 0xdd, 0x01, 0x01, 0x0e, 0x0e, 0x0b, 0x0f, 0x19, 0xed,
    0x0e, 0xfd, 0xfa, 0xec, 0x0a, 0x10, 0xf5, 0x12, 0x0a, 0x11, 0x07, 0xfc,
    0x1e, 0xe6, 0xda, 0xf1, 0x1f, 0x0d, 0xfe, 0xeb, 0xde, 0xfb, 0xaf, 0x0f,
    0xfa, 0xdb, 0x03, 0xf1, 0xf9, 0x16, 0xbb, 0x05, 0x11, 0xfb, 0x07, 0xf6,
    0xdb, 0xf0, 0xd5, 0xf4, 0x02, 0xe4, 0x07, 0x0e, 0x07, 0x0e, 0xea, 0xfe,
    0x0a, 0xf5, 0x03, 0x0f, 0x0e, 0x0e, 0xf3, 0xfc, 0x0d, 0x04, 0xfb, 0x05,
    0xf0, 0xfa, 0xfd, 0xea, 0x0e, 0x11, 0x02, 0x05, 0xe3, 0x07, 0x02, 0xf8,
    0x0c, 0x0c, 0x0d, 0xfc, 0xf2, 0x06, 0xfb, 0x08, 0x0c, 0x10, 0xfa, 0x02,
    0x02, 0xfc, 0x08, 0xed, 0x05, 0x0f, 0xea, 0xfe, 0x02, 0xf3, 0x16, 0xe3,
    0xf8, 0x06, 0xe7, 0xfe, 0x10, 0xf8, 0x10, 0xec, 0xf3, 0x04, 0xee, 0x03,
    0xfd, 0xf8, 0x06, 0xe7, 0xf4, 0xf5, 0xe9, 0xfb, 0xf8, 0x00, 0x0c, 0xeb,
    0xf8, 0xf9, 0xed, 0x06, 0x00, 0xfe, 0x07, 0xe8, 0x07, 0x00, 0xee, 0xfe,
    0xfa, 0x03, 0x07, 0xe3, 0xf8, 0xf6, 0xe5, 0x03, 0x01, 0xf8, 0x14, 0xd6,
    0xe1, 0xf7, 0xe7, 0x00, 0xfa, 0x07, 0x0c, 0xd8, 0xfe, 0xff, 0x0a, 0x13,
    0x10, 0x0b, 0x03, 0xed, 0x09, 0x04, 0xfa, 0xe7, 0x05, 0x12, 0xf2, 0x12,
    0x07, 0x18, 0x0e, 0xfc, 0x11, 0xe9, 0xdc, 0xec, 0x1d, 0x12, 0xff, 0xfa,
    0xbf, 0xf1, 0xba, 0x00, 0x02, 0xdb, 0x05, 0xf1, 0xef, 0x01, 0xc9, 0xfd,
    0x03, 0xec, 0x02, 0x00, 0xe9, 0xff, 0xee, 0xf1, 0x01, 0xdd, 0x11, 0x08,
    0x13, 0x0f, 0xf3, 0xf9, 0x10, 0xf0, 0x05, 0xfb, 0x06, 0x12, 0xf5, 0x04,
    0x0d, 0xfb, 0x02, 0x09, 0xf6, 0x02, 0xf2, 0xff, 0x24, 0x00, 0x08, 0x05,
    0xe7, 0x0b, 0xf9, 0xfc, 0x05, 0xfe, 0x13, 0x04, 0xfc, 0x09, 0x0f, 0xf9,
    0x0f, 0x06, 0x0e, 0xfe, 0x02, 0x04, 0x0e, 0xfb, 0x02, 0x14, 0x0d, 0x03,
    0x06, 0xf4, 0x16, 0xf8, 0x0a, 0x05, 0x10, 0x01, 0x0f, 0xf5, 0x18, 0xfe,
    0xef, 0x1b, 0xf9, 0x04, 0x05, 0xeb, 0x20, 0xdb, 0xf1, 0x04, 0xf6, 0x01,
    0xfb, 0xfe, 0x11, 0xee, 0xec, 0xfd, 0xfe, 0xfe, 0x02, 0x04, 0x1a, 0xf5,
    0xfd, 0x03, 0x00, 0x07, 0x05, 0x02, 0x17, 0xe8, 0xe9, 0xff, 0xfd, 0x08,
    0x02, 0x02, 0x1d, 0xdf, 0xe8, 0xfd, 0xfb, 0xff, 0x03, 0x02, 0x0f, 0xfc,
    0x01, 0x04, 0x14, 0x09, 0x14, 0x01, 0xf0, 0xe9, 0x08, 0x05, 0xf5, 0xf3,
    0x0e, 0x0b, 0xe6, 0x0c, 0x03, 0x0e, 0xff, 0xff, 0xe8, 0xe1, 0xe4, 0xed,
    0x0c, 0x09, 0xfc, 0xf5, 0xbd, 0xe8, 0xd0, 0xee, 0xfb, 0xe1, 0xfe, 0xfc,
    0xe2, 0xe8, 0xde, 0xf5, 0xfb, 0xf0, 0xf5, 0xf5, 0x11, 0x00, 0xf9, 0xdb,
    0x00, 0xda, 0x03, 0x00, 0x1c, 0x0a, 0xf4, 0xf8, 0x04, 0xe5, 0xf5, 0xff,
    0x04, 0x10, 0xf1, 0x08, 0x05, 0xfc, 0xf7, 0xf9, 0xfd, 0x03, 0xfe, 0xf2,
    0x11, 0xf4, 0xfb, 0x05, 0xf8, 0x03, 0xfe, 0xfa, 0x02, 0x04, 0x0c, 0x02,
    0x06, 0x01, 0x0b, 0xf6, 0x03, 0x05, 0x15, 0x01, 0x06, 0x0e, 0x0f, 0xfc,
    0x0b, 0x0d, 0x13, 0x04, 0x07, 0x04, 0x11, 0xfd, 0x10, 0x07, 0x16, 0x01,
    0x01, 0xf1, 0x11, 0x10, 0xfe, 0x1c, 0x15, 0x01, 0x03, 0xf2, 0x13, 0xfb,
    0x03, 0x12, 0x12, 0x05, 0xfe, 0xf9, 0x14, 0xeb, 0xee, 0x04, 0x16, 0x01,
    0xfe, 0x02, 0x06, 0xf3, 0xf9, 0x08, 0x06, 0xff, 0xfb, 0x03, 0x13, 0xef,
    0xf8, 0xfd, 0x11, 0xfe, 0x05, 0xfa, 0x1e, 0xf7, 0x0c, 0xf7, 0x05, 0x03,
    0x04, 0x00, 0x0b, 0xf9, 0xfe, 0xff, 0x0e, 0x05, 0x09, 0x04, 0x01, 0xe7,
    0x09, 0x02, 0xf2, 0xef, 0x0d, 0x08, 0xe2, 0x12, 0xf5, 0x00, 0x02, 0xf2,
    0xdb, 0xe9, 0xe9, 0xf1, 0x0b, 0x0f, 0xf3, 0xf1, 0xca, 0xe4, 0xe5, 0xe4,
    0xf7, 0xec, 0xf7, 0x04, 0xe9, 0xe7, 0xf0, 0xee, 0xfd, 0xe6, 0xfa, 0xfd,
    0x19, 0x05, 0xf6, 0xe4, 0xf9, 0xdb, 0xfc, 0x01, 0x1c, 0x09, 0xfb, 0xf3,
    0xff, 0xee, 0x07, 0xf6, 0x08, 0x0e, 0xf5, 0x05, 0xfd, 0xfd, 0xff, 0xfc,
    0xf4, 0xff, 0xfe, 0xee, 0x00, 0xf0, 0x0a, 0x00, 0x01, 0x02, 0x03, 0x02,
    0x01, 0xf6, 0x0d, 0xff, 0x03, 0x03, 0x04, 0x0d, 0x06, 0x04, 0x05, 0x08,
    0x0d, 0x05, 0x09, 0x0c, 0x1e, 0xfc, 0x1e, 0x08, 0x0c, 0x09, 0x0e, 0x0e,
    0x0e, 0x0a, 0x20, 0x08, 0x0b, 0xf8, 0x11, 0x13, 0x0c, 0x13, 0x1b, 0xf7,
    0xf8, 0xf7, 0x18, 0xfe, 0x11, 0x18, 0x14, 0x02, 0xfb, 0xf6, 0x15, 0xfa,
    0xfb, 0xfe, 0x17, 0x06, 0xfd, 0xfa, 0x0a, 0xfc, 0x08, 0xf8, 0x0b, 0xfe,
    0xff, 0xfe, 0x12, 0xe8, 0x0a, 0xed, 0xfc, 0x04, 0x04, 0x02, 0x25, 0xf3,
    0x13, 0xf6, 0x05, 0xfd, 0x04, 0x03, 0x0b, 0xf0, 0x02, 0xff, 0xff, 0x0f,
    0x10, 0xfd, 0xfc, 0xe6, 0xff, 0x06, 0xf0, 0xf4, 0x12, 0x0e, 0xcd, 0x0d,
    0xec, 0xfd, 0xfa, 0xf2, 0xf6, 0xef, 0xe8, 0xe7, 0xfc, 0x0b, 0xf6, 0xe8,
    0xdd, 0xe2, 0xe8, 0xdf, 0xf8, 0xf1, 0xf8, 0xfe, 0xe9, 0xe5, 0xf4, 0xe7,
    0xf5, 0xf2, 0xfa, 0x03, 0x1b, 0x02, 0x02, 0xe5, 0xfb, 0xdd, 0x07, 0x07,
    0x14, 0x14, 0x07, 0xeb, 0xfa, 0xee, 0x0f, 0xf8, 0x06, 0x0c, 0xf3, 0xfe,
    0xfa, 0xf8, 0x07, 0x03, 0xef, 0xf6, 0xfa, 0xe8, 0x04, 0xfa, 0xfe, 0xf9,
    0x07, 0x04, 0x06, 0x05, 0x01, 0xf2, 0x02, 0x06, 0x0b, 0xfe, 0x07, 0x0a,
    0x0a, 0x05, 0x0f, 0x04, 0x06, 0x03, 0x0e, 0x03, 0x0d, 0xfd, 0x1c, 0x0c,
    0x0d, 0x0b, 0x15, 0x17, 0x17, 0xfc, 0x24, 0x05, 0x0b, 0x00, 0x19, 0x10,
    0x1e, 0x0f, 0x1d, 0x03, 0xfa, 0x0e, 0x13, 0x12, 0x1c, 0x1d, 0x22, 0x02,
    0x00, 0xfc, 0x11, 0xfc, 0x19, 0x0a, 0xfd, 0x06, 0xfc, 0x02, 0x16, 0xf2,
    0x18, 0xfd, 0x09, 0x01, 0xf7, 0xfb, 0x11, 0xe0, 0x10, 0xe9, 0xee, 0x06,
    0x00, 0xfd, 0x1e, 0xdf, 0xf4, 0xf6, 0xf3, 0x06, 0x02, 0x05, 0x0c, 0xe6,
    0x00, 0x01, 0xf5, 0x07, 0x05, 0xfb, 0xeb, 0xee, 0x01, 0x01, 0xf3, 0xf4,
    0xfd, 0x06, 0xd2, 0x0f, 0xf0, 0xfe, 0xf5, 0xf2, 0xf0, 0xf2, 0xf2, 0xe7,
    0xfe, 0x0a, 0xf6, 0xf2, 0xe3, 0xe6, 0xeb, 0xf5, 0x00, 0xfb, 0xf5, 0xf7,
    0xf8, 0xe7, 0xf5, 0xef, 0xf7, 0xf5, 0xf5, 0xfc, 0x19, 0x04, 0xfe, 0xe6,
    0xf2, 0xe1, 0xfa, 0x07, 0x1c, 0x06, 0x00, 0xed, 0xfd, 0xee, 0x01, 0x01,
    0x02, 0x11, 0x02, 0xfc, 0xfe, 0xf3, 0x02, 0x08, 0xfb, 0x04, 0x02, 0xef,
    0x09, 0xf6, 0x05, 0x00, 0x09, 0x07, 0x02, 0x15, 0x04, 0xfb, 0x07, 0x00,
    0x07, 0x05, 0x07, 0x09, 0x17, 0x04, 0x05, 0x05, 0x09, 0x09, 0x11, 0x07,
    0x06, 0xfc, 0x09, 0x11, 0x0f, 0x0c, 0x16, 0x15, 0x15, 0xfc, 0x1b, 0x08,
    0x05, 0x04, 0x13, 0x16, 0x1f, 0x0d, 0x0b, 0x05, 0xf2, 0x09, 0x1b, 0x21,
    0x1b, 0x15, 0x15, 0xfd, 0xf3, 0xf9, 0x13, 0xf8, 0x10, 0x01, 0x10, 0x03,
    0xf9, 0xf8, 0x0b, 0xfb, 0x1a, 0xf7, 0x0f, 0x07, 0xf4, 0x07, 0x18, 0xe3,
    0x15, 0xe7, 0x06, 0x00, 0x03, 0xff, 0x20, 0xe4, 0xef, 0xfd, 0x1a, 0x03,
    0x01, 0xfe, 0x08, 0xfc, 0xff, 0x00, 0xf0, 0x00, 0x14, 0xff, 0xde, 0xee,
    0x01, 0x03, 0xe8, 0xec, 0x0b, 0x07, 0xcd, 0x15, 0xef, 0xfa, 0x03, 0xfd,
    0xfe, 0xf1, 0xf0, 0xe4, 0x0a, 0x08, 0xf8, 0xf7, 0xf2, 0xec, 0xeb, 0x00,
    0xfe, 0x04, 0x01, 0x03, 0xf1, 0xec, 0xf4, 0xfb, 0xff, 0x09, 0xfc, 0x05,
    0x0a, 0xf9, 0xfe, 0xe3, 0xff, 0xe7, 0xf0, 0x01, 0x01, 0x0c, 0xf6, 0xef,
    0xf8, 0xf5, 0xea, 0x09, 0xfc, 0x04, 0xf8, 0xff, 0x0b, 0x01, 0xef, 0x0d,
    0xfc, 0x08, 0xf8, 0xe9, 0x07, 0x00, 0xfb, 0x09, 0x09, 0x0a, 0xfb, 0x16,
    0x00, 0xef, 0x02, 0xfb, 0x05, 0x05, 0x02, 0x03, 0x0b, 0xfa, 0xfc, 0xfd,
    0x05, 0x10, 0x00, 0x06, 0x0a, 0xfb, 0x08, 0x05, 0x05, 0x0d, 0x0f, 0x18,
    0x0a, 0x00, 0x0b, 0x04, 0x08, 0x0c, 0x16, 0x10, 0x20, 0x0e, 0x16, 0x02,
    0x02, 0x0a, 0x13, 0x20, 0x14, 0x16, 0x16, 0x01, 0xfa, 0xff, 0x0c, 0x05,
    0x0f, 0x02, 0x0f, 0xfe, 0x00, 0xff, 0x0f, 0xfe, 0x09, 0xfd, 0x0f, 0x04,
    0x01, 0xfc, 0x07, 0xee, 0x0b, 0xf1, 0x15, 0xff, 0x07, 0x01, 0x1b, 0xf8,
    0x05, 0xf7, 0x03, 0xff, 0x02, 0x05, 0x04, 0x0a, 0x04, 0xfe, 0xfe, 0xfe,
    0x03, 0x01, 0xe3, 0xf0, 0x03, 0xff, 0xf8, 0xfd, 0xeb, 0x0a, 0xcf, 0x07,
    0xee, 0xf7, 0xf7, 0xff, 0x05, 0xfd, 0xea, 0xe2, 0x02, 0x06, 0xed, 0xf6,
    0xfa, 0xec, 0xeb, 0x0c, 0x08, 0x03, 0xea, 0xfb, 0xfb, 0xf2, 0xf3, 0xf3,
    0x01, 0x01, 0xf1, 0x01, 0x13, 0xfa, 0xf7, 0xe5, 0xf8, 0xeb, 0xfb, 0x02,
    0x0e, 0x03, 0xf9, 0xec, 0xe4, 0xfc, 0xe2, 0xfd, 0x03, 0x0f, 0xf5, 0xee,
    0xe8, 0xfc, 0xe9, 0xfe, 0x0a, 0xfa, 0xf5, 0xe7, 0xeb, 0xff, 0xeb, 0xfe,
    0x09, 0x12, 0xfb, 0x10, 0xe7, 0xe9, 0xfb, 0xfa, 0x0a, 0x02, 0xfd, 0xe9,
    0xf8, 0xfa, 0xfb, 0x01, 0x0e, 0x05, 0x02, 0xef, 0xf6, 0xf6, 0xff, 0x04,
    0x13, 0x0e, 0x0d, 0x10, 0x0a, 0xfe, 0x0f, 0x05, 0x0f, 0x01, 0x07, 0x23,
    0x17, 0x1d, 0x08, 0xff, 0xfd, 0x09, 0x09, 0x11, 0x10, 0x16, 0x10, 0xfd,
    0xf8, 0xfe, 0x06, 0xfc, 0x15, 0x0e, 0x0f, 0xfd, 0xf6, 0xfe, 0x08, 0xfd,
    0x09, 0x03, 0x09, 0x02, 0xfe, 0x05, 0x08, 0xf7, 0xff, 0xfc, 0x0f, 0x01,
    0x00, 0xff, 0x0e, 0xea, 0xed, 0xfc, 0x0f, 0x00, 0xfd, 0x01, 0x03, 0x16,
    0xfd, 0x01, 0xfa, 0x01, 0x0e, 0x08, 0xe8, 0xf2, 0x07, 0x02, 0xf2, 0x05,
    0xfe, 0x08, 0xcf, 0x05, 0xeb, 0xf5, 0xf2, 0x00, 0xf9, 0xf2, 0xee, 0xe0,
    0x07, 0xff, 0xeb, 0xff, 0xf3, 0xf5, 0xf2, 0xff, 0x01, 0xfb, 0xe9, 0xfa,
    0xf7, 0xec, 0xee, 0xe8, 0x08, 0x0d, 0xf0, 0x01, 0xff, 0xf6, 0xfd, 0xda,
    0xec, 0xe8, 0xf1, 0x08, 0x0a, 0x06, 0xfc, 0xe9, 0xec, 0xf8, 0xdf, 0x00,
    0x0b, 0xfa, 0xfa, 0xf0, 0xec, 0xfa, 0xee, 0x04, 0x04, 0xfc, 0xfe, 0xec,
    0xf2, 0xfd, 0xdd, 0xfd, 0x08, 0x0d, 0x07, 0x0c, 0xec, 0xf5, 0xf1, 0x01,
    0x0d, 0x07, 0x07, 0xf2, 0x06, 0x02, 0x06, 0xfb, 0x03, 0x0e, 0x01, 0xfe,
    0x0b, 0xee, 0x06, 0x02, 0x0a, 0x0d, 0x07, 0x16, 0x10, 0x05, 0x03, 0x04,
    0x0d, 0x03, 0x05, 0x1c, 0x1d, 0x16, 0x16, 0xfa, 0xff, 0x06, 0x03, 0x1c,
    0x20, 0x16, 0x0d, 0xfe, 0xfe, 0xfc, 0x0b, 0x0b, 0x15, 0x07, 0x0a, 0xfd,
    0xf7, 0xfe, 0x06, 0xf6, 0x04, 0xfc, 0x0f, 0x03, 0x05, 0x02, 0x01, 0x00,
    0x12, 0xfc, 0xff, 0x05, 0x00, 0xfd, 0xf9, 0x07, 0xf9, 0xfd, 0x14, 0xfb,
    0xfd, 0x01, 0xf9, 0x20, 0x00, 0x03, 0xf9, 0x03, 0xf9, 0xf8, 0xee, 0xeb,
    0x04, 0x03, 0xec, 0xf6, 0xf6, 0x06, 0xd0, 0x0e, 0xe3, 0xf0, 0xee, 0xff,
    0xf9, 0xfa, 0xe9, 0xe6, 0x06, 0xfb, 0xee, 0xfe, 0xee, 0xfa, 0xeb, 0x0c,
    0xf8, 0xfb, 0xf8, 0xfc, 0xfc, 0xf4, 0xf1, 0xed, 0xfc, 0x0b, 0xed, 0x01,
    0x05, 0xf1, 0xf5, 0xf1, 0xe9, 0xec, 0xf3, 0xfb, 0x03, 0x01, 0xfc, 0xe7,
    0xeb, 0xf6, 0xed, 0xf7, 0x03, 0x01, 0x06, 0xf4, 0xe8, 0x08, 0xed, 0x02,
    0x03, 0xfd, 0xfc, 0xf0, 0xed, 0xfc, 0xeb, 0x02, 0x07, 0x09, 0xfb, 0x12,
    0xec, 0x02, 0xfb, 0xfc, 0x06, 0x0b, 0xf9, 0xf6, 0x03, 0x00, 0xf7, 0x06,
    0x10, 0x09, 0xf9, 0x05, 0xf8, 0xf3, 0xfa, 0x00, 0x07, 0x0f, 0xfc, 0x16,
    0x12, 0x01, 0x0d, 0xfc, 0x07, 0x08, 0xf8, 0x0a, 0x25, 0x19, 0xfe, 0xfd,
    0x03, 0x08, 0xff, 0x25, 0x1e, 0x11, 0x0b, 0x04, 0xfb, 0xfd, 0xfa, 0x09,
    0x17, 0x0d, 0xfe, 0x04, 0x00, 0x05, 0xfe, 0x09, 0x0a, 0xf8, 0x03, 0x01,
    0x00, 0x05, 0x06, 0x08, 0x06, 0xf6, 0x0a, 0x02, 0xfc, 0x03, 0xfd, 0xec,
    0xef, 0xf6, 0x14, 0x02, 0xff, 0x01, 0xfd, 0x10, 0x00, 0xff, 0x05, 0xf6,
    0x06, 0x06, 0xf4, 0xe8, 0x05, 0x09, 0xe2, 0xf5, 0xfb, 0x03, 0xe3, 0x06,
    0xe7, 0xfe, 0xf0, 0x03, 0xfe, 0xfb, 0xef, 0xda, 0x02, 0x01, 0xf2, 0xf6,
    0xf3, 0xfc, 0xfa, 0x04, 0xef, 0xf5, 0xf3, 0xfd, 0xfd, 0xf9, 0xf3, 0xf8,
    0xf7, 0x01, 0xef, 0x04, 0x07, 0xfd, 0xf8, 0xf5, 0xe9, 0xf4, 0x04, 0x01,
    0xfb, 0x08, 0x01, 0xec, 0xf6, 0xfb, 0xfa, 0x01, 0xfb, 0xfe, 0xfc, 0xf5,
    0xf2, 0x05, 0xfd, 0x04, 0x06, 0xfd, 0xff, 0xf6, 0xf7, 0x00, 0xf5, 0x04,
    0x0e, 0x02, 0xff, 0x1c, 0xfd, 0x00, 0x01, 0x03, 0x12, 0x0d, 0x03, 0xfa,
    0xff, 0x00, 0x0b, 0x03, 0x0a, 0x0d, 0xf8, 0x07, 0xf9, 0xf8, 0x0c, 0x05,
    0x01, 0x09, 0xf5, 0x1d, 0x1b, 0x00, 0x0e, 0x03, 0x01, 0x08, 0xfd, 0x20,
    0x28, 0x11, 0x13, 0xfe, 0xfa, 0xfb, 0xf7, 0x24, 0x1c, 0x11, 0x0e, 0x00,
    0xf2, 0xfd, 0xf8, 0x09, 0x20, 0x0a, 0xfa, 0xfc, 0xfe, 0x06, 0xf7, 0x07,
    0x14, 0x00, 0xfa, 0x04, 0xff, 0x06, 0xf4, 0x16, 0xfa, 0x02, 0x03, 0xff,
    0x03, 0xfd, 0xfa, 0xfc, 0xfe, 0xf7, 0xfb, 0xfe, 0x02, 0xfb, 0x01, 0x18,
    0xfc, 0x02, 0x0b, 0xf7, 0x03, 0x0b, 0xf5, 0xee, 0x01, 0x04, 0xeb, 0xfb,
    0x04, 0x00, 0xdc, 0x03, 0xe3, 0xf6, 0xf6, 0xfc, 0xfc, 0xfd, 0xec, 0xd9,
    0xfb, 0xfe, 0xf8, 0xfd, 0xfb, 0xfd, 0xfb, 0x01, 0xef, 0xf8, 0xe6, 0x02,
    0xf6, 0xff, 0xf5, 0xf3, 0x00, 0x0e, 0xf8, 0x00, 0xf8, 0xff, 0xf6, 0xf1,
    0xfd, 0xf0, 0xf6, 0xfe, 0x09, 0x03, 0xfe, 0xea, 0xef, 0xff, 0xf1, 0x01,
    0x00, 0x07, 0xf9, 0xfb, 0x08, 0x05, 0xf0, 0xfb, 0x05, 0x03, 0x02, 0xf3,
    0x08, 0x03, 0xed, 0xfc, 0x00, 0x00, 0x06, 0x1b, 0xf0, 0x0a, 0xf2, 0x02,
    0x10, 0x07, 0xfe, 0x05, 0x07, 0xff, 0xfb, 0x04, 0x04, 0x11, 0xfc, 0xff,
    0x01, 0x02, 0xf4, 0x0a, 0x12, 0x08, 0xfa, 0x1b, 0x0d, 0x00, 0x05, 0x01,
    0x09, 0x15, 0xff, 0x17, 0x1c, 0x0d, 0xfd, 0x00, 0xf6, 0x04, 0xf8, 0x23,
    0x16, 0x0a, 0x04, 0x05, 0xfe, 0xfa, 0xfa, 0x08, 0x0e, 0x09, 0xf5, 0x00,
    0xf8, 0xff, 0xf8, 0xfb, 0x07, 0xff, 0xf5, 0xfc, 0x04, 0x04, 0xfe, 0x06,
    0xe7, 0x02, 0x07, 0x01, 0x00, 0x00, 0xf5, 0xfd, 0xf6, 0x04, 0xfd, 0xfe,
    0x01, 0xfa, 0xf8, 0x16, 0x00, 0xff, 0x02, 0xfd, 0x0e, 0x09, 0xf4, 0xf0,
    0x02, 0x02, 0xf0, 0xfb, 0x05, 0x05, 0xe9, 0x08, 0xe6, 0xf8, 0xf2, 0xff,
    0x07, 0xfc, 0xfe, 0xe2, 0x04, 0x03, 0x02, 0x01, 0xfa, 0xfe, 0xff, 0x03,
    0xf0, 0xfd, 0xf0, 0x00, 0xfb, 0xfc, 0xff, 0xfc, 0x01, 0x09, 0xf7, 0x02,
    0x01, 0x01, 0xf8, 0xf7, 0xf3, 0xf2, 0xf7, 0xff, 0x07, 0x05, 0xfe, 0xf6,
    0xf1, 0x02, 0xf9, 0xfc, 0x06, 0x02, 0xfc, 0xfe, 0x00, 0xfe, 0xfc, 0x04,
    0x06, 0x09, 0xfa, 0x00, 0x00, 0x0a, 0xf2, 0x04, 0x03, 0x08, 0x06, 0x18,
    0xfb, 0x08, 0xff, 0xfb, 0x0d, 0x07, 0xff, 0x03, 0xff, 0x09, 0xfa, 0x01,
    0x05, 0x09, 0x05, 0xff, 0xf4, 0x03, 0x00, 0x06, 0x0f, 0xff, 0xf8, 0x19,
    0x0e, 0x02, 0x04, 0x02, 0x0b, 0x0a, 0xfe, 0x0a, 0x1f, 0x15, 0xf6, 0x05,
    0x00, 0xfd, 0xfd, 0x14, 0x17, 0x12, 0x08, 0x00, 0x01, 0xfc, 0xf4, 0x05,
    0x16, 0x0a, 0xf5, 0xfd, 0xff, 0x00, 0xfb, 0xfe, 0x09, 0x02, 0x06, 0xff,
    0xfd, 0x06, 0xfe, 0x0e, 0xec, 0xfd, 0xfb, 0xff, 0x04, 0xff, 0xf6, 0x00,
    0xec, 0x03, 0xf4, 0x02, 0x03, 0x02, 0xff, 0x0e, 0x00, 0x01, 0xfb, 0xf8,
    0x01, 0x0b, 0xf1, 0xf6, 0x02, 0xfd, 0xed, 0x05, 0xff, 0x07, 0xe9, 0x09,
    0xde, 0xf8, 0xff, 0x01, 0x07, 0xf8, 0xf6, 0xe0, 0x03, 0x0a, 0xfe, 0xfe,
    0xf8, 0x04, 0xf6, 0x04, 0xea, 0x05, 0xf4, 0xfd, 0x08, 0xf3, 0xf5, 0xfd,
    0x11, 0x13, 0xfd, 0xfe, 0xf8, 0xff, 0xf9, 0xf1, 0xf3, 0xf8, 0xfe, 0x06,
    0xff, 0xf9, 0xfb, 0xf0, 0xf6, 0x05, 0xee, 0xff, 0x06, 0xfc, 0xf8, 0xf7,
    0xf7, 0xff, 0xf1, 0x03, 0x0b, 0x07, 0xf7, 0xf5, 0xf8, 0xf5, 0xee, 0xfd,
    0xfd, 0x04, 0xff, 0x09, 0xe8, 0xf9, 0xfd, 0xf8, 0x11, 0xff, 0xf4, 0x0e,
    0x0e, 0x10, 0xfb, 0x02, 0x0b, 0x06, 0xf7, 0x02, 0xfa, 0x01, 0x07, 0x03,
    0x10, 0x05, 0xfa, 0x19, 0xfc, 0x0d, 0x01, 0xfd, 0x07, 0x04, 0xfc, 0x03,
    0x1a, 0x11, 0xfd, 0xfa, 0xf8, 0xfc, 0xf8, 0x1a, 0x13, 0x07, 0x01, 0xfc,
    0xff, 0xf9, 0x01, 0x06, 0x11, 0x08, 0xeb, 0x01, 0xfd, 0x03, 0xfe, 0xfd,
    0x08, 0xfb, 0xf9, 0xfb, 0x00, 0x02, 0x03, 0x0c, 0xee, 0x04, 0x0c, 0xff,
    0xfb, 0x03, 0xfe, 0xfe, 0xed, 0xfe, 0x08, 0x00, 0xfe, 0xfe, 0x04, 0x0c,
    0xff, 0x03, 0x0d, 0x00, 0x09, 0x0c, 0xf4, 0xf2, 0xff, 0xfd, 0xf2, 0x00,
    0x05, 0x02, 0xdf, 0x0e, 0xf1, 0x02, 0xf6, 0xf9, 0x06, 0xf8, 0xf0, 0xf3,
    0x02, 0x07, 0xf3, 0xfa, 0x00, 0x07, 0xf5, 0x11, 0x01, 0xfe, 0xed, 0xf9,
    0xfa, 0xf5, 0xf4, 0x00, 0x09, 0x19, 0xff, 0x02, 0xf6, 0x04, 0xf2, 0xfa,
    0xf7, 0x02, 0xf7, 0x04, 0xfe, 0x07, 0xf0, 0xf9, 0xf8, 0x01, 0xf6, 0xfb,
    0x03, 0x00, 0xfa, 0xf5, 0xff, 0xfb, 0xf5, 0x06, 0xfa, 0x02, 0xfd, 0xf6,
    0xfc, 0xfe, 0xed, 0xff, 0x09, 0x0c, 0xfc, 0x13, 0xf9, 0xfc, 0xfb, 0x02,
    0x0b, 0x01, 0x00, 0x08, 0x07, 0x0a, 0xfb, 0x04, 0x11, 0x06, 0xff, 0x06,
    0xfb, 0x09, 0x01, 0x01, 0x06, 0x00, 0x03, 0x27, 0x09, 0x03, 0x00, 0x00,
    0x04, 0xfc, 0xfc, 0x0c, 0x14, 0x0a, 0x01, 0xff, 0x02, 0x02, 0xf7, 0x0f,
    0x15, 0x0c, 0xf7, 0xfc, 0xfc, 0x01, 0x05, 0xfc, 0x11, 0x0e, 0xf2, 0xfe,
    0x01, 0xfd, 0xfa, 0x08, 0x05, 0xfa, 0x00, 0x00, 0xfc, 0x06, 0x00, 0x11,
    0xf2, 0x00, 0xfd, 0x01, 0x04, 0x02, 0xf8, 0xf4, 0xed, 0xf8, 0xfc, 0x03,
    0x03, 0xfa, 0xff, 0x14, 0xff, 0x02, 0x12, 0xfe, 0x0b, 0x09, 0xf2, 0xf3,
    0x1b, 0x02, 0xf1, 0x00, 0x0b, 0x1f, 0x02, 0x00, 0xfc, 0xfa, 0xf8, 0xfd,
    0x06, 0xd2, 0x02, 0xf3, 0x02, 0x03, 0xfd, 0xfe, 0xfd, 0xdd, 0x05, 0x17,
    0xe6, 0x05, 0xf8, 0xff, 0x02, 0xe9, 0x03, 0x02, 0xf8, 0x12, 0xf9, 0xfa,
    0x02, 0xdb, 0xfb, 0xef, 0xe4, 0xff, 0xf9, 0x03, 0xfd, 0xef, 0xfd, 0xf1,
    0xef, 0xfe, 0xf6, 0x01, 0x02, 0xf8, 0x01, 0xdd, 0xf0, 0xf8, 0xff, 0xff,
    0x07, 0xef, 0x02, 0xef, 0xe3, 0xff, 0xef, 0xfb, 0x05, 0x11, 0x03, 0x1a,
    0xdc, 0xf8, 0x02, 0xfc, 0x02, 0x19, 0x00, 0x01, 0xf3, 0x06, 0xff, 0x02,
    0x01, 0x08, 0x01, 0xee, 0xe6, 0xfe, 0x01, 0xff, 0x04, 0xfd, 0x00, 0x15,
    0xf5, 0x01, 0xfe, 0x04, 0x01, 0x0d, 0x01, 0x05, 0x00, 0x10, 0x02, 0x02,
    0xff, 0x10, 0x02, 0x1e, 0xfa, 0x08, 0xff, 0x03, 0xf5, 0xee, 0x01, 0x00,
    0xf6, 0x07, 0xff, 0x04, 0xfe, 0xfb, 0xff, 0xfe, 0xee, 0x02, 0x11, 0x00,
    0x03, 0x04, 0x04, 0xf1, 0xf5, 0xf8, 0x05, 0xfb, 0x03, 0x03, 0x02, 0x0b,
    0xf4, 0x00, 0x0b, 0xff, 0x00, 0x01, 0x02, 0x19, 0x0f, 0x00, 0x12, 0x05,
    0x08, 0x0e, 0xff, 0x03, 0x21, 0xfe, 0xfa, 0x02, 0x06, 0x10, 0x02, 0x13,
    0xff, 0x02, 0xfa, 0xfe, 0xfa, 0xed, 0x02, 0xf5, 0xff, 0x01, 0xfc, 0xfb,
    0xfe, 0xe9, 0x04, 0x09, 0xf1, 0x08, 0xf1, 0x05, 0x03, 0xf2, 0xfc, 0xf5,
    0x00, 0x19, 0xf9, 0xff, 0xfd, 0xe4, 0x00, 0xfb, 0xea, 0x06, 0x02, 0x02,
    0x01, 0xf3, 0x07, 0xf1, 0x00, 0xfe, 0xf7, 0xff, 0x07, 0xfd, 0xfe, 0xed,
    0xf6, 0x00, 0xec, 0x04, 0x03, 0xe6, 0x00, 0xe6, 0xfd, 0xfb, 0xfb, 0x03,
    0xfc, 0xff, 0xfe, 0x00, 0xed, 0xfc, 0xfb, 0x02, 0xff, 0x18, 0xfe, 0x06,
    0x0a, 0x01, 0x00, 0xff, 0x04, 0x03, 0x01, 0xf9, 0xff, 0x02, 0x0b, 0xfb,
    0x05, 0xf1, 0x00, 0x0a, 0x03, 0xfe, 0x09, 0x01, 0xff, 0xfc, 0x01, 0x0a,
    0x06, 0x09, 0x09, 0xff, 0x02, 0x18, 0xff, 0x1c, 0xff, 0x09, 0xf8, 0xfc,
    0x02, 0xfa, 0x00, 0x16, 0xfa, 0x0c, 0xf6, 0x05, 0x01, 0xfa, 0x03, 0x0c,
    0xf9, 0xfc, 0x0a, 0x04, 0x00, 0x17, 0xfc, 0x02, 0xfb, 0xfb, 0x0b, 0x02,
    0xff, 0xff, 0x00, 0x07, 0xf5, 0xff, 0x0c, 0xfc, 0x02, 0xf3, 0xfe, 0x12,
    0x14, 0x00, 0x01, 0x0a, 0x01, 0x19, 0xff, 0x0c, 0x0e, 0x01, 0xf6, 0xf4,
    0xfa, 0x04, 0xff, 0x03, 0xf6, 0xf8, 0xf7, 0xfe, 0x04, 0xf9, 0xff, 0xf8,
    0x0c, 0x0b, 0xf0, 0xf8, 0xfc, 0xe6, 0x01, 0x0a, 0xf6, 0x01, 0xf2, 0x04,
    0x00, 0xf6, 0x01, 0xf4, 0xf1, 0x14, 0xf1, 0x03, 0xfe, 0xd1, 0x00, 0xf2,
    0xf5, 0xf9, 0xfb, 0x01, 0xff, 0xf1, 0x02, 0xf1, 0xf6, 0xf8, 0xfe, 0xfe,
    0xff, 0xf6, 0x00, 0xe7, 0xfe, 0xf7, 0xfa, 0x02, 0x04, 0xdb, 0x00, 0xec,
    0xf2, 0xfc, 0x01, 0xfb, 0x03, 0xfb, 0x01, 0x00, 0xf6, 0x00, 0x0b, 0x01,
    0x07, 0x1d, 0xfe, 0x13, 0xf6, 0x02, 0xf7, 0xfb, 0xfe, 0x0b, 0x00, 0xff,
    0x05, 0xf6, 0x01, 0x05, 0x03, 0xf4, 0xfe, 0x1c, 0x06, 0xfb, 0x10, 0x05,
    0x04, 0x14, 0x01, 0x18, 0x03, 0x05, 0x0f, 0x01, 0xfe, 0x16, 0xfc, 0x1e,
    0x09, 0x0b, 0x0b, 0x01, 0x08, 0xfe, 0xfd, 0x08, 0xfb, 0x0a, 0xfb, 0xfc,
    0x01, 0xfb, 0xfe, 0x04, 0xfc, 0x04, 0x15, 0xfb, 0x02, 0x18, 0xfb, 0x00,
    0xfc, 0x00, 0x08, 0xfc, 0xfd, 0x03, 0x00, 0x0d, 0xf3, 0xfd, 0x1b, 0xfd,
    0x02, 0xfa, 0x01, 0x2c, 0x7a, 0xfe, 0xff, 0xff, 0x04, 0x00, 0x00, 0x00,
    0x14, 0x00, 0x00, 0x00, 0x21, 0x07, 0x00, 0x00, 0xa7, 0xfe, 0xff, 0xff,
    0x60, 0xfe, 0xff, 0xff, 0xf1, 0xfd, 0xff, 0xff, 0x65, 0xff, 0xff, 0xff,
    0x9a, 0xfe, 0xff, 0xff, 0x04, 0x00, 0x00, 0x00, 0x04, 0x00, 0x00, 0x00,
    0xa0, 0x0f, 0x00, 0x00, 0xaa, 0xfe, 0xff, 0xff, 0x04, 0x00, 0x00, 0x00,
    0x04, 0x00, 0x00, 0x00, 0x01, 0x00, 0x00, 0x00, 0xba, 0xfe, 0xff, 0xff,
    0x04, 0x00, 0x00, 0x00, 0x04, 0x00, 0x00, 0x00, 0x00, 0x00, 0x00, 0x00,
    0x18, 0xf6, 0xff, 0xff, 0x1c, 0xf6, 0xff, 0xff, 0x0f, 0x00, 0x00, 0x00,
    0x4d, 0x4c, 0x49, 0x52, 0x20, 0x43, 0x6f, 0x6e, 0x76, 0x65, 0x72, 0x74,
    0x65, 0x64, 0x2e, 0x00, 0x01, 0x00, 0x00, 0x00, 0x14, 0x00, 0x00, 0x00,
    0x00, 0x00, 0x0e, 0x00, 0x18, 0x00, 0x14, 0x00, 0x10, 0x00, 0x0c, 0x00,
    0x08, 0x00, 0x04, 0x00, 0x0e, 0x00, 0x00, 0x00, 0x14, 0x00, 0x00, 0x00,
    0x1c, 0x00, 0x00, 0x00, 0x0c, 0x02, 0x00, 0x00, 0x10, 0x02, 0x00, 0x00,
    0x14, 0x02, 0x00, 0x00, 0x04, 0x00, 0x00, 0x00, 0x6d, 0x61, 0x69, 0x6e,
    0x00, 0x00, 0x00, 0x00, 0x07, 0x00, 0x00, 0x00, 0xa0, 0x01, 0x00, 0x00,
    0x54, 0x01, 0x00, 0x00, 0xf4, 0x00, 0x00, 0x00, 0xb4, 0x00, 0x00, 0x00,
    0x8c, 0x00, 0x00, 0x00, 0x48, 0x00, 0x00, 0x00, 0x04, 0x00, 0x00, 0x00,
    0xce, 0xff, 0xff, 0xff, 0x14, 0x00, 0x00, 0x00, 0x00, 0x00, 0x00, 0x09,
    0x14, 0x00, 0x00, 0x00, 0x18, 0x00, 0x00, 0x00, 0x06, 0x00, 0x00, 0x00,
    0x5a, 0xff, 0xff, 0xff, 0x00, 0x00, 0x80, 0x3f, 0x01, 0x00, 0x00, 0x00,
    0x0e, 0x00, 0x00, 0x00, 0x01, 0x00, 0x00, 0x00, 0x0d, 0x00, 0x00, 0x00,
    0x00, 0x00, 0x0e, 0x00, 0x18, 0x00, 0x14, 0x00, 0x10, 0x00, 0x0c, 0x00,
    0x0b, 0x00, 0x04, 0x00, 0x0e, 0x00, 0x00, 0x00, 0x14, 0x00, 0x00, 0x00,
    0x00, 0x00, 0x00, 0x08, 0x10, 0x00, 0x00, 0x00, 0x14, 0x00, 0x00, 0x00,
    0x05, 0x00, 0x00, 0x00, 0xe8, 0xf6, 0xff, 0xff, 0x01, 0x00, 0x00, 0x00,
    0x0d, 0x00, 0x00, 0x00, 0x03, 0x00, 0x00, 0x00, 0x0c, 0x00, 0x00, 0x00,
    0x05, 0x00, 0x00, 0x00, 0x04, 0x00, 0x00, 0x00, 0x00, 0x00, 0x0a, 0x00,
    0x10, 0x00, 0x0c, 0x00, 0x08, 0x00, 0x04, 0x00, 0x0a, 0x00, 0x00, 0x00,
    0x0c, 0x00, 0x00, 0x00, 0x10, 0x00, 0x00, 0x00, 0x04, 0x00, 0x00, 0x00,
    0x01, 0x00, 0x00, 0x00, 0x0c, 0x00, 0x00, 0x00, 0x02, 0x00, 0x00, 0x00,
    0x08, 0x00, 0x00, 0x00, 0x0b, 0x00, 0x00, 0x00, 0x76, 0xff, 0xff, 0xff,
    0x1c, 0x00, 0x00, 0x00, 0x00, 0x00, 0x00, 0x3b, 0x1c, 0x00, 0x00, 0x00,
    0x20, 0x00, 0x00, 0x00, 0x03, 0x00, 0x00, 0x00, 0x00, 0x00, 0x06, 0x00,
    0x08, 0x00, 0x04, 0x00, 0x06, 0x00, 0x00, 0x00, 0x02, 0x00, 0x00, 0x00,
    0x01, 0x00, 0x00, 0x00, 0x0b, 0x00, 0x00, 0x00, 0x02, 0x00, 0x00, 0x00,
    0x0a, 0x00, 0x00, 0x00, 0x03, 0x00, 0x00, 0x00, 0xb2, 0xff, 0xff, 0xff,
    0x24, 0x00, 0x00, 0x00, 0x00, 0x00, 0x00, 0x20, 0x24, 0x00, 0x00, 0x00,
    0x28, 0x00, 0x00, 0x00, 0x02, 0x00, 0x00, 0x00, 0x00, 0x00, 0x0e, 0x00,
    0x08, 0x00, 0x00, 0x00, 0x00, 0x00, 0x00, 0x00, 0x00, 0x00, 0x04, 0x00,
    0x0e, 0x00, 0x00, 0x00, 0x01, 0x00, 0x00, 0x00, 0x01, 0x00, 0x00, 0x00,
    0x0a, 0x00, 0x00, 0x00, 0x04, 0x00, 0x00, 0x00, 0x09, 0x00, 0x00, 0x00,
    0x01, 0x00, 0x00, 0x00, 0x02, 0x00, 0x00, 0x00, 0x02, 0x00, 0x00, 0x00,
    0x00, 0x00, 0x0e, 0x00, 0x1a, 0x00, 0x14, 0x00, 0x10, 0x00, 0x0c, 0x00,
    0x0b, 0x00, 0x04, 0x00, 0x0e, 0x00, 0x00, 0x00, 0x1c, 0x00, 0x00, 0x00,
    0x00, 0x00, 0x00, 0x37, 0x1c, 0x00, 0x00, 0x00, 0x20, 0x00, 0x00, 0x00,
    0x01, 0x00, 0x00, 0x00, 0x00, 0x00, 0x06, 0x00, 0x08, 0x00, 0x07, 0x00,
    0x06, 0x00, 0x00, 0x00, 0x00, 0x00, 0x00, 0x02, 0x01, 0x00, 0x00, 0x00,
    0x09, 0x00, 0x00, 0x00, 0x01, 0x00, 0x00, 0x00, 0x08, 0x00, 0x00, 0x00,
    0x00, 0x00, 0x0e, 0x00, 0x16, 0x00, 0x00, 0x00, 0x10, 0x00, 0x0c, 0x00,
    0x0b, 0x00, 0x04, 0x00, 0x0e, 0x00, 0x00, 0x00, 0x20, 0x00, 0x00, 0x00,
    0x00, 0x00, 0x00, 0x02, 0x2c, 0x00, 0x00, 0x00, 0x30, 0x00, 0x00, 0x00,
    0x00, 0x00, 0x0e, 0x00, 0x14, 0x00, 0x00, 0x00, 0x10, 0x00, 0x0c, 0x00,
    0x08, 0x00, 0x07, 0x00, 0x0e, 0x00, 0x00, 0x00, 0x00, 0x00, 0x00, 0x01,
    0x08, 0x00, 0x00, 0x00, 0x02, 0x00, 0x00, 0x00, 0x02, 0x00, 0x00, 0x00,
    0x01, 0x00, 0x00, 0x00, 0x08, 0x00, 0x00, 0x00, 0x03, 0x00, 0x00, 0x00,
    0x00, 0x00, 0x00, 0x00, 0x07, 0x00, 0x00, 0x00, 0x06, 0x00, 0x00, 0x00,
    0x01, 0x00, 0x00, 0x00, 0x0e, 0x00, 0x00, 0x00, 0x01, 0x00, 0x00, 0x00,
    0x00, 0x00, 0x00, 0x00, 0x0f, 0x00, 0x00, 0x00, 0xe0, 0x07, 0x00, 0x00,
    0x68, 0x07, 0x00, 0x00, 0x10, 0x07, 0x00, 0x00, 0xbc, 0x06, 0x00, 0x00,
    0x1c, 0x06, 0x00, 0x00, 0x80, 0x05, 0x00, 0x00, 0x6c, 0x04, 0x00, 0x00,
    0x88, 0x03, 0x00, 0x00, 0x8c, 0x02, 0x00, 0x00, 0x40, 0x02, 0x00, 0x00,
    0xf0, 0x01, 0x00, 0x00, 0x9c, 0x01, 0x00, 0x00, 0x1c, 0x01, 0x00, 0x00,
    0x80, 0x00, 0x00, 0x00, 0x04, 0x00, 0x00, 0x00, 0x72, 0xf8, 0xff, 0xff,
    0x00, 0x00, 0x00, 0x01, 0x18, 0x00, 0x00, 0x00, 0x20, 0x00, 0x00, 0x00,
    0x3c, 0x00, 0x00, 0x00, 0x0f, 0x00, 0x00, 0x00, 0x00, 0x00, 0x00, 0x09,
    0x50, 0x00, 0x00, 0x00, 0x02, 0x00, 0x00, 0x00, 0xff, 0xff, 0xff, 0xff,
    0x05, 0x00, 0x00, 0x00, 0x54, 0xf8, 0xff, 0xff, 0x08, 0x00, 0x00, 0x00,
    0x10, 0x00, 0x00, 0x00, 0x01, 0x00, 0x00, 0x00, 0x80, 0xff, 0xff, 0xff,
    0xff, 0xff, 0xff, 0xff, 0x01, 0x00, 0x00, 0x00, 0x00, 0x00, 0x80, 0x3b,
    0x1b, 0x00, 0x00, 0x00, 0x53, 0x74, 0x61, 0x74, 0x65, 0x66, 0x75, 0x6c,
    0x50, 0x61, 0x72, 0x74, 0x69, 0x74, 0x69, 0x6f, 0x6e, 0x65, 0x64, 0x43,
    0x61, 0x6c, 0x6c, 0x5f, 0x31, 0x3a, 0x30, 0x00, 0x02, 0x00, 0x00, 0x00,
    0x01, 0x00, 0x00, 0x00, 0x05, 0x00, 0x00, 0x00, 0xea, 0xf8, 0xff, 0xff,
    0x00, 0x00, 0x00, 0x01, 0x18, 0x00, 0x00, 0x00, 0x20, 0x00, 0x00, 0x00,
    0x3c, 0x00, 0x00, 0x00, 0x0e, 0x00, 0x00, 0x00, 0x00, 0x00, 0x00, 0x09,
    0x70, 0x00, 0x00, 0x00, 0x02, 0x00, 0x00, 0x00, 0xff, 0xff, 0xff, 0xff,
    0x05, 0x00, 0x00, 0x00, 0xcc, 0xf8, 0xff, 0xff, 0x08, 0x00, 0x00, 0x00,
    0x10, 0x00, 0x00, 0x00, 0x01, 0x00, 0x00, 0x00, 0x22, 0x00, 0x00, 0x00,
    0x00, 0x00, 0x00, 0x00, 0x01, 0x00, 0x00, 0x00, 0xed, 0x7c, 0x95, 0x3e,
    0x38, 0x00, 0x00, 0x00, 0x74, 0x69, 0x6e, 0x79, 0x5f, 0x63, 0x6f, 0x6e,
    0x76, 0x5f, 0x31, 0x2f, 0x6c, 0x6f, 0x67, 0x69, 0x74, 0x73, 0x5f, 0x31,
    0x2f, 0x4d, 0x61, 0x74, 0x4d, 0x75, 0x6c, 0x3b, 0x74, 0x69, 0x6e, 0x79,
    0x5f, 0x63, 0x6f, 0x6e, 0x76, 0x5f, 0x31, 0x2f, 0x6c, 0x6f, 0x67, 0x69,
    0x74, 0x73, 0x5f, 0x31, 0x2f, 0x42, 0x69, 0x61, 0x73, 0x41, 0x64, 0x64,
    0x00, 0x00, 0x00, 0x00, 0x02, 0x00, 0x00, 0x00, 0x01, 0x00, 0x00, 0x00,
    0x05, 0x00, 0x00, 0x00, 0x82, 0xf9, 0xff, 0xff, 0x00, 0x00, 0x00, 0x01,
    0x18, 0x00, 0x00, 0x00, 0x20, 0x00, 0x00, 0x00, 0x3c, 0x00, 0x00, 0x00,
    0x0d, 0x00, 0x00, 0x00, 0x00, 0x00, 0x00, 0x09, 0x54, 0x00, 0x00, 0x00,
    0x02, 0x00, 0x00, 0x00, 0xff, 0xff, 0xff, 0xff, 0xa0, 0x0f, 0x00, 0x00,
    0x64, 0xf9, 0xff, 0xff, 0x08, 0x00, 0x00, 0x00, 0x10, 0x00, 0x00, 0x00,
    0x01, 0x00, 0x00, 0x00, 0x80, 0xff, 0xff, 0xff, 0xff, 0xff, 0xff, 0xff,
    0x01, 0x00, 0x00, 0x00, 0xea, 0xf7, 0x8f, 0x3c, 0x1d, 0x00, 0x00, 0x00,
    0x74, 0x69, 0x6e, 0x79, 0x5f, 0x63, 0x6f, 0x6e, 0x76, 0x5f, 0x31, 0x2f,
    0x66, 0x6c, 0x61, 0x74, 0x74, 0x65, 0x6e, 0x5f, 0x31, 0x2f, 0x52, 0x65,
    0x73, 0x68, 0x61, 0x70, 0x65, 0x00, 0x00, 0x00, 0x02, 0x00, 0x00, 0x00,
    0x01, 0x00, 0x00, 0x00, 0xa0, 0x0f, 0x00, 0x00, 0x72, 0xfa, 0xff, 0xff,
    0x00, 0x00, 0x00, 0x01, 0x14, 0x00, 0x00, 0x00, 0x14, 0x00, 0x00, 0x00,
    0x0c, 0x00, 0x00, 0x00, 0x00, 0x00, 0x00, 0x02, 0x30, 0x00, 0x00, 0x00,
    0x5c, 0xfa, 0xff, 0xff, 0x23, 0x00, 0x00, 0x00, 0x74, 0x69, 0x6e, 0x79,
    0x5f, 0x63, 0x6f, 0x6e, 0x76, 0x5f, 0x31, 0x2f, 0x66, 0x6c, 0x61, 0x74,
    0x74, 0x65, 0x6e, 0x5f, 0x31, 0x2f, 0x52, 0x65, 0x73, 0x68, 0x61, 0x70,
    0x65, 0x2f, 0x73, 0x68, 0x61, 0x70, 0x65, 0x00, 0x01, 0x00, 0x00, 0x00,
    0x02, 0x00, 0x00, 0x00, 0xc2, 0xfa, 0xff, 0xff, 0x00, 0x00, 0x00, 0x01,
    0x14, 0x00, 0x00, 0x00, 0x14, 0x00, 0x00, 0x00, 0x0b, 0x00, 0x00, 0x00,
    0x00, 0x00, 0x00, 0x02, 0x30, 0x00, 0x00, 0x00, 0xac, 0xfa, 0xff, 0xff,
    0x23, 0x00, 0x00, 0x00, 0x74, 0x69, 0x6e, 0x79, 0x5f, 0x63, 0x6f, 0x6e,
    0x76, 0x5f, 0x31, 0x2f, 0x66, 0x6c, 0x61, 0x74, 0x74, 0x65, 0x6e, 0x5f,
    0x31, 0x2f, 0x73, 0x74, 0x72, 0x69, 0x64, 0x65, 0x64, 0x5f, 0x73, 0x6c,
    0x69, 0x63, 0x65, 0x00, 0x00, 0x00, 0x00, 0x00, 0x0e, 0xfb, 0xff, 0xff,
    0x00, 0x00, 0x00, 0x01, 0x14, 0x00, 0x00, 0x00, 0x14, 0x00, 0x00, 0x00,
    0x0a, 0x00, 0x00, 0x00, 0x00, 0x00, 0x00, 0x02, 0x28, 0x00, 0x00, 0x00,
    0xf8, 0xfa, 0xff, 0xff, 0x1b, 0x00, 0x00, 0x00, 0x74, 0x69, 0x6e, 0x79,
    0x5f, 0x63, 0x6f, 0x6e, 0x76, 0x5f, 0x31, 0x2f, 0x66, 0x6c, 0x61, 0x74,
    0x74, 0x65, 0x6e, 0x5f, 0x31, 0x2f, 0x53, 0x68, 0x61, 0x70, 0x65, 0x00,
    0x01, 0x00, 0x00, 0x00, 0x04, 0x00, 0x00, 0x00, 0xe2, 0xfa, 0xff, 0xff,
    0x00, 0x00, 0x00, 0x01, 0x18, 0x00, 0x00, 0x00, 0x28, 0x00, 0x00, 0x00,
    0x44, 0x00, 0x00, 0x00, 0x09, 0x00, 0x00, 0x00, 0x00, 0x00, 0x00, 0x09,
    0xb0, 0x00, 0x00, 0x00, 0x04, 0x00, 0x00, 0x00, 0xff, 0xff, 0xff, 0xff,
    0x19, 0x00, 0x00, 0x00, 0x14, 0x00, 0x00, 0x00, 0x08, 0x00, 0x00, 0x00,
    0xcc, 0xfa, 0xff, 0xff, 0x08, 0x00, 0x00, 0x00, 0x10, 0x00, 0x00, 0x00,
    0x01, 0x00, 0x00, 0x00, 0x80, 0xff, 0xff, 0xff, 0xff, 0xff, 0xff, 0xff,
    0x01, 0x00, 0x00, 0x00, 0xea, 0xf7, 0x8f, 0x3c, 0x73, 0x00, 0x00, 0x00,
    0x74, 0x69, 0x6e, 0x79, 0x5f, 0x63, 0x6f, 0x6e, 0x76, 0x5f, 0x31, 0x2f,
    0x64, 0x77, 0x63, 0x6f, 0x6e, 0x76, 0x5f, 0x31, 0x2f, 0x52, 0x65, 0x6c,
    0x75, 0x3b, 0x74, 0x69, 0x6e, 0x79, 0x5f, 0x63, 0x6f, 0x6e, 0x76, 0x5f,
    0x31, 0x2f, 0x64, 0x77, 0x63, 0x6f, 0x6e, 0x76, 0x5f, 0x31, 0x2f, 0x42,
    0x69, 0x61, 0x73, 0x41, 0x64, 0x64, 0x3b, 0x74, 0x69, 0x6e, 0x79, 0x5f,
    0x63, 0x6f, 0x6e, 0x76, 0x5f, 0x31, 0x2f, 0x64, 0x77, 0x63, 0x6f, 0x6e,
    0x76, 0x5f, 0x31, 0x2f, 0x64, 0x65, 0x70, 0x74, 0x68, 0x77, 0x69, 0x73,
    0x65, 0x3b, 0x74, 0x69, 0x6e, 0x79, 0x5f, 0x63, 0x6f, 0x6e, 0x76, 0x5f,
    0x31, 0x2f, 0x64, 0x77, 0x63, 0x6f, 0x6e, 0x76, 0x5f, 0x31, 0x2f, 0x53,
    0x71, 0x75, 0x65, 0x65, 0x7a, 0x65, 0x31, 0x00, 0x04, 0x00, 0x00, 0x00,
    0x01, 0x00, 0x00, 0x00, 0x19, 0x00, 0x00, 0x00, 0x14, 0x00, 0x00, 0x00,
    0x08, 0x00, 0x00, 0x00, 0x00, 0x00, 0x16, 0x00, 0x1e, 0x00, 0x18, 0x00,
    0x17, 0x00, 0x10, 0x00, 0x0c, 0x00, 0x08, 0x00, 0x00, 0x00, 0x00, 0x00,
    0x00, 0x00, 0x07, 0x00, 0x16, 0x00, 0x00, 0x00, 0x00, 0x00, 0x00, 0x01,
    0x28, 0x00, 0x00, 0x00, 0x9c, 0x00, 0x00, 0x00, 0x08, 0x00, 0x00, 0x00,
    0x00, 0x00, 0x00, 0x09, 0xb4, 0x00, 0x00, 0x00, 0x00, 0x00, 0x12, 0x00,
    0x10, 0x00, 0x00, 0x00, 0x00, 0x00, 0x0c, 0x00, 0x08, 0x00, 0x00, 0x00,
    0x00, 0x00, 0x04, 0x00, 0x12, 0x00, 0x00, 0x00, 0x03, 0x00, 0x00, 0x00,
    0x08, 0x00, 0x00, 0x00, 0x48, 0x00, 0x00, 0x00, 0x08, 0x00, 0x00, 0x00,
    0x00, 0x00, 0x00, 0x00, 0x00, 0x00, 0x00, 0x00, 0x00, 0x00, 0x00, 0x00,
    0x00, 0x00, 0x00, 0x00, 0x00, 0x00, 0x00, 0x00, 0x00, 0x00, 0x00, 0x00,
    0x00, 0x00, 0x00, 0x00, 0x00, 0x00, 0x00, 0x00, 0x00, 0x00, 0x00, 0x00,
    0x00, 0x00, 0x00, 0x00, 0x00, 0x00, 0x00, 0x00, 0x00, 0x00, 0x00, 0x00,
    0x00, 0x00, 0x00, 0x00, 0x00, 0x00, 0x00, 0x00, 0x00, 0x00, 0x00, 0x00,
    0x00, 0x00, 0x00, 0x00, 0x08, 0x00, 0x00, 0x00, 0x27, 0x19, 0xb0, 0x3a,
    0x72, 0xda, 0x08, 0x3b, 0xde, 0x0e, 0x4a, 0x3b, 0x1a, 0xc0, 0xb7, 0x3a,
    0xce, 0xce, 0xde, 0x3a, 0x3a, 0xcc, 0xe6, 0x3a, 0x5f, 0x8f, 0xcf, 0x3a,
    0x7d, 0xfb, 0xda, 0x3a, 0x1e, 0x00, 0x00, 0x00, 0x74, 0x69, 0x6e, 0x79,
    0x5f, 0x63, 0x6f, 0x6e, 0x76, 0x5f, 0x31, 0x2f, 0x64, 0x77, 0x63, 0x6f,
    0x6e, 0x76, 0x5f, 0x31, 0x2f, 0x64, 0x65, 0x70, 0x74, 0x68, 0x77, 0x69,
    0x73, 0x65, 0x00, 0x00, 0x04, 0x00, 0x00, 0x00, 0x01, 0x00, 0x00, 0x00,
    0x0a, 0x00, 0x00, 0x00, 0x08, 0x00, 0x00, 0x00, 0x08, 0x00, 0x00, 0x00,
    0x2e, 0xfd, 0xff, 0xff, 0x00, 0x00, 0x00, 0x01, 0x14, 0x00, 0x00, 0x00,
    0x84, 0x00, 0x00, 0x00, 0x07, 0x00, 0x00, 0x00, 0x00, 0x00, 0x00, 0x02,
    0xf0, 0x00, 0x00, 0x00, 0x8c, 0xfc, 0xff, 0xff, 0x08, 0x00, 0x00, 0x00,
    0x48, 0x00, 0x00, 0x00, 0x08, 0x00, 0x00, 0x00, 0x00, 0x00, 0x00, 0x00,
    0x00, 0x00, 0x00, 0x00, 0x00, 0x00, 0x00, 0x00, 0x00, 0x00, 0x00, 0x00,
    0x00, 0x00, 0x00, 0x00, 0x00, 0x00, 0x00, 0x00, 0x00, 0x00, 0x00, 0x00,
    0x00, 0x00, 0x00, 0x00, 0x00, 0x00, 0x00, 0x00, 0x00, 0x00, 0x00, 0x00,
    0x00, 0x00, 0x00, 0x00, 0x00, 0x00, 0x00, 0x00, 0x00, 0x00, 0x00, 0x00,
    0x00, 0x00, 0x00, 0x00, 0x00, 0x00, 0x00, 0x00, 0x00, 0x00, 0x00, 0x00,
    0x08, 0x00, 0x00, 0x00, 0xf2, 0xc9, 0x30, 0x37, 0xd6, 0x63, 0x89, 0x37,
    0xb9, 0xd9, 0xca, 0x37, 0x93, 0x78, 0x38, 0x37, 0x7d, 0xae, 0x5f, 0x37,
    0xef, 0xb3, 0x67, 0x37, 0xc0, 0x5f, 0x50, 0x37, 0x55, 0xd7, 0x5b, 0x37,
    0x72, 0x00, 0x00, 0x00, 0x74, 0x69, 0x6e, 0x79, 0x5f, 0x63, 0x6f, 0x6e,
    0x76, 0x5f, 0x31, 0x2f, 0x64, 0x77, 0x63, 0x6f, 0x6e, 0x76, 0x5f, 0x31,
    0x2f, 0x52, 0x65, 0x6c, 0x75, 0x3b, 0x74, 0x69, 0x6e, 0x79, 0x5f, 0x63,
    0x6f, 0x6e, 0x76, 0x5f, 0x31, 0x2f, 0x64, 0x77, 0x63, 0x6f, 0x6e, 0x76,
    0x5f, 0x31, 0x2f, 0x42, 0x69, 0x61, 0x73, 0x41, 0x64, 0x64, 0x3b, 0x74,
    0x69, 0x6e, 0x79, 0x5f, 0x63, 0x6f, 0x6e, 0x76, 0x5f, 0x31, 0x2f, 0x64,
    0x77, 0x63, 0x6f, 0x6e, 0x76, 0x5f, 0x31, 0x2f, 0x64, 0x65, 0x70, 0x74,
    0x68, 0x77, 0x69, 0x73, 0x65, 0x3b, 0x74, 0x69, 0x6e, 0x79, 0x5f, 0x63,
    0x6f, 0x6e, 0x76, 0x5f, 0x31, 0x2f, 0x64, 0x77, 0x63, 0x6f, 0x6e, 0x76,
    0x5f, 0x31, 0x2f, 0x53, 0x71, 0x75, 0x65, 0x65, 0x7a, 0x65, 0x00, 0x00,
    0x01, 0x00, 0x00, 0x00, 0x08, 0x00, 0x00, 0x00, 0x3e, 0xfe, 0xff, 0xff,
    0x00, 0x00, 0x00, 0x01, 0x14, 0x00, 0x00, 0x00, 0x60, 0x00, 0x00, 0x00,
    0x06, 0x00, 0x00, 0x00, 0x00, 0x00, 0x00, 0x09, 0x74, 0x00, 0x00, 0x00,
    0x9c, 0xfd, 0xff, 0xff, 0x08, 0x00, 0x00, 0x00, 0x30, 0x00, 0x00, 0x00,
    0x05, 0x00, 0x00, 0x00, 0x00, 0x00, 0x00, 0x00, 0x00, 0x00, 0x00, 0x00,
    0x00, 0x00, 0x00, 0x00, 0x00, 0x00, 0x00, 0x00, 0x00, 0x00, 0x00, 0x00,
    0x00, 0x00, 0x00, 0x00, 0x00, 0x00, 0x00, 0x00, 0x00, 0x00, 0x00, 0x00,
    0x00, 0x00, 0x00, 0x00, 0x00, 0x00, 0x00, 0x00, 0x05, 0x00, 0x00, 0x00,
    0x9b, 0x68, 0x98, 0x3b, 0x60, 0x51, 0x8e, 0x3b, 0xf8, 0x01, 0x94, 0x3b,
    0xe3, 0x67, 0xb3, 0x3b, 0xb3, 0xda, 0xcf, 0x3b, 0x1b, 0x00, 0x00, 0x00,
    0x74, 0x69, 0x6e, 0x79, 0x5f, 0x63, 0x6f, 0x6e, 0x76, 0x5f, 0x31, 0x2f,
    0x6c, 0x6f, 0x67, 0x69, 0x74, 0x73, 0x5f, 0x31, 0x2f, 0x4d, 0x61, 0x74,
    0x4d, 0x75, 0x6c, 0x00, 0x02, 0x00, 0x00, 0x00, 0x05, 0x00, 0x00, 0x00,
    0xa0, 0x0f, 0x00, 0x00, 0xd6, 0xfe, 0xff, 0xff, 0x00, 0x00, 0x00, 0x01,
    0x14, 0x00, 0x00, 0x00, 0x64, 0x00, 0x00, 0x00, 0x05, 0x00, 0x00, 0x00,
    0x00, 0x00, 0x00, 0x02, 0x7c, 0x00, 0x00, 0x00, 0x34, 0xfe, 0xff, 0xff,
    0x08, 0x00, 0x00, 0x00, 0x34, 0x00, 0x00, 0x00, 0x05, 0x00, 0x00, 0x00,
    0x00, 0x00, 0x00, 0x00, 0x00, 0x00, 0x00, 0x00, 0x00, 0x00, 0x00, 0x00,
    0x00, 0x00, 0x00, 0x00, 0x00, 0x00, 0x00, 0x00, 0x00, 0x00, 0x00, 0x00,
    0x00, 0x00, 0x00, 0x00, 0x00, 0x00, 0x00, 0x00, 0x00, 0x00, 0x00, 0x00,
    0x00, 0x00, 0x00, 0x00, 0x00, 0x00, 0x00, 0x00, 0x05, 0x00, 0x00, 0x00,
    0x0e, 0x6c, 0xab, 0x38, 0x8e, 0x12, 0xa0, 0x38, 0xdd, 0x78, 0xa6, 0x38,
    0x8a, 0xc9, 0xc9, 0x38, 0xe8, 0xc8, 0xe9, 0x38, 0x1c, 0x00, 0x00, 0x00,
    0x74, 0x69, 0x6e, 0x79, 0x5f, 0x63, 0x6f, 0x6e, 0x76, 0x5f, 0x31, 0x2f,
    0x6c, 0x6f, 0x67, 0x69, 0x74, 0x73, 0x5f, 0x31, 0x2f, 0x42, 0x69, 0x61,
    0x73, 0x41, 0x64, 0x64, 0x00, 0x00, 0x00, 0x00, 0x01, 0x00, 0x00, 0x00,
    0x05, 0x00, 0x00, 0x00, 0x72, 0xff, 0xff, 0xff, 0x00, 0x00, 0x00, 0x01,
    0x14, 0x00, 0x00, 0x00, 0x14, 0x00, 0x00, 0x00, 0x04, 0x00, 0x00, 0x00,
    0x00, 0x00, 0x00, 0x02, 0x34, 0x00, 0x00, 0x00, 0x5c, 0xff, 0xff, 0xff,
    0x25, 0x00, 0x00, 0x00, 0x74, 0x69, 0x6e, 0x79, 0x5f, 0x63, 0x6f, 0x6e,
    0x76, 0x5f, 0x31, 0x2f, 0x66, 0x6c, 0x61, 0x74, 0x74, 0x65, 0x6e, 0x5f,
    0x31, 0x2f, 0x52, 0x65, 0x73, 0x68, 0x61, 0x70, 0x65, 0x2f, 0x73, 0x68,
    0x61, 0x70, 0x65, 0x2f, 0x31, 0x00, 0x00, 0x00, 0x00, 0x00, 0x00, 0x00,
    0xc2, 0xff, 0xff, 0xff, 0x00, 0x00, 0x00, 0x01, 0x14, 0x00, 0x00, 0x00,
    0x14, 0x00, 0x00, 0x00, 0x03, 0x00, 0x00, 0x00, 0x00, 0x00, 0x00, 0x02,
    0x1c, 0x00, 0x00, 0x00, 0xac, 0xff, 0xff, 0xff, 0x0e, 0x00, 0x00, 0x00,
    0x61, 0x72, 0x69, 0x74, 0x68, 0x2e, 0x63, 0x6f, 0x6e, 0x73, 0x74, 0x61,
    0x6e, 0x74, 0x00, 0x00, 0x01, 0x00, 0x00, 0x00, 0x01, 0x00, 0x00, 0x00,
    0x00, 0x00, 0x16, 0x00, 0x1c, 0x00, 0x18, 0x00, 0x17, 0x00, 0x10, 0x00,
    0x0c, 0x00, 0x08, 0x00, 0x00, 0x00, 0x00, 0x00, 0x00, 0x00, 0x07, 0x00,
    0x16, 0x00, 0x00, 0x00, 0x00, 0x00, 0x00, 0x01, 0x18, 0x00, 0x00, 0x00,
    0x18, 0x00, 0x00, 0x00, 0x02, 0x00, 0x00, 0x00, 0x00, 0x00, 0x00, 0x02,
    0x3c, 0x00, 0x00, 0x00, 0x04, 0x00, 0x04, 0x00, 0x04, 0x00, 0x00, 0x00,
    0x29, 0x00, 0x00, 0x00, 0x74, 0x69, 0x6e, 0x79, 0x5f, 0x63, 0x6f, 0x6e,
    0x76, 0x5f, 0x31, 0x2f, 0x66, 0x6c, 0x61, 0x74, 0x74, 0x65, 0x6e, 0x5f,
    0x31, 0x2f, 0x73, 0x74, 0x72, 0x69, 0x64, 0x65, 0x64, 0x5f, 0x73, 0x6c,
    0x69, 0x63, 0x65, 0x2f, 0x73, 0x74, 0x61, 0x63, 0x6b, 0x00, 0x00, 0x00,
    0x01, 0x00, 0x00, 0x00, 0x01, 0x00, 0x00, 0x00, 0x00, 0x00, 0x16, 0x00,
    0x20, 0x00, 0x1c, 0x00, 0x1b, 0x00, 0x14, 0x00, 0x10, 0x00, 0x0c, 0x00,
    0x00, 0x00, 0x00, 0x00, 0x08, 0x00, 0x07, 0x00, 0x16, 0x00, 0x00, 0x00,
    0x00, 0x00, 0x00, 0x01, 0x18, 0x00, 0x00, 0x00, 0x34, 0x00, 0x00, 0x00,
    0x50, 0x00, 0x00, 0x00, 0x01, 0x00, 0x00, 0x00, 0x00, 0x00, 0x00, 0x09,
    0x60, 0x00, 0x00, 0x00, 0x04, 0x00, 0x00, 0x00, 0xff, 0xff, 0xff, 0xff,
    0x31, 0x00, 0x00, 0x00, 0x28, 0x00, 0x00, 0x00, 0x01, 0x00, 0x00, 0x00,
    0x0c, 0x00, 0x0c, 0x00, 0x00, 0x00, 0x00, 0x00, 0x08, 0x00, 0x04, 0x00,
    0x0c, 0x00, 0x00, 0x00, 0x08, 0x00, 0x00, 0x00, 0x10, 0x00, 0x00, 0x00,
    0x01, 0x00, 0x00, 0x00, 0xff, 0xff, 0xff, 0xff, 0xff, 0xff, 0xff, 0xff,
    0x01, 0x00, 0x00, 0x00, 0x81, 0x80, 0x00, 0x3c, 0x17, 0x00, 0x00, 0x00,
    0x73, 0x65, 0x72, 0x76, 0x69, 0x6e, 0x67, 0x5f, 0x64, 0x65, 0x66, 0x61,
    0x75, 0x6c, 0x74, 0x5f, 0x6d, 0x65, 0x6c, 0x34, 0x30, 0x3a, 0x30, 0x00,
    0x04, 0x00, 0x00, 0x00, 0x01, 0x00, 0x00, 0x00, 0x31, 0x00, 0x00, 0x00,
    0x28, 0x00, 0x00, 0x00, 0x01, 0x00, 0x00, 0x00, 0x07, 0x00, 0x00, 0x00,
    0x84, 0x00, 0x00, 0x00, 0x68, 0x00, 0x00, 0x00, 0x4c, 0x00, 0x00, 0x00,
    0x3c, 0x00, 0x00, 0x00, 0x2c, 0x00, 0x00, 0x00, 0x18, 0x00, 0x00, 0x00,
    0x04, 0x00, 0x00, 0x00, 0xa4, 0xff, 0xff, 0xff, 0x19, 0x00, 0x00, 0x00,
    0x02, 0x00, 0x00, 0x00, 0x00, 0x00, 0x00, 0x19, 0xb4, 0xff, 0xff, 0xff,
    0x09, 0x00, 0x00, 0x00, 0x04, 0x00, 0x00, 0x00, 0x00, 0x00, 0x00, 0x09,
    0xdc, 0xff, 0xff, 0xff, 0x16, 0x00, 0x00, 0x00, 0x00, 0x00, 0x00, 0x16,
    0xe8, 0xff, 0xff, 0xff, 0x53, 0x00, 0x00, 0x00, 0x00, 0x00, 0x00, 0x53,
    0xf4, 0xff, 0xff, 0xff, 0x2d, 0x00, 0x00, 0x00, 0x00, 0x00, 0x00, 0x2d,
    0x0c, 0x00, 0x0c, 0x00, 0x0b, 0x00, 0x00, 0x00, 0x00, 0x00, 0x04, 0x00,
    0x0c, 0x00, 0x00, 0x00, 0x4d, 0x00, 0x00, 0x00, 0x00, 0x00, 0x00, 0x4d,
    0x0c, 0x00, 0x10, 0x00, 0x0f, 0x00, 0x00, 0x00, 0x08, 0x00, 0x04, 0x00,
    0x0c, 0x00, 0x00, 0x00, 0x04, 0x00, 0x00, 0x00, 0x03, 0x00, 0x00, 0x00,
    0x00, 0x00, 0x00, 0x04,
};

const size_t g_sof_tflm_quantized_model_data_size = 24208;
