// SPDX-License-Identifier: BSD-3-Clause
// Auto-generated by sof_mww_train.py — do not edit.

#include "mww_model_data.h"

alignas(16) const unsigned char mww_model_data[] = {
    0x20, 0x00, 0x00, 0x00, 0x54, 0x46, 0x4c, 0x33, 0x00, 0x00, 0x00, 0x00,
    0x14, 0x00, 0x20, 0x00, 0x1c, 0x00, 0x18, 0x00, 0x14, 0x00, 0x10, 0x00,
    0x0c, 0x00, 0x00, 0x00, 0x08, 0x00, 0x04, 0x00, 0x14, 0x00, 0x00, 0x00,
    0x1c, 0x00, 0x00, 0x00, 0x88, 0x00, 0x00, 0x00, 0x00, 0x01, 0x00, 0x00,
    0x70, 0x7a, 0x00, 0x00, 0x80, 0x7a, 0x00, 0x00, 0x74, 0xd7, 0x00, 0x00,
    0x03, 0x00, 0x00, 0x00, 0x01, 0x00, 0x00, 0x00, 0x04, 0x00, 0x00, 0x00,
    0x12, 0x75, 0xff, 0xff, 0x0c, 0x00, 0x00, 0x00, 0x1c, 0x00, 0x00, 0x00,
    0x3c, 0x00, 0x00, 0x00, 0x0f, 0x00, 0x00, 0x00, 0x73, 0x65, 0x72, 0x76,
    0x69, 0x6e, 0x67, 0x5f, 0x64, 0x65, 0x66, 0x61, 0x75, 0x6c, 0x74, 0x00,
    0x01, 0x00, 0x00, 0x00, 0x04, 0x00, 0x00, 0x00, 0x84, 0x73, 0xff, 0xff,
    0x45, 0x00, 0x00, 0x00, 0x04, 0x00, 0x00, 0x00, 0x08, 0x00, 0x00, 0x00,
    0x6f, 0x75, 0x74, 0x70, 0x75, 0x74, 0x5f, 0x31, 0x00, 0x00, 0x00, 0x00,
    0x01, 0x00, 0x00, 0x00, 0x04, 0x00, 0x00, 0x00, 0x4e, 0x73, 0xff, 0xff,
    0x04, 0x00, 0x00, 0x00, 0x0b, 0x00, 0x00, 0x00, 0x69, 0x6e, 0x70, 0x75,
    0x74, 0x5f, 0x61, 0x75, 0x64, 0x69, 0x6f, 0x00, 0x03, 0x00, 0x00, 0x00,
    0x54, 0x00, 0x00, 0x00, 0x2c, 0x00, 0x00, 0x00, 0x04, 0x00, 0x00, 0x00,
    0xd0, 0x73, 0xff, 0xff, 0x61, 0x00, 0x00, 0x00, 0x04, 0x00, 0x00, 0x00,
    0x13, 0x00, 0x00, 0x00, 0x43, 0x4f, 0x4e, 0x56, 0x45, 0x52, 0x53, 0x49,
    0x4f, 0x4e, 0x5f, 0x4d, 0x45, 0x54, 0x41, 0x44, 0x41, 0x54, 0x41, 0x00,
    0xf4, 0x73, 0xff, 0xff, 0x60, 0x00, 0x00, 0x00, 0x04, 0x00, 0x00, 0x00,
    0x13, 0x00, 0x00, 0x00, 0x6d, 0x69, 0x6e, 0x5f, 0x72, 0x75, 0x6e, 0x74,
    0x69, 0x6d, 0x65, 0x5f, 0x76, 0x65, 0x72, 0x73, 0x69, 0x6f, 0x6e, 0x00,
    0x18, 0x74, 0xff, 0xff, 0x5f, 0x00, 0x00, 0x00, 0x04, 0x00, 0x00, 0x00,
    0x13, 0x00, 0x00, 0x00, 0x6d, 0x69, 0x6e, 0x5f, 0x72, 0x75, 0x6e, 0x74,
    0x69, 0x6d, 0x65, 0x5f, 0x76, 0x65, 0x72, 0x73, 0x69, 0x6f, 0x6e, 0x00,
    0x62, 0x00, 0x00, 0x00, 0x6c, 0x79, 0x00, 0x00, 0x64, 0x79, 0x00, 0x00,
    0x44, 0x79, 0x00, 0x00, 0x2c, 0x79, 0x00, 0x00, 0x0c, 0x79, 0x00, 0x00,
    0xec, 0x78, 0x00, 0x00, 0xcc, 0x78, 0x00, 0x00, 0xac, 0x78, 0x00, 0x00,
    0x98, 0x78, 0x00, 0x00, 0x5c, 0x77, 0x00, 0x00, 0x5c, 0x76, 0x00, 0x00,
    0x3c, 0x68, 0x00, 0x00, 0x3c, 0x67, 0x00, 0x00, 0x3c, 0x66, 0x00, 0x00,
    0x3c, 0x65, 0x00, 0x00, 0x1c, 0x57, 0x00, 0x00, 0x1c, 0x56, 0x00, 0x00,
    0x00, 0x53, 0x00, 0x00, 0x00, 0x52, 0x00, 0x00, 0xe0, 0x43, 0x00, 0x00,
    0xe0, 0x42, 0x00, 0x00, 0xb4, 0x40, 0x00, 0x00, 0xb4, 0x3f, 0x00, 0x00,
    0x9c, 0x38, 0x00, 0x00, 0x14, 0x38, 0x00, 0x00, 0x6c, 0x37, 0x00, 0x00,
    0xe4, 0x36, 0x00, 0x00, 0x64, 0x1f, 0x00, 0x00, 0x5c, 0x1f, 0x00, 0x00,
    0x54, 0x1f, 0x00, 0x00, 0x4c, 0x1f, 0x00, 0x00, 0x44, 0x1f, 0x00, 0x00,
    0x3c, 0x1f, 0x00, 0x00, 0x34, 0x1f, 0x00, 0x00, 0x2c, 0x1f, 0x00, 0x00,
    0x24, 0x1f, 0x00, 0x00, 0x1c, 0x1f, 0x00, 0x00, 0x14, 0x1f, 0x00, 0x00,
    0x0c, 0x1f, 0x00, 0x00, 0x04, 0x1f, 0x00, 0x00, 0xfc, 0x1e, 0x00, 0x00,
    0xf4, 0x1e, 0x00, 0x00, 0xec, 0x1e, 0x00, 0x00, 0xe4, 0x1e, 0x00, 0x00,
    0xdc, 0x1e, 0x00, 0x00, 0xd4, 0x1e, 0x00, 0x00, 0xcc, 0x1e, 0x00, 0x00,
    0xc4, 0x1e, 0x00, 0x00, 0xbc, 0x1e, 0x00, 0x00, 0xb4, 0x1e, 0x00, 0x00,
    0xac, 0x1e, 0x00, 0x00, 0xa4, 0x1e, 0x00, 0x00, 0x9c, 0x1e, 0x00, 0x00,
    0x94, 0x1e, 0x00, 0x00, 0x8c, 0x1e, 0x00, 0x00, 0x84, 0x1e, 0x00, 0x00,
    0x7c, 0x1e, 0x00, 0x00, 0x74, 0x1e, 0x00, 0x00, 0x6c, 0x1e, 0x00, 0x00,
    0x64, 0x1e, 0x00, 0x00, 0x5c, 0x1e, 0x00, 0x00, 0x54, 0x1e, 0x00, 0x00,
    0x4c, 0x1e, 0x00, 0x00, 0x44, 0x1e, 0x00, 0x00, 0x3c, 0x1e, 0x00, 0x00,
    0x34, 0x1e, 0x00, 0x00, 0x2c, 0x1e, 0x00, 0x00, 0x24, 0x1e, 0x00, 0x00,
    0x1c, 0x1e, 0x00, 0x00, 0x14, 0x1e, 0x00, 0x00, 0x0c, 0x1e, 0x00, 0x00,
    0x04, 0x1e, 0x00, 0x00, 0xfc, 0x1d, 0x00, 0x00, 0xf4, 0x1d, 0x00, 0x00,
    0xec, 0x1d, 0x00, 0x00, 0xe4, 0x1d, 0x00, 0x00, 0xdc, 0x1d, 0x00, 0x00,
    0xd4, 0x1d, 0x00, 0x00, 0xcc, 0x1d, 0x00, 0x00, 0xc4, 0x1d, 0x00, 0x00,
    0xbc, 0x1d, 0x00, 0x00, 0xb4, 0x1d, 0x00, 0x00, 0xac, 0x1d, 0x00, 0x00,
    0x5c, 0x1c, 0x00, 0x00, 0x6c, 0x1a, 0x00, 0x00, 0xdc, 0x12, 0x00, 0x00,
    0x8c, 0x07, 0x00, 0x00, 0xac, 0x04, 0x00, 0x00, 0xdc, 0x00, 0x00, 0x00,
    0xd4, 0x00, 0x00, 0x00, 0xcc, 0x00, 0x00, 0x00, 0xc4, 0x00, 0x00, 0x00,
    0xbc, 0x00, 0x00, 0x00, 0xb4, 0x00, 0x00, 0x00, 0xac, 0x00, 0x00, 0x00,
    0x8c, 0x00, 0x00, 0x00, 0x6c, 0x00, 0x00, 0x00, 0x04, 0x00, 0x00, 0x00,
    0x6e, 0x75, 0xff, 0xff, 0x04, 0x00, 0x00, 0x00, 0x58, 0x00, 0x00, 0x00,
    0x0c, 0x00, 0x00, 0x00, 0x08, 0x00, 0x0e, 0x00, 0x08, 0x00, 0x04, 0x00,
    0x08, 0x00, 0x00, 0x00, 0x10, 0x00, 0x00, 0x00, 0x28, 0x00, 0x00, 0x00,
    0x00, 0x00, 0x06, 0x00, 0x08, 0x00, 0x04, 0x00, 0x06, 0x00, 0x00, 0x00,
    0x04, 0x00, 0x00, 0x00, 0x01, 0x00, 0x00, 0x00, 0xeb, 0x03, 0x00, 0x00,
    0x00, 0x00, 0x0a, 0x00, 0x10, 0x00, 0x0c, 0x00, 0x08, 0x00, 0x04, 0x00,
    0x0a, 0x00, 0x00, 0x00, 0x02, 0x00, 0x00, 0x00, 0x02, 0x00, 0x00, 0x00,
    0x04, 0x00, 0x00, 0x00, 0x06, 0x00, 0x00, 0x00, 0x32, 0x2e, 0x31, 0x36,
    0x2e, 0x31, 0x00, 0x00, 0xd2, 0x75, 0xff, 0xff, 0x04, 0x00, 0x00, 0x00,
    0x10, 0x00, 0x00, 0x00, 0x00, 0x00, 0x00, 0x00, 0x00, 0x00, 0x00, 0x00,
    0x00, 0x00, 0x00, 0x00, 0x00, 0x00, 0x00, 0x00, 0xee, 0x75, 0xff, 0xff,
    0x04, 0x00, 0x00, 0x00, 0x10, 0x00, 0x00, 0x00, 0x32, 0x2e, 0x36, 0x2e,
    0x30, 0x00, 0x00, 0x00, 0x00, 0x00, 0x00, 0x00, 0x00, 0x00, 0x00, 0x00,
    0x60, 0x2c, 0xff, 0xff, 0x64, 0x2c, 0xff, 0xff, 0x68, 0x2c, 0xff, 0xff,
    0x6c, 0x2c, 0xff, 0xff, 0x70, 0x2c, 0xff, 0xff, 0x74, 0x2c, 0xff, 0xff,
    0x22, 0x76, 0xff, 0xff, 0x04, 0x00, 0x00, 0x00, 0xc0, 0x03, 0x00, 0x00,
    0x00, 0x00, 0x00, 0x00, 0x00, 0x00, 0x00, 0x00, 0x00, 0x00, 0x00, 0x00,
    0x00, 0x00, 0x00, 0x00, 0x00, 0x00, 0x00, 0x00, 0x00, 0x00, 0x00, 0x00,
    0x00, 0x00, 0x00, 0x00, 0x00, 0x00, 0x00, 0x00, 0x00, 0x00, 0x00, 0x00,
    0x00, 0x00, 0x00, 0x00, 0x00, 0x00, 0x00, 0x00, 0x00, 0x00, 0x00, 0x00,
    0x00, 0x00, 0x00, 0x00, 0x00, 0x00, 0x00, 0x00, 0x00, 0x00, 0x00, 0x00,
    0x00, 0x00, 0x00, 0x00, 0x00, 0x00, 0x00, 0x00, 0x00, 0x00, 0x00, 0x00,
    0x00, 0x00, 0x00, 0x00, 0x00, 0x00, 0x00, 0x00, 0x00, 0x00, 0x00, 0x00,
    0x00, 0x00, 0x00, 0x00, 0x00, 0x00, 0x00, 0x00, 0x00, 0x00, 0x00, 0x00,
    0x00, 0x00, 0x00, 0x00, 0x00, 0x00, 0x00, 0x00, 0x00, 0x00, 0x00, 0x00,
    0x00, 0x00, 0x00, 0x00, 0x00, 0x00, 0x00, 0x00, 0x00, 0x00, 0x00, 0x00,
    0x00, 0x00, 0x00, 0x00, 0x00, 0x00, 0x00, 0x00, 0x00, 0x00, 0x00, 0x00,
    0x00, 0x00, 0x00, 0x00, 0x00, 0x00, 0x00, 0x00, 0x00, 0x00, 0x00, 0x00,
    0x00, 0x00, 0x00, 0x00, 0x00, 0x00, 0x00, 0x00, 0x00, 0x00, 0x00, 0x00,
    0x00, 0x00, 0x00, 0x00, 0x00, 0x00, 0x00, 0x00, 0x00, 0x00, 0x00, 0x00,
    0x00, 0x00, 0x00, 0x00, 0x00, 0x00, 0x00, 0x00, 0x00, 0x00, 0x00, 0x00,
    0x00, 0x00, 0x00, 0x00, 0x00, 0x00, 0x00, 0x00, 0x00, 0x00, 0x00, 0x00,
    0x00, 0x00, 0x00, 0x00, 0x00, 0x00, 0x00, 0x00, 0x00, 0x00, 0x00, 0x00,
    0x00, 0x00, 0x00, 0x00, 0x00, 0x00, 0x00, 0x00, 0x00, 0x00, 0x00, 0x00,
    0x00, 0x00, 0x00, 0x00, 0x00, 0x00, 0x00, 0x00, 0x00, 0x00, 0x00, 0x00,
    0x00, 0x00, 0x00, 0x00, 0x00, 0x00, 0x00, 0x00, 0x00, 0x00, 0x00, 0x00,
    0x00, 0x00, 0x00, 0x00, 0x00, 0x00, 0x00, 0x00, 0x00, 0x00, 0x00, 0x00,
    0x00, 0x00, 0x00, 0x00, 0x00, 0x00, 0x00, 0x00, 0x00, 0x00, 0x00, 0x00,
    0x00, 0x00, 0x00, 0x00, 0x00, 0x00, 0x00, 0x00, 0x00, 0x00, 0x00, 0x00,
    0x00, 0x00, 0x00, 0x00, 0x00, 0x00, 0x00, 0x00, 0x00, 0x00, 0x00, 0x00,
    0x00, 0x00, 0x00, 0x00, 0x00, 0x00, 0x00, 0x00, 0x00, 0x00, 0x00, 0x00,
    0x00, 0x00, 0x00, 0x00, 0x00, 0x00, 0x00, 0x00, 0x00, 0x00, 0x00, 0x00,
    0x00, 0x00, 0x00, 0x00, 0x00, 0x00, 0x00, 0x00, 0x00, 0x00, 0x00, 0x00,
    0x00, 0x00, 0x00, 0x00, 0x00, 0x00, 0x00, 0x00, 0x00, 0x00, 0x00, 0x00,
    0x00, 0x00, 0x00, 0x00, 0x00, 0x00, 0x00, 0x00, 0x00, 0x00, 0x00, 0x00,
    0x00, 0x00, 0x00, 0x00, 0x00, 0x00, 0x00, 0x00, 0x00, 0x00, 0x00, 0x00,
    0x00, 0x00, 0x00, 0x00, 0x00, 0x00, 0x00, 0x00, 0x00, 0x00, 0x00, 0x00,
    0x00, 0x00, 0x00, 0x00, 0x00, 0x00, 0x00, 0x00, 0x00, 0x00, 0x00, 0x00,
    0x00, 0x00, 0x00, 0x00, 0x00, 0x00, 0x00, 0x00, 0x00, 0x00, 0x00, 0x00,
    0x00, 0x00, 0x00, 0x00, 0x00, 0x00, 0x00, 0x00, 0x00, 0x00, 0x00, 0x00,
    0x00, 0x00, 0x00, 0x00, 0x00, 0x00, 0x00, 0x00, 0x00, 0x00, 0x00, 0x00,
    0x00, 0x00, 0x00, 0x00, 0x00, 0x00, 0x00, 0x00, 0x00, 0x00, 0x00, 0x00,
    0x00, 0x00, 0x00, 0x00, 0x00, 0x00, 0x00, 0x00, 0x00, 0x00, 0x00, 0x00,
    0x00, 0x00, 0x00, 0x00, 0x00, 0x00, 0x00, 0x00, 0x00, 0x00, 0x00, 0x00,
    0x00, 0x00, 0x00, 0x00, 0x00, 0x00, 0x00, 0x00, 0x00, 0x00, 0x00, 0x00,
    0x00, 0x00, 0x00, 0x00, 0x00, 0x00, 0x00, 0x00, 0x00, 0x00, 0x00, 0x00,
    0x00, 0x00, 0x00, 0x00, 0x00, 0x00, 0x00, 0x00, 0x00, 0x00, 0x00, 0x00,
    0x00, 0x00, 0x00, 0x00, 0x00, 0x00, 0x00, 0x00, 0x00, 0x00, 0x00, 0x00,
    0x00, 0x00, 0x00, 0x00, 0x00, 0x00, 0x00, 0x00, 0x00, 0x00, 0x00, 0x00,
    0x00, 0x00, 0x00, 0x00, 0x00, 0x00, 0x00, 0x00, 0x00, 0x00, 0x00, 0x00,
    0x00, 0x00, 0x00, 0x00, 0x00, 0x00, 0x00, 0x00, 0x00, 0x00, 0x00, 0x00,
    0x00, 0x00, 0x00, 0x00, 0x00, 0x00, 0x00, 0x00, 0x00, 0x00, 0x00, 0x00,
    0x00, 0x00, 0x00, 0x00, 0x00, 0x00, 0x00, 0x00, 0x00, 0x00, 0x00, 0x00,
    0x00, 0x00, 0x00, 0x00, 0x00, 0x00, 0x00, 0x00, 0x00, 0x00, 0x00, 0x00,
    0x00, 0x00, 0x00, 0x00, 0x00, 0x00, 0x00, 0x00, 0x00, 0x00, 0x00, 0x00,
    0x00, 0x00, 0x00, 0x00, 0x00, 0x00, 0x00, 0x00, 0x00, 0x00, 0x00, 0x00,
    0x00, 0x00, 0x00, 0x00, 0x00, 0x00, 0x00, 0x00, 0x00, 0x00, 0x00, 0x00,
    0x00, 0x00, 0x00, 0x00, 0x00, 0x00, 0x00, 0x00, 0x00, 0x00, 0x00, 0x00,
    0x00, 0x00, 0x00, 0x00, 0x00, 0x00, 0x00, 0x00, 0x00, 0x00, 0x00, 0x00,
    0x00, 0x00, 0x00, 0x00, 0x00, 0x00, 0x00, 0x00, 0x00, 0x00, 0x00, 0x00,
    0x00, 0x00, 0x00, 0x00, 0x00, 0x00, 0x00, 0x00, 0x00, 0x00, 0x00, 0x00,
    0x00, 0x00, 0x00, 0x00, 0x00, 0x00, 0x00, 0x00, 0x00, 0x00, 0x00, 0x00,
    0x00, 0x00, 0x00, 0x00, 0x00, 0x00, 0x00, 0x00, 0x00, 0x00, 0x00, 0x00,
    0x00, 0x00, 0x00, 0x00, 0x00, 0x00, 0x00, 0x00, 0x00, 0x00, 0x00, 0x00,
    0x00, 0x00, 0x00, 0x00, 0x00, 0x00, 0x00, 0x00, 0x00, 0x00, 0x00, 0x00,
    0x00, 0x00, 0x00, 0x00, 0x00, 0x00, 0x00, 0x00, 0x00, 0x00, 0x00, 0x00,
    0x00, 0x00, 0x00, 0x00, 0x00, 0x00, 0x00, 0x00, 0x00, 0x00, 0x00, 0x00,
    0x00, 0x00, 0x00, 0x00, 0x00, 0x00, 0x00, 0x00, 0x00, 0x00, 0x00, 0x00,
    0x00, 0x00, 0x00, 0x00, 0x00, 0x00, 0x00, 0x00, 0x00, 0x00, 0x00, 0x00,
    0x00, 0x00, 0x00, 0x00, 0x00, 0x00, 0x00, 0x00, 0x00, 0x00, 0x00, 0x00,
    0x00, 0x00, 0x00, 0x00, 0x00, 0x00, 0x00, 0x00, 0x00, 0x00, 0x00, 0x00,
    0x00, 0x00, 0x00, 0x00, 0x00, 0x00, 0x00, 0x00, 0x00, 0x00, 0x00, 0x00,
    0x00, 0x00, 0x00, 0x00, 0x00, 0x00, 0x00, 0x00, 0x00, 0x00, 0x00, 0x00,
    0x00, 0x00, 0x00, 0x00, 0x00, 0x00, 0x00, 0x00, 0x00, 0x00, 0x00, 0x00,
    0x00, 0x00, 0x00, 0x00, 0x00, 0x00, 0x00, 0x00, 0x00, 0x00, 0x00, 0x00,
    0x00, 0x00, 0x00, 0x00, 0x00, 0x00, 0x00, 0x00, 0x00, 0x00, 0x00, 0x00,
    0x00, 0x00, 0x00, 0x00, 0x00, 0x00, 0x00, 0x00, 0x00, 0x00, 0x00, 0x00,
    0x00, 0x00, 0x00, 0x00, 0x00, 0x00, 0x00, 0x00, 0x00, 0x00, 0x00, 0x00,
    0x00, 0x00, 0x00, 0x00, 0x00, 0x00, 0x00, 0x00, 0x00, 0x00, 0x00, 0x00,
    0x00, 0x00, 0x00, 0x00, 0x00, 0x00, 0x00, 0x00, 0x00, 0x00, 0x00, 0x00,
    0x00, 0x00, 0x00, 0x00, 0x00, 0x00, 0x00, 0x00, 0x00, 0x00, 0x00, 0x00,
    0x00, 0x00, 0x00, 0x00, 0x00, 0x00, 0x00, 0x00, 0x00, 0x00, 0x00, 0x00,
    0x00, 0x00, 0x00, 0x00, 0x00, 0x00, 0x00, 0x00, 0x00, 0x00, 0x00, 0x00,
    0x00, 0x00, 0x00, 0x00, 0x00, 0x00, 0x00, 0x00, 0x00, 0x00, 0x00, 0x00,
    0x00, 0x00, 0x00, 0x00, 0x00, 0x00, 0x00, 0x00, 0x00, 0x00, 0x00, 0x00,
    0x00, 0x00, 0x00, 0x00, 0x00, 0x00, 0x00, 0x00, 0x00, 0x00, 0x00, 0x00,
    0xee, 0x79, 0xff, 0xff, 0x04, 0x00, 0x00, 0x00, 0xd0, 0x02, 0x00, 0x00,
    0x00, 0x00, 0x00, 0x00, 0x00, 0x00, 0x00, 0x00, 0x00, 0x00, 0x00, 0x00,
    0x00, 0x00, 0x00, 0x00, 0x00, 0x00, 0x00, 0x00, 0x00, 0x00, 0x00, 0x00,
    0x00, 0x00, 0x00, 0x00, 0x00, 0x00, 0x00, 0x00, 0x00, 0x00, 0x00, 0x00,
    0x00, 0x00, 0x00, 0x00, 0x00, 0x00, 0x00, 0x00, 0x00, 0x00, 0x00, 0x00,
    0x00, 0x00, 0x00, 0x00, 0x00, 0x00, 0x00, 0x00, 0x00, 0x00, 0x00, 0x00,
    0x00, 0x00, 0x00, 0x00, 0x00, 0x00, 0x00, 0x00, 0x00, 0x00, 0x00, 0x00,
    0x00, 0x00, 0x00, 0x00, 0x00, 0x00, 0x00, 0x00, 0x00, 0x00, 0x00, 0x00,
    0x00, 0x00, 0x00, 0x00, 0x00, 0x00, 0x00, 0x00, 0x00, 0x00, 0x00, 0x00,
    0x00, 0x00, 0x00, 0x00, 0x00, 0x00, 0x00, 0x00, 0x00, 0x00, 0x00, 0x00,
    0x00, 0x00, 0x00, 0x00, 0x00, 0x00, 0x00, 0x00, 0x00, 0x00, 0x00, 0x00,
    0x00, 0x00, 0x00, 0x00, 0x00, 0x00, 0x00, 0x00, 0x00, 0x00, 0x00, 0x00,
    0x00, 0x00, 0x00, 0x00, 0x00, 0x00, 0x00, 0x00, 0x00, 0x00, 0x00, 0x00,
    0x00, 0x00, 0x00, 0x00, 0x00, 0x00, 0x00, 0x00, 0x00, 0x00, 0x00, 0x00,
    0x00, 0x00, 0x00, 0x00, 0x00, 0x00, 0x00, 0x00, 0x00, 0x00, 0x00, 0x00,
    0x00, 0x00, 0x00, 0x00, 0x00, 0x00, 0x00, 0x00, 0x00, 0x00, 0x00, 0x00,
    0x00, 0x00, 0x00, 0x00, 0x00, 0x00, 0x00, 0x00, 0x00, 0x00, 0x00, 0x00,
    0x00, 0x00, 0x00, 0x00, 0x00, 0x00, 0x00, 0x00, 0x00, 0x00, 0x00, 0x00,
    0x00, 0x00, 0x00, 0x00, 0x00, 0x00, 0x00, 0x00, 0x00, 0x00, 0x00, 0x00,
    0x00, 0x00, 0x00, 0x00, 0x00, 0x00, 0x00, 0x00, 0x00, 0x00, 0x00, 0x00,
    0x00, 0x00, 0x00, 0x00, 0x00, 0x00, 0x00, 0x00, 0x00, 0x00, 0x00, 0x00,
    0x00, 0x00, 0x00, 0x00, 0x00, 0x00, 0x00, 0x00, 0x00, 0x00, 0x00, 0x00,
    0x00, 0x00, 0x00, 0x00, 0x00, 0x00, 0x00, 0x00, 0x00, 0x00, 0x00, 0x00,
    0x00, 0x00, 0x00, 0x00, 0x00, 0x00, 0x00, 0x00, 0x00, 0x00, 0x00, 0x00,
    0x00, 0x00, 0x00, 0x00, 0x00, 0x00, 0x00, 0x00, 0x00, 0x00, 0x00, 0x00,
    0x00, 0x00, 0x00, 0x00, 0x00, 0x00, 0x00, 0x00, 0x00, 0x00, 0x00, 0x00,
    0x00, 0x00, 0x00, 0x00, 0x00, 0x00, 0x00, 0x00, 0x00, 0x00, 0x00, 0x00,
    0x00, 0x00, 0x00, 0x00, 0x00, 0x00, 0x00, 0x00, 0x00, 0x00, 0x00, 0x00,
    0x00, 0x00, 0x00, 0x00, 0x00, 0x00, 0x00, 0x00, 0x00, 0x00, 0x00, 0x00,
    0x00, 0x00, 0x00, 0x00, 0x00, 0x00, 0x00, 0x00, 0x00, 0x00, 0x00, 0x00,
    0x00, 0x00, 0x00, 0x00, 0x00, 0x00, 0x00, 0x00, 0x00, 0x00, 0x00, 0x00,
    0x00, 0x00, 0x00, 0x00, 0x00, 0x00, 0x00, 0x00, 0x00, 0x00, 0x00, 0x00,
    0x00, 0x00, 0x00, 0x00, 0x00, 0x00, 0x00, 0x00, 0x00, 0x00, 0x00, 0x00,
    0x00, 0x00, 0x00, 0x00, 0x00, 0x00, 0x00, 0x00, 0x00, 0x00, 0x00, 0x00,
    0x00, 0x00, 0x00, 0x00, 0x00, 0x00, 0x00, 0x00, 0x00, 0x00, 0x00, 0x00,
    0x00, 0x00, 0x00, 0x00, 0x00, 0x00, 0x00, 0x00, 0x00, 0x00, 0x00, 0x00,
    0x00, 0x00, 0x00, 0x00, 0x00, 0x00, 0x00, 0x00, 0x00, 0x00, 0x00, 0x00,
    0x00, 0x00, 0x00, 0x00, 0x00, 0x00, 0x00, 0x00, 0x00, 0x00, 0x00, 0x00,
    0x00, 0x00, 0x00, 0x00, 0x00, 0x00, 0x00, 0x00, 0x00, 0x00, 0x00, 0x00,
    0x00, 0x00, 0x00, 0x00, 0x00, 0x00, 0x00, 0x00, 0x00, 0x00, 0x00, 0x00,
    0x00, 0x00, 0x00, 0x00, 0x00, 0x00, 0x00, 0x00, 0x00, 0x00, 0x00, 0x00,
    0x00, 0x00, 0x00, 0x00, 0x00, 0x00, 0x00, 0x00, 0x00, 0x00, 0x00, 0x00,
    0x00, 0x00, 0x00, 0x00, 0x00, 0x00, 0x00, 0x00, 0x00, 0x00, 0x00, 0x00,
    0x00, 0x00, 0x00, 0x00, 0x00, 0x00, 0x00, 0x00, 0x00, 0x00, 0x00, 0x00,
    0x00, 0x00, 0x00, 0x00, 0x00, 0x00, 0x00, 0x00, 0x00, 0x00, 0x00, 0x00,
    0x00, 0x00, 0x00, 0x00, 0x00, 0x00, 0x00, 0x00, 0x00, 0x00, 0x00, 0x00,
    0x00, 0x00, 0x00, 0x00, 0x00, 0x00, 0x00, 0x00, 0x00, 0x00, 0x00, 0x00,
    0x00, 0x00, 0x00, 0x00, 0x00, 0x00, 0x00, 0x00, 0x00, 0x00, 0x00, 0x00,
    0x00, 0x00, 0x00, 0x00, 0x00, 0x00, 0x00, 0x00, 0x00, 0x00, 0x00, 0x00,
    0x00, 0x00, 0x00, 0x00, 0x00, 0x00, 0x00, 0x00, 0x00, 0x00, 0x00, 0x00,
    0x00, 0x00, 0x00, 0x00, 0x00, 0x00, 0x00, 0x00, 0x00, 0x00, 0x00, 0x00,
    0x00, 0x00, 0x00, 0x00, 0x00, 0x00, 0x00, 0x00, 0x00, 0x00, 0x00, 0x00,
    0x00, 0x00, 0x00, 0x00, 0x00, 0x00, 0x00, 0x00, 0x00, 0x00, 0x00, 0x00,
    0x00, 0x00, 0x00, 0x00, 0x00, 0x00, 0x00, 0x00, 0x00, 0x00, 0x00, 0x00,
    0x00, 0x00, 0x00, 0x00, 0x00, 0x00, 0x00, 0x00, 0x00, 0x00, 0x00, 0x00,
    0x00, 0x00, 0x00, 0x00, 0x00, 0x00, 0x00, 0x00, 0x00, 0x00, 0x00, 0x00,
    0x00, 0x00, 0x00, 0x00, 0x00, 0x00, 0x00, 0x00, 0x00, 0x00, 0x00, 0x00,
    0x00, 0x00, 0x00, 0x00, 0x00, 0x00, 0x00, 0x00, 0x00, 0x00, 0x00, 0x00,
    0x00, 0x00, 0x00, 0x00, 0x00, 0x00, 0x00, 0x00, 0x00, 0x00, 0x00, 0x00,
    0x00, 0x00, 0x00, 0x00, 0x00, 0x00, 0x00, 0x00, 0x00, 0x00, 0x00, 0x00,
    0x00, 0x00, 0x00, 0x00, 0x00, 0x00, 0x00, 0x00, 0x00, 0x00, 0x00, 0x00,
    0xca, 0x7c, 0xff, 0xff, 0x04, 0x00, 0x00, 0x00, 0x40, 0x0b, 0x00, 0x00,
    0x00, 0x00, 0x00, 0x00, 0x00, 0x00, 0x00, 0x00, 0x00, 0x00, 0x00, 0x00,
    0x00, 0x00, 0x00, 0x00, 0x00, 0x00, 0x00, 0x00, 0x00, 0x00, 0x00, 0x00,
    0x00, 0x00, 0x00, 0x00, 0x00, 0x00, 0x00, 0x00, 0x00, 0x00, 0x00, 0x00,
    0x00, 0x00, 0x00, 0x00, 0x00, 0x00, 0x00, 0x00, 0x00, 0x00, 0x00, 0x00,
    0x00, 0x00, 0x00, 0x00, 0x00, 0x00, 0x00, 0x00, 0x00, 0x00, 0x00, 0x00,
    0x00, 0x00, 0x00, 0x00, 0x00, 0x00, 0x00, 0x00, 0x00, 0x00, 0x00, 0x00,
    0x00, 0x00, 0x00, 0x00, 0x00, 0x00, 0x00, 0x00, 0x00, 0x00, 0x00, 0x00,
    0x00, 0x00, 0x00, 0x00, 0x00, 0x00, 0x00, 0x00, 0x00, 0x00, 0x00, 0x00,
    0x00, 0x00, 0x00, 0x00, 0x00, 0x00, 0x00, 0x00, 0x00, 0x00, 0x00, 0x00,
    0x00, 0x00, 0x00, 0x00, 0x00, 0x00, 0x00, 0x00, 0x00, 0x00, 0x00, 0x00,
    0x00, 0x00, 0x00, 0x00, 0x00, 0x00, 0x00, 0x00, 0x00, 0x00, 0x00, 0x00,
    0x00, 0x00, 0x00, 0x00, 0x00, 0x00, 0x00, 0x00, 0x00, 0x00, 0x00, 0x00,
    0x00, 0x00, 0x00, 0x00, 0x00, 0x00, 0x00, 0x00, 0x00, 0x00, 0x00, 0x00,
    0x00, 0x00, 0x00, 0x00, 0x00, 0x00, 0x00, 0x00, 0x00, 0x00, 0x00, 0x00,
    0x00, 0x00, 0x00, 0x00, 0x00, 0x00, 0x00, 0x00, 0x00, 0x00, 0x00, 0x00,
    0x00, 0x00, 0x00, 0x00, 0x00, 0x00, 0x00, 0x00, 0x00, 0x00, 0x00, 0x00,
    0x00, 0x00, 0x00, 0x00, 0x00, 0x00, 0x00, 0x00, 0x00, 0x00, 0x00, 0x00,
    0x00, 0x00, 0x00, 0x00, 0x00, 0x00, 0x00, 0x00, 0x00, 0x00, 0x00, 0x00,
    0x00, 0x00, 0x00, 0x00, 0x00, 0x00, 0x00, 0x00, 0x00, 0x00, 0x00, 0x00,
    0x00, 0x00, 0x00, 0x00, 0x00, 0x00, 0x00, 0x00, 0x00, 0x00, 0x00, 0x00,
    0x00, 0x00, 0x00, 0x00, 0x00, 0x00, 0x00, 0x00, 0x00, 0x00, 0x00, 0x00,
    0x00, 0x00, 0x00, 0x00, 0x00, 0x00, 0x00, 0x00, 0x00, 0x00, 0x00, 0x00,
    0x00, 0x00, 0x00, 0x00, 0x00, 0x00, 0x00, 0x00, 0x00, 0x00, 0x00, 0x00,
    0x00, 0x00, 0x00, 0x00, 0x00, 0x00, 0x00, 0x00, 0x00, 0x00, 0x00, 0x00,
    0x00, 0x00, 0x00, 0x00, 0x00, 0x00, 0x00, 0x00, 0x00, 0x00, 0x00, 0x00,
    0x00, 0x00, 0x00, 0x00, 0x00, 0x00, 0x00, 0x00, 0x00, 0x00, 0x00, 0x00,
    0x00, 0x00, 0x00, 0x00, 0x00, 0x00, 0x00, 0x00, 0x00, 0x00, 0x00, 0x00,
    0x00, 0x00, 0x00, 0x00, 0x00, 0x00, 0x00, 0x00, 0x00, 0x00, 0x00, 0x00,
    0x00, 0x00, 0x00, 0x00, 0x00, 0x00, 0x00, 0x00, 0x00, 0x00, 0x00, 0x00,
    0x00, 0x00, 0x00, 0x00, 0x00, 0x00, 0x00, 0x00, 0x00, 0x00, 0x00, 0x00,
    0x00, 0x00, 0x00, 0x00, 0x00, 0x00, 0x00, 0x00, 0x00, 0x00, 0x00, 0x00,
    0x00, 0x00, 0x00, 0x00, 0x00, 0x00, 0x00, 0x00, 0x00, 0x00, 0x00, 0x00,
    0x00, 0x00, 0x00, 0x00, 0x00, 0x00, 0x00, 0x00, 0x00, 0x00, 0x00, 0x00,
    0x00, 0x00, 0x00, 0x00, 0x00, 0x00, 0x00, 0x00, 0x00, 0x00, 0x00, 0x00,
    0x00, 0x00, 0x00, 0x00, 0x00, 0x00, 0x00, 0x00, 0x00, 0x00, 0x00, 0x00,
    0x00, 0x00, 0x00, 0x00, 0x00, 0x00, 0x00, 0x00, 0x00, 0x00, 0x00, 0x00,
    0x00, 0x00, 0x00, 0x00, 0x00, 0x00, 0x00, 0x00, 0x00, 0x00, 0x00, 0x00,
    0x00, 0x00, 0x00, 0x00, 0x00, 0x00, 0x00, 0x00, 0x00, 0x00, 0x00, 0x00,
    0x00, 0x00, 0x00, 0x00, 0x00, 0x00, 0x00, 0x00, 0x00, 0x00, 0x00, 0x00,
    0x00, 0x00, 0x00, 0x00, 0x00, 0x00, 0x00, 0x00, 0x00, 0x00, 0x00, 0x00,
    0x00, 0x00, 0x00, 0x00, 0x00, 0x00, 0x00, 0x00, 0x00, 0x00, 0x00, 0x00,
    0x00, 0x00, 0x00, 0x00, 0x00, 0x00, 0x00, 0x00, 0x00, 0x00, 0x00, 0x00,
    0x00, 0x00, 0x00, 0x00, 0x00, 0x00, 0x00, 0x00, 0x00, 0x00, 0x00, 0x00,
    0x00, 0x00, 0x00, 0x00, 0x00, 0x00, 0x00, 0x00, 0x00, 0x00, 0x00, 0x00,
    0x00, 0x00, 0x00, 0x00, 0x00, 0x00, 0x00, 0x00, 0x00, 0x00, 0x00, 0x00,
    0x00, 0x00, 0x00, 0x00, 0x00, 0x00, 0x00, 0x00, 0x00, 0x00, 0x00, 0x00,
    0x00, 0x00, 0x00, 0x00, 0x00, 0x00, 0x00, 0x00, 0x00, 0x00, 0x00, 0x00,
    0x00, 0x00, 0x00, 0x00, 0x00, 0x00, 0x00, 0x00, 0x00, 0x00, 0x00, 0x00,
    0x00, 0x00, 0x00, 0x00, 0x00, 0x00, 0x00, 0x00, 0x00, 0x00, 0x00, 0x00,
    0x00, 0x00, 0x00, 0x00, 0x00, 0x00, 0x00, 0x00, 0x00, 0x00, 0x00, 0x00,
    0x00, 0x00, 0x00, 0x00, 0x00, 0x00, 0x00, 0x00, 0x00, 0x00, 0x00, 0x00,
    0x00, 0x00, 0x00, 0x00, 0x00, 0x00, 0x00, 0x00, 0x00, 0x00, 0x00, 0x00,
    0x00, 0x00, 0x00, 0x00, 0x00, 0x00, 0x00, 0x00, 0x00, 0x00, 0x00, 0x00,
    0x00, 0x00, 0x00, 0x00, 0x00, 0x00, 0x00, 0x00, 0x00, 0x00, 0x00, 0x00,
    0x00, 0x00, 0x00, 0x00, 0x00, 0x00, 0x00, 0x00, 0x00, 0x00, 0x00, 0x00,
    0x00, 0x00, 0x00, 0x00, 0x00, 0x00, 0x00, 0x00, 0x00, 0x00, 0x00, 0x00,
    0x00, 0x00, 0x00, 0x00, 0x00, 0x00, 0x00, 0x00, 0x00, 0x00, 0x00, 0x00,
    0x00, 0x00, 0x00, 0x00, 0x00, 0x00, 0x00, 0x00, 0x00, 0x00, 0x00, 0x00,
    0x00, 0x00, 0x00, 0x00, 0x00, 0x00, 0x00, 0x00, 0x00, 0x00, 0x00, 0x00,
    0x00, 0x00, 0x00, 0x00, 0x00, 0x00, 0x00, 0x00, 0x00, 0x00, 0x00, 0x00,
    0x00, 0x00, 0x00, 0x00, 0x00, 0x00, 0x00, 0x00, 0x00, 0x00, 0x00, 0x00,
    0x00, 0x00, 0x00, 0x00, 0x00, 0x00, 0x00, 0x00, 0x00, 0x00, 0x00, 0x00,
    0x00, 0x00, 0x00, 0x00, 0x00, 0x00, 0x00, 0x00, 0x00, 0x00, 0x00, 0x00,
    0x00, 0x00, 0x00, 0x00, 0x00, 0x00, 0x00, 0x00, 0x00, 0x00, 0x00, 0x00,
    0x00, 0x00, 0x00, 0x00, 0x00, 0x00, 0x00, 0x00, 0x00, 0x00, 0x00, 0x00,
    0x00, 0x00, 0x00, 0x00, 0x00, 0x00, 0x00, 0x00, 0x00, 0x00, 0x00, 0x00,
    0x00, 0x00, 0x00, 0x00, 0x00, 0x00, 0x00, 0x00, 0x00, 0x00, 0x00, 0x00,
    0x00, 0x00, 0x00, 0x00, 0x00, 0x00, 0x00, 0x00, 0x00, 0x00, 0x00, 0x00,
    0x00, 0x00, 0x00, 0x00, 0x00, 0x00, 0x00, 0x00, 0x00, 0x00, 0x00, 0x00,
    0x00, 0x00, 0x00, 0x00, 0x00, 0x00, 0x00, 0x00, 0x00, 0x00, 0x00, 0x00,
    0x00, 0x00, 0x00, 0x00, 0x00, 0x00, 0x00, 0x00, 0x00, 0x00, 0x00, 0x00,
    0x00, 0x00, 0x00, 0x00, 0x00, 0x00, 0x00, 0x00, 0x00, 0x00, 0x00, 0x00,
    0x00, 0x00, 0x00, 0x00, 0x00, 0x00, 0x00, 0x00, 0x00, 0x00, 0x00, 0x00,
    0x00, 0x00, 0x00, 0x00, 0x00, 0x00, 0x00, 0x00, 0x00, 0x00, 0x00, 0x00,
    0x00, 0x00, 0x00, 0x00, 0x00, 0x00, 0x00, 0x00, 0x00, 0x00, 0x00, 0x00,
    0x00, 0x00, 0x00, 0x00, 0x00, 0x00, 0x00, 0x00, 0x00, 0x00, 0x00, 0x00,
    0x00, 0x00, 0x00, 0x00, 0x00, 0x00, 0x00, 0x00, 0x00, 0x00, 0x00, 0x00,
    0x00, 0x00, 0x00, 0x00, 0x00, 0x00, 0x00, 0x00, 0x00, 0x00, 0x00, 0x00,
    0x00, 0x00, 0x00, 0x00, 0x00, 0x00, 0x00, 0x00, 0x00, 0x00, 0x00, 0x00,
    0x00, 0x00, 0x00, 0x00, 0x00, 0x00, 0x00, 0x00, 0x00, 0x00, 0x00, 0x00,
    0x00, 0x00, 0x00, 0x00, 0x00, 0x00, 0x00, 0x00, 0x00, 0x00, 0x00, 0x00,
    0x00, 0x00, 0x00, 0x00, 0x00, 0x00, 0x00, 0x00, 0x00, 0x00, 0x00, 0x00,
    0x00, 0x00, 0x00, 0x00, 0x00, 0x00, 0x00, 0x00, 0x00, 0x00, 0x00, 0x00,
    0x00, 0x00, 0x00, 0x00, 0x00, 0x00, 0x00, 0x00, 0x00, 0x00, 0x00, 0x00,
    0x00, 0x00, 0x00, 0x00, 0x00, 0x00, 0x00, 0x00, 0x00, 0x00, 0x00, 0x00,
    0x00, 0x00, 0x00, 0x00, 0x00, 0x00, 0x00, 0x00, 0x00, 0x00, 0x00, 0x00,
    0x00, 0x00, 0x00, 0x00, 0x00, 0x00, 0x00, 0x00, 0x00, 0x00, 0x00, 0x00,
    0x00, 0x00, 0x00, 0x00, 0x00, 0x00, 0x00, 0x00, 0x00, 0x00, 0x00, 0x00,
    0x00, 0x00, 0x00, 0x00, 0x00, 0x00, 0x00, 0x00, 0x00, 0x00, 0x00, 0x00,
    0x00, 0x00, 0x00, 0x00, 0x00, 0x00, 0x00, 0x00, 0x00, 0x00, 0x00, 0x00,
    0x00, 0x00, 0x00, 0x00, 0x00, 0x00, 0x00, 0x00, 0x00, 0x00, 0x00, 0x00,
    0x00, 0x00, 0x00, 0x00, 0x00, 0x00, 0x00, 0x00, 0x00, 0x00, 0x00, 0x00,
    0x00, 0x00, 0x00, 0x00, 0x00, 0x00, 0x00, 0x00, 0x00, 0x00, 0x00, 0x00,
    0x00, 0x00, 0x00, 0x00, 0x00, 0x00, 0x00, 0x00, 0x00, 0x00, 0x00, 0x00,
    0x00, 0x00, 0x00, 0x00, 0x00, 0x00, 0x00, 0x00, 0x00, 0x00, 0x00, 0x00,
    0x00, 0x00, 0x00, 0x00, 0x00, 0x00, 0x00, 0x00, 0x00, 0x00, 0x00, 0x00,
    0x00, 0x00, 0x00, 0x00, 0x00, 0x00, 0x00, 0x00, 0x00, 0x00, 0x00, 0x00,
    0x00, 0x00, 0x00, 0x00, 0x00, 0x00, 0x00, 0x00, 0x00, 0x00, 0x00, 0x00,
    0x00, 0x00, 0x00, 0x00, 0x00, 0x00, 0x00, 0x00, 0x00, 0x00, 0x00, 0x00,
    0x00, 0x00, 0x00, 0x00, 0x00, 0x00, 0x00, 0x00, 0x00, 0x00, 0x00, 0x00,
    0x00, 0x00, 0x00, 0x00, 0x00, 0x00, 0x00, 0x00, 0x00, 0x00, 0x00, 0x00,
    0x00, 0x00, 0x00, 0x00, 0x00, 0x00, 0x00, 0x00, 0x00, 0x00, 0x00, 0x00,
    0x00, 0x00, 0x00, 0x00, 0x00, 0x00, 0x00, 0x00, 0x00, 0x00, 0x00, 0x00,
    0x00, 0x00, 0x00, 0x00, 0x00, 0x00, 0x00, 0x00, 0x00, 0x00, 0x00, 0x00,
    0x00, 0x00, 0x00, 0x00, 0x00, 0x00, 0x00, 0x00, 0x00, 0x00, 0x00, 0x00,
    0x00, 0x00, 0x00, 0x00, 0x00, 0x00, 0x00, 0x00, 0x00, 0x00, 0x00, 0x00,
    0x00, 0x00, 0x00, 0x00, 0x00, 0x00, 0x00, 0x00, 0x00, 0x00, 0x00, 0x00,
    0x00, 0x00, 0x00, 0x00, 0x00, 0x00, 0x00, 0x00, 0x00, 0x00, 0x00, 0x00,
    0x00, 0x00, 0x00, 0x00, 0x00, 0x00, 0x00, 0x00, 0x00, 0x00, 0x00, 0x00,
    0x00, 0x00, 0x00, 0x00, 0x00, 0x00, 0x00, 0x00, 0x00, 0x00, 0x00, 0x00,
    0x00, 0x00, 0x00, 0x00, 0x00, 0x00, 0x00, 0x00, 0x00, 0x00, 0x00, 0x00,
    0x00, 0x00, 0x00, 0x00, 0x00, 0x00, 0x00, 0x00, 0x00, 0x00, 0x00, 0x00,
    0x00, 0x00, 0x00, 0x00, 0x00, 0x00, 0x00, 0x00, 0x00, 0x00, 0x00, 0x00,
    0x00, 0x00, 0x00, 0x00, 0x00, 0x00, 0x00, 0x00, 0x00, 0x00, 0x00, 0x00,
    0x00, 0x00, 0x00, 0x00, 0x00, 0x00, 0x00, 0x00, 0x00, 0x00, 0x00, 0x00,
    0x00, 0x00, 0x00, 0x00, 0x00, 0x00, 0x00, 0x00, 0x00, 0x00, 0x00, 0x00,
    0x00, 0x00, 0x00, 0x00, 0x00, 0x00, 0x00, 0x00, 0x00, 0x00, 0x00, 0x00,
    0x00, 0x00, 0x00, 0x00, 0x00, 0x00, 0x00, 0x00, 0x00, 0x00, 0x00, 0x00,
    0x00, 0x00, 0x00, 0x00, 0x00, 0x00, 0x00, 0x00, 0x00, 0x00, 0x00, 0x00,
    0x00, 0x00, 0x00, 0x00, 0x00, 0x00, 0x00, 0x00, 0x00, 0x00, 0x00, 0x00,
    0x00, 0x00, 0x00, 0x00, 0x00, 0x00, 0x00, 0x00, 0x00, 0x00, 0x00, 0x00,
    0x00, 0x00, 0x00, 0x00, 0x00, 0x00, 0x00, 0x00, 0x00, 0x00, 0x00, 0x00,
    0x00, 0x00, 0x00, 0x00, 0x00, 0x00, 0x00, 0x00, 0x00, 0x00, 0x00, 0x00,
    0x00, 0x00, 0x00, 0x00, 0x00, 0x00, 0x00, 0x00, 0x00, 0x00, 0x00, 0x00,
    0x00, 0x00, 0x00, 0x00, 0x00, 0x00, 0x00, 0x00, 0x00, 0x00, 0x00, 0x00,
    0x00, 0x00, 0x00, 0x00, 0x00, 0x00, 0x00, 0x00, 0x00, 0x00, 0x00, 0x00,
    0x00, 0x00, 0x00, 0x00, 0x00, 0x00, 0x00, 0x00, 0x00, 0x00, 0x00, 0x00,
    0x00, 0x00, 0x00, 0x00, 0x00, 0x00, 0x00, 0x00, 0x00, 0x00, 0x00, 0x00,
    0x00, 0x00, 0x00, 0x00, 0x00, 0x00, 0x00, 0x00, 0x00, 0x00, 0x00, 0x00,
    0x00, 0x00, 0x00, 0x00, 0x00, 0x00, 0x00, 0x00, 0x00, 0x00, 0x00, 0x00,
    0x00, 0x00, 0x00, 0x00, 0x00, 0x00, 0x00, 0x00, 0x00, 0x00, 0x00, 0x00,
    0x00, 0x00, 0x00, 0x00, 0x00, 0x00, 0x00, 0x00, 0x00, 0x00, 0x00, 0x00,
    0x00, 0x00, 0x00, 0x00, 0x00, 0x00, 0x00, 0x00, 0x00, 0x00, 0x00, 0x00,
    0x00, 0x00, 0x00, 0x00, 0x00, 0x00, 0x00, 0x00, 0x00, 0x00, 0x00, 0x00,
    0x00, 0x00, 0x00, 0x00, 0x00, 0x00, 0x00, 0x00, 0x00, 0x00, 0x00, 0x00,
    0x00, 0x00, 0x00, 0x00, 0x00, 0x00, 0x00, 0x00, 0x00, 0x00, 0x00, 0x00,
    0x00, 0x00, 0x00, 0x00, 0x00, 0x00, 0x00, 0x00, 0x00, 0x00, 0x00, 0x00,
    0x00, 0x00, 0x00, 0x00, 0x00, 0x00, 0x00, 0x00, 0x00, 0x00, 0x00, 0x00,
    0x00, 0x00, 0x00, 0x00, 0x00, 0x00, 0x00, 0x00, 0x00, 0x00, 0x00, 0x00,
    0x00, 0x00, 0x00, 0x00, 0x00, 0x00, 0x00, 0x00, 0x00, 0x00, 0x00, 0x00,
    0x00, 0x00, 0x00, 0x00, 0x00, 0x00, 0x00, 0x00, 0x00, 0x00, 0x00, 0x00,
    0x00, 0x00, 0x00, 0x00, 0x00, 0x00, 0x00, 0x00, 0x00, 0x00, 0x00, 0x00,
    0x00, 0x00, 0x00, 0x00, 0x00, 0x00, 0x00, 0x00, 0x00, 0x00, 0x00, 0x00,
    0x00, 0x00, 0x00, 0x00, 0x00, 0x00, 0x00, 0x00, 0x00, 0x00, 0x00, 0x00,
    0x00, 0x00, 0x00, 0x00, 0x00, 0x00, 0x00, 0x00, 0x00, 0x00, 0x00, 0x00,
    0x00, 0x00, 0x00, 0x00, 0x00, 0x00, 0x00, 0x00, 0x00, 0x00, 0x00, 0x00,
    0x00, 0x00, 0x00, 0x00, 0x00, 0x00, 0x00, 0x00, 0x00, 0x00, 0x00, 0x00,
    0x00, 0x00, 0x00, 0x00, 0x00, 0x00, 0x00, 0x00, 0x00, 0x00, 0x00, 0x00,
    0x00, 0x00, 0x00, 0x00, 0x00, 0x00, 0x00, 0x00, 0x00, 0x00, 0x00, 0x00,
    0x00, 0x00, 0x00, 0x00, 0x00, 0x00, 0x00, 0x00, 0x00, 0x00, 0x00, 0x00,
    0x00, 0x00, 0x00, 0x00, 0x00, 0x00, 0x00, 0x00, 0x00, 0x00, 0x00, 0x00,
    0x00, 0x00, 0x00, 0x00, 0x00, 0x00, 0x00, 0x00, 0x00, 0x00, 0x00, 0x00,
    0x00, 0x00, 0x00, 0x00, 0x00, 0x00, 0x00, 0x00, 0x00, 0x00, 0x00, 0x00,
    0x00, 0x00, 0x00, 0x00, 0x00, 0x00, 0x00, 0x00, 0x00, 0x00, 0x00, 0x00,
    0x00, 0x00, 0x00, 0x00, 0x00, 0x00, 0x00, 0x00, 0x00, 0x00, 0x00, 0x00,
    0x00, 0x00, 0x00, 0x00, 0x00, 0x00, 0x00, 0x00, 0x00, 0x00, 0x00, 0x00,
    0x00, 0x00, 0x00, 0x00, 0x00, 0x00, 0x00, 0x00, 0x00, 0x00, 0x00, 0x00,
    0x00, 0x00, 0x00, 0x00, 0x00, 0x00, 0x00, 0x00, 0x00, 0x00, 0x00, 0x00,
    0x00, 0x00, 0x00, 0x00, 0x00, 0x00, 0x00, 0x00, 0x00, 0x00, 0x00, 0x00,
    0x00, 0x00, 0x00, 0x00, 0x00, 0x00, 0x00, 0x00, 0x00, 0x00, 0x00, 0x00,
    0x00, 0x00, 0x00, 0x00, 0x00, 0x00, 0x00, 0x00, 0x00, 0x00, 0x00, 0x00,
    0x00, 0x00, 0x00, 0x00, 0x00, 0x00, 0x00, 0x00, 0x00, 0x00, 0x00, 0x00,
    0x00, 0x00, 0x00, 0x00, 0x00, 0x00, 0x00, 0x00, 0x00, 0x00, 0x00, 0x00,
    0x00, 0x00, 0x00, 0x00, 0x00, 0x00, 0x00, 0x00, 0x00, 0x00, 0x00, 0x00,
    0x00, 0x00, 0x00, 0x00, 0x00, 0x00, 0x00, 0x00, 0x00, 0x00, 0x00, 0x00,
    0x00, 0x00, 0x00, 0x00, 0x00, 0x00, 0x00, 0x00, 0x00, 0x00, 0x00, 0x00,
    0x00, 0x00, 0x00, 0x00, 0x00, 0x00, 0x00, 0x00, 0x00, 0x00, 0x00, 0x00,
    0x00, 0x00, 0x00, 0x00, 0x00, 0x00, 0x00, 0x00, 0x00, 0x00, 0x00, 0x00,
    0x00, 0x00, 0x00, 0x00, 0x00, 0x00, 0x00, 0x00, 0x00, 0x00, 0x00, 0x00,
    0x00, 0x00, 0x00, 0x00, 0x00, 0x00, 0x00, 0x00, 0x00, 0x00, 0x00, 0x00,
    0x00, 0x00, 0x00, 0x00, 0x00, 0x00, 0x00, 0x00, 0x00, 0x00, 0x00, 0x00,
    0x00, 0x00, 0x00, 0x00, 0x00, 0x00, 0x00, 0x00, 0x00, 0x00, 0x00, 0x00,
    0x00, 0x00, 0x00, 0x00, 0x00, 0x00, 0x00, 0x00, 0x00, 0x00, 0x00, 0x00,
    0x00, 0x00, 0x00, 0x00, 0x00, 0x00, 0x00, 0x00, 0x00, 0x00, 0x00, 0x00,
    0x00, 0x00, 0x00, 0x00, 0x00, 0x00, 0x00, 0x00, 0x00, 0x00, 0x00, 0x00,
    0x00, 0x00, 0x00, 0x00, 0x00, 0x00, 0x00, 0x00, 0x00, 0x00, 0x00, 0x00,
    0x00, 0x00, 0x00, 0x00, 0x00, 0x00, 0x00, 0x00, 0x00, 0x00, 0x00, 0x00,
    0x00, 0x00, 0x00, 0x00, 0x00, 0x00, 0x00, 0x00, 0x00, 0x00, 0x00, 0x00,
    0x00, 0x00, 0x00, 0x00, 0x00, 0x00, 0x00, 0x00, 0x00, 0x00, 0x00, 0x00,
    0x00, 0x00, 0x00, 0x00, 0x00, 0x00, 0x00, 0x00, 0x00, 0x00, 0x00, 0x00,
    0x00, 0x00, 0x00, 0x00, 0x00, 0x00, 0x00, 0x00, 0x00, 0x00, 0x00, 0x00,
    0x00, 0x00, 0x00, 0x00, 0x00, 0x00, 0x00, 0x00, 0x00, 0x00, 0x00, 0x00,
    0x00, 0x00, 0x00, 0x00, 0x00, 0x00, 0x00, 0x00, 0x00, 0x00, 0x00, 0x00,
    0x00, 0x00, 0x00, 0x00, 0x00, 0x00, 0x00, 0x00, 0x00, 0x00, 0x00, 0x00,
    0x00, 0x00, 0x00, 0x00, 0x00, 0x00, 0x00, 0x00, 0x00, 0x00, 0x00, 0x00,
    0x00, 0x00, 0x00, 0x00, 0x00, 0x00, 0x00, 0x00, 0x00, 0x00, 0x00, 0x00,
    0x00, 0x00, 0x00, 0x00, 0x00, 0x00, 0x00, 0x00, 0x00, 0x00, 0x00, 0x00,
    0x00, 0x00, 0x00, 0x00, 0x00, 0x00, 0x00, 0x00, 0x00, 0x00, 0x00, 0x00,
    0x00, 0x00, 0x00, 0x00, 0x00, 0x00, 0x00, 0x00, 0x00, 0x00, 0x00, 0x00,
    0x00, 0x00, 0x00, 0x00, 0x00, 0x00, 0x00, 0x00, 0x00, 0x00, 0x00, 0x00,
    0x00, 0x00, 0x00, 0x00, 0x00, 0x00, 0x00, 0x00, 0x00, 0x00, 0x00, 0x00,
    0x00, 0x00, 0x00, 0x00, 0x00, 0x00, 0x00, 0x00, 0x00, 0x00, 0x00, 0x00,
    0x00, 0x00, 0x00, 0x00, 0x00, 0x00, 0x00, 0x00, 0x00, 0x00, 0x00, 0x00,
    0x00, 0x00, 0x00, 0x00, 0x00, 0x00, 0x00, 0x00, 0x00, 0x00, 0x00, 0x00,
    0x00, 0x00, 0x00, 0x00, 0x00, 0x00, 0x00, 0x00, 0x00, 0x00, 0x00, 0x00,
    0x00, 0x00, 0x00, 0x00, 0x00, 0x00, 0x00, 0x00, 0x00, 0x00, 0x00, 0x00,
    0x00, 0x00, 0x00, 0x00, 0x00, 0x00, 0x00, 0x00, 0x00, 0x00, 0x00, 0x00,
    0x00, 0x00, 0x00, 0x00, 0x00, 0x00, 0x00, 0x00, 0x00, 0x00, 0x00, 0x00,
    0x00, 0x00, 0x00, 0x00, 0x00, 0x00, 0x00, 0x00, 0x00, 0x00, 0x00, 0x00,
    0x00, 0x00, 0x00, 0x00, 0x00, 0x00, 0x00, 0x00, 0x00, 0x00, 0x00, 0x00,
    0x00, 0x00, 0x00, 0x00, 0x00, 0x00, 0x00, 0x00, 0x00, 0x00, 0x00, 0x00,
    0x00, 0x00, 0x00, 0x00, 0x00, 0x00, 0x00, 0x00, 0x00, 0x00, 0x00, 0x00,
    0x00, 0x00, 0x00, 0x00, 0x00, 0x00, 0x00, 0x00, 0x00, 0x00, 0x00, 0x00,
    0x00, 0x00, 0x00, 0x00, 0x00, 0x00, 0x00, 0x00, 0x00, 0x00, 0x00, 0x00,
    0x00, 0x00, 0x00, 0x00, 0x00, 0x00, 0x00, 0x00, 0x00, 0x00, 0x00, 0x00,
    0x00, 0x00, 0x00, 0x00, 0x00, 0x00, 0x00, 0x00, 0x00, 0x00, 0x00, 0x00,
    0x00, 0x00, 0x00, 0x00, 0x00, 0x00, 0x00, 0x00, 0x00, 0x00, 0x00, 0x00,
    0x00, 0x00, 0x00, 0x00, 0x00, 0x00, 0x00, 0x00, 0x00, 0x00, 0x00, 0x00,
    0x00, 0x00, 0x00, 0x00, 0x00, 0x00, 0x00, 0x00, 0x00, 0x00, 0x00, 0x00,
    0x00, 0x00, 0x00, 0x00, 0x00, 0x00, 0x00, 0x00, 0x00, 0x00, 0x00, 0x00,
    0x00, 0x00, 0x00, 0x00, 0x00, 0x00, 0x00, 0x00, 0x00, 0x00, 0x00, 0x00,
    0x00, 0x00, 0x00, 0x00, 0x00, 0x00, 0x00, 0x00, 0x00, 0x00, 0x00, 0x00,
    0x00, 0x00, 0x00, 0x00, 0x00, 0x00, 0x00, 0x00, 0x00, 0x00, 0x00, 0x00,
    0x00, 0x00, 0x00, 0x00, 0x00, 0x00, 0x00, 0x00, 0x00, 0x00, 0x00, 0x00,
    0x00, 0x00, 0x00, 0x00, 0x00, 0x00, 0x00, 0x00, 0x00, 0x00, 0x00, 0x00,
    0x00, 0x00, 0x00, 0x00, 0x00, 0x00, 0x00, 0x00, 0x00, 0x00, 0x00, 0x00,
    0x00, 0x00, 0x00, 0x00, 0x00, 0x00, 0x00, 0x00, 0x00, 0x00, 0x00, 0x00,
    0x00, 0x00, 0x00, 0x00, 0x00, 0x00, 0x00, 0x00, 0x00, 0x00, 0x00, 0x00,
    0x00, 0x00, 0x00, 0x00, 0x00, 0x00, 0x00, 0x00, 0x00, 0x00, 0x00, 0x00,
    0x00, 0x00, 0x00, 0x00, 0x00, 0x00, 0x00, 0x00, 0x00, 0x00, 0x00, 0x00,
    0x00, 0x00, 0x00, 0x00, 0x00, 0x00, 0x00, 0x00, 0x00, 0x00, 0x00, 0x00,
    0x00, 0x00, 0x00, 0x00, 0x00, 0x00, 0x00, 0x00, 0x00, 0x00, 0x00, 0x00,
    0x00, 0x00, 0x00, 0x00, 0x00, 0x00, 0x00, 0x00, 0x00, 0x00, 0x00, 0x00,
    0x00, 0x00, 0x00, 0x00, 0x00, 0x00, 0x00, 0x00, 0x00, 0x00, 0x00, 0x00,
    0x00, 0x00, 0x00, 0x00, 0x00, 0x00, 0x00, 0x00, 0x00, 0x00, 0x00, 0x00,
    0x00, 0x00, 0x00, 0x00, 0x00, 0x00, 0x00, 0x00, 0x00, 0x00, 0x00, 0x00,
    0x00, 0x00, 0x00, 0x00, 0x00, 0x00, 0x00, 0x00, 0x00, 0x00, 0x00, 0x00,
    0x00, 0x00, 0x00, 0x00, 0x00, 0x00, 0x00, 0x00, 0x00, 0x00, 0x00, 0x00,
    0x00, 0x00, 0x00, 0x00, 0x00, 0x00, 0x00, 0x00, 0x00, 0x00, 0x00, 0x00,
    0x00, 0x00, 0x00, 0x00, 0x00, 0x00, 0x00, 0x00, 0x00, 0x00, 0x00, 0x00,
    0x00, 0x00, 0x00, 0x00, 0x00, 0x00, 0x00, 0x00, 0x00, 0x00, 0x00, 0x00,
    0x00, 0x00, 0x00, 0x00, 0x00, 0x00, 0x00, 0x00, 0x00, 0x00, 0x00, 0x00,
    0x00, 0x00, 0x00, 0x00, 0x00, 0x00, 0x00, 0x00, 0x00, 0x00, 0x00, 0x00,
    0x00, 0x00, 0x00, 0x00, 0x00, 0x00, 0x00, 0x00, 0x00, 0x00, 0x00, 0x00,
    0x00, 0x00, 0x00, 0x00, 0x00, 0x00, 0x00, 0x00, 0x00, 0x00, 0x00, 0x00,
    0x00, 0x00, 0x00, 0x00, 0x00, 0x00, 0x00, 0x00, 0x00, 0x00, 0x00, 0x00,
    0x00, 0x00, 0x00, 0x00, 0x00, 0x00, 0x00, 0x00, 0x00, 0x00, 0x00, 0x00,
    0x00, 0x00, 0x00, 0x00, 0x00, 0x00, 0x00, 0x00, 0x00, 0x00, 0x00, 0x00,
    0x00, 0x00, 0x00, 0x00, 0x00, 0x00, 0x00, 0x00, 0x00, 0x00, 0x00, 0x00,
    0x00, 0x00, 0x00, 0x00, 0x00, 0x00, 0x00, 0x00, 0x00, 0x00, 0x00, 0x00,
    0x16, 0x88, 0xff, 0xff, 0x04, 0x00, 0x00, 0x00, 0x80, 0x07, 0x00, 0x00,
    0x00, 0x00, 0x00, 0x00, 0x00, 0x00, 0x00, 0x00, 0x00, 0x00, 0x00, 0x00,
    0x00, 0x00, 0x00, 0x00, 0x00, 0x00, 0x00, 0x00, 0x00, 0x00, 0x00, 0x00,
    0x00, 0x00, 0x00, 0x00, 0x00, 0x00, 0x00, 0x00, 0x00, 0x00, 0x00, 0x00,
    0x00, 0x00, 0x00, 0x00, 0x00, 0x00, 0x00, 0x00, 0x00, 0x00, 0x00, 0x00,
    0x00, 0x00, 0x00, 0x00, 0x00, 0x00, 0x00, 0x00, 0x00, 0x00, 0x00, 0x00,
    0x00, 0x00, 0x00, 0x00, 0x00, 0x00, 0x00, 0x00, 0x00, 0x00, 0x00, 0x00,
    0x00, 0x00, 0x00, 0x00, 0x00, 0x00, 0x00, 0x00, 0x00, 0x00, 0x00, 0x00,
    0x00, 0x00, 0x00, 0x00, 0x00, 0x00, 0x00, 0x00, 0x00, 0x00, 0x00, 0x00,
    0x00, 0x00, 0x00, 0x00, 0x00, 0x00, 0x00, 0x00, 0x00, 0x00, 0x00, 0x00,
    0x00, 0x00, 0x00, 0x00, 0x00, 0x00, 0x00, 0x00, 0x00, 0x00, 0x00, 0x00,
    0x00, 0x00, 0x00, 0x00, 0x00, 0x00, 0x00, 0x00, 0x00, 0x00, 0x00, 0x00,
    0x00, 0x00, 0x00, 0x00, 0x00, 0x00, 0x00, 0x00, 0x00, 0x00, 0x00, 0x00,
    0x00, 0x00, 0x00, 0x00, 0x00, 0x00, 0x00, 0x00, 0x00, 0x00, 0x00, 0x00,
    0x00, 0x00, 0x00, 0x00, 0x00, 0x00, 0x00, 0x00, 0x00, 0x00, 0x00, 0x00,
    0x00, 0x00, 0x00, 0x00, 0x00, 0x00, 0x00, 0x00, 0x00, 0x00, 0x00, 0x00,
    0x00, 0x00, 0x00, 0x00, 0x00, 0x00, 0x00, 0x00, 0x00, 0x00, 0x00, 0x00,
    0x00, 0x00, 0x00, 0x00, 0x00, 0x00, 0x00, 0x00, 0x00, 0x00, 0x00, 0x00,
    0x00, 0x00, 0x00, 0x00, 0x00, 0x00, 0x00, 0x00, 0x00, 0x00, 0x00, 0x00,
    0x00, 0x00, 0x00, 0x00, 0x00, 0x00, 0x00, 0x00, 0x00, 0x00, 0x00, 0x00,
    0x00, 0x00, 0x00, 0x00, 0x00, 0x00, 0x00, 0x00, 0x00, 0x00, 0x00, 0x00,
    0x00, 0x00, 0x00, 0x00, 0x00, 0x00, 0x00, 0x00, 0x00, 0x00, 0x00, 0x00,
    0x00, 0x00, 0x00, 0x00, 0x00, 0x00, 0x00, 0x00, 0x00, 0x00, 0x00, 0x00,
    0x00, 0x00, 0x00, 0x00, 0x00, 0x00, 0x00, 0x00, 0x00, 0x00, 0x00, 0x00,
    0x00, 0x00, 0x00, 0x00, 0x00, 0x00, 0x00, 0x00, 0x00, 0x00, 0x00, 0x00,
    0x00, 0x00, 0x00, 0x00, 0x00, 0x00, 0x00, 0x00, 0x00, 0x00, 0x00, 0x00,
    0x00, 0x00, 0x00, 0x00, 0x00, 0x00, 0x00, 0x00, 0x00, 0x00, 0x00, 0x00,
    0x00, 0x00, 0x00, 0x00, 0x00, 0x00, 0x00, 0x00, 0x00, 0x00, 0x00, 0x00,
    0x00, 0x00, 0x00, 0x00, 0x00, 0x00, 0x00, 0x00, 0x00, 0x00, 0x00, 0x00,
    0x00, 0x00, 0x00, 0x00, 0x00, 0x00, 0x00, 0x00, 0x00, 0x00, 0x00, 0x00,
    0x00, 0x00, 0x00, 0x00, 0x00, 0x00, 0x00, 0x00, 0x00, 0x00, 0x00, 0x00,
    0x00, 0x00, 0x00, 0x00, 0x00, 0x00, 0x00, 0x00, 0x00, 0x00, 0x00, 0x00,
    0x00, 0x00, 0x00, 0x00, 0x00, 0x00, 0x00, 0x00, 0x00, 0x00, 0x00, 0x00,
    0x00, 0x00, 0x00, 0x00, 0x00, 0x00, 0x00, 0x00, 0x00, 0x00, 0x00, 0x00,
    0x00, 0x00, 0x00, 0x00, 0x00, 0x00, 0x00, 0x00, 0x00, 0x00, 0x00, 0x00,
    0x00, 0x00, 0x00, 0x00, 0x00, 0x00, 0x00, 0x00, 0x00, 0x00, 0x00, 0x00,
    0x00, 0x00, 0x00, 0x00, 0x00, 0x00, 0x00, 0x00, 0x00, 0x00, 0x00, 0x00,
    0x00, 0x00, 0x00, 0x00, 0x00, 0x00, 0x00, 0x00, 0x00, 0x00, 0x00, 0x00,
    0x00, 0x00, 0x00, 0x00, 0x00, 0x00, 0x00, 0x00, 0x00, 0x00, 0x00, 0x00,
    0x00, 0x00, 0x00, 0x00, 0x00, 0x00, 0x00, 0x00, 0x00, 0x00, 0x00, 0x00,
    0x00, 0x00, 0x00, 0x00, 0x00, 0x00, 0x00, 0x00, 0x00, 0x00, 0x00, 0x00,
    0x00, 0x00, 0x00, 0x00, 0x00, 0x00, 0x00, 0x00, 0x00, 0x00, 0x00, 0x00,
    0x00, 0x00, 0x00, 0x00, 0x00, 0x00, 0x00, 0x00, 0x00, 0x00, 0x00, 0x00,
    0x00, 0x00, 0x00, 0x00, 0x00, 0x00, 0x00, 0x00, 0x00, 0x00, 0x00, 0x00,
    0x00, 0x00, 0x00, 0x00, 0x00, 0x00, 0x00, 0x00, 0x00, 0x00, 0x00, 0x00,
    0x00, 0x00, 0x00, 0x00, 0x00, 0x00, 0x00, 0x00, 0x00, 0x00, 0x00, 0x00,
    0x00, 0x00, 0x00, 0x00, 0x00, 0x00, 0x00, 0x00, 0x00, 0x00, 0x00, 0x00,
    0x00, 0x00, 0x00, 0x00, 0x00, 0x00, 0x00, 0x00, 0x00, 0x00, 0x00, 0x00,
    0x00, 0x00, 0x00, 0x00, 0x00, 0x00, 0x00, 0x00, 0x00, 0x00, 0x00, 0x00,
    0x00, 0x00, 0x00, 0x00, 0x00, 0x00, 0x00, 0x00, 0x00, 0x00, 0x00, 0x00,
    0x00, 0x00, 0x00, 0x00, 0x00, 0x00, 0x00, 0x00, 0x00, 0x00, 0x00, 0x00,
    0x00, 0x00, 0x00, 0x00, 0x00, 0x00, 0x00, 0x00, 0x00, 0x00, 0x00, 0x00,
    0x00, 0x00, 0x00, 0x00, 0x00, 0x00, 0x00, 0x00, 0x00, 0x00, 0x00, 0x00,
    0x00, 0x00, 0x00, 0x00, 0x00, 0x00, 0x00, 0x00, 0x00, 0x00, 0x00, 0x00,
    0x00, 0x00, 0x00, 0x00, 0x00, 0x00, 0x00, 0x00, 0x00, 0x00, 0x00, 0x00,
    0x00, 0x00, 0x00, 0x00, 0x00, 0x00, 0x00, 0x00, 0x00, 0x00, 0x00, 0x00,
    0x00, 0x00, 0x00, 0x00, 0x00, 0x00, 0x00, 0x00, 0x00, 0x00, 0x00, 0x00,
    0x00, 0x00, 0x00, 0x00, 0x00, 0x00, 0x00, 0x00, 0x00, 0x00, 0x00, 0x00,
    0x00, 0x00, 0x00, 0x00, 0x00, 0x00, 0x00, 0x00, 0x00, 0x00, 0x00, 0x00,
    0x00, 0x00, 0x00, 0x00, 0x00, 0x00, 0x00, 0x00, 0x00, 0x00, 0x00, 0x00,
    0x00, 0x00, 0x00, 0x00, 0x00, 0x00, 0x00, 0x00, 0x00, 0x00, 0x00, 0x00,
    0x00, 0x00, 0x00, 0x00, 0x00, 0x00, 0x00, 0x00, 0x00, 0x00, 0x00, 0x00,
    0x00, 0x00, 0x00, 0x00, 0x00, 0x00, 0x00, 0x00, 0x00, 0x00, 0x00, 0x00,
    0x00, 0x00, 0x00, 0x00, 0x00, 0x00, 0x00, 0x00, 0x00, 0x00, 0x00, 0x00,
    0x00, 0x00, 0x00, 0x00, 0x00, 0x00, 0x00, 0x00, 0x00, 0x00, 0x00, 0x00,
    0x00, 0x00, 0x00, 0x00, 0x00, 0x00, 0x00, 0x00, 0x00, 0x00, 0x00, 0x00,
    0x00, 0x00, 0x00, 0x00, 0x00, 0x00, 0x00, 0x00, 0x00, 0x00, 0x00, 0x00,
    0x00, 0x00, 0x00, 0x00, 0x00, 0x00, 0x00, 0x00, 0x00, 0x00, 0x00, 0x00,
    0x00, 0x00, 0x00, 0x00, 0x00, 0x00, 0x00, 0x00, 0x00, 0x00, 0x00, 0x00,
    0x00, 0x00, 0x00, 0x00, 0x00, 0x00, 0x00, 0x00, 0x00, 0x00, 0x00, 0x00,
    0x00, 0x00, 0x00, 0x00, 0x00, 0x00, 0x00, 0x00, 0x00, 0x00, 0x00, 0x00,
    0x00, 0x00, 0x00, 0x00, 0x00, 0x00, 0x00, 0x00, 0x00, 0x00, 0x00, 0x00,
    0x00, 0x00, 0x00, 0x00, 0x00, 0x00, 0x00, 0x00, 0x00, 0x00, 0x00, 0x00,
    0x00, 0x00, 0x00, 0x00, 0x00, 0x00, 0x00, 0x00, 0x00, 0x00, 0x00, 0x00,
    0x00, 0x00, 0x00, 0x00, 0x00, 0x00, 0x00, 0x00, 0x00, 0x00, 0x00, 0x00,
    0x00, 0x00, 0x00, 0x00, 0x00, 0x00, 0x00, 0x00, 0x00, 0x00, 0x00, 0x00,
    0x00, 0x00, 0x00, 0x00, 0x00, 0x00, 0x00, 0x00, 0x00, 0x00, 0x00, 0x00,
    0x00, 0x00, 0x00, 0x00, 0x00, 0x00, 0x00, 0x00, 0x00, 0x00, 0x00, 0x00,
    0x00, 0x00, 0x00, 0x00, 0x00, 0x00, 0x00, 0x00, 0x00, 0x00, 0x00, 0x00,
    0x00, 0x00, 0x00, 0x00, 0x00, 0x00, 0x00, 0x00, 0x00, 0x00, 0x00, 0x00,
    0x00, 0x00, 0x00, 0x00, 0x00, 0x00, 0x00, 0x00, 0x00, 0x00, 0x00, 0x00,
    0x00, 0x00, 0x00, 0x00, 0x00, 0x00, 0x00, 0x00, 0x00, 0x00, 0x00, 0x00,
    0x00, 0x00, 0x00, 0x00, 0x00, 0x00, 0x00, 0x00, 0x00, 0x00, 0x00, 0x00,
    0x00, 0x00, 0x00, 0x00, 0x00, 0x00, 0x00, 0x00, 0x00, 0x00, 0x00, 0x00,
    0x00, 0x00, 0x00, 0x00, 0x00, 0x00, 0x00, 0x00, 0x00, 0x00, 0x00, 0x00,
    0x00, 0x00, 0x00, 0x00, 0x00, 0x00, 0x00, 0x00, 0x00, 0x00, 0x00, 0x00,
    0x00, 0x00, 0x00, 0x00, 0x00, 0x00, 0x00, 0x00, 0x00, 0x00, 0x00, 0x00,
    0x00, 0x00, 0x00, 0x00, 0x00, 0x00, 0x00, 0x00, 0x00, 0x00, 0x00, 0x00,
    0x00, 0x00, 0x00, 0x00, 0x00, 0x00, 0x00, 0x00, 0x00, 0x00, 0x00, 0x00,
    0x00, 0x00, 0x00, 0x00, 0x00, 0x00, 0x00, 0x00, 0x00, 0x00, 0x00, 0x00,
    0x00, 0x00, 0x00, 0x00, 0x00, 0x00, 0x00, 0x00, 0x00, 0x00, 0x00, 0x00,
    0x00, 0x00, 0x00, 0x00, 0x00, 0x00, 0x00, 0x00, 0x00, 0x00, 0x00, 0x00,
    0x00, 0x00, 0x00, 0x00, 0x00, 0x00, 0x00, 0x00, 0x00, 0x00, 0x00, 0x00,
    0x00, 0x00, 0x00, 0x00, 0x00, 0x00, 0x00, 0x00, 0x00, 0x00, 0x00, 0x00,
    0x00, 0x00, 0x00, 0x00, 0x00, 0x00, 0x00, 0x00, 0x00, 0x00, 0x00, 0x00,
    0x00, 0x00, 0x00, 0x00, 0x00, 0x00, 0x00, 0x00, 0x00, 0x00, 0x00, 0x00,
    0x00, 0x00, 0x00, 0x00, 0x00, 0x00, 0x00, 0x00, 0x00, 0x00, 0x00, 0x00,
    0x00, 0x00, 0x00, 0x00, 0x00, 0x00, 0x00, 0x00, 0x00, 0x00, 0x00, 0x00,
    0x00, 0x00, 0x00, 0x00, 0x00, 0x00, 0x00, 0x00, 0x00, 0x00, 0x00, 0x00,
    0x00, 0x00, 0x00, 0x00, 0x00, 0x00, 0x00, 0x00, 0x00, 0x00, 0x00, 0x00,
    0x00, 0x00, 0x00, 0x00, 0x00, 0x00, 0x00, 0x00, 0x00, 0x00, 0x00, 0x00,
    0x00, 0x00, 0x00, 0x00, 0x00, 0x00, 0x00, 0x00, 0x00, 0x00, 0x00, 0x00,
    0x00, 0x00, 0x00, 0x00, 0x00, 0x00, 0x00, 0x00, 0x00, 0x00, 0x00, 0x00,
    0x00, 0x00, 0x00, 0x00, 0x00, 0x00, 0x00, 0x00, 0x00, 0x00, 0x00, 0x00,
    0x00, 0x00, 0x00, 0x00, 0x00, 0x00, 0x00, 0x00, 0x00, 0x00, 0x00, 0x00,
    0x00, 0x00, 0x00, 0x00, 0x00, 0x00, 0x00, 0x00, 0x00, 0x00, 0x00, 0x00,
    0x00, 0x00, 0x00, 0x00, 0x00, 0x00, 0x00, 0x00, 0x00, 0x00, 0x00, 0x00,
    0x00, 0x00, 0x00, 0x00, 0x00, 0x00, 0x00, 0x00, 0x00, 0x00, 0x00, 0x00,
    0x00, 0x00, 0x00, 0x00, 0x00, 0x00, 0x00, 0x00, 0x00, 0x00, 0x00, 0x00,
    0x00, 0x00, 0x00, 0x00, 0x00, 0x00, 0x00, 0x00, 0x00, 0x00, 0x00, 0x00,
    0x00, 0x00, 0x00, 0x00, 0x00, 0x00, 0x00, 0x00, 0x00, 0x00, 0x00, 0x00,
    0x00, 0x00, 0x00, 0x00, 0x00, 0x00, 0x00, 0x00, 0x00, 0x00, 0x00, 0x00,
    0x00, 0x00, 0x00, 0x00, 0x00, 0x00, 0x00, 0x00, 0x00, 0x00, 0x00, 0x00,
    0x00, 0x00, 0x00, 0x00, 0x00, 0x00, 0x00, 0x00, 0x00, 0x00, 0x00, 0x00,
    0x00, 0x00, 0x00, 0x00, 0x00, 0x00, 0x00, 0x00, 0x00, 0x00, 0x00, 0x00,
    0x00, 0x00, 0x00, 0x00, 0x00, 0x00, 0x00, 0x00, 0x00, 0x00, 0x00, 0x00,
    0x00, 0x00, 0x00, 0x00, 0x00, 0x00, 0x00, 0x00, 0x00, 0x00, 0x00, 0x00,
    0x00, 0x00, 0x00, 0x00, 0x00, 0x00, 0x00, 0x00, 0x00, 0x00, 0x00, 0x00,
    0x00, 0x00, 0x00, 0x00, 0x00, 0x00, 0x00, 0x00, 0x00, 0x00, 0x00, 0x00,
    0x00, 0x00, 0x00, 0x00, 0x00, 0x00, 0x00, 0x00, 0x00, 0x00, 0x00, 0x00,
    0x00, 0x00, 0x00, 0x00, 0x00, 0x00, 0x00, 0x00, 0x00, 0x00, 0x00, 0x00,
    0x00, 0x00, 0x00, 0x00, 0x00, 0x00, 0x00, 0x00, 0x00, 0x00, 0x00, 0x00,
    0x00, 0x00, 0x00, 0x00, 0x00, 0x00, 0x00, 0x00, 0x00, 0x00, 0x00, 0x00,
    0x00, 0x00, 0x00, 0x00, 0x00, 0x00, 0x00, 0x00, 0x00, 0x00, 0x00, 0x00,
    0x00, 0x00, 0x00, 0x00, 0x00, 0x00, 0x00, 0x00, 0x00, 0x00, 0x00, 0x00,
    0x00, 0x00, 0x00, 0x00, 0x00, 0x00, 0x00, 0x00, 0x00, 0x00, 0x00, 0x00,
    0x00, 0x00, 0x00, 0x00, 0x00, 0x00, 0x00, 0x00, 0x00, 0x00, 0x00, 0x00,
    0x00, 0x00, 0x00, 0x00, 0x00, 0x00, 0x00, 0x00, 0x00, 0x00, 0x00, 0x00,
    0x00, 0x00, 0x00, 0x00, 0x00, 0x00, 0x00, 0x00, 0x00, 0x00, 0x00, 0x00,
    0x00, 0x00, 0x00, 0x00, 0x00, 0x00, 0x00, 0x00, 0x00, 0x00, 0x00, 0x00,
    0x00, 0x00, 0x00, 0x00, 0x00, 0x00, 0x00, 0x00, 0x00, 0x00, 0x00, 0x00,
    0x00, 0x00, 0x00, 0x00, 0x00, 0x00, 0x00, 0x00, 0x00, 0x00, 0x00, 0x00,
    0x00, 0x00, 0x00, 0x00, 0x00, 0x00, 0x00, 0x00, 0x00, 0x00, 0x00, 0x00,
    0x00, 0x00, 0x00, 0x00, 0x00, 0x00, 0x00, 0x00, 0x00, 0x00, 0x00, 0x00,
    0x00, 0x00, 0x00, 0x00, 0x00, 0x00, 0x00, 0x00, 0x00, 0x00, 0x00, 0x00,
    0x00, 0x00, 0x00, 0x00, 0x00, 0x00, 0x00, 0x00, 0x00, 0x00, 0x00, 0x00,
    0x00, 0x00, 0x00, 0x00, 0x00, 0x00, 0x00, 0x00, 0x00, 0x00, 0x00, 0x00,
    0x00, 0x00, 0x00, 0x00, 0x00, 0x00, 0x00, 0x00, 0x00, 0x00, 0x00, 0x00,
    0x00, 0x00, 0x00, 0x00, 0x00, 0x00, 0x00, 0x00, 0x00, 0x00, 0x00, 0x00,
    0x00, 0x00, 0x00, 0x00, 0x00, 0x00, 0x00, 0x00, 0x00, 0x00, 0x00, 0x00,
    0x00, 0x00, 0x00, 0x00, 0x00, 0x00, 0x00, 0x00, 0x00, 0x00, 0x00, 0x00,
    0x00, 0x00, 0x00, 0x00, 0x00, 0x00, 0x00, 0x00, 0x00, 0x00, 0x00, 0x00,
    0x00, 0x00, 0x00, 0x00, 0x00, 0x00, 0x00, 0x00, 0x00, 0x00, 0x00, 0x00,
    0x00, 0x00, 0x00, 0x00, 0x00, 0x00, 0x00, 0x00, 0x00, 0x00, 0x00, 0x00,
    0x00, 0x00, 0x00, 0x00, 0x00, 0x00, 0x00, 0x00, 0x00, 0x00, 0x00, 0x00,
    0x00, 0x00, 0x00, 0x00, 0x00, 0x00, 0x00, 0x00, 0x00, 0x00, 0x00, 0x00,
    0x00, 0x00, 0x00, 0x00, 0x00, 0x00, 0x00, 0x00, 0x00, 0x00, 0x00, 0x00,
    0x00, 0x00, 0x00, 0x00, 0x00, 0x00, 0x00, 0x00, 0x00, 0x00, 0x00, 0x00,
    0x00, 0x00, 0x00, 0x00, 0x00, 0x00, 0x00, 0x00, 0x00, 0x00, 0x00, 0x00,
    0x00, 0x00, 0x00, 0x00, 0x00, 0x00, 0x00, 0x00, 0x00, 0x00, 0x00, 0x00,
    0x00, 0x00, 0x00, 0x00, 0x00, 0x00, 0x00, 0x00, 0x00, 0x00, 0x00, 0x00,
    0x00, 0x00, 0x00, 0x00, 0x00, 0x00, 0x00, 0x00, 0x00, 0x00, 0x00, 0x00,
    0x00, 0x00, 0x00, 0x00, 0x00, 0x00, 0x00, 0x00, 0x00, 0x00, 0x00, 0x00,
    0x00, 0x00, 0x00, 0x00, 0x00, 0x00, 0x00, 0x00, 0x00, 0x00, 0x00, 0x00,
    0x00, 0x00, 0x00, 0x00, 0x00, 0x00, 0x00, 0x00, 0x00, 0x00, 0x00, 0x00,
    0x00, 0x00, 0x00, 0x00, 0x00, 0x00, 0x00, 0x00, 0x00, 0x00, 0x00, 0x00,
    0x00, 0x00, 0x00, 0x00, 0x00, 0x00, 0x00, 0x00, 0x00, 0x00, 0x00, 0x00,
    0x00, 0x00, 0x00, 0x00, 0x00, 0x00, 0x00, 0x00, 0x00, 0x00, 0x00, 0x00,
    0x00, 0x00, 0x00, 0x00, 0x00, 0x00, 0x00, 0x00, 0x00, 0x00, 0x00, 0x00,
    0x00, 0x00, 0x00, 0x00, 0x00, 0x00, 0x00, 0x00, 0x00, 0x00, 0x00, 0x00,
    0x00, 0x00, 0x00, 0x00, 0x00, 0x00, 0x00, 0x00, 0x00, 0x00, 0x00, 0x00,
    0xa2, 0x8f, 0xff, 0xff, 0x04, 0x00, 0x00, 0x00, 0xe0, 0x01, 0x00, 0x00,
    0x00, 0x00, 0x00, 0x00, 0x00, 0x00, 0x00, 0x00, 0x00, 0x00, 0x00, 0x00,
    0x00, 0x00, 0x00, 0x00, 0x00, 0x00, 0x00, 0x00, 0x00, 0x00, 0x00, 0x00,
    0x00, 0x00, 0x00, 0x00, 0x00, 0x00, 0x00, 0x00, 0x00, 0x00, 0x00, 0x00,
    0x00, 0x00, 0x00, 0x00, 0x00, 0x00, 0x00, 0x00, 0x00, 0x00, 0x00, 0x00,
    0x00, 0x00, 0x00, 0x00, 0x00, 0x00, 0x00, 0x00, 0x00, 0x00, 0x00, 0x00,
    0x00, 0x00, 0x00, 0x00, 0x00, 0x00, 0x00, 0x00, 0x00, 0x00, 0x00, 0x00,
    0x00, 0x00, 0x00, 0x00, 0x00, 0x00, 0x00, 0x00, 0x00, 0x00, 0x00, 0x00,
    0x00, 0x00, 0x00, 0x00, 0x00, 0x00, 0x00, 0x00, 0x00, 0x00, 0x00, 0x00,
    0x00, 0x00, 0x00, 0x00, 0x00, 0x00, 0x00, 0x00, 0x00, 0x00, 0x00, 0x00,
    0x00, 0x00, 0x00, 0x00, 0x00, 0x00, 0x00, 0x00, 0x00, 0x00, 0x00, 0x00,
    0x00, 0x00, 0x00, 0x00, 0x00, 0x00, 0x00, 0x00, 0x00, 0x00, 0x00, 0x00,
    0x00, 0x00, 0x00, 0x00, 0x00, 0x00, 0x00, 0x00, 0x00, 0x00, 0x00, 0x00,
    0x00, 0x00, 0x00, 0x00, 0x00, 0x00, 0x00, 0x00, 0x00, 0x00, 0x00, 0x00,
    0x00, 0x00, 0x00, 0x00, 0x00, 0x00, 0x00, 0x00, 0x00, 0x00, 0x00, 0x00,
    0x00, 0x00, 0x00, 0x00, 0x00, 0x00, 0x00, 0x00, 0x00, 0x00, 0x00, 0x00,
    0x00, 0x00, 0x00, 0x00, 0x00, 0x00, 0x00, 0x00, 0x00, 0x00, 0x00, 0x00,
    0x00, 0x00, 0x00, 0x00, 0x00, 0x00, 0x00, 0x00, 0x00, 0x00, 0x00, 0x00,
    0x00, 0x00, 0x00, 0x00, 0x00, 0x00, 0x00, 0x00, 0x00, 0x00, 0x00, 0x00,
    0x00, 0x00, 0x00, 0x00, 0x00, 0x00, 0x00, 0x00, 0x00, 0x00, 0x00, 0x00,
    0x00, 0x00, 0x00, 0x00, 0x00, 0x00, 0x00, 0x00, 0x00, 0x00, 0x00, 0x00,
    0x00, 0x00, 0x00, 0x00, 0x00, 0x00, 0x00, 0x00, 0x00, 0x00, 0x00, 0x00,
    0x00, 0x00, 0x00, 0x00, 0x00, 0x00, 0x00, 0x00, 0x00, 0x00, 0x00, 0x00,
    0x00, 0x00, 0x00, 0x00, 0x00, 0x00, 0x00, 0x00, 0x00, 0x00, 0x00, 0x00,
    0x00, 0x00, 0x00, 0x00, 0x00, 0x00, 0x00, 0x00, 0x00, 0x00, 0x00, 0x00,
    0x00, 0x00, 0x00, 0x00, 0x00, 0x00, 0x00, 0x00, 0x00, 0x00, 0x00, 0x00,
    0x00, 0x00, 0x00, 0x00, 0x00, 0x00, 0x00, 0x00, 0x00, 0x00, 0x00, 0x00,
    0x00, 0x00, 0x00, 0x00, 0x00, 0x00, 0x00, 0x00, 0x00, 0x00, 0x00, 0x00,
    0x00, 0x00, 0x00, 0x00, 0x00, 0x00, 0x00, 0x00, 0x00, 0x00, 0x00, 0x00,
    0x00, 0x00, 0x00, 0x00, 0x00, 0x00, 0x00, 0x00, 0x00, 0x00, 0x00, 0x00,
    0x00, 0x00, 0x00, 0x00, 0x00, 0x00, 0x00, 0x00, 0x00, 0x00, 0x00, 0x00,
    0x00, 0x00, 0x00, 0x00, 0x00, 0x00, 0x00, 0x00, 0x00, 0x00, 0x00, 0x00,
    0x00, 0x00, 0x00, 0x00, 0x00, 0x00, 0x00, 0x00, 0x00, 0x00, 0x00, 0x00,
    0x00, 0x00, 0x00, 0x00, 0x00, 0x00, 0x00, 0x00, 0x00, 0x00, 0x00, 0x00,
    0x00, 0x00, 0x00, 0x00, 0x00, 0x00, 0x00, 0x00, 0x00, 0x00, 0x00, 0x00,
    0x00, 0x00, 0x00, 0x00, 0x00, 0x00, 0x00, 0x00, 0x00, 0x00, 0x00, 0x00,
    0x00, 0x00, 0x00, 0x00, 0x00, 0x00, 0x00, 0x00, 0x00, 0x00, 0x00, 0x00,
    0x00, 0x00, 0x00, 0x00, 0x00, 0x00, 0x00, 0x00, 0x00, 0x00, 0x00, 0x00,
    0x00, 0x00, 0x00, 0x00, 0x00, 0x00, 0x00, 0x00, 0x00, 0x00, 0x00, 0x00,
    0x00, 0x00, 0x00, 0x00, 0x00, 0x00, 0x00, 0x00, 0x00, 0x00, 0x00, 0x00,
    0x00, 0x00, 0x00, 0x00, 0x00, 0x00, 0x00, 0x00, 0x00, 0x00, 0x00, 0x00,
    0x8e, 0x91, 0xff, 0xff, 0x04, 0x00, 0x00, 0x00, 0x40, 0x01, 0x00, 0x00,
    0x00, 0x00, 0x00, 0x00, 0x00, 0x00, 0x00, 0x00, 0x00, 0x00, 0x00, 0x00,
    0x00, 0x00, 0x00, 0x00, 0x00, 0x00, 0x00, 0x00, 0x00, 0x00, 0x00, 0x00,
    0x00, 0x00, 0x00, 0x00, 0x00, 0x00, 0x00, 0x00, 0x00, 0x00, 0x00, 0x00,
    0x00, 0x00, 0x00, 0x00, 0x00, 0x00, 0x00, 0x00, 0x00, 0x00, 0x00, 0x00,
    0x00, 0x00, 0x00, 0x00, 0x00, 0x00, 0x00, 0x00, 0x00, 0x00, 0x00, 0x00,
    0x00, 0x00, 0x00, 0x00, 0x00, 0x00, 0x00, 0x00, 0x00, 0x00, 0x00, 0x00,
    0x00, 0x00, 0x00, 0x00, 0x00, 0x00, 0x00, 0x00, 0x00, 0x00, 0x00, 0x00,
    0x00, 0x00, 0x00, 0x00, 0x00, 0x00, 0x00, 0x00, 0x00, 0x00, 0x00, 0x00,
    0x00, 0x00, 0x00, 0x00, 0x00, 0x00, 0x00, 0x00, 0x00, 0x00, 0x00, 0x00,
    0x00, 0x00, 0x00, 0x00, 0x00, 0x00, 0x00, 0x00, 0x00, 0x00, 0x00, 0x00,
    0x00, 0x00, 0x00, 0x00, 0x00, 0x00, 0x00, 0x00, 0x00, 0x00, 0x00, 0x00,
    0x00, 0x00, 0x00, 0x00, 0x00, 0x00, 0x00, 0x00, 0x00, 0x00, 0x00, 0x00,
    0x00, 0x00, 0x00, 0x00, 0x00, 0x00, 0x00, 0x00, 0x00, 0x00, 0x00, 0x00,
    0x00, 0x00, 0x00, 0x00, 0x00, 0x00, 0x00, 0x00, 0x00, 0x00, 0x00, 0x00,
    0x00, 0x00, 0x00, 0x00, 0x00, 0x00, 0x00, 0x00, 0x00, 0x00, 0x00, 0x00,
    0x00, 0x00, 0x00, 0x00, 0x00, 0x00, 0x00, 0x00, 0x00, 0x00, 0x00, 0x00,
    0x00, 0x00, 0x00, 0x00, 0x00, 0x00, 0x00, 0x00, 0x00, 0x00, 0x00, 0x00,
    0x00, 0x00, 0x00, 0x00, 0x00, 0x00, 0x00, 0x00, 0x00, 0x00, 0x00, 0x00,
    0x00, 0x00, 0x00, 0x00, 0x00, 0x00, 0x00, 0x00, 0x00, 0x00, 0x00, 0x00,
    0x00, 0x00, 0x00, 0x00, 0x00, 0x00, 0x00, 0x00, 0x00, 0x00, 0x00, 0x00,
    0x00, 0x00, 0x00, 0x00, 0x00, 0x00, 0x00, 0x00, 0x00, 0x00, 0x00, 0x00,
    0x00, 0x00, 0x00, 0x00, 0x00, 0x00, 0x00, 0x00, 0x00, 0x00, 0x00, 0x00,
    0x00, 0x00, 0x00, 0x00, 0x00, 0x00, 0x00, 0x00, 0x00, 0x00, 0x00, 0x00,
    0x00, 0x00, 0x00, 0x00, 0x00, 0x00, 0x00, 0x00, 0x00, 0x00, 0x00, 0x00,
    0x00, 0x00, 0x00, 0x00, 0x00, 0x00, 0x00, 0x00, 0x00, 0x00, 0x00, 0x00,
    0x00, 0x00, 0x00, 0x00, 0x00, 0x00, 0x00, 0x00, 0x00, 0x00, 0x00, 0x00,
    0x00, 0x00, 0x00, 0x00, 0x00, 0x00, 0x00, 0x00, 0x30, 0x49, 0xff, 0xff,
    0x34, 0x49, 0xff, 0xff, 0x38, 0x49, 0xff, 0xff, 0x3c, 0x49, 0xff, 0xff,
    0x40, 0x49, 0xff, 0xff, 0x44, 0x49, 0xff, 0xff, 0x48, 0x49, 0xff, 0xff,
    0x4c, 0x49, 0xff, 0xff, 0x50, 0x49, 0xff, 0xff, 0x54, 0x49, 0xff, 0xff,
    0x58, 0x49, 0xff, 0xff, 0x5c, 0x49, 0xff, 0xff, 0x60, 0x49, 0xff, 0xff,
    0x64, 0x49, 0xff, 0xff, 0x68, 0x49, 0xff, 0xff, 0x6c, 0x49, 0xff, 0xff,
    0x70, 0x49, 0xff, 0xff, 0x74, 0x49, 0xff, 0xff, 0x78, 0x49, 0xff, 0xff,
    0x7c, 0x49, 0xff, 0xff, 0x80, 0x49, 0xff, 0xff, 0x84, 0x49, 0xff, 0xff,
    0x88, 0x49, 0xff, 0xff, 0x8c, 0x49, 0xff, 0xff, 0x90, 0x49, 0xff, 0xff,
    0x94, 0x49, 0xff, 0xff, 0x98, 0x49, 0xff, 0xff, 0x9c, 0x49, 0xff, 0xff,
    0xa0, 0x49, 0xff, 0xff, 0xa4, 0x49, 0xff, 0xff, 0xa8, 0x49, 0xff, 0xff,
    0xac, 0x49, 0xff, 0xff, 0xb0, 0x49, 0xff, 0xff, 0xb4, 0x49, 0xff, 0xff,
    0xb8, 0x49, 0xff, 0xff, 0xbc, 0x49, 0xff, 0xff, 0xc0, 0x49, 0xff, 0xff,
    0xc4, 0x49, 0xff, 0xff, 0xc8, 0x49, 0xff, 0xff, 0xcc, 0x49, 0xff, 0xff,
    0xd0, 0x49, 0xff, 0xff, 0xd4, 0x49, 0xff, 0xff, 0xd8, 0x49, 0xff, 0xff,
    0xdc, 0x49, 0xff, 0xff, 0xe0, 0x49, 0xff, 0xff, 0xe4, 0x49, 0xff, 0xff,
    0xe8, 0x49, 0xff, 0xff, 0xec, 0x49, 0xff, 0xff, 0xf0, 0x49, 0xff, 0xff,
    0xf4, 0x49, 0xff, 0xff, 0xf8, 0x49, 0xff, 0xff, 0xfc, 0x49, 0xff, 0xff,
    0x00, 0x4a, 0xff, 0xff, 0x04, 0x4a, 0xff, 0xff, 0x08, 0x4a, 0xff, 0xff,
    0xb6, 0x93, 0xff, 0xff, 0x04, 0x00, 0x00, 0x00, 0x70, 0x17, 0x00, 0x00,
    0xb4, 0xcd, 0xfd, 0x45, 0x0f, 0xf6, 0x21, 0x08, 0x03, 0x0a, 0xe2, 0xb0,
    0x22, 0x29, 0xfb, 0xfa, 0xf7, 0x03, 0xeb, 0xf4, 0x16, 0xd7, 0xc6, 0xd8,
    0xba, 0xa4, 0xc2, 0xc4, 0x1d, 0xe0, 0xf5, 0xc5, 0xf0, 0x19, 0x10, 0x23,
    0x12, 0xfe, 0x01, 0xfe, 0xd6, 0x18, 0x0e, 0xd5, 0x2d, 0x05, 0x4b, 0x18,
    0xe2, 0xc6, 0xe7, 0xa1, 0xd5, 0xea, 0xf0, 0x15, 0xd4, 0x1f, 0x14, 0xfb,
    0x1f, 0xd2, 0xc8, 0xb3, 0x99, 0xba, 0x02, 0xb4, 0x0e, 0xc4, 0x25, 0x0a,
    0x28, 0x18, 0x42, 0x4e, 0x1f, 0x0b, 0x08, 0x1c, 0xcb, 0x1e, 0xc6, 0x2e,
    0x25, 0xf7, 0x3e, 0x2d, 0x13, 0xe9, 0x95, 0x81, 0xd5, 0xdb, 0xfe, 0x21,
    0xf5, 0x3f, 0x22, 0xcf, 0x30, 0x04, 0xe8, 0xe1, 0xca, 0xaf, 0xc3, 0xed,
    0x16, 0x24, 0xe8, 0xf4, 0x0d, 0x14, 0xe4, 0x49, 0x0d, 0xf3, 0x30, 0x10,
    0xb5, 0x08, 0xde, 0xe9, 0x3f, 0x2a, 0x24, 0x12, 0x36, 0xc4, 0xd9, 0x83,
    0xd5, 0xd1, 0xf5, 0xe9, 0x2d, 0x05, 0x03, 0x31, 0x07, 0x34, 0xb1, 0xcf,
    0xf1, 0xb7, 0xb2, 0xa3, 0x17, 0x11, 0xfa, 0xc4, 0xd8, 0x32, 0x34, 0x16,
    0xe2, 0xf5, 0xda, 0x32, 0xe5, 0xc3, 0xe8, 0x3c, 0x27, 0xc5, 0x08, 0xf5,
    0x0f, 0xb9, 0xab, 0xdc, 0x0e, 0x01, 0xdf, 0xcb, 0x1b, 0x0c, 0x3c, 0xcc,
    0x29, 0x07, 0x1b, 0xd0, 0xed, 0x9b, 0x00, 0xd5, 0xba, 0x17, 0x29, 0x1b,
    0x18, 0x0f, 0x45, 0x0b, 0x3c, 0x41, 0x14, 0xcd, 0xf1, 0x57, 0xee, 0xfd,
    0x2f, 0x0a, 0x68, 0x6b, 0x40, 0x45, 0x0a, 0x06, 0x52, 0x1b, 0x21, 0x03,
    0x08, 0x11, 0x2c, 0x1f, 0xfb, 0x24, 0x1f, 0xcf, 0xbe, 0xb9, 0xd6, 0x2c,
    0x05, 0x25, 0xf3, 0xec, 0x3b, 0x2a, 0x28, 0x31, 0x47, 0x4e, 0x21, 0x2a,
    0xc5, 0x2c, 0xb7, 0x22, 0xc8, 0xee, 0x78, 0x79, 0x1d, 0xe5, 0xe7, 0xe5,
    0x2a, 0x59, 0xff, 0xdc, 0x16, 0x39, 0x0c, 0x31, 0xfb, 0xdd, 0x10, 0xec,
    0xe0, 0xaf, 0x1b, 0x16, 0xfe, 0x1a, 0xf3, 0x3b, 0x14, 0xfb, 0xda, 0x20,
    0x43, 0x28, 0x01, 0xfc, 0xfb, 0x09, 0xb7, 0xf0, 0xc3, 0xf0, 0x7a, 0x7f,
    0x16, 0xe3, 0xe7, 0x02, 0x29, 0x0f, 0xe8, 0x14, 0x14, 0x3e, 0x1c, 0xe6,
    0x26, 0x11, 0x0a, 0xb5, 0x08, 0xe5, 0xda, 0x19, 0xe2, 0x03, 0xcd, 0x2f,
    0x0a, 0x0d, 0xd7, 0x13, 0xe1, 0x12, 0xdd, 0x1d, 0xf2, 0x20, 0xda, 0xf0,
    0xb9, 0x03, 0x69, 0x25, 0x22, 0xf4, 0xf1, 0xec, 0xd4, 0xff, 0x0e, 0x00,
    0x12, 0x2a, 0x1f, 0xff, 0xf5, 0x33, 0x07, 0xd1, 0xbe, 0x01, 0xc2, 0xdb,
    0x21, 0xd2, 0xe7, 0x06, 0x30, 0x17, 0x15, 0x07, 0x3b, 0x38, 0x10, 0xea,
    0x1c, 0x3d, 0xcb, 0xd7, 0xe0, 0xf4, 0x1b, 0x23, 0xcd, 0xf7, 0xdb, 0xed,
    0xf7, 0x0e, 0x01, 0xb6, 0xfc, 0x08, 0xeb, 0x35, 0x38, 0x07, 0x17, 0xe3,
    0xe2, 0xf8, 0x04, 0xfe, 0xc4, 0x00, 0x27, 0x23, 0x40, 0x22, 0xe3, 0x09,
    0x42, 0x2b, 0xd9, 0x1b, 0xcb, 0xe1, 0x26, 0x2e, 0x45, 0x6c, 0x0e, 0xf7,
    0x49, 0x41, 0x30, 0x05, 0xf9, 0x81, 0xd4, 0xc7, 0xb4, 0xde, 0xd8, 0xb6,
    0xd4, 0xf5, 0xc2, 0xe4, 0xe5, 0xfe, 0x0c, 0x07, 0xec, 0x19, 0x02, 0xe9,
    0x1b, 0xde, 0xf0, 0x30, 0x21, 0xe8, 0xea, 0x56, 0xa7, 0x02, 0x42, 0x2e,
    0x22, 0x3a, 0x28, 0x13, 0x53, 0x00, 0x4a, 0x26, 0xbf, 0x99, 0x99, 0xf2,
    0xc6, 0xb7, 0xd4, 0x06, 0xa0, 0xc9, 0xec, 0x13, 0xe5, 0x0f, 0xdc, 0xd8,
    0xda, 0x02, 0xec, 0xd0, 0xf0, 0x2b, 0x33, 0x24, 0xff, 0x1c, 0x34, 0x05,
    0xc9, 0xea, 0x05, 0x3e, 0x4e, 0x5e, 0x07, 0x1a, 0x13, 0x4c, 0x33, 0xe0,
    0x0a, 0xd8, 0xdb, 0x04, 0xfe, 0xf6, 0xd7, 0xa4, 0xcf, 0xf6, 0xe1, 0x00,
    0x02, 0xfa, 0x22, 0x1c, 0x0a, 0xe0, 0xa1, 0xe7, 0x1b, 0xd6, 0x1b, 0x22,
    0xfe, 0x29, 0xfa, 0x24, 0x90, 0xe8, 0x36, 0xf1, 0x3c, 0x56, 0x37, 0x3e,
    0x0c, 0x58, 0xfb, 0xdf, 0xeb, 0xe6, 0xc9, 0xef, 0xc4, 0xeb, 0xc7, 0xfc,
    0xe5, 0x1c, 0xfd, 0x2d, 0xe1, 0x10, 0x1a, 0xc5, 0xdd, 0xfc, 0xa8, 0xf9,
    0xc5, 0x18, 0xf5, 0xee, 0xf7, 0xec, 0x0f, 0x05, 0x8f, 0xeb, 0x22, 0xec,
    0x2a, 0x73, 0x13, 0x44, 0x37, 0x4d, 0x15, 0xf0, 0x22, 0xb0, 0xdf, 0xf8,
    0xe0, 0x04, 0x0b, 0xd6, 0x0a, 0xe2, 0xdd, 0x24, 0x09, 0xdd, 0x34, 0xf7,
    0xed, 0xf5, 0xe8, 0xf0, 0x06, 0xee, 0x23, 0xff, 0xdf, 0x03, 0x1f, 0x49,
    0x3d, 0xfe, 0x40, 0x5c, 0x5a, 0x26, 0x05, 0x19, 0xd6, 0x06, 0xe4, 0xe0,
    0xea, 0xdc, 0x34, 0x53, 0xf9, 0x2a, 0x16, 0x1b, 0x5f, 0x35, 0x37, 0xc3,
    0x19, 0x47, 0x00, 0x21, 0x3e, 0x00, 0x23, 0xdc, 0xd0, 0x0d, 0x2b, 0x4c,
    0x5c, 0x7f, 0x38, 0xbf, 0x1b, 0x46, 0x01, 0x50, 0x40, 0x50, 0xd1, 0xbf,
    0xd6, 0x21, 0xe2, 0x0b, 0xb9, 0x21, 0x32, 0x04, 0xca, 0xe6, 0x09, 0xee,
    0x50, 0x6c, 0xe4, 0xfe, 0x4b, 0x1f, 0x2d, 0xe5, 0xd9, 0xda, 0x0e, 0x0b,
    0xc5, 0x4e, 0x3c, 0x51, 0x52, 0xfe, 0x27, 0xcb, 0x0d, 0x0a, 0x4b, 0x2a,
    0x6e, 0x27, 0xd6, 0xae, 0xf6, 0x34, 0x1d, 0xe7, 0xf3, 0xd0, 0xf7, 0x37,
    0xf8, 0xd2, 0xc2, 0xec, 0x19, 0x3e, 0xd2, 0xcf, 0xc0, 0xdb, 0xb6, 0xe0,
    0xf0, 0xbd, 0x1b, 0x10, 0xd3, 0x52, 0xf8, 0x02, 0x29, 0xf1, 0x01, 0xc1,
    0xe1, 0xed, 0xcb, 0xfb, 0x3a, 0xfd, 0xd7, 0x9b, 0xf0, 0x02, 0x0c, 0xde,
    0xc4, 0x08, 0xda, 0x0c, 0xd4, 0x04, 0xcc, 0xf4, 0x06, 0xfb, 0x1c, 0xad,
    0x16, 0xee, 0xcb, 0xff, 0xaf, 0xf5, 0xff, 0xf2, 0xe2, 0xd8, 0x48, 0xe0,
    0xd2, 0xf1, 0x27, 0x9e, 0xbc, 0xb4, 0x10, 0x1e, 0x42, 0xfb, 0xde, 0xdc,
    0xba, 0x00, 0xfb, 0xeb, 0xd8, 0xbc, 0xb3, 0xd4, 0xf6, 0xe2, 0xd3, 0xc7,
    0x37, 0x0a, 0xdd, 0xa2, 0xe6, 0xdc, 0x9e, 0xb1, 0xb3, 0x9f, 0xb4, 0xfa,
    0xa2, 0x05, 0xd4, 0x2d, 0xb0, 0x27, 0xdf, 0x96, 0x00, 0x0e, 0x2a, 0x04,
    0x05, 0xd5, 0xbf, 0xd1, 0xfd, 0x4a, 0x48, 0x68, 0x37, 0xfc, 0x27, 0xfe,
    0x28, 0x05, 0xda, 0xe2, 0xfb, 0x0b, 0xea, 0x0d, 0x0c, 0xe2, 0xe9, 0x0e,
    0x2b, 0xc9, 0xde, 0xc7, 0xf8, 0xbc, 0xd0, 0x0c, 0xd7, 0xec, 0xf9, 0x20,
    0x07, 0xc5, 0xd8, 0xcc, 0xfc, 0xd7, 0x03, 0xca, 0x2e, 0x0a, 0x0b, 0x02,
    0x40, 0xf3, 0xe5, 0x4f, 0x26, 0xc1, 0xc0, 0xf8, 0xb7, 0xcb, 0x27, 0x17,
    0x2b, 0xeb, 0x31, 0x00, 0xfc, 0x1d, 0xdd, 0x07, 0xf0, 0x0c, 0xe2, 0x18,
    0x29, 0xd4, 0xf1, 0x32, 0x13, 0x04, 0x18, 0x12, 0xdc, 0xcd, 0xeb, 0xd0,
    0x42, 0x2e, 0x3f, 0x17, 0x64, 0xed, 0x08, 0x25, 0x52, 0x01, 0xad, 0xfc,
    0xc2, 0xb7, 0x09, 0x5a, 0x21, 0xe1, 0x23, 0x40, 0x18, 0x10, 0x31, 0x2a,
    0xc5, 0xe7, 0x0c, 0xec, 0x44, 0x41, 0x51, 0x2c, 0x1d, 0xcf, 0x0b, 0xc7,
    0x1f, 0xd0, 0xbb, 0xf1, 0x44, 0x2f, 0x6e, 0x7f, 0x60, 0x49, 0x27, 0x56,
    0x44, 0x00, 0xea, 0x02, 0xf8, 0xbe, 0xf1, 0x0b, 0x20, 0xfa, 0xe3, 0x56,
    0xdd, 0x23, 0xe4, 0x02, 0xda, 0xce, 0xd2, 0x34, 0x29, 0x2e, 0x22, 0x23,
    0x14, 0xc0, 0x1e, 0xa7, 0xb7, 0xba, 0xec, 0xc6, 0x23, 0x51, 0x41, 0x6d,
    0x49, 0xea, 0x06, 0x45, 0x05, 0xb9, 0xc2, 0xd4, 0x99, 0xc1, 0x0b, 0x42,
    0xd3, 0x15, 0x10, 0xd8, 0x08, 0xf3, 0x14, 0xc6, 0x03, 0x0c, 0xf4, 0x30,
    0xec, 0xde, 0x34, 0x1e, 0xd8, 0xc2, 0xf7, 0xdc, 0xc8, 0xe9, 0xd2, 0xf5,
    0x0d, 0x0e, 0x1f, 0x21, 0xe7, 0xf3, 0xfb, 0x2e, 0xf3, 0xdf, 0xf4, 0xd8,
    0x17, 0x2a, 0x02, 0x0d, 0x1b, 0xeb, 0xfd, 0x26, 0x29, 0xec, 0x25, 0xe7,
    0xdf, 0xfa, 0xc8, 0xbd, 0xf7, 0xc8, 0xc8, 0x02, 0x23, 0xda, 0x24, 0x0d,
    0xde, 0x0f, 0x18, 0x31, 0xf2, 0x0e, 0xdc, 0x38, 0xfb, 0x29, 0xff, 0xec,
    0xe3, 0x29, 0xda, 0x1c, 0x39, 0x03, 0xe5, 0x36, 0xe6, 0x06, 0x1a, 0x29,
    0x09, 0x3e, 0x20, 0x42, 0xf3, 0xc7, 0xfd, 0xda, 0xcf, 0xc4, 0xe8, 0xc3,
    0xdf, 0x22, 0xe6, 0x12, 0xf2, 0xe5, 0x0d, 0xe7, 0xdc, 0x03, 0xdd, 0x17,
    0xdf, 0x0f, 0x0c, 0x1c, 0xe8, 0x19, 0xde, 0xec, 0xe3, 0xf3, 0x33, 0xef,
    0x03, 0x14, 0xf9, 0xe1, 0xfd, 0xf8, 0x1b, 0xeb, 0xcd, 0x0e, 0xe8, 0xac,
    0xdb, 0xe8, 0xb4, 0xcf, 0x14, 0xf8, 0xec, 0x19, 0xcc, 0x0b, 0xe3, 0xc8,
    0xfa, 0xfc, 0x1b, 0xe6, 0xd4, 0xd0, 0xe3, 0xf5, 0xc9, 0x15, 0xf6, 0xe7,
    0xfc, 0xc9, 0xe9, 0xdf, 0xef, 0xdd, 0xf2, 0xdc, 0xdd, 0xd9, 0xd2, 0xe1,
    0xc9, 0x9d, 0xe2, 0x9a, 0x81, 0xce, 0x9f, 0xe1, 0xf2, 0x14, 0xf5, 0xe1,
    0xfa, 0x11, 0x2c, 0x2a, 0xe5, 0x06, 0x0f, 0xfd, 0xfd, 0x07, 0xf8, 0x1b,
    0xf3, 0xcc, 0x21, 0xcc, 0xe8, 0xed, 0x27, 0x17, 0xfa, 0x18, 0x2b, 0xcc,
    0xef, 0xf8, 0xf6, 0x1c, 0xdf, 0xc2, 0xc4, 0xe3, 0xe9, 0xa2, 0xe3, 0xea,
    0x07, 0x27, 0xf0, 0x15, 0x03, 0xae, 0x8a, 0xbe, 0xab, 0xbb, 0xd3, 0x1a,
    0x02, 0x02, 0x37, 0xf6, 0xb9, 0xdd, 0xc8, 0xbe, 0xf3, 0x09, 0x08, 0x18,
    0xe3, 0xf5, 0xfa, 0x1c, 0x1e, 0xe4, 0x0c, 0xda, 0x20, 0xed, 0xdc, 0x07,
    0xfc, 0x0b, 0x13, 0x3f, 0x2b, 0x19, 0xc4, 0xd4, 0xdf, 0xec, 0xe3, 0x9d,
    0xd7, 0xb1, 0xfa, 0xed, 0x2b, 0xd6, 0xcd, 0xcc, 0x0f, 0xd7, 0xe6, 0xf5,
    0xd2, 0xf5, 0x03, 0xf7, 0x2c, 0xf3, 0x19, 0xf4, 0xf0, 0x04, 0xd9, 0xc3,
    0x0e, 0xea, 0x1a, 0xe1, 0x1f, 0x05, 0x05, 0x29, 0x0a, 0xdd, 0xd1, 0xf5,
    0xc4, 0xbb, 0xce, 0xe8, 0x0c, 0x0b, 0xe7, 0x2e, 0xfe, 0xc6, 0xcc, 0x0f,
    0xd4, 0xef, 0xc3, 0x08, 0xe3, 0x22, 0x30, 0x04, 0x20, 0x29, 0x36, 0xe7,
    0xd3, 0x18, 0x39, 0x3f, 0x35, 0x47, 0x5b, 0x38, 0xf1, 0x19, 0x33, 0x73,
    0x2e, 0xf6, 0x06, 0xe8, 0xf0, 0x12, 0xa8, 0x1a, 0xdd, 0xcb, 0x44, 0x44,
    0x06, 0xe5, 0xe3, 0x18, 0x02, 0xc2, 0x15, 0x20, 0x05, 0x2c, 0xfa, 0x1e,
    0xf0, 0x08, 0x32, 0x00, 0xdd, 0x49, 0x0c, 0x09, 0x18, 0x53, 0x12, 0x38,
    0x17, 0x0c, 0xff, 0x63, 0x2a, 0x07, 0xe8, 0x1b, 0x13, 0xcf, 0xea, 0x1e,
    0xc3, 0x12, 0x53, 0x4f, 0x26, 0x4a, 0xe5, 0x24, 0x31, 0xff, 0xd3, 0xe8,
    0xf7, 0x43, 0x23, 0x1a, 0x17, 0xf9, 0x38, 0xea, 0x2d, 0xf9, 0x45, 0x2e,
    0x37, 0x4d, 0x48, 0x4a, 0xfc, 0x53, 0x56, 0x7f, 0xf7, 0xfa, 0x26, 0x14,
    0x1e, 0x02, 0xd1, 0xf7, 0xfb, 0xf8, 0xfb, 0xfe, 0x15, 0x2c, 0x0a, 0x14,
    0xec, 0xfc, 0xe5, 0xf3, 0xe7, 0xf7, 0x0b, 0x11, 0x1e, 0x29, 0xff, 0x12,
    0x21, 0x22, 0x0b, 0x07, 0x09, 0x02, 0xe2, 0x14, 0xe3, 0x08, 0xd7, 0x81,
    0x18, 0xf4, 0x2b, 0x1a, 0x19, 0xfc, 0xe1, 0xde, 0xf6, 0xf1, 0x1e, 0xec,
    0xf6, 0x19, 0x0f, 0xff, 0xf6, 0x16, 0xdf, 0xdd, 0xf0, 0xed, 0xf5, 0x0c,
    0x12, 0x27, 0xfd, 0xf1, 0x07, 0x28, 0xe7, 0xe8, 0xd6, 0xfd, 0x05, 0x02,
    0x12, 0x20, 0x02, 0x94, 0x0f, 0x1d, 0x12, 0x1d, 0x12, 0xee, 0xe8, 0xf0,
    0x21, 0x16, 0x09, 0xde, 0x0d, 0xfc, 0x1a, 0x11, 0xf9, 0xdc, 0xe2, 0xd1,
    0x02, 0xe0, 0xef, 0x07, 0x2f, 0x33, 0x00, 0xf7, 0xf0, 0xf6, 0xf2, 0xe8,
    0xfb, 0xfb, 0x1b, 0xf4, 0xe2, 0xec, 0x06, 0xa3, 0x15, 0xe8, 0x11, 0x11,
    0x23, 0x0a, 0x00, 0x06, 0x03, 0x04, 0xf4, 0xfd, 0xde, 0x1b, 0x18, 0x04,
    0xe4, 0xfe, 0xe6, 0xc9, 0x05, 0x01, 0xe7, 0xfb, 0xfa, 0x1d, 0x1c, 0xee,
    0x34, 0x0f, 0x09, 0x15, 0xdc, 0xf5, 0xe9, 0xf1, 0x20, 0x0f, 0xfc, 0x9b,
    0x03, 0xde, 0x11, 0x2b, 0x1e, 0x1c, 0xf9, 0xe5, 0xfb, 0x1f, 0x0e, 0xfa,
    0x01, 0x06, 0xeb, 0x0b, 0x02, 0xf5, 0xf0, 0xd8, 0xe4, 0xeb, 0x0f, 0x03,
    0x1e, 0x24, 0xf9, 0xfe, 0x2a, 0x12, 0xff, 0xf6, 0xe0, 0x20, 0x1f, 0xfd,
    0x04, 0x27, 0xe0, 0x9e, 0xb1, 0xf6, 0xbc, 0xec, 0x24, 0x0d, 0xb8, 0xe9,
    0x0f, 0x0d, 0x1c, 0x1e, 0x10, 0xc1, 0xf6, 0xdf, 0x08, 0x67, 0xe1, 0x36,
    0x3d, 0xc5, 0xe2, 0x22, 0x2a, 0xd4, 0xb3, 0x0e, 0xf4, 0x32, 0x33, 0x20,
    0x2b, 0x0f, 0xda, 0xf5, 0x54, 0x58, 0x4b, 0xd8, 0xb4, 0xa7, 0x33, 0x47,
    0x51, 0xef, 0x0c, 0xf2, 0xf9, 0xf2, 0xd0, 0x11, 0x5b, 0x08, 0x45, 0x45,
    0x69, 0x55, 0x32, 0x20, 0x48, 0x19, 0x08, 0x41, 0x0f, 0x1d, 0xb8, 0x22,
    0xfd, 0x48, 0x29, 0x49, 0xeb, 0x42, 0x1f, 0x62, 0x4f, 0x73, 0x22, 0x36,
    0xe4, 0x03, 0x1a, 0xfd, 0x6c, 0xd6, 0x2e, 0xc8, 0x4e, 0xd6, 0xe8, 0x27,
    0x3e, 0x33, 0x43, 0x10, 0x77, 0x5e, 0x3e, 0x66, 0x06, 0x4b, 0x23, 0x04,
    0xf8, 0x03, 0xe5, 0x24, 0x03, 0xe6, 0x38, 0x48, 0x16, 0x17, 0x7f, 0x3b,
    0x11, 0x1d, 0x46, 0x23, 0xe4, 0xf5, 0x05, 0x00, 0xf1, 0xe8, 0xf5, 0x09,
    0xd4, 0x1d, 0xe7, 0xec, 0xfd, 0xe2, 0xdf, 0x4c, 0xf6, 0x30, 0x64, 0x14,
    0xe5, 0xf0, 0xe8, 0xde, 0xe4, 0xd6, 0xbf, 0xe6, 0x1b, 0x2a, 0x24, 0x42,
    0x27, 0x30, 0x62, 0x17, 0x07, 0x2d, 0x5c, 0xed, 0xd0, 0xf5, 0xdc, 0xf4,
    0xf6, 0x0d, 0xc7, 0x2b, 0x38, 0x1e, 0xc3, 0xdb, 0xec, 0x12, 0xf8, 0x28,
    0x2b, 0x26, 0x27, 0x2d, 0x26, 0x09, 0x10, 0xed, 0xea, 0x07, 0x36, 0x3c,
    0x2c, 0x24, 0x0c, 0x0b, 0x2c, 0x06, 0xfd, 0x5d, 0xfb, 0x59, 0x62, 0x13,
    0x4a, 0x0c, 0x3f, 0x21, 0x42, 0x24, 0xfc, 0x11, 0xe2, 0x14, 0x65, 0x66,
    0x2d, 0xee, 0x21, 0x17, 0xc0, 0xd3, 0x0a, 0xc7, 0xdc, 0xc0, 0x41, 0x7f,
    0x3a, 0x0f, 0x40, 0xed, 0x02, 0x1c, 0x4a, 0x19, 0x4c, 0xff, 0xe0, 0xdf,
    0xda, 0x55, 0x13, 0x24, 0x6f, 0x57, 0x28, 0x06, 0xeb, 0xd2, 0xcd, 0xc9,
    0x3f, 0x1a, 0x21, 0x59, 0xd7, 0x27, 0xdd, 0x45, 0xc6, 0x09, 0x19, 0xe8,
    0x22, 0x2a, 0xec, 0x1e, 0x4c, 0x1a, 0x14, 0xc4, 0xcc, 0x33, 0x3f, 0x22,
    0x10, 0x17, 0xea, 0x14, 0x36, 0xfe, 0x14, 0xb5, 0x1b, 0x14, 0x3b, 0xf3,
    0x70, 0xfc, 0xe4, 0xe2, 0x18, 0xda, 0x44, 0x11, 0x2e, 0xee, 0x57, 0x49,
    0xd3, 0xcc, 0x2a, 0xd0, 0xd0, 0x0f, 0x12, 0xe4, 0x13, 0xd8, 0xdb, 0x30,
    0x3c, 0x52, 0x04, 0x2a, 0x21, 0xf8, 0x1e, 0x06, 0xf8, 0x20, 0x33, 0xd9,
    0x2a, 0x3f, 0x2b, 0x05, 0x4d, 0x17, 0xbe, 0x15, 0x1a, 0x39, 0x2d, 0xf0,
    0x3c, 0x45, 0x24, 0x1f, 0xd9, 0xe6, 0xe5, 0xee, 0x29, 0x3d, 0xe0, 0x36,
    0x6b, 0xfd, 0xee, 0x34, 0x19, 0x1c, 0x21, 0x44, 0x43, 0x18, 0x22, 0x28,
    0xdf, 0x22, 0x12, 0x33, 0x4c, 0x06, 0xf1, 0x35, 0xc7, 0xf1, 0xc0, 0xa4,
    0x1e, 0xeb, 0xdf, 0xc3, 0x15, 0xe3, 0xed, 0x32, 0x05, 0xf1, 0x20, 0xcd,
    0x0e, 0xca, 0x44, 0x05, 0x2d, 0xe3, 0xf2, 0xd2, 0x08, 0x3a, 0x5a, 0x56,
    0xf7, 0x39, 0x12, 0x28, 0x40, 0x64, 0x5b, 0xee, 0x29, 0xfd, 0xfd, 0xf6,
    0x29, 0xd9, 0xd1, 0xfa, 0xdb, 0xf4, 0xd8, 0x0e, 0x20, 0x07, 0xd0, 0xa0,
    0xb6, 0xbf, 0xa7, 0x0d, 0xc4, 0xe1, 0x16, 0xfa, 0xd2, 0xf8, 0xcb, 0x9a,
    0x81, 0xfb, 0xe4, 0xfc, 0xff, 0x32, 0x0a, 0xfa, 0xe9, 0x04, 0xe2, 0x1e,
    0xfe, 0xf8, 0x1d, 0x0f, 0x0a, 0x22, 0x1a, 0x27, 0x36, 0xd4, 0xc6, 0xef,
    0x2f, 0x06, 0xf6, 0x0b, 0xf9, 0xd1, 0xed, 0xd1, 0xc4, 0xfc, 0xd1, 0xf8,
    0x01, 0xda, 0xf6, 0x8a, 0xd2, 0xe6, 0xef, 0x20, 0xfe, 0xeb, 0x0c, 0xc9,
    0xd6, 0xfc, 0xfc, 0xc9, 0x28, 0x2d, 0xe6, 0x2e, 0xdf, 0xda, 0x1c, 0x1d,
    0x29, 0x1c, 0x21, 0xfc, 0x12, 0xd5, 0x1e, 0xdc, 0xc0, 0xbf, 0xee, 0xc1,
    0xf6, 0x14, 0xee, 0xf8, 0xe8, 0xcc, 0xea, 0xd8, 0xd8, 0x10, 0xdf, 0x04,
    0x16, 0x2e, 0xf8, 0xf9, 0x09, 0x29, 0xf3, 0x25, 0x2e, 0xf4, 0x41, 0xe2,
    0xde, 0x0c, 0x22, 0x10, 0x04, 0xfc, 0x1a, 0x22, 0xf4, 0xc0, 0xf5, 0x03,
    0xe3, 0xdd, 0xf1, 0xe0, 0xf8, 0xf2, 0x04, 0xc3, 0xbe, 0x15, 0xcd, 0xa5,
    0xc6, 0xbd, 0xd1, 0xe2, 0xf5, 0x32, 0x03, 0x0a, 0xde, 0xf2, 0x14, 0x0c,
    0x0d, 0xda, 0xdc, 0x0d, 0xfc, 0x1e, 0xd2, 0xe9, 0x28, 0xd9, 0xe6, 0xcf,
    0x0a, 0x12, 0x1c, 0x03, 0xf6, 0xf3, 0xdc, 0xd3, 0xdf, 0xc0, 0xcf, 0xee,
    0xef, 0xd5, 0xf8, 0xe6, 0x9e, 0x10, 0xdb, 0xd1, 0x18, 0x0f, 0x13, 0x02,
    0xb9, 0x18, 0x14, 0x19, 0x16, 0x24, 0xd0, 0xdf, 0x3b, 0xfd, 0xdb, 0x03,
    0x48, 0x49, 0x19, 0x02, 0x30, 0x06, 0x54, 0x37, 0x1c, 0xfe, 0x1c, 0x19,
    0xed, 0x1c, 0x31, 0x65, 0x4c, 0x49, 0x60, 0x6a, 0x53, 0x53, 0x76, 0x2a,
    0x40, 0x33, 0x2f, 0x7f, 0x2d, 0x3a, 0x61, 0x56, 0xc8, 0x05, 0xd2, 0xd3,
    0x0d, 0x2f, 0x20, 0xfd, 0xdf, 0xdc, 0xd5, 0xe9, 0x19, 0xfe, 0x33, 0x38,
    0xf2, 0x12, 0x1d, 0x2f, 0x22, 0xe6, 0x4a, 0x51, 0x0c, 0x71, 0x29, 0x0c,
    0x28, 0x45, 0x65, 0x2c, 0xda, 0x34, 0x30, 0x29, 0x0a, 0x46, 0xff, 0x36,
    0x2a, 0x06, 0xb8, 0xbe, 0xf8, 0xf0, 0xc2, 0x16, 0x36, 0xf5, 0xda, 0xda,
    0x1b, 0xdc, 0xdd, 0x2b, 0x12, 0xe5, 0xea, 0xfd, 0x08, 0x10, 0xf4, 0x38,
    0x1c, 0x2f, 0xec, 0x0c, 0x36, 0xde, 0x2f, 0x25, 0x10, 0xf2, 0x0f, 0x07,
    0xfe, 0xd4, 0x2c, 0x2a, 0xc8, 0xbc, 0xa4, 0x8e, 0xd9, 0xd7, 0xce, 0xa0,
    0xd8, 0xb0, 0xb6, 0xfb, 0x9e, 0xd7, 0xe6, 0xb9, 0xdc, 0xd1, 0x0d, 0xcf,
    0x24, 0xc4, 0xf8, 0x06, 0xe7, 0x04, 0x18, 0xd1, 0xd0, 0xc7, 0xf5, 0x14,
    0xec, 0x93, 0x2d, 0xc4, 0xb2, 0xad, 0xc8, 0x26, 0x04, 0xac, 0xff, 0x06,
    0x0e, 0xf0, 0xfc, 0xd2, 0xf4, 0x0a, 0xcb, 0xf4, 0x0a, 0xee, 0xe8, 0xf7,
    0xe9, 0x13, 0x00, 0x2c, 0xb9, 0x13, 0x0e, 0xee, 0xc4, 0xe6, 0xa2, 0x32,
    0xaa, 0x18, 0x02, 0xf1, 0xa5, 0x07, 0xbf, 0xf3, 0xb5, 0xf0, 0xc0, 0x3e,
    0x37, 0x02, 0x62, 0xc2, 0xb1, 0xf0, 0x01, 0x22, 0x32, 0x31, 0x00, 0x0a,
    0x1a, 0xe3, 0xe1, 0x3f, 0x37, 0xf4, 0x3e, 0x58, 0xd1, 0x00, 0xe2, 0x46,
    0x4a, 0xf4, 0x38, 0xf9, 0x12, 0xc9, 0xf4, 0xc9, 0xaf, 0xe8, 0xfb, 0x0b,
    0xf1, 0xf4, 0x21, 0x45, 0xf3, 0x12, 0xe3, 0x22, 0x09, 0xc4, 0xf9, 0xfa,
    0xf6, 0x16, 0x49, 0x08, 0xf6, 0x06, 0x3d, 0x2b, 0x1a, 0x19, 0x44, 0x0d,
    0x37, 0x2d, 0x19, 0x56, 0x41, 0x1a, 0x60, 0x52, 0x25, 0x29, 0xe7, 0xdc,
    0xf4, 0xab, 0xf1, 0xba, 0xed, 0x1a, 0xf8, 0x00, 0xda, 0xed, 0x14, 0x01,
    0xc9, 0xbc, 0xe2, 0x0b, 0xfe, 0xee, 0x0c, 0x40, 0x40, 0xff, 0x54, 0x30,
    0xf6, 0x2b, 0x40, 0xfc, 0xe3, 0x26, 0x5d, 0x63, 0xff, 0x38, 0x7a, 0x33,
    0xdd, 0x0c, 0x21, 0xe8, 0xf7, 0xac, 0x22, 0xcb, 0xf7, 0x24, 0xf3, 0x3c,
    0xc7, 0xf8, 0x19, 0xf0, 0x81, 0xb8, 0xac, 0xb3, 0xe0, 0x1e, 0xf5, 0x1d,
    0xfb, 0xd7, 0x45, 0xe3, 0xf0, 0x28, 0xe1, 0xe7, 0xc6, 0x19, 0x12, 0x4d,
    0xff, 0x56, 0x2f, 0x69, 0x4c, 0xe0, 0xfa, 0x1b, 0xd8, 0xc1, 0xef, 0xee,
    0x24, 0xe3, 0x31, 0x5e, 0xcc, 0xf9, 0x11, 0xbc, 0x8a, 0xa6, 0xb1, 0xe2,
    0xfc, 0x12, 0xed, 0x43, 0x0f, 0x3a, 0x17, 0x1b, 0x27, 0x1b, 0x56, 0x3f,
    0xcc, 0x23, 0xeb, 0x53, 0x34, 0xfc, 0x27, 0x58, 0x14, 0x1a, 0xee, 0x39,
    0x0f, 0x19, 0x23, 0x04, 0x2c, 0x2a, 0x3e, 0x02, 0x69, 0x15, 0x07, 0xf6,
    0xe9, 0xc8, 0xfd, 0xf3, 0xf2, 0xcf, 0xd0, 0x0b, 0xe3, 0xde, 0x25, 0x1d,
    0x2e, 0x0e, 0x10, 0xe3, 0x3c, 0x12, 0xec, 0xdc, 0xfb, 0xd1, 0xc0, 0x0b,
    0xf3, 0xe3, 0xc7, 0xdd, 0xf4, 0xf6, 0xda, 0xec, 0xc8, 0x01, 0xf1, 0xdb,
    0x7f, 0x33, 0x01, 0x1b, 0xb8, 0x03, 0x01, 0xce, 0xeb, 0xed, 0xf1, 0xc6,
    0x07, 0x01, 0x03, 0xfa, 0x05, 0x19, 0x02, 0x1a, 0x19, 0xfb, 0xfb, 0xe1,
    0x12, 0xd2, 0xd2, 0x03, 0x1b, 0xd4, 0xc4, 0xec, 0xf9, 0xd8, 0xe3, 0xab,
    0x07, 0xf5, 0x0f, 0xe3, 0x5c, 0x15, 0xf6, 0xe7, 0xf2, 0xf4, 0x15, 0xf5,
    0x14, 0xee, 0xf3, 0xf9, 0xb4, 0xc1, 0xf4, 0x21, 0x3b, 0x45, 0x45, 0x54,
    0x4c, 0x40, 0x2b, 0x0e, 0x1a, 0x0b, 0x07, 0x0a, 0x18, 0xf5, 0xfe, 0xec,
    0x20, 0x12, 0x02, 0xee, 0x04, 0x10, 0x06, 0xd9, 0x31, 0x0e, 0xf9, 0x0c,
    0xd7, 0x1b, 0x21, 0x0a, 0xfa, 0xf1, 0xcb, 0xe2, 0xc5, 0xd9, 0xf0, 0x03,
    0x10, 0x27, 0x1d, 0x23, 0x1e, 0x0e, 0x41, 0x4a, 0x1d, 0xf6, 0xf6, 0x26,
    0x18, 0xff, 0x2f, 0x40, 0xf4, 0x43, 0xf9, 0xcd, 0x0c, 0xe8, 0xfb, 0xed,
    0x64, 0xf9, 0xfa, 0x24, 0xe1, 0x1f, 0xf6, 0x1f, 0xe4, 0xd8, 0xf2, 0xf3,
    0xbd, 0xd6, 0x1f, 0x25, 0x46, 0x01, 0xfe, 0x40, 0x20, 0x5e, 0x45, 0x0d,
    0x00, 0x1e, 0x24, 0x0d, 0x12, 0x03, 0x17, 0x0a, 0x25, 0x44, 0xdc, 0xb6,
    0xdc, 0x1b, 0x29, 0x12, 0xaf, 0xfb, 0xe7, 0xdc, 0xd7, 0x0f, 0x23, 0x05,
    0xee, 0x0e, 0x88, 0x99, 0xef, 0x9d, 0xc7, 0xf4, 0x0a, 0xb9, 0x01, 0xd9,
    0xc2, 0xd1, 0x82, 0xeb, 0xc4, 0xa3, 0xd0, 0x81, 0xd7, 0xe2, 0xbe, 0xe5,
    0xf6, 0xba, 0xe4, 0xc3, 0xd1, 0xd3, 0x8a, 0xb0, 0xcc, 0xe2, 0x02, 0x04,
    0x18, 0x1c, 0xdf, 0xf4, 0x02, 0xd4, 0xb3, 0x0b, 0xff, 0xfc, 0x04, 0x00,
    0x10, 0x29, 0x01, 0x0a, 0x3e, 0xfe, 0x0b, 0x1d, 0xbd, 0xa7, 0xd6, 0x8d,
    0xc9, 0xe5, 0xd3, 0xfe, 0x1a, 0x03, 0xfc, 0x2b, 0xe3, 0xbe, 0xcd, 0xbe,
    0xca, 0x0e, 0x40, 0x36, 0xfb, 0x05, 0xea, 0x19, 0xab, 0xc8, 0xd1, 0xd9,
    0x31, 0x0c, 0x1c, 0x17, 0xd6, 0xfd, 0x49, 0xff, 0xfa, 0x06, 0xe3, 0x0e,
    0xcf, 0xc1, 0x07, 0xe4, 0x11, 0xdb, 0x0f, 0x02, 0x15, 0x00, 0xe0, 0x3d,
    0x2e, 0x06, 0xd4, 0xa2, 0x22, 0xd4, 0x23, 0x20, 0xf6, 0x2c, 0x1b, 0xd0,
    0xed, 0xf3, 0xbc, 0x08, 0xcf, 0xdd, 0x30, 0x1e, 0x0d, 0x25, 0x00, 0x1c,
    0x1b, 0xfb, 0xf6, 0x19, 0xd7, 0xe3, 0xe4, 0xdb, 0x03, 0xff, 0x03, 0x1a,
    0xf8, 0xe7, 0x29, 0x53, 0x50, 0x33, 0x2c, 0xc8, 0xd4, 0xfa, 0x0e, 0x1e,
    0x1b, 0xf7, 0xd9, 0x15, 0x17, 0x18, 0xa7, 0xf5, 0x22, 0xf4, 0xe5, 0xf9,
    0xfa, 0x1b, 0x45, 0x4e, 0xfa, 0xee, 0x21, 0xd5, 0xf2, 0xff, 0x10, 0x1c,
    0xd5, 0xe0, 0xd5, 0xf6, 0x22, 0xe0, 0x41, 0x36, 0xf4, 0x22, 0xd9, 0xb8,
    0xa4, 0xd8, 0xc7, 0x14, 0xf6, 0x1c, 0x35, 0xe4, 0x25, 0xf9, 0x1f, 0xcc,
    0xb8, 0x07, 0xe3, 0xc9, 0x1b, 0x14, 0x11, 0x28, 0x03, 0xde, 0xf4, 0x0a,
    0x1c, 0x36, 0x16, 0x30, 0x3d, 0xc6, 0xcc, 0x24, 0x2c, 0x24, 0x12, 0xf9,
    0xf9, 0x28, 0xea, 0x29, 0x81, 0xc4, 0xc6, 0x07, 0xca, 0x1d, 0xf4, 0x0c,
    0xeb, 0xc8, 0xfe, 0xc1, 0xdc, 0xd6, 0xd2, 0xd1, 0xf7, 0x1b, 0xe3, 0x29,
    0xfe, 0xc2, 0x0d, 0xe9, 0x29, 0x19, 0xf3, 0xea, 0xe5, 0xd6, 0xeb, 0x02,
    0x39, 0xfa, 0x04, 0x4c, 0x19, 0x18, 0x46, 0x28, 0xc3, 0xfd, 0xf6, 0xe8,
    0x0b, 0x09, 0x06, 0x07, 0xd4, 0x12, 0xf2, 0xdd, 0xe0, 0x03, 0x12, 0x0e,
    0x1a, 0xd1, 0xe0, 0xf5, 0xc1, 0xd7, 0x2b, 0xd8, 0x13, 0xc8, 0xcf, 0x01,
    0xca, 0x0c, 0x0f, 0x11, 0x21, 0x29, 0x25, 0x35, 0x53, 0xf9, 0x3d, 0x30,
    0xb6, 0xc3, 0x00, 0xe0, 0xd9, 0x14, 0x0b, 0xf9, 0xd3, 0xdd, 0x0d, 0xcf,
    0x14, 0xe7, 0xd9, 0x14, 0xd3, 0xdd, 0xf5, 0xf6, 0xe1, 0xb8, 0xfc, 0xe1,
    0xeb, 0xe6, 0xe5, 0xed, 0xe7, 0x02, 0x27, 0xe6, 0x3e, 0xf8, 0x1b, 0x05,
    0x30, 0x22, 0x2b, 0x3f, 0xc1, 0x9c, 0x1c, 0x0d, 0x0d, 0xd4, 0x05, 0x0f,
    0x12, 0x1b, 0xbb, 0xe7, 0xeb, 0xc6, 0xc7, 0xb7, 0x0f, 0xb8, 0x08, 0x13,
    0x19, 0xe5, 0xd0, 0x04, 0x08, 0x22, 0xd6, 0xda, 0x13, 0x02, 0xe8, 0x10,
    0x2d, 0x52, 0x2c, 0x25, 0x40, 0x51, 0xfc, 0x1b, 0x64, 0x48, 0x0c, 0x35,
    0xfe, 0xf7, 0xff, 0x19, 0xd7, 0xf7, 0xf3, 0x19, 0xd4, 0x10, 0x0e, 0xfd,
    0xeb, 0xff, 0xf3, 0xed, 0xe9, 0xe2, 0x0a, 0xf9, 0x20, 0xdc, 0xef, 0xbc,
    0xc5, 0xd8, 0x25, 0xff, 0xf9, 0xfb, 0x03, 0xf3, 0x0d, 0xfb, 0x0e, 0x0f,
    0x72, 0x4f, 0x1a, 0xf7, 0x09, 0xe6, 0x0d, 0xec, 0xd6, 0xed, 0xe8, 0xf7,
    0xe2, 0xfd, 0xfd, 0xf7, 0xdb, 0xff, 0xdc, 0xd1, 0xfb, 0xe6, 0xf0, 0x2c,
    0xf8, 0xfb, 0xdc, 0xb3, 0xde, 0xf3, 0xe8, 0x0e, 0x2d, 0x05, 0xf3, 0xfe,
    0x09, 0xee, 0x14, 0x31, 0x7f, 0x42, 0x3e, 0x33, 0xd6, 0xf6, 0xd7, 0xd5,
    0x0d, 0xce, 0xf5, 0xfe, 0xf2, 0xfc, 0x23, 0x22, 0xe7, 0x09, 0xed, 0xd5,
    0xf1, 0xf5, 0xf4, 0x27, 0x2c, 0x05, 0x0b, 0xcc, 0xc3, 0x18, 0xf7, 0xfe,
    0xf3, 0xec, 0xf3, 0x13, 0x2c, 0xea, 0x34, 0xfd, 0x51, 0x19, 0x57, 0x2b,
    0xd8, 0xe7, 0xf3, 0xd8, 0x0a, 0xd3, 0xe9, 0x0c, 0xfe, 0xef, 0x1a, 0xfb,
    0xf4, 0xec, 0xe3, 0x13, 0xe3, 0xcb, 0xf4, 0x1c, 0x16, 0xfd, 0xfb, 0xed,
    0xe1, 0xd9, 0xe9, 0x20, 0xf3, 0xf3, 0xe7, 0xd9, 0xfb, 0x11, 0x22, 0x01,
    0x44, 0x23, 0x4b, 0x1d, 0xe5, 0xbb, 0xe0, 0xdb, 0xf6, 0xed, 0xf7, 0xdf,
    0xf1, 0x1d, 0xf8, 0xef, 0xf6, 0xc2, 0xfe, 0x13, 0xcd, 0xd6, 0xe7, 0x18,
    0xfd, 0x21, 0xf0, 0xb5, 0xf1, 0xff, 0x09, 0xf6, 0xf4, 0xf8, 0x16, 0xf5,
    0x03, 0x0e, 0x26, 0x18, 0x53, 0x1d, 0xf4, 0xb2, 0xcc, 0xcc, 0xb9, 0xe6,
    0xf4, 0x23, 0xed, 0x3d, 0x2e, 0x22, 0x11, 0xfa, 0x28, 0xd0, 0x10, 0xcd,
    0x07, 0x13, 0x4c, 0xf8, 0x12, 0x23, 0x35, 0x34, 0x3b, 0x3a, 0x00, 0x2a,
    0x3b, 0x0f, 0x4c, 0x42, 0xf7, 0x31, 0x4f, 0x71, 0x21, 0x2d, 0xdf, 0xd1,
    0xee, 0xd9, 0xf0, 0x1e, 0xdf, 0xc7, 0x19, 0x00, 0x03, 0x4b, 0x20, 0xec,
    0x3a, 0xfa, 0xe9, 0x01, 0x17, 0x21, 0x3f, 0x30, 0xfd, 0xfc, 0x06, 0xef,
    0x02, 0x21, 0x0c, 0xf1, 0x3b, 0x3c, 0x31, 0xf2, 0xfa, 0x18, 0x11, 0x63,
    0x21, 0xf2, 0xa7, 0xd3, 0xb5, 0xd8, 0xa3, 0xbb, 0x02, 0xd7, 0xfe, 0xc7,
    0x1a, 0xf4, 0x10, 0x1b, 0xca, 0xbf, 0xfe, 0x2c, 0x29, 0x1a, 0xec, 0x48,
    0xf8, 0xfe, 0x19, 0x11, 0x3a, 0x1f, 0x28, 0xd3, 0xf6, 0xfc, 0xf4, 0xea,
    0xef, 0x24, 0x14, 0x40, 0x02, 0x05, 0xdc, 0x87, 0xba, 0xb2, 0xc1, 0xfc,
    0x97, 0xc2, 0x14, 0xef, 0xc3, 0x14, 0x11, 0xcf, 0xaa, 0xd3, 0x04, 0x1b,
    0xca, 0xdb, 0xf4, 0x2f, 0x02, 0x29, 0x11, 0xf5, 0xfd, 0x21, 0x16, 0x34,
    0xc9, 0x1d, 0x09, 0xfc, 0xe3, 0x06, 0x23, 0x53, 0x2d, 0xf4, 0xb8, 0x81,
    0x9d, 0xb7, 0xa1, 0xe5, 0xf4, 0xcb, 0xdf, 0x11, 0x0d, 0xd8, 0xfa, 0x0a,
    0xd4, 0xbd, 0xb4, 0xf6, 0x13, 0xd7, 0xea, 0xf2, 0xdb, 0xe6, 0xcb, 0x01,
    0x17, 0x1a, 0xd8, 0xce, 0x08, 0xeb, 0x01, 0xfd, 0xcb, 0x1c, 0xdb, 0x29,
    0xe0, 0xe6, 0x17, 0x0c, 0x11, 0xef, 0x19, 0x2c, 0x37, 0xe4, 0xd6, 0xdb,
    0xde, 0xde, 0x1f, 0xdf, 0xeb, 0x2f, 0x2c, 0x2f, 0xfe, 0x0f, 0x21, 0x0e,
    0x06, 0x14, 0x00, 0x1e, 0x16, 0xeb, 0x20, 0x36, 0x14, 0x2f, 0x03, 0x14,
    0x29, 0x0d, 0x4e, 0x7f, 0x18, 0xf3, 0xeb, 0xf0, 0x0a, 0x0d, 0x3c, 0x46,
    0x1d, 0xfe, 0xfe, 0xee, 0xda, 0xf3, 0xd1, 0xf0, 0xdd, 0x30, 0x35, 0x2f,
    0x01, 0x08, 0xfa, 0x16, 0xda, 0xf1, 0x01, 0x33, 0xde, 0xdd, 0xee, 0x39,
    0xf1, 0x17, 0x2d, 0x4c, 0x68, 0x45, 0x32, 0x79, 0x02, 0x0a, 0xf1, 0x1b,
    0x02, 0xf6, 0x40, 0x33, 0x04, 0xcd, 0xe6, 0x18, 0xf6, 0xcf, 0x0b, 0xf2,
    0x12, 0x31, 0x16, 0xf0, 0xf6, 0xf7, 0x08, 0x0d, 0xf6, 0x1e, 0x13, 0xec,
    0x24, 0xec, 0x07, 0x2a, 0x34, 0xfb, 0x0a, 0x31, 0x34, 0x3c, 0x36, 0x63,
    0xe0, 0x00, 0xeb, 0xee, 0xff, 0x19, 0x05, 0xfa, 0x0d, 0xcb, 0xf9, 0x0e,
    0x01, 0x0c, 0xdf, 0x13, 0xff, 0x1d, 0xf1, 0xf2, 0xd5, 0xe6, 0x2f, 0x33,
    0x21, 0x05, 0x02, 0xf9, 0xfb, 0x05, 0x1d, 0x01, 0xe5, 0xde, 0x21, 0x2e,
    0x48, 0x41, 0x34, 0x49, 0xf0, 0x0a, 0xf8, 0xee, 0xcf, 0x06, 0x1d, 0x02,
    0xe9, 0xf7, 0x01, 0xef, 0x12, 0x0f, 0x1a, 0x1b, 0x1f, 0x0a, 0xf4, 0xf0,
    0xd3, 0xe5, 0x1a, 0xe2, 0x1f, 0x05, 0x29, 0x1d, 0x0f, 0xce, 0xf3, 0x20,
    0xf2, 0xda, 0xe8, 0x1f, 0x1e, 0x08, 0xee, 0x5a, 0x06, 0xc8, 0xee, 0xd5,
    0x0f, 0x2c, 0xe8, 0xf4, 0x3b, 0x11, 0x36, 0x36, 0x23, 0x2b, 0x33, 0xf6,
    0x3a, 0xf2, 0x04, 0xe9, 0x36, 0xc2, 0x08, 0xd4, 0xf2, 0x15, 0x38, 0x5b,
    0x5d, 0x40, 0xff, 0xd3, 0xbd, 0x89, 0xc7, 0xe2, 0xcc, 0x2d, 0x52, 0x43,
    0xae, 0xfe, 0x2d, 0x13, 0xfb, 0x39, 0x30, 0x30, 0xf7, 0x07, 0xff, 0x1e,
    0x02, 0x1c, 0x01, 0x3f, 0x2a, 0xf7, 0xde, 0xfa, 0x1b, 0xfe, 0x16, 0x0c,
    0x35, 0x37, 0x63, 0x6f, 0x43, 0x23, 0xfe, 0xdb, 0xb4, 0x81, 0xaf, 0xac,
    0xc1, 0x02, 0xf6, 0x19, 0xc5, 0xc3, 0xe0, 0xb4, 0xf6, 0x15, 0xe1, 0xfe,
    0x0b, 0x3e, 0x3b, 0x3e, 0xf3, 0x02, 0x02, 0x2e, 0xd9, 0xd0, 0xdc, 0xd8,
    0x06, 0x1b, 0x0e, 0xfa, 0x20, 0x20, 0x31, 0x5d, 0x63, 0x3e, 0xf1, 0xd9,
    0xc1, 0xab, 0xe7, 0xf3, 0xc4, 0x2f, 0x0e, 0x16, 0xe7, 0xad, 0x23, 0xee,
    0x0a, 0xff, 0xf0, 0x18, 0xe7, 0x12, 0xed, 0xf1, 0x24, 0xcf, 0x17, 0x0a,
    0x1b, 0x2d, 0xc1, 0x20, 0x31, 0x11, 0x21, 0x0d, 0x10, 0x3e, 0x45, 0x41,
    0x4f, 0x00, 0x09, 0xbe, 0xb0, 0xa0, 0xc3, 0xcf, 0xe6, 0x07, 0x39, 0x1f,
    0xbb, 0xba, 0xcb, 0xc8, 0xf4, 0x08, 0x01, 0xea, 0x0a, 0xef, 0x01, 0x22,
    0xf5, 0xfa, 0xd5, 0xf5, 0x20, 0x1a, 0xd3, 0x34, 0x0b, 0xea, 0x2a, 0x32,
    0x42, 0x16, 0x0f, 0x6f, 0x14, 0x07, 0xe7, 0x23, 0xbc, 0xb8, 0x04, 0xd0,
    0x15, 0xe5, 0x1c, 0x0e, 0xd8, 0x2f, 0x1d, 0x3f, 0xf4, 0x0c, 0x09, 0x19,
    0x01, 0xea, 0xf3, 0x2a, 0x03, 0xf0, 0xeb, 0x0f, 0xd8, 0x3e, 0x37, 0x28,
    0xec, 0x16, 0x3f, 0xf2, 0xd6, 0xc0, 0x03, 0xba, 0xf8, 0xf1, 0x11, 0xe2,
    0x18, 0xae, 0xed, 0xa7, 0xc0, 0x01, 0x13, 0xa7, 0xd2, 0x23, 0x17, 0x0c,
    0x30, 0x09, 0x2d, 0x1b, 0x0a, 0xe7, 0x17, 0x1a, 0x15, 0x1e, 0x27, 0x3a,
    0x03, 0x2a, 0xf1, 0x16, 0xdd, 0x36, 0x2d, 0xd3, 0xfe, 0x0b, 0xec, 0xd2,
    0x0f, 0xce, 0x0a, 0x20, 0x0f, 0x0a, 0xba, 0xc9, 0xe8, 0xd7, 0xf0, 0x81,
    0xe2, 0x29, 0x2e, 0x18, 0xed, 0x19, 0x2f, 0x27, 0x32, 0x34, 0xfa, 0xfb,
    0xed, 0xdf, 0xf8, 0xeb, 0x15, 0xdb, 0x27, 0xc8, 0x26, 0xf4, 0x48, 0x22,
    0xc4, 0xd5, 0x0b, 0x06, 0xbe, 0xf4, 0xe9, 0xee, 0xcf, 0xcb, 0xab, 0x09,
    0xd2, 0xf8, 0xdd, 0xab, 0x2d, 0xf6, 0xd9, 0x2c, 0xf1, 0x14, 0x02, 0xe1,
    0x05, 0xfe, 0xe5, 0x11, 0xdb, 0xd3, 0xe9, 0xd2, 0xfd, 0x0d, 0x1a, 0xf6,
    0x13, 0x3a, 0x2a, 0xe3, 0xde, 0xf4, 0xc2, 0xbe, 0xf0, 0x9f, 0xbd, 0x01,
    0x09, 0x97, 0xcf, 0xa1, 0xb3, 0xbf, 0xb7, 0xa9, 0x18, 0x1a, 0xe8, 0x00,
    0xee, 0xf6, 0x18, 0x10, 0x16, 0x16, 0xf8, 0xed, 0xef, 0xf8, 0xcd, 0xbf,
    0xcf, 0x03, 0xc4, 0xed, 0x21, 0x25, 0x13, 0xe0, 0xbf, 0xb5, 0xbc, 0xe9,
    0xfc, 0xd0, 0xd0, 0xb9, 0xfb, 0xa8, 0x9d, 0xbf, 0xba, 0xcb, 0xbc, 0xd8,
    0x8c, 0x93, 0xb5, 0xad, 0xd8, 0xb8, 0x1d, 0xd2, 0x3f, 0xf4, 0xfc, 0x38,
    0x1c, 0x30, 0xf1, 0xb1, 0xdc, 0xbb, 0xb9, 0x14, 0xc9, 0xc0, 0xbe, 0xfd,
    0x0b, 0x4a, 0x19, 0x0b, 0x2d, 0xff, 0xfe, 0xc1, 0x28, 0x37, 0xe2, 0xf7,
    0x23, 0x2a, 0x0e, 0xe7, 0xba, 0x9a, 0xd5, 0x87, 0xed, 0x22, 0x0f, 0x08,
    0x19, 0x66, 0x2a, 0x1a, 0x1a, 0xfb, 0xfb, 0xab, 0x00, 0xb7, 0xb4, 0xc3,
    0xd4, 0xa3, 0x21, 0x33, 0x0b, 0xdb, 0x1e, 0x52, 0x65, 0xfa, 0x25, 0xea,
    0xfd, 0x36, 0xd8, 0xdb, 0x3a, 0x08, 0x29, 0xd8, 0x9d, 0xd8, 0x0f, 0xef,
    0xb6, 0xba, 0x1f, 0x5f, 0xf8, 0x6f, 0x7f, 0x4e, 0x35, 0xd1, 0xf4, 0xb1,
    0x96, 0x0c, 0x92, 0xd7, 0x96, 0x17, 0xc9, 0xff, 0x11, 0x06, 0x48, 0x5e,
    0x25, 0x13, 0xeb, 0xcb, 0xf0, 0xd4, 0x07, 0xde, 0x0a, 0xf0, 0x01, 0xcd,
    0xbf, 0xaf, 0x48, 0xb7, 0xc8, 0xdf, 0xfb, 0x4b, 0x37, 0x16, 0x39, 0x5c,
    0x45, 0x55, 0xee, 0xe1, 0xa4, 0xc7, 0x8e, 0xa7, 0xbb, 0xbc, 0xcd, 0x35,
    0x4f, 0x1f, 0x02, 0x5d, 0xed, 0x13, 0xdb, 0xc1, 0xe4, 0x28, 0x05, 0x56,
    0xe9, 0x22, 0x47, 0x09, 0xbf, 0xd1, 0x0f, 0x97, 0xa6, 0xd5, 0x2c, 0xe5,
    0x3b, 0x04, 0x1c, 0x4b, 0x2e, 0x28, 0xbc, 0x8a, 0x01, 0xf1, 0xba, 0x88,
    0xad, 0xcc, 0x06, 0x04, 0x05, 0xbe, 0x0c, 0xfb, 0x12, 0xd4, 0x20, 0x3c,
    0x22, 0x55, 0x26, 0xfb, 0x02, 0x17, 0x0a, 0x1d, 0x46, 0x1c, 0x19, 0xbf,
    0xed, 0xc0, 0x94, 0xcb, 0xed, 0xc5, 0x01, 0x11, 0xe0, 0x39, 0x09, 0x03,
    0xd3, 0xf6, 0xe5, 0xf1, 0xe6, 0xc7, 0xf5, 0x3e, 0xe9, 0xf5, 0x24, 0x35,
    0xde, 0x38, 0xd2, 0xef, 0x2e, 0xd4, 0xe5, 0x2b, 0xf8, 0x0b, 0x48, 0x3b,
    0x31, 0xfc, 0xc2, 0xd3, 0xb4, 0xae, 0xbd, 0xc5, 0xc4, 0xa8, 0xcb, 0x10,
    0xe1, 0x02, 0x36, 0xeb, 0xb7, 0xda, 0xf1, 0xfc, 0x11, 0xd6, 0x01, 0xcb,
    0x21, 0xfc, 0xfe, 0x17, 0xd4, 0xd8, 0xff, 0x24, 0xe1, 0xc6, 0x34, 0x0a,
    0x05, 0xfc, 0x1c, 0x31, 0xe5, 0xed, 0xdd, 0xed, 0xb2, 0xb4, 0xe2, 0xa6,
    0xbe, 0xcf, 0x0a, 0xdf, 0x31, 0x0b, 0xd3, 0xf3, 0x06, 0xae, 0x05, 0xc1,
    0x16, 0x04, 0x02, 0xe5, 0x0e, 0x27, 0xf3, 0x00, 0x37, 0x46, 0x0c, 0x10,
    0x36, 0x34, 0x0e, 0x0d, 0x47, 0xe3, 0xf2, 0x7f, 0xfb, 0x0f, 0xb0, 0xb5,
    0xab, 0xce, 0xd1, 0xb8, 0xd4, 0xc2, 0xeb, 0xdc, 0x41, 0xf1, 0x02, 0xe8,
    0xbb, 0xd1, 0x25, 0x13, 0x37, 0x15, 0x12, 0x0f, 0x34, 0x25, 0xef, 0x1d,
    0xf4, 0x0b, 0xeb, 0x09, 0x1b, 0x11, 0x23, 0xf6, 0x37, 0x03, 0x45, 0x3e,
    0x1b, 0xcf, 0xfe, 0xd6, 0x0d, 0x07, 0xc5, 0xde, 0xb6, 0x0d, 0xe9, 0x36,
    0x19, 0xfe, 0x48, 0x2f, 0x33, 0x04, 0x19, 0x1b, 0xe1, 0x33, 0xf4, 0x11,
    0x16, 0x2d, 0x3b, 0x08, 0x60, 0xf1, 0x00, 0x0a, 0x38, 0x37, 0x30, 0x01,
    0x42, 0x3b, 0x26, 0x5d, 0xe7, 0xad, 0x24, 0x03, 0xda, 0xec, 0x4e, 0x32,
    0x3a, 0x0e, 0xfb, 0x13, 0xf5, 0xee, 0x28, 0x42, 0x1a, 0x1d, 0x3e, 0x50,
    0x23, 0x12, 0x31, 0x5c, 0x2a, 0x36, 0x4b, 0x30, 0x6c, 0x18, 0x4a, 0x57,
    0x32, 0x41, 0x2d, 0x36, 0x24, 0x10, 0xda, 0x65, 0x10, 0xb4, 0xc4, 0x00,
    0xd0, 0x0e, 0x07, 0x09, 0xfd, 0xe5, 0x07, 0x32, 0xc6, 0x10, 0x51, 0x2c,
    0x30, 0x42, 0x66, 0x56, 0x62, 0x56, 0x43, 0x50, 0x72, 0x2e, 0x6b, 0x5c,
    0x2a, 0x02, 0x21, 0xee, 0xfb, 0x18, 0x19, 0xf6, 0x36, 0xf9, 0x3b, 0x5f,
    0xe8, 0xe5, 0xd9, 0x08, 0xb5, 0xee, 0xf3, 0xf3, 0xe4, 0xe9, 0xdb, 0xf4,
    0xad, 0xec, 0x19, 0x2c, 0x3c, 0x19, 0x72, 0x7f, 0xde, 0x04, 0x41, 0xf6,
    0x50, 0xef, 0x56, 0x36, 0x04, 0xfa, 0x03, 0x19, 0x31, 0x2f, 0x13, 0xd6,
    0xd9, 0xbe, 0x29, 0x4d, 0xf6, 0xfc, 0xeb, 0xd6, 0xf1, 0xc1, 0xfa, 0x1e,
    0xbf, 0xbd, 0xac, 0xe5, 0xbf, 0xd5, 0xbb, 0xd1, 0x4e, 0x26, 0x47, 0x3b,
    0xf7, 0x00, 0x23, 0x15, 0x05, 0x20, 0x1a, 0x40, 0xf0, 0xdc, 0x0c, 0x0f,
    0xfe, 0xe4, 0x18, 0xe3, 0xbb, 0x10, 0xe2, 0x29, 0x0a, 0xd8, 0x33, 0xee,
    0x16, 0xff, 0x13, 0xe3, 0x0b, 0xd6, 0xa5, 0x09, 0x91, 0x94, 0x0c, 0x13,
    0x33, 0x32, 0x2e, 0x03, 0xe7, 0xf2, 0xe0, 0xea, 0x24, 0x2d, 0xe6, 0x43,
    0x40, 0xea, 0xf7, 0x33, 0x46, 0xe0, 0xc7, 0x0b, 0xfe, 0x0a, 0x1f, 0x3b,
    0xf9, 0xf6, 0xd9, 0xf6, 0xc8, 0xe9, 0xe3, 0x1b, 0xd6, 0xda, 0x27, 0xee,
    0x0a, 0xd1, 0xaa, 0x04, 0xb4, 0xa0, 0xe6, 0xd5, 0x0c, 0xeb, 0x02, 0x1d,
    0xdd, 0x14, 0xee, 0xd2, 0xa4, 0xd4, 0xb2, 0x25, 0xd1, 0x1d, 0xd7, 0x81,
    0xfa, 0x8f, 0xe1, 0xef, 0x06, 0xf5, 0xfa, 0xd8, 0xd6, 0xe9, 0x02, 0x39,
    0x28, 0xeb, 0xef, 0xbc, 0xdb, 0xe8, 0xcd, 0xc8, 0xf6, 0xeb, 0x1a, 0x16,
    0x0b, 0xe6, 0xf9, 0x11, 0xe3, 0x92, 0xe8, 0xcf, 0x9c, 0x86, 0x9c, 0x27,
    0xfa, 0xe2, 0xf1, 0x8f, 0xb0, 0x9a, 0xde, 0x8a, 0x29, 0xf2, 0x0c, 0x15,
    0xed, 0x39, 0xdf, 0xf7, 0xf8, 0x37, 0x03, 0x04, 0x25, 0x09, 0x00, 0xff,
    0x0b, 0x07, 0x02, 0x08, 0xd8, 0xf2, 0x33, 0xce, 0xe4, 0xb8, 0xd8, 0xf9,
    0xeb, 0xb8, 0xe6, 0x15, 0xf7, 0x21, 0xaa, 0xf7, 0xf9, 0xfc, 0xc9, 0xb4,
    0x37, 0x3d, 0xda, 0x31, 0x36, 0xe3, 0x06, 0xee, 0x27, 0x37, 0x0a, 0xf8,
    0xf5, 0x28, 0x01, 0xc4, 0xef, 0xcf, 0xba, 0xff, 0xc5, 0xeb, 0xec, 0xe5,
    0xdb, 0x14, 0xbd, 0xd0, 0xae, 0xeb, 0x90, 0xf2, 0xdd, 0x07, 0xb6, 0x0b,
    0xf0, 0xd0, 0xe1, 0xfd, 0xf4, 0x36, 0x2d, 0xfd, 0xdc, 0xfa, 0x28, 0xf7,
    0xf9, 0x4d, 0x32, 0x0e, 0x01, 0xd9, 0xb0, 0xc1, 0x03, 0xc4, 0xeb, 0xe6,
    0xf4, 0xae, 0x04, 0xd8, 0xbe, 0x09, 0x08, 0x94, 0xea, 0x01, 0xb1, 0x0b,
    0xf0, 0xff, 0xc3, 0xfe, 0xdb, 0xfb, 0xee, 0xb0, 0xf1, 0x19, 0xd5, 0x2a,
    0x26, 0x0f, 0x6e, 0x4b, 0x02, 0x00, 0x1f, 0xf2, 0x2c, 0x04, 0x12, 0xc9,
    0xf4, 0xf7, 0xe2, 0x03, 0x05, 0x05, 0xda, 0x1b, 0xca, 0xe7, 0xcd, 0xd6,
    0xda, 0xd3, 0x47, 0x3c, 0x07, 0x1d, 0x06, 0x2c, 0xd1, 0xe1, 0x2c, 0x62,
    0xfa, 0x1e, 0x19, 0xf1, 0xe5, 0x31, 0x4e, 0x6c, 0x4e, 0xff, 0xdb, 0xec,
    0x27, 0x47, 0xf8, 0xec, 0xfc, 0xe6, 0xc9, 0x0a, 0x2a, 0xf6, 0x25, 0xef,
    0x06, 0xe0, 0xe8, 0x05, 0xbc, 0xf0, 0x1b, 0x18, 0xe7, 0xd6, 0xec, 0xe3,
    0x13, 0xe1, 0x31, 0x01, 0xe2, 0x31, 0xe4, 0xe5, 0xf1, 0x1d, 0x7f, 0x6a,
    0x3d, 0xeb, 0xb7, 0x0c, 0x2e, 0x3d, 0xed, 0xf1, 0xf3, 0xdc, 0x15, 0x1e,
    0x12, 0xe6, 0xc4, 0x16, 0xc9, 0x02, 0x06, 0xe8, 0xce, 0xd5, 0xe7, 0x3b,
    0xec, 0xfc, 0x04, 0x18, 0x0a, 0xfe, 0x15, 0x54, 0x29, 0x56, 0x0c, 0x16,
    0xfc, 0x1b, 0x2e, 0x61, 0x4e, 0x0f, 0xec, 0xe8, 0x46, 0x0b, 0x1c, 0x26,
    0xe8, 0xf2, 0x0c, 0xf2, 0xf3, 0x12, 0xec, 0xb6, 0xdd, 0xc9, 0x0e, 0xb7,
    0x01, 0x15, 0x1b, 0x0c, 0xf0, 0xd7, 0xe7, 0x12, 0x11, 0xd2, 0xfb, 0x0e,
    0xed, 0x70, 0xe6, 0xdb, 0x06, 0xd6, 0x40, 0x5c, 0x2d, 0x0c, 0xe6, 0xef,
    0x41, 0x38, 0x09, 0x1f, 0xe5, 0x02, 0x3b, 0x01, 0x35, 0x0e, 0xf4, 0xc0,
    0xab, 0x06, 0xd9, 0xc4, 0xfa, 0xcf, 0xea, 0x24, 0x21, 0xe9, 0xfd, 0x02,
    0xe6, 0xdf, 0xfa, 0x56, 0xa4, 0xdf, 0x2e, 0x1b, 0x2c, 0x07, 0xc6, 0xd6,
    0x18, 0x35, 0x34, 0xda, 0xea, 0x51, 0x3a, 0x63, 0x35, 0x26, 0x17, 0x06,
    0x3a, 0xfe, 0x3c, 0x22, 0x1d, 0xfb, 0xe9, 0x12, 0x33, 0xf4, 0x1e, 0x23,
    0xfb, 0xdf, 0x35, 0x15, 0x29, 0xee, 0xfa, 0xda, 0xa9, 0x00, 0x24, 0x44,
    0x20, 0x08, 0xc9, 0xf8, 0x15, 0x29, 0xef, 0xe1, 0x33, 0x10, 0x44, 0x1b,
    0x25, 0x3a, 0xf2, 0xff, 0xf8, 0x1b, 0xe7, 0x22, 0xfc, 0x0e, 0xfd, 0xe4,
    0xf5, 0x0e, 0xd7, 0x08, 0x05, 0x22, 0x0d, 0x38, 0xe4, 0xf6, 0xeb, 0xa3,
    0xce, 0x0e, 0x21, 0x5c, 0x15, 0xf0, 0xea, 0xd5, 0x06, 0xec, 0x25, 0x1a,
    0x44, 0xfb, 0x29, 0x39, 0x29, 0x60, 0xfa, 0xfc, 0x33, 0xf7, 0x1d, 0xc1,
    0xd4, 0x29, 0xf8, 0x0c, 0x25, 0xcc, 0xd4, 0xcc, 0x1a, 0x15, 0x07, 0x16,
    0xc6, 0x18, 0xdb, 0x81, 0xab, 0xd3, 0x10, 0xf9, 0xf6, 0xef, 0x0f, 0x0c,
    0xfd, 0x07, 0x27, 0xd9, 0x03, 0x25, 0x31, 0x1b, 0x4a, 0x23, 0x20, 0xec,
    0xec, 0x20, 0xf6, 0xb6, 0xb4, 0xfd, 0xda, 0x01, 0xf8, 0xf1, 0xb7, 0xb0,
    0xcf, 0xeb, 0x11, 0x08, 0xca, 0x0f, 0xc3, 0x84, 0xd5, 0xf5, 0xec, 0xfb,
    0x0d, 0x0d, 0xf0, 0x07, 0x2e, 0xf5, 0x36, 0x0a, 0x3c, 0x20, 0x04, 0x24,
    0xf3, 0xfc, 0x0a, 0xef, 0x2b, 0x2c, 0x15, 0xd8, 0xf1, 0xb5, 0xd5, 0xed,
    0x0d, 0xf8, 0xe1, 0xe3, 0xd6, 0xe8, 0xd9, 0x1d, 0xee, 0xe7, 0x05, 0x92,
    0xf9, 0xf1, 0xba, 0x0e, 0xa9, 0xf0, 0xd6, 0xeb, 0x2a, 0x22, 0xe6, 0xdf,
    0x04, 0x1a, 0xc4, 0x13, 0xbd, 0xcd, 0x12, 0x37, 0xb0, 0xba, 0x00, 0x11,
    0xcb, 0xfb, 0x24, 0xc3, 0x04, 0x20, 0x29, 0xc2, 0xf8, 0xb0, 0xfd, 0xec,
    0xfd, 0xf0, 0xfb, 0x28, 0xc2, 0xcf, 0xc2, 0xe5, 0xe9, 0xc9, 0xae, 0xdd,
    0xa4, 0xe5, 0xcc, 0xce, 0xb5, 0xfd, 0xf5, 0xde, 0x0f, 0xfd, 0x2e, 0xf6,
    0x09, 0xae, 0x14, 0x02, 0xa7, 0xf7, 0x17, 0xaa, 0xc1, 0xcc, 0xaa, 0xd4,
    0xfd, 0xc9, 0xd1, 0x20, 0xc9, 0xeb, 0xa8, 0x1c, 0xd9, 0x95, 0x81, 0x87,
    0xbf, 0xa6, 0x9e, 0xc8, 0xad, 0x13, 0xa9, 0xad, 0xd7, 0xea, 0x26, 0xac,
    0xe4, 0xdd, 0xcc, 0x00, 0xde, 0xf0, 0x01, 0xb3, 0x05, 0x24, 0x0e, 0xfb,
    0xd2, 0x17, 0x23, 0xf2, 0x13, 0x05, 0x00, 0xef, 0x29, 0xfe, 0xa9, 0xbc,
    0x12, 0xe4, 0xe6, 0x3e, 0x07, 0xf9, 0xe3, 0x42, 0x42, 0x0e, 0x06, 0x0c,
    0xfb, 0x2d, 0xd9, 0x23, 0xf0, 0x12, 0xda, 0xf8, 0xf9, 0xe7, 0x2e, 0x0e,
    0xf1, 0xfd, 0xeb, 0xdc, 0x1d, 0x0c, 0xd2, 0xf3, 0x1b, 0xfa, 0x46, 0x3e,
    0xdc, 0x47, 0x03, 0xf6, 0xa9, 0xb0, 0xa3, 0xf4, 0x2b, 0xcc, 0xfe, 0xc8,
    0xc4, 0xfe, 0x3e, 0xc0, 0xdb, 0x2d, 0xfb, 0x04, 0xee, 0x33, 0x32, 0x37,
    0x54, 0x56, 0xc6, 0x31, 0x11, 0x2f, 0xde, 0xc4, 0xd9, 0x2c, 0xbc, 0xed,
    0x1d, 0xd1, 0x24, 0x0a, 0xc8, 0x2e, 0xc6, 0xea, 0xa4, 0xe5, 0xe4, 0x19,
    0xce, 0xe8, 0xfb, 0xdf, 0xb4, 0x9f, 0xd1, 0xda, 0xe8, 0x81, 0xc8, 0xcf,
    0xdc, 0xda, 0xca, 0xdc, 0xe0, 0xff, 0x07, 0x10, 0xff, 0xad, 0x11, 0xf8,
    0xea, 0xb9, 0xe9, 0xd4, 0x06, 0x9d, 0xd1, 0xa7, 0xb3, 0xb6, 0x9c, 0x9a,
    0xd3, 0xef, 0xd6, 0xcd, 0xd4, 0xd2, 0x0f, 0xdf, 0xfc, 0x01, 0xfa, 0xd2,
    0xd0, 0xf5, 0xff, 0xda, 0x26, 0x39, 0x31, 0x37, 0x0d, 0xed, 0x30, 0x2c,
    0x12, 0xcd, 0x33, 0x0f, 0xcf, 0x32, 0xdd, 0xbc, 0x02, 0xe1, 0xf6, 0x2b,
    0xd4, 0xac, 0x16, 0xf0, 0xd1, 0xe0, 0xee, 0xd6, 0xd5, 0x03, 0x18, 0x0c,
    0xc8, 0xf8, 0xf0, 0xf7, 0x0d, 0xb8, 0x0b, 0xed, 0xde, 0x02, 0xf7, 0x22,
    0x50, 0x41, 0xf7, 0xea, 0xfe, 0xca, 0xda, 0xbf, 0xe9, 0xfb, 0xb4, 0x05,
    0x0a, 0xf7, 0x0d, 0xcb, 0xc2, 0xdc, 0xf6, 0x92, 0xd6, 0xe0, 0x32, 0x33,
    0xc9, 0x1c, 0x2f, 0xbe, 0xbb, 0xe3, 0x08, 0xed, 0x13, 0xd8, 0xd0, 0xe5,
    0x2b, 0x0e, 0x11, 0x39, 0x41, 0xe2, 0x12, 0x3a, 0x18, 0x03, 0xdf, 0x02,
    0x06, 0x35, 0x22, 0xd2, 0xef, 0xca, 0x0e, 0x17, 0xe6, 0xd6, 0xea, 0xe1,
    0x06, 0x27, 0xd4, 0x2e, 0xdf, 0xdc, 0xc5, 0xc4, 0xed, 0xeb, 0xa5, 0xdb,
    0x14, 0xb5, 0xdb, 0xfd, 0x17, 0x2f, 0xf3, 0xfd, 0xe7, 0xcf, 0xe7, 0x3b,
    0xe3, 0x22, 0xdc, 0x12, 0x36, 0x23, 0xf7, 0x25, 0xde, 0x01, 0x36, 0x31,
    0x33, 0xdb, 0xca, 0xee, 0xaa, 0x3d, 0x27, 0x5f, 0x37, 0xec, 0xcf, 0x16,
    0xe8, 0x1d, 0xee, 0x04, 0x19, 0x36, 0x3c, 0x0e, 0xe3, 0x1c, 0x03, 0xf7,
    0xe4, 0x2a, 0x14, 0xf6, 0xf2, 0xf6, 0xdd, 0x10, 0xfb, 0x04, 0x03, 0x07,
    0x03, 0x0f, 0x0b, 0xfa, 0xd5, 0xe2, 0xc4, 0x93, 0xf6, 0x27, 0x45, 0x24,
    0x4b, 0x25, 0xd9, 0x0b, 0x18, 0x15, 0xe1, 0x08, 0xe3, 0xf4, 0x21, 0x25,
    0x11, 0x16, 0x16, 0xd1, 0xd8, 0x0b, 0xef, 0xe6, 0x13, 0xd0, 0xef, 0xfb,
    0x3a, 0x05, 0xe9, 0x07, 0xf7, 0xeb, 0xf1, 0x25, 0xe0, 0x1c, 0x18, 0x8c,
    0xd8, 0xf4, 0x3f, 0x44, 0x68, 0x15, 0xbd, 0x08, 0x0f, 0x2f, 0xfc, 0xf2,
    0x26, 0x04, 0x38, 0x18, 0xd3, 0xde, 0xd5, 0x0c, 0x2a, 0xed, 0x17, 0x04,
    0xd2, 0xf7, 0x13, 0x0a, 0xde, 0x3b, 0x18, 0x1a, 0xf9, 0xe8, 0x36, 0xda,
    0xf0, 0xda, 0xda, 0xa7, 0xf4, 0xeb, 0x18, 0x19, 0x0b, 0x15, 0x02, 0xb0,
    0xf5, 0x1e, 0x26, 0xea, 0x1b, 0x24, 0x48, 0xfa, 0xe8, 0x3f, 0x21, 0xc1,
    0x38, 0x49, 0x00, 0xf2, 0xc5, 0x14, 0xf9, 0xc5, 0xfb, 0xfd, 0x04, 0x2e,
    0x32, 0x1e, 0xfd, 0x22, 0x12, 0x17, 0x09, 0x81, 0xdf, 0x38, 0xe7, 0x29,
    0x3f, 0xf9, 0xec, 0x0d, 0xe3, 0xfb, 0x00, 0xfb, 0xe1, 0x15, 0x1c, 0x38,
    0x07, 0x43, 0x42, 0x13, 0x2d, 0x29, 0xf0, 0xc2, 0xdc, 0xe9, 0xc7, 0x04,
    0xf8, 0x26, 0x37, 0x25, 0xe9, 0x35, 0x25, 0xec, 0xe8, 0x10, 0xde, 0xd0,
    0x32, 0xab, 0xff, 0xff, 0x04, 0x00, 0x00, 0x00, 0x78, 0x00, 0x00, 0x00,
    0xc4, 0xd7, 0xff, 0xff, 0x5b, 0x17, 0x00, 0x00, 0x52, 0xba, 0xff, 0xff,
    0x09, 0x96, 0xff, 0xff, 0xde, 0x67, 0x00, 0x00, 0xc6, 0xf3, 0xfe, 0xff,
    0x2c, 0xf0, 0x00, 0x00, 0x7c, 0xb7, 0xff, 0xff, 0x0e, 0x4e, 0x01, 0x00,
    0x41, 0x5d, 0x00, 0x00, 0x22, 0x27, 0xff, 0xff, 0x6b, 0xaa, 0x00, 0x00,
    0x7e, 0x99, 0x00, 0x00, 0x9d, 0x20, 0x00, 0x00, 0xeb, 0xdf, 0xff, 0xff,
    0x26, 0x3f, 0x00, 0x00, 0x6e, 0x92, 0xff, 0xff, 0xee, 0x7d, 0x00, 0x00,
    0x54, 0x8e, 0x00, 0x00, 0x79, 0x77, 0x00, 0x00, 0x91, 0xfb, 0xfe, 0xff,
    0xbd, 0x2e, 0x00, 0x00, 0x8b, 0xe0, 0x00, 0x00, 0xcd, 0xa9, 0x00, 0x00,
    0x41, 0x5c, 0xfe, 0xff, 0x4f, 0xe0, 0xff, 0xff, 0xb5, 0xe6, 0xff, 0xff,
    0x86, 0x36, 0xff, 0xff, 0x93, 0xe7, 0xff, 0xff, 0xea, 0xdc, 0xff, 0xff,
    0xb6, 0xab, 0xff, 0xff, 0x04, 0x00, 0x00, 0x00, 0x96, 0x00, 0x00, 0x00,
    0x7f, 0x7f, 0x9f, 0xa1, 0xf4, 0x98, 0x7f, 0x7f, 0xb0, 0x7f, 0x1f, 0x37,
    0xb5, 0x55, 0x92, 0x7f, 0xad, 0xe2, 0xb7, 0x64, 0x64, 0x5f, 0x96, 0x30,
    0x81, 0x1e, 0xe2, 0x04, 0x7f, 0x81, 0x16, 0x0c, 0x01, 0x7f, 0x20, 0xda,
    0x78, 0x17, 0x81, 0xba, 0x9c, 0x7d, 0x52, 0x61, 0x83, 0x0b, 0xc0, 0x15,
    0x1c, 0x2e, 0x34, 0x24, 0xcc, 0x7f, 0xc5, 0x81, 0xf1, 0xee, 0x05, 0xea,
    0x04, 0xfe, 0x11, 0x49, 0xa8, 0x6f, 0xda, 0x2a, 0x72, 0xfb, 0x4d, 0x03,
    0x7f, 0x4e, 0x7f, 0x28, 0x02, 0xb0, 0xb4, 0x16, 0xbc, 0x7b, 0x31, 0xca,
    0x70, 0x96, 0x7f, 0x7f, 0xc8, 0x3d, 0x86, 0x37, 0xf5, 0x63, 0x75, 0xc8,
    0xbf, 0x0b, 0x74, 0x93, 0x8f, 0x00, 0x91, 0xc3, 0x13, 0x3b, 0x0a, 0x35,
    0xbc, 0xb8, 0xe7, 0xce, 0xd3, 0x9f, 0xe7, 0x8a, 0x4c, 0xaa, 0xfe, 0xc3,
    0x2d, 0xac, 0x7f, 0x01, 0x7f, 0x7f, 0xb3, 0x5c, 0xb0, 0x18, 0x81, 0x81,
    0xd6, 0x81, 0x0c, 0x9f, 0x7f, 0x81, 0x7f, 0x81, 0x81, 0x81, 0x7f, 0xa3,
    0x72, 0x10, 0x09, 0x15, 0xfa, 0x01, 0x00, 0x00, 0x5a, 0xac, 0xff, 0xff,
    0x04, 0x00, 0x00, 0x00, 0x78, 0x00, 0x00, 0x00, 0x37, 0xfc, 0xff, 0xff,
    0xe6, 0x01, 0x00, 0x00, 0xaf, 0xff, 0xff, 0xff, 0xeb, 0xff, 0xff, 0xff,
    0x94, 0xfe, 0xff, 0xff, 0x5f, 0x01, 0x00, 0x00, 0x94, 0xff, 0xff, 0xff,
    0x46, 0x08, 0x00, 0x00, 0xbd, 0xfe, 0xff, 0xff, 0x56, 0x02, 0x00, 0x00,
    0x25, 0x00, 0x00, 0x00, 0x47, 0xff, 0xff, 0xff, 0x82, 0xfe, 0xff, 0xff,
    0xf3, 0x00, 0x00, 0x00, 0xa7, 0x00, 0x00, 0x00, 0xc8, 0x01, 0x00, 0x00,
    0xba, 0xfd, 0xff, 0xff, 0xc6, 0xff, 0xff, 0xff, 0xf3, 0xfd, 0xff, 0xff,
    0x8e, 0xff, 0xff, 0xff, 0x3e, 0x00, 0x00, 0x00, 0x98, 0x00, 0x00, 0x00,
    0x94, 0xff, 0xff, 0xff, 0xb7, 0xfd, 0xff, 0xff, 0x01, 0x01, 0x00, 0x00,
    0x8f, 0x00, 0x00, 0x00, 0x6d, 0x01, 0x00, 0x00, 0x4e, 0x00, 0x00, 0x00,
    0xf5, 0x00, 0x00, 0x00, 0x85, 0x00, 0x00, 0x00, 0xde, 0xac, 0xff, 0xff,
    0x04, 0x00, 0x00, 0x00, 0x08, 0x07, 0x00, 0x00, 0xe3, 0x5e, 0x89, 0xd2,
    0xc7, 0xf1, 0x42, 0xe8, 0xba, 0xd7, 0xf4, 0x02, 0xf4, 0x81, 0xae, 0x08,
    0xf7, 0x2f, 0x0e, 0x16, 0x0d, 0x2f, 0x07, 0xc9, 0x3d, 0xb7, 0xb5, 0xeb,
    0x02, 0x73, 0x2d, 0x3d, 0xeb, 0x4e, 0x81, 0x74, 0xff, 0xa8, 0x09, 0xef,
    0x48, 0x90, 0x52, 0x9d, 0xd8, 0xe4, 0xec, 0xec, 0xcf, 0x2a, 0x8b, 0x21,
    0xe9, 0x76, 0xd1, 0xc0, 0x51, 0x8e, 0xe8, 0xa6, 0x43, 0xf3, 0x25, 0x02,
    0x3b, 0x0e, 0x71, 0x33, 0xb0, 0xd8, 0x0d, 0x3a, 0x2d, 0xee, 0xdb, 0x0e,
    0x20, 0x15, 0x31, 0xb7, 0x3e, 0xd8, 0x81, 0x21, 0xb4, 0x0c, 0x92, 0x44,
    0xeb, 0xde, 0x41, 0xda, 0x7f, 0xf2, 0xbe, 0x40, 0xbb, 0x3b, 0xc2, 0xff,
    0x99, 0xbf, 0xf8, 0x7f, 0xbc, 0xc4, 0x4b, 0x27, 0x6d, 0x1c, 0x24, 0xd7,
    0x59, 0xfc, 0x6e, 0xb5, 0x20, 0x95, 0xde, 0xf3, 0xf5, 0x41, 0x09, 0xe9,
    0x63, 0xfc, 0x1e, 0xd7, 0xe7, 0x1d, 0x12, 0x7f, 0x15, 0xbd, 0x3d, 0x2c,
    0x1f, 0x05, 0x2b, 0x3c, 0x1a, 0xf1, 0xef, 0xea, 0x2e, 0x3c, 0x29, 0x1c,
    0x18, 0xed, 0xaf, 0x0e, 0x2f, 0xe8, 0x3e, 0xbb, 0xe2, 0x7f, 0x31, 0x2a,
    0x56, 0xdd, 0x30, 0x00, 0x55, 0x15, 0xfb, 0x09, 0x65, 0x3a, 0xbd, 0x6e,
    0xc9, 0xe3, 0xde, 0x40, 0x50, 0xf0, 0xc8, 0xed, 0xac, 0x1e, 0x9e, 0xe2,
    0xd0, 0x11, 0xee, 0xad, 0x42, 0xdd, 0x51, 0xe5, 0x32, 0x81, 0x1c, 0xbe,
    0x31, 0xb4, 0xdc, 0x3c, 0x35, 0x55, 0x3c, 0xb5, 0xfa, 0xd4, 0x30, 0x30,
    0x1e, 0xcb, 0x14, 0x2e, 0xb0, 0x0c, 0x81, 0xe4, 0xf8, 0x18, 0xcd, 0x22,
    0x30, 0x24, 0x26, 0x49, 0x47, 0xbd, 0xe3, 0x0e, 0x40, 0x22, 0xd0, 0x0f,
    0xb6, 0x23, 0xe9, 0x2b, 0x31, 0x07, 0xf3, 0xc2, 0x0b, 0xf9, 0xe5, 0xe1,
    0xce, 0xed, 0x3b, 0xfc, 0x29, 0xe2, 0xf5, 0xcf, 0xe4, 0x81, 0x5f, 0x2e,
    0x2b, 0x0a, 0xf7, 0x02, 0x01, 0x53, 0x0f, 0xcf, 0xf5, 0xcb, 0x13, 0x24,
    0xf1, 0x33, 0x03, 0xcb, 0xfe, 0xcd, 0x26, 0x11, 0x12, 0x40, 0x5d, 0x09,
    0x6b, 0xf2, 0x0e, 0xf4, 0xa1, 0xe0, 0xf1, 0x29, 0xe5, 0x7d, 0x65, 0x18,
    0xf8, 0x2c, 0x81, 0x57, 0xa6, 0xcc, 0xf3, 0xfe, 0x0c, 0x47, 0xe2, 0xcb,
    0x0d, 0x1c, 0xbd, 0x1a, 0x18, 0x50, 0x6e, 0x91, 0x1d, 0x19, 0xd1, 0xd1,
    0x92, 0xb2, 0xc7, 0xa9, 0xf6, 0xe1, 0x20, 0xed, 0x81, 0x26, 0xeb, 0xdc,
    0x18, 0x6c, 0xce, 0x81, 0x85, 0xfc, 0x91, 0xd8, 0xd5, 0xf5, 0x1d, 0xa8,
    0xb2, 0x2b, 0x22, 0xf0, 0x06, 0x97, 0x3c, 0x16, 0x39, 0x31, 0x38, 0x26,
    0xf5, 0x04, 0xb0, 0x07, 0x2c, 0xe9, 0x43, 0x2b, 0x01, 0xca, 0xd6, 0x92,
    0x4c, 0xd5, 0xf1, 0xf9, 0xff, 0x15, 0x24, 0xec, 0x09, 0x05, 0xe7, 0xd0,
    0xaa, 0xf2, 0x38, 0x81, 0x40, 0xaa, 0x1f, 0x12, 0x9f, 0xe0, 0x06, 0xfb,
    0xdf, 0x0b, 0x06, 0xaf, 0x2f, 0xcb, 0x7f, 0xce, 0x21, 0xbb, 0x14, 0xd6,
    0xe0, 0x3c, 0x3b, 0xe6, 0xae, 0x2f, 0xdf, 0x35, 0x2b, 0xfe, 0x1e, 0x09,
    0x38, 0x17, 0x14, 0xbd, 0xe5, 0x05, 0x37, 0x22, 0x22, 0x2e, 0xb9, 0xf0,
    0xf0, 0xf2, 0x2c, 0x10, 0x09, 0xda, 0x1e, 0xab, 0xd5, 0x2f, 0x1b, 0x30,
    0x81, 0xab, 0xfb, 0x94, 0x52, 0xc4, 0xb9, 0x28, 0xb2, 0xfd, 0x35, 0x2c,
    0x29, 0xd8, 0xbf, 0xed, 0x00, 0x0e, 0x05, 0x19, 0x62, 0x08, 0x0b, 0xdb,
    0xf5, 0x0d, 0x3d, 0x29, 0x3d, 0x13, 0xad, 0x1e, 0xce, 0x35, 0xc2, 0xf5,
    0x13, 0x7f, 0xe8, 0xd9, 0x31, 0x08, 0xc6, 0x43, 0xda, 0xc8, 0x83, 0xef,
    0x23, 0x06, 0xff, 0x9e, 0x9e, 0xd0, 0x3d, 0x1b, 0x2e, 0xd2, 0xce, 0x3e,
    0x7f, 0x96, 0xfb, 0xb6, 0xbe, 0xd3, 0xc7, 0x29, 0x18, 0x6d, 0x30, 0x33,
    0x5a, 0x72, 0xdb, 0x0f, 0xb4, 0xe9, 0x52, 0xf1, 0x97, 0x7f, 0xa0, 0xfc,
    0x32, 0x1c, 0xb2, 0x7d, 0xe9, 0xb2, 0x4c, 0x47, 0xcb, 0x54, 0x0e, 0xa8,
    0xd3, 0x27, 0x01, 0xaf, 0x04, 0xff, 0x01, 0xa4, 0x4d, 0xdb, 0x3a, 0xef,
    0xda, 0x7f, 0x74, 0x40, 0x16, 0xae, 0xdc, 0x26, 0x3b, 0xe9, 0xd2, 0x4e,
    0xc4, 0x44, 0xfd, 0xb4, 0xbd, 0xd2, 0xaf, 0xb5, 0x66, 0x0a, 0x42, 0x24,
    0x29, 0xf1, 0x24, 0xd8, 0x0a, 0x1e, 0x16, 0x79, 0xab, 0xdb, 0xa6, 0xea,
    0x6b, 0xc8, 0xdb, 0xb5, 0x1f, 0xde, 0x81, 0x2f, 0xbe, 0xb0, 0x6a, 0x9b,
    0xd3, 0x25, 0x25, 0x35, 0x30, 0xef, 0x01, 0xe3, 0x16, 0x09, 0xe2, 0x7b,
    0xd4, 0x29, 0x09, 0xfa, 0x9f, 0x44, 0x2d, 0xa8, 0xf7, 0x36, 0xcc, 0xfe,
    0x91, 0xa2, 0x3e, 0x57, 0x05, 0x04, 0xb5, 0x7f, 0x12, 0xc9, 0x68, 0xa1,
    0xe1, 0x4e, 0x03, 0x94, 0x4f, 0xd4, 0x0b, 0x42, 0x0d, 0xf7, 0xd8, 0xce,
    0xc1, 0x09, 0x9b, 0xd1, 0xd7, 0xe4, 0xdd, 0x5b, 0x65, 0xf6, 0x1b, 0x41,
    0x20, 0x90, 0xb8, 0x7a, 0xe3, 0xd5, 0xd9, 0x7f, 0x54, 0xbd, 0x1e, 0xe0,
    0xed, 0xfa, 0xe8, 0x13, 0x91, 0x79, 0xc0, 0x81, 0x3c, 0x08, 0xca, 0xa0,
    0x8d, 0xcc, 0x21, 0xf5, 0x48, 0x08, 0x03, 0x70, 0x2e, 0xe7, 0xcf, 0x51,
    0x5f, 0x4f, 0xfc, 0x19, 0x99, 0xec, 0x3d, 0xcb, 0xcc, 0xe2, 0xfb, 0xe0,
    0x38, 0x15, 0xed, 0x81, 0xd7, 0xf3, 0x2e, 0xde, 0x21, 0x28, 0xee, 0x31,
    0xb9, 0xb8, 0x0f, 0xe2, 0x3e, 0xfe, 0xd0, 0x44, 0xd5, 0x01, 0x9f, 0x09,
    0xea, 0xef, 0x0b, 0xcd, 0xf1, 0x03, 0x3e, 0x1e, 0x13, 0x81, 0x38, 0xf0,
    0x1b, 0xf5, 0x08, 0x04, 0xcd, 0x12, 0xf9, 0xab, 0xec, 0xc4, 0xfd, 0x16,
    0x15, 0x12, 0x33, 0x57, 0x31, 0xc1, 0xbf, 0xdc, 0x10, 0x1c, 0xf5, 0x4b,
    0x04, 0xf1, 0x0f, 0x81, 0x11, 0x31, 0x20, 0xfd, 0xdc, 0x18, 0xd4, 0x18,
    0xfa, 0x1b, 0xf9, 0xd5, 0xfa, 0xf4, 0xce, 0x0b, 0xd4, 0xde, 0x47, 0x0a,
    0x07, 0x1e, 0x3d, 0xc8, 0x26, 0xf5, 0xeb, 0x32, 0x17, 0x18, 0x7c, 0xd7,
    0xdb, 0xdc, 0x1e, 0xea, 0xfb, 0xf5, 0xcb, 0x9c, 0x10, 0x31, 0xfb, 0x01,
    0x81, 0x52, 0x0e, 0xf7, 0x83, 0x95, 0xad, 0x31, 0x00, 0xb5, 0x34, 0x08,
    0x59, 0x92, 0x2b, 0xa9, 0x31, 0x40, 0x4c, 0xae, 0x4b, 0x33, 0xda, 0x7f,
    0x5a, 0xa1, 0x3b, 0x9d, 0x44, 0x38, 0x08, 0xf7, 0xe3, 0x17, 0x39, 0xd0,
    0x22, 0x5e, 0x31, 0x07, 0x03, 0xc8, 0xe7, 0x3b, 0xec, 0x03, 0x77, 0xea,
    0xc6, 0xb4, 0x71, 0x2d, 0x0c, 0x5c, 0xdd, 0x7f, 0x53, 0x0a, 0xde, 0x0b,
    0x9a, 0x2b, 0x63, 0xe8, 0xf6, 0xd8, 0x81, 0x05, 0x1a, 0x46, 0xdc, 0x0d,
    0x5a, 0xe2, 0x3d, 0xb0, 0x35, 0x3e, 0xfa, 0x06, 0x42, 0x34, 0xb1, 0x52,
    0x16, 0xd3, 0x30, 0x90, 0x00, 0xa3, 0x22, 0x06, 0x31, 0x37, 0xda, 0xfc,
    0xec, 0x58, 0x37, 0x47, 0xd5, 0xce, 0xfe, 0xfb, 0xfd, 0xed, 0xc0, 0xb1,
    0x07, 0x7f, 0x71, 0xf7, 0x9c, 0x5e, 0xa8, 0x07, 0x3a, 0x06, 0xdb, 0xed,
    0xfc, 0x83, 0xdc, 0x11, 0xe4, 0x6f, 0x0a, 0xcd, 0x02, 0x13, 0x22, 0x2d,
    0x43, 0x2e, 0x29, 0x24, 0xf0, 0x2c, 0xbf, 0xb0, 0x4c, 0x63, 0x0f, 0x2d,
    0xda, 0x7f, 0xe0, 0xf3, 0xec, 0x34, 0x0b, 0xdd, 0xf9, 0x17, 0xb4, 0xc0,
    0xcf, 0x8f, 0xcc, 0xc2, 0xdf, 0x11, 0x49, 0x9b, 0xe3, 0xe9, 0xcf, 0x46,
    0xc5, 0xef, 0xe4, 0x3e, 0x77, 0x2e, 0x47, 0x58, 0x81, 0x5e, 0xc6, 0xbd,
    0x31, 0x00, 0x1d, 0x0e, 0xe4, 0x9c, 0x13, 0x01, 0x02, 0xd1, 0x2e, 0x3b,
    0x0b, 0x02, 0x0d, 0xdd, 0xe3, 0x11, 0xa7, 0xd3, 0xca, 0x81, 0x30, 0xdb,
    0xfa, 0xb2, 0xb7, 0x3c, 0xc6, 0xb7, 0x51, 0xe5, 0x15, 0xde, 0x36, 0x6b,
    0xf4, 0x0f, 0xea, 0xc3, 0x77, 0xa9, 0x1d, 0x3e, 0xc1, 0x41, 0x31, 0x33,
    0x7f, 0x20, 0xa1, 0xfd, 0xd5, 0x31, 0x24, 0xf5, 0xbb, 0x5c, 0xe1, 0xb0,
    0x32, 0xee, 0x51, 0x1a, 0x4e, 0x46, 0xed, 0x6e, 0x19, 0xce, 0x55, 0x11,
    0x9c, 0x08, 0x7f, 0xb9, 0xc5, 0xe3, 0xa6, 0x75, 0x15, 0x0d, 0xe9, 0x42,
    0x9a, 0x22, 0xe6, 0xb1, 0x5b, 0xdc, 0x1a, 0xd9, 0x32, 0x3c, 0xcb, 0xf5,
    0x33, 0xff, 0x82, 0xcc, 0xc8, 0x9b, 0xaf, 0x0f, 0xd8, 0xea, 0x52, 0xff,
    0xc7, 0x9c, 0xd5, 0xea, 0x07, 0xa6, 0x71, 0xbb, 0x06, 0x1e, 0x3a, 0xde,
    0x81, 0xc9, 0x48, 0x69, 0xd0, 0x9d, 0x5c, 0xfa, 0xcc, 0xa1, 0x1c, 0x90,
    0xd3, 0x0e, 0xd1, 0x57, 0x31, 0xfd, 0x4d, 0xd9, 0x32, 0x31, 0x26, 0xdc,
    0x3e, 0x1b, 0x1a, 0x0f, 0x81, 0xa0, 0xff, 0xe5, 0x07, 0x68, 0x81, 0xaf,
    0x43, 0x31, 0x0e, 0x3b, 0x4c, 0x27, 0x69, 0x02, 0xc4, 0xe9, 0x59, 0x30,
    0xf1, 0x7c, 0xbf, 0x3d, 0xff, 0xa3, 0xa7, 0x09, 0xf2, 0xe6, 0xaf, 0x20,
    0xa4, 0xaf, 0x45, 0x56, 0x1b, 0x45, 0x09, 0x31, 0x45, 0xb7, 0x05, 0xa0,
    0x34, 0xc4, 0xfa, 0xcc, 0x6e, 0x24, 0xfb, 0x02, 0x26, 0xec, 0xac, 0xf2,
    0x3f, 0x57, 0x7f, 0x5d, 0xb1, 0xfd, 0x1c, 0xff, 0x07, 0x2a, 0xfc, 0x28,
    0x5b, 0xb1, 0xed, 0x4e, 0x2c, 0x91, 0x4b, 0x0d, 0xe9, 0xcf, 0x7f, 0x10,
    0xf1, 0xdc, 0xce, 0x77, 0xc0, 0xd5, 0x39, 0x63, 0x6a, 0x27, 0xae, 0x1f,
    0x93, 0x41, 0xb7, 0x2a, 0x33, 0x92, 0x22, 0x0d, 0x2a, 0xce, 0xd3, 0xa8,
    0x14, 0xe2, 0xbd, 0x28, 0x19, 0x2d, 0xa6, 0xdc, 0xa6, 0xf0, 0xe0, 0x3e,
    0x81, 0x9e, 0xcd, 0x11, 0x0d, 0xbb, 0xe2, 0x67, 0xb3, 0xe2, 0x6a, 0x89,
    0x4d, 0xa2, 0x68, 0xe6, 0xb0, 0xbe, 0x0c, 0x11, 0xc7, 0x4b, 0xa4, 0xf3,
    0x28, 0xb5, 0x2b, 0xd9, 0x38, 0x6f, 0x9a, 0xd0, 0xe6, 0x09, 0x81, 0x5b,
    0x6b, 0x76, 0xdb, 0xf9, 0x81, 0xbf, 0xf3, 0x06, 0xb1, 0x0e, 0xcd, 0xf2,
    0x10, 0x85, 0x21, 0x9f, 0x79, 0xbd, 0xaa, 0xb4, 0xff, 0xe1, 0xd6, 0xcb,
    0xcb, 0x96, 0x9b, 0xe8, 0x89, 0x83, 0xd2, 0xc1, 0xf8, 0x52, 0xd5, 0x09,
    0xcb, 0xc8, 0x54, 0x1e, 0x32, 0x30, 0x5f, 0xe4, 0xe7, 0x34, 0xef, 0x0c,
    0xe6, 0x04, 0x45, 0x01, 0xe9, 0xb4, 0xbf, 0xfc, 0x1a, 0xba, 0x81, 0xd4,
    0xd9, 0x2d, 0xf4, 0xb1, 0xd6, 0x0c, 0x41, 0x2e, 0xeb, 0xd7, 0x0d, 0x2d,
    0xc4, 0x1e, 0xea, 0x30, 0x03, 0xc4, 0x98, 0x81, 0x2f, 0x9a, 0xb5, 0xd1,
    0x51, 0xf7, 0xdf, 0xca, 0x0d, 0x32, 0xc0, 0x15, 0xd1, 0xce, 0x5d, 0x18,
    0x5d, 0x20, 0xbf, 0x2e, 0x01, 0xd1, 0x5e, 0xef, 0x17, 0xe0, 0xe9, 0x32,
    0x29, 0x31, 0xdf, 0x0a, 0x7f, 0x53, 0x32, 0xec, 0xc0, 0x37, 0xfa, 0x10,
    0xb8, 0xce, 0x44, 0xce, 0xc2, 0x32, 0x05, 0xfc, 0xf1, 0xfe, 0x73, 0x42,
    0x37, 0xc7, 0x31, 0x0e, 0x1d, 0xd2, 0x32, 0x17, 0x61, 0x7f, 0x57, 0xf7,
    0x43, 0xda, 0x3a, 0x6b, 0x1c, 0x05, 0x11, 0xb9, 0x50, 0x5d, 0xb9, 0x8f,
    0xe5, 0x42, 0xb1, 0x9e, 0xb6, 0x38, 0xe2, 0x07, 0x54, 0xee, 0xc2, 0x0f,
    0x4f, 0x63, 0xfa, 0x2f, 0xc5, 0xcb, 0x53, 0xb3, 0x48, 0x81, 0x03, 0xf9,
    0x99, 0x97, 0x91, 0xfe, 0xc6, 0x17, 0x12, 0xa9, 0x28, 0x1f, 0xee, 0xdf,
    0x3d, 0x2a, 0xcd, 0x2d, 0xaf, 0xec, 0x03, 0xe0, 0x62, 0x70, 0x37, 0x17,
    0xba, 0xb7, 0x81, 0x38, 0x0c, 0x52, 0x30, 0x48, 0x9a, 0x41, 0x32, 0xa7,
    0x6c, 0x17, 0xfb, 0xa4, 0x46, 0x9f, 0xe4, 0x13, 0xf5, 0x26, 0xfe, 0x32,
    0x7f, 0x40, 0x4a, 0x07, 0x29, 0xc6, 0x01, 0xe5, 0xd2, 0xe4, 0xb3, 0xf4,
    0xa6, 0x0e, 0x28, 0x34, 0xf3, 0xbb, 0xe3, 0x01, 0x7e, 0xc7, 0xf6, 0xc3,
    0x0f, 0x34, 0x88, 0xd0, 0x50, 0x3c, 0x27, 0xaf, 0xbe, 0x81, 0x34, 0x4a,
    0xe2, 0xc2, 0xb2, 0x60, 0x74, 0x2b, 0x65, 0x15, 0x1a, 0x1a, 0x7f, 0xd4,
    0x1b, 0xf6, 0x42, 0x01, 0xc0, 0x40, 0x1e, 0x5f, 0x26, 0x4f, 0x1d, 0x1c,
    0xc2, 0xc6, 0x4c, 0x16, 0xf8, 0xf8, 0x99, 0xc6, 0xe1, 0xe8, 0xd7, 0xea,
    0x37, 0xd5, 0x22, 0x59, 0x06, 0x4f, 0xd5, 0x04, 0x0b, 0xd9, 0x46, 0xf2,
    0xd8, 0x01, 0x9a, 0xd7, 0x3c, 0x7f, 0x3b, 0x12, 0x06, 0x25, 0xd7, 0x1d,
    0xd8, 0xc0, 0xe6, 0x60, 0xa4, 0x2c, 0x00, 0x07, 0x54, 0xe0, 0x0c, 0x50,
    0xa5, 0xab, 0xf6, 0x20, 0x1d, 0x52, 0xaa, 0xe8, 0x28, 0x81, 0x50, 0xcb,
    0x8c, 0xe8, 0xd6, 0xdd, 0x20, 0x05, 0x11, 0x15, 0xdb, 0xab, 0xef, 0xfa,
    0xf5, 0xc3, 0x33, 0x45, 0x05, 0x24, 0xfb, 0xd1, 0xd0, 0x28, 0x10, 0xc7,
    0x09, 0xd8, 0x15, 0xd3, 0x0c, 0x24, 0x7f, 0x12, 0xf4, 0x0b, 0x04, 0xf6,
    0x02, 0x30, 0xe7, 0x1d, 0xdd, 0x1d, 0xf1, 0x2f, 0x68, 0xe8, 0x67, 0x41,
    0xcb, 0x50, 0x49, 0xf3, 0xcd, 0xbf, 0x89, 0x19, 0x5c, 0xac, 0xe3, 0x5f,
    0x01, 0x2b, 0xac, 0xd2, 0xaa, 0x26, 0xd6, 0xb8, 0xaa, 0x0c, 0x09, 0xdc,
    0x7f, 0xf8, 0xea, 0xd1, 0xcc, 0x3e, 0x02, 0x14, 0xf1, 0xc0, 0x23, 0xf7,
    0x19, 0x7f, 0xa5, 0xe0, 0x43, 0x3d, 0x10, 0x18, 0x3b, 0xff, 0xf5, 0xe8,
    0xdb, 0x01, 0x54, 0xea, 0xdc, 0x3c, 0xe1, 0xf9, 0xc9, 0x27, 0x0a, 0x47,
    0xa9, 0x1b, 0xea, 0xeb, 0x34, 0xaa, 0xef, 0x2a, 0x3b, 0xff, 0x7f, 0x3f,
    0xd0, 0xfb, 0xc5, 0xf0, 0xee, 0xf6, 0x42, 0xeb, 0x00, 0x4d, 0xf0, 0xda,
    0x01, 0x73, 0x46, 0xdf, 0x5b, 0xf6, 0xf6, 0xb7, 0x52, 0x7f, 0xdd, 0x15,
    0x3f, 0xfe, 0xbc, 0x3d, 0xd1, 0x39, 0x00, 0xb8, 0x09, 0x97, 0x18, 0xe3,
    0x10, 0xb7, 0x3a, 0xe3, 0xaa, 0xa7, 0x34, 0xfd, 0xf2, 0xb3, 0xff, 0xff,
    0x04, 0x00, 0x00, 0x00, 0xf0, 0x00, 0x00, 0x00, 0x28, 0x04, 0x00, 0x00,
    0x47, 0xff, 0xff, 0xff, 0x7f, 0xfc, 0xff, 0xff, 0xc4, 0xf2, 0xff, 0xff,
    0x16, 0x04, 0x00, 0x00, 0xfb, 0x00, 0x00, 0x00, 0x75, 0x06, 0x00, 0x00,
    0x1d, 0x04, 0x00, 0x00, 0x97, 0x04, 0x00, 0x00, 0xd3, 0x0f, 0x00, 0x00,
    0x32, 0x02, 0x00, 0x00, 0x30, 0x0b, 0x00, 0x00, 0x8e, 0x04, 0x00, 0x00,
    0x4e, 0xfd, 0xff, 0xff, 0xb8, 0xfb, 0xff, 0xff, 0x73, 0xff, 0xff, 0xff,
    0xf4, 0x0a, 0x00, 0x00, 0x18, 0xf1, 0xff, 0xff, 0x3d, 0xf8, 0xff, 0xff,
    0x45, 0x07, 0x00, 0x00, 0x43, 0xf9, 0xff, 0xff, 0xb6, 0x0e, 0x00, 0x00,
    0xec, 0x01, 0x00, 0x00, 0xd7, 0x04, 0x00, 0x00, 0x3e, 0x03, 0x00, 0x00,
    0xf0, 0x01, 0x00, 0x00, 0x1e, 0x06, 0x00, 0x00, 0xe6, 0x01, 0x00, 0x00,
    0xca, 0x01, 0x00, 0x00, 0x7b, 0xfd, 0xff, 0xff, 0x12, 0xfd, 0xff, 0xff,
    0x78, 0xfb, 0xff, 0xff, 0xbf, 0x18, 0x00, 0x00, 0x9a, 0x05, 0x00, 0x00,
    0xf7, 0x03, 0x00, 0x00, 0xd7, 0xf7, 0xff, 0xff, 0xff, 0xfc, 0xff, 0xff,
    0xe4, 0x07, 0x00, 0x00, 0xaf, 0x05, 0x00, 0x00, 0x43, 0x09, 0x00, 0x00,
    0xac, 0x05, 0x00, 0x00, 0x42, 0xff, 0xff, 0xff, 0x03, 0x01, 0x00, 0x00,
    0x5e, 0x06, 0x00, 0x00, 0xad, 0xfe, 0xff, 0xff, 0xe2, 0xf3, 0xff, 0xff,
    0x8f, 0x06, 0x00, 0x00, 0xd8, 0x0e, 0x00, 0x00, 0x94, 0xff, 0xff, 0xff,
    0x53, 0x03, 0x00, 0x00, 0xdf, 0x05, 0x00, 0x00, 0x15, 0x02, 0x00, 0x00,
    0x8b, 0xf7, 0xff, 0xff, 0xd4, 0x07, 0x00, 0x00, 0x31, 0xf9, 0xff, 0xff,
    0x40, 0x06, 0x00, 0x00, 0x9d, 0xf5, 0xff, 0xff, 0x95, 0x02, 0x00, 0x00,
    0x7c, 0x0a, 0x00, 0x00, 0x36, 0xf3, 0xff, 0xff, 0xee, 0xb4, 0xff, 0xff,
    0x04, 0x00, 0x00, 0x00, 0x1c, 0x02, 0x00, 0x00, 0x81, 0x93, 0x23, 0xe7,
    0x47, 0x13, 0x7f, 0x04, 0x7e, 0x87, 0x9a, 0x81, 0x0f, 0x56, 0xb5, 0x4b,
    0xb2, 0x5d, 0xd8, 0x00, 0xe6, 0x3a, 0x09, 0xee, 0xbc, 0x1a, 0x7f, 0xfc,
    0x0c, 0xd5, 0xb6, 0xd6, 0xb9, 0x3b, 0x3f, 0x4b, 0x0b, 0x12, 0xc7, 0x81,
    0x81, 0xd9, 0x81, 0x5b, 0x23, 0xe5, 0x3d, 0x47, 0x3e, 0x83, 0xb5, 0x13,
    0xef, 0x7f, 0x8c, 0xcb, 0xca, 0x2d, 0x81, 0x81, 0xac, 0x2e, 0x2e, 0xc9,
    0x57, 0x73, 0x48, 0xe2, 0x7f, 0x81, 0xf9, 0xa0, 0xea, 0xf7, 0xd9, 0x5f,
    0x96, 0x12, 0xc9, 0x1e, 0x94, 0x81, 0x06, 0xb9, 0x81, 0xab, 0x3a, 0xa7,
    0xeb, 0x93, 0xec, 0x5e, 0xd2, 0x7f, 0x96, 0xf5, 0x9f, 0x06, 0x81, 0x8a,
    0x3f, 0xc9, 0x94, 0x3d, 0x00, 0xb7, 0x1d, 0x2b, 0x5a, 0x1a, 0xec, 0x48,
    0x1f, 0x35, 0xb1, 0xe5, 0xde, 0xbc, 0xd9, 0xd5, 0x2f, 0x13, 0xe2, 0xc0,
    0x7e, 0x09, 0x1c, 0x34, 0xfa, 0x19, 0x14, 0xd0, 0xea, 0x94, 0x81, 0x1a,
    0xe3, 0x81, 0xcb, 0xf4, 0x03, 0xd2, 0x1e, 0xfc, 0x98, 0x0d, 0x04, 0xe3,
    0xe0, 0xff, 0xae, 0x2d, 0xd4, 0x3b, 0xdd, 0xd9, 0xfe, 0x14, 0xf7, 0xd6,
    0x1a, 0xe3, 0xe7, 0xb0, 0xde, 0x9f, 0x5d, 0x06, 0x3d, 0xf5, 0x11, 0x35,
    0x43, 0x22, 0x24, 0xb9, 0xab, 0x47, 0x06, 0x05, 0x11, 0x51, 0xd9, 0x55,
    0x43, 0x11, 0xea, 0x2b, 0x8c, 0x95, 0x2f, 0xb6, 0x1c, 0x81, 0xf3, 0x3e,
    0xaa, 0x18, 0xc7, 0xc4, 0xd0, 0x5d, 0x32, 0x17, 0x1b, 0xae, 0x2a, 0x81,
    0x27, 0x0c, 0xc8, 0xe3, 0xc2, 0x4e, 0x2a, 0x7f, 0xed, 0x72, 0xe0, 0xbc,
    0x25, 0x01, 0xb4, 0xcc, 0xf6, 0x81, 0x58, 0xfa, 0xd3, 0x91, 0x43, 0x3e,
    0xe0, 0xd7, 0x29, 0x4a, 0x81, 0x24, 0x17, 0x58, 0x21, 0x7f, 0x5e, 0x4b,
    0xba, 0x20, 0xa7, 0x3a, 0xa1, 0x9f, 0x47, 0x7e, 0xe0, 0xab, 0x32, 0x17,
    0x81, 0xf5, 0xe9, 0xba, 0xae, 0x30, 0x0e, 0x7f, 0x49, 0x1e, 0x22, 0x87,
    0x6d, 0xae, 0xce, 0x07, 0x11, 0x02, 0x4b, 0x10, 0x7f, 0x39, 0xf3, 0x12,
    0x76, 0x7f, 0xa6, 0x18, 0x7f, 0xf3, 0x19, 0xb4, 0x55, 0x81, 0x7f, 0x1e,
    0xed, 0xe7, 0x09, 0x22, 0x26, 0x81, 0x11, 0xeb, 0x00, 0x4f, 0x99, 0x9a,
    0x0d, 0x45, 0xa9, 0x7f, 0x17, 0x81, 0x7f, 0x7e, 0x20, 0xcb, 0x59, 0xcc,
    0xe8, 0x37, 0x2f, 0xe5, 0x81, 0x39, 0xbc, 0x6d, 0x28, 0x70, 0x20, 0xef,
    0x7f, 0x39, 0x30, 0x62, 0xed, 0xf0, 0xf0, 0xdc, 0x3e, 0x47, 0x49, 0x3a,
    0x3d, 0x08, 0x01, 0xd3, 0xe9, 0xd3, 0x37, 0x81, 0x3e, 0xb4, 0x18, 0x3f,
    0x81, 0xd8, 0xf3, 0x7f, 0x26, 0x0f, 0x3a, 0x53, 0x2b, 0x04, 0xcb, 0x38,
    0x45, 0x13, 0xc9, 0x50, 0xd5, 0x0c, 0x77, 0x17, 0xa7, 0x03, 0x0a, 0xf3,
    0xdc, 0xbc, 0xa9, 0xe2, 0xc6, 0x06, 0xca, 0x4f, 0x5a, 0x7f, 0xef, 0xd6,
    0x64, 0x2d, 0xd1, 0x7f, 0x3c, 0x4c, 0x81, 0x29, 0x4c, 0x15, 0x4a, 0xd8,
    0x22, 0x26, 0x12, 0x52, 0xc2, 0xd5, 0x29, 0x8c, 0xc8, 0x2a, 0x46, 0x18,
    0xd8, 0x25, 0xc0, 0x53, 0x04, 0x34, 0xa4, 0xb9, 0x22, 0x9a, 0x7f, 0x81,
    0xa7, 0x47, 0x0d, 0x56, 0x22, 0xe8, 0x48, 0xba, 0x83, 0xb5, 0x73, 0x81,
    0xec, 0x9c, 0xab, 0x7f, 0x21, 0xde, 0xc8, 0xe0, 0x0d, 0x75, 0x09, 0xee,
    0x03, 0xc9, 0x13, 0x73, 0x33, 0xc3, 0xc0, 0xe2, 0xa0, 0x81, 0x4f, 0x7c,
    0x83, 0x16, 0xfd, 0x7f, 0xef, 0xa2, 0x7f, 0x8d, 0x81, 0xbf, 0x5a, 0x7f,
    0x56, 0xb7, 0x81, 0xa6, 0xb8, 0x53, 0x0f, 0xd2, 0x15, 0xb1, 0x5b, 0xa3,
    0x81, 0x7f, 0xf8, 0x1f, 0xf2, 0x26, 0x3e, 0xf7, 0x81, 0xe2, 0xcb, 0xc2,
    0x23, 0x9d, 0x81, 0x59, 0x08, 0xb4, 0x7f, 0x93, 0xe7, 0x74, 0x10, 0x38,
    0xe5, 0x81, 0x81, 0x70, 0x7f, 0xb9, 0xfa, 0x6d, 0x93, 0x98, 0x20, 0x32,
    0x76, 0xfc, 0x76, 0xe1, 0xda, 0xcc, 0xeb, 0xed, 0xa8, 0x87, 0xca, 0xc5,
    0x56, 0xed, 0xa2, 0xc5, 0xab, 0xa1, 0x4b, 0x61, 0x16, 0xb7, 0xff, 0xff,
    0x04, 0x00, 0x00, 0x00, 0xf0, 0x00, 0x00, 0x00, 0x73, 0x00, 0x00, 0x00,
    0x72, 0xff, 0xff, 0xff, 0xde, 0xfe, 0xff, 0xff, 0x64, 0x00, 0x00, 0x00,
    0xdf, 0xfe, 0xff, 0xff, 0x1e, 0x01, 0x00, 0x00, 0x3a, 0x00, 0x00, 0x00,
    0x38, 0x00, 0x00, 0x00, 0x22, 0x00, 0x00, 0x00, 0x83, 0xfe, 0xff, 0xff,
    0xad, 0xff, 0xff, 0xff, 0xb5, 0x00, 0x00, 0x00, 0xec, 0x00, 0x00, 0x00,
    0xbe, 0xff, 0xff, 0xff, 0x20, 0x00, 0x00, 0x00, 0xeb, 0xff, 0xff, 0xff,
    0xc2, 0xff, 0xff, 0xff, 0x91, 0xff, 0xff, 0xff, 0x29, 0x01, 0x00, 0x00,
    0xa7, 0x00, 0x00, 0x00, 0x2c, 0xfe, 0xff, 0xff, 0x2e, 0xff, 0xff, 0xff,
    0x43, 0x00, 0x00, 0x00, 0x1b, 0xff, 0xff, 0xff, 0x31, 0x00, 0x00, 0x00,
    0x23, 0xfe, 0xff, 0xff, 0xa6, 0x00, 0x00, 0x00, 0x4e, 0xff, 0xff, 0xff,
    0x78, 0x00, 0x00, 0x00, 0x80, 0xff, 0xff, 0xff, 0x26, 0xff, 0xff, 0xff,
    0xac, 0x00, 0x00, 0x00, 0x1a, 0x00, 0x00, 0x00, 0xc4, 0xff, 0xff, 0xff,
    0x00, 0x00, 0x00, 0x00, 0x15, 0xff, 0xff, 0xff, 0x7d, 0x01, 0x00, 0x00,
    0xb8, 0xff, 0xff, 0xff, 0x00, 0x00, 0x00, 0x00, 0xd4, 0x00, 0x00, 0x00,
    0x91, 0xff, 0xff, 0xff, 0xc6, 0xfe, 0xff, 0xff, 0x50, 0x00, 0x00, 0x00,
    0xc7, 0xff, 0xff, 0xff, 0x1b, 0xff, 0xff, 0xff, 0x2b, 0xfe, 0xff, 0xff,
    0xc1, 0x00, 0x00, 0x00, 0xb6, 0x00, 0x00, 0x00, 0x6f, 0x00, 0x00, 0x00,
    0xca, 0x00, 0x00, 0x00, 0xe7, 0xff, 0xff, 0xff, 0x85, 0x00, 0x00, 0x00,
    0x1d, 0x00, 0x00, 0x00, 0x96, 0xff, 0xff, 0xff, 0x4a, 0xff, 0xff, 0xff,
    0x7c, 0xff, 0xff, 0xff, 0xda, 0x00, 0x00, 0x00, 0x70, 0x00, 0x00, 0x00,
    0x9c, 0x00, 0x00, 0x00, 0x0b, 0x00, 0x00, 0x00, 0x12, 0xb8, 0xff, 0xff,
    0x04, 0x00, 0x00, 0x00, 0x10, 0x0e, 0x00, 0x00, 0x3c, 0x5d, 0xc2, 0x64,
    0x8f, 0xbc, 0xac, 0xbb, 0xfe, 0xc1, 0xf4, 0x3c, 0x4d, 0xe3, 0x0a, 0xfd,
    0x5d, 0xfe, 0x56, 0x1b, 0xf9, 0x9a, 0xe1, 0x23, 0xf2, 0xf4, 0x6f, 0x05,
    0x04, 0x7f, 0x1a, 0xfa, 0x43, 0xae, 0xbe, 0xa9, 0xce, 0x15, 0x32, 0xf4,
    0x1f, 0x27, 0xb3, 0xb4, 0xfa, 0x53, 0xe3, 0xde, 0xf4, 0xb4, 0x30, 0x36,
    0x20, 0x30, 0x60, 0xf3, 0x21, 0xc1, 0x67, 0x4e, 0xc8, 0xe0, 0xb5, 0xfb,
    0xdc, 0x5c, 0xee, 0x31, 0x1a, 0x9d, 0xe7, 0x03, 0xe0, 0xd0, 0x17, 0xba,
    0xc6, 0xd4, 0x12, 0xf8, 0x37, 0x18, 0x03, 0xe6, 0x3d, 0x23, 0x35, 0xe0,
    0x44, 0xd3, 0x1b, 0xdf, 0x2b, 0xea, 0xda, 0xea, 0xb7, 0xf3, 0xf9, 0xea,
    0x36, 0x29, 0x1f, 0xc7, 0xc4, 0xc5, 0x3d, 0xe5, 0xbb, 0x23, 0xb8, 0x33,
    0xc0, 0xde, 0xfb, 0x81, 0x19, 0xb8, 0x27, 0xc8, 0x48, 0xfb, 0x0a, 0x4b,
    0xff, 0x00, 0xf0, 0xd2, 0xd8, 0xf5, 0x29, 0x07, 0xb1, 0x7f, 0x53, 0xfe,
    0x01, 0xf5, 0xf3, 0x2e, 0x6b, 0xb1, 0xb7, 0xf3, 0xfc, 0x96, 0x1f, 0x12,
    0x08, 0x0d, 0x67, 0xdb, 0xd0, 0x1a, 0x3c, 0x97, 0x3a, 0xd9, 0xfd, 0x53,
    0x08, 0x59, 0x30, 0x56, 0x18, 0x1a, 0x46, 0x21, 0xdc, 0x36, 0xb8, 0xc6,
    0xda, 0x2e, 0xb5, 0x05, 0xf0, 0xc2, 0xfa, 0xe6, 0xf9, 0x0a, 0x2d, 0x35,
    0x10, 0xf9, 0x15, 0xea, 0x9d, 0xaf, 0xe8, 0x08, 0xbc, 0x52, 0x2f, 0xd9,
    0xa0, 0x33, 0x43, 0xfe, 0xbd, 0xd8, 0xcc, 0x57, 0x1e, 0xe9, 0x41, 0x08,
    0xfa, 0x5c, 0x15, 0xfc, 0x81, 0xf2, 0x2b, 0x34, 0xbd, 0x32, 0x3b, 0xc0,
    0xb9, 0xb1, 0xce, 0x30, 0x0d, 0xb1, 0xee, 0xd1, 0xfe, 0xc7, 0x3c, 0x28,
    0x12, 0xec, 0x2b, 0xd9, 0xd5, 0x68, 0x17, 0x53, 0xef, 0xb9, 0x84, 0x51,
    0xc6, 0x3f, 0xca, 0xbb, 0x52, 0xf7, 0x06, 0xe9, 0x4e, 0x48, 0x4a, 0x32,
    0x05, 0x19, 0x6b, 0x24, 0xe9, 0x1f, 0x69, 0xb1, 0xf1, 0x2c, 0x52, 0x52,
    0x6d, 0xaf, 0x6b, 0xba, 0x8a, 0xe5, 0xdd, 0x96, 0xc7, 0xd5, 0x4e, 0x81,
    0xcd, 0x40, 0x2a, 0xe5, 0xa2, 0x42, 0x2d, 0x66, 0xd0, 0x22, 0x2f, 0x4d,
    0xbd, 0xdd, 0x44, 0xae, 0x5a, 0x33, 0xab, 0x31, 0x21, 0x14, 0x28, 0x49,
    0x48, 0xce, 0xda, 0xad, 0xc3, 0x7f, 0xd6, 0xf9, 0xa5, 0x4a, 0xcc, 0x22,
    0xba, 0xdf, 0xe2, 0x43, 0x09, 0x0c, 0x1e, 0x26, 0x1e, 0x95, 0xca, 0x4c,
    0xe6, 0xea, 0xe5, 0xf1, 0x16, 0xb5, 0x25, 0x23, 0xe3, 0x96, 0x03, 0x09,
    0x20, 0xcd, 0x2c, 0x05, 0xc1, 0xc7, 0x05, 0x2f, 0xfe, 0x90, 0x27, 0xed,
    0x16, 0x25, 0x3c, 0xdc, 0xda, 0x1e, 0xbb, 0xbb, 0xfc, 0xcc, 0xe2, 0xa2,
    0x42, 0xc1, 0x21, 0x1d, 0x61, 0x68, 0x0a, 0xc7, 0x6a, 0xf6, 0x07, 0x26,
    0xea, 0xc9, 0xef, 0x09, 0xdb, 0x0e, 0x17, 0x46, 0x34, 0x32, 0x10, 0x0e,
    0x46, 0x31, 0xbb, 0xdb, 0x16, 0x46, 0x48, 0x3f, 0xb7, 0x3d, 0xce, 0xf9,
    0x36, 0x81, 0xd2, 0x93, 0xf5, 0x0b, 0x97, 0x44, 0xe9, 0x56, 0x0e, 0xe7,
    0xc6, 0xf3, 0xca, 0x01, 0xd2, 0x3f, 0xf9, 0xee, 0x4d, 0x19, 0x98, 0x9d,
    0xe4, 0xb4, 0x50, 0xb1, 0xe2, 0x8e, 0x81, 0x78, 0xf9, 0x15, 0xc1, 0x15,
    0x85, 0x19, 0xe3, 0xfa, 0x5a, 0xe4, 0xd6, 0x54, 0x57, 0xda, 0x29, 0x2b,
    0xb6, 0x49, 0x2e, 0x1a, 0x1f, 0xb6, 0xf3, 0x37, 0x69, 0xad, 0xeb, 0xfc,
    0xc9, 0xad, 0xc3, 0x04, 0x43, 0xc3, 0xf8, 0x21, 0xd7, 0x04, 0xa9, 0xe2,
    0x46, 0x0f, 0xd4, 0x0c, 0xf8, 0xeb, 0x22, 0xe5, 0xd3, 0xf3, 0xe7, 0x37,
    0xc3, 0x9b, 0xaf, 0xfa, 0x95, 0xf1, 0x8e, 0xf0, 0x3a, 0xfd, 0x1c, 0x36,
    0xdb, 0x01, 0xf8, 0x05, 0x0e, 0x27, 0xea, 0x1f, 0x28, 0x24, 0x2c, 0xd9,
    0xe7, 0xdb, 0x44, 0x02, 0xb7, 0xf8, 0x09, 0x0b, 0xf2, 0xf2, 0xe9, 0x49,
    0xe7, 0xf1, 0xb4, 0x81, 0xd2, 0xf7, 0x52, 0x9c, 0x07, 0x06, 0x93, 0x15,
    0x62, 0xdf, 0x0c, 0x93, 0x12, 0xbe, 0x63, 0x75, 0xf5, 0xca, 0x03, 0x33,
    0xde, 0x07, 0x6e, 0xa2, 0x53, 0x2c, 0xe6, 0x21, 0xa7, 0xfe, 0xe8, 0xe3,
    0x68, 0x17, 0x75, 0x2f, 0x53, 0xe4, 0x56, 0xe0, 0xb9, 0xb9, 0xe9, 0xd3,
    0xc6, 0xe4, 0xec, 0x81, 0x1f, 0x9d, 0xfb, 0x0a, 0x09, 0xf5, 0xcb, 0xfa,
    0xd9, 0xce, 0x2f, 0x3d, 0xb6, 0x08, 0xbb, 0x58, 0x2a, 0x39, 0x31, 0xeb,
    0xea, 0xbb, 0x15, 0x26, 0xf9, 0xee, 0x29, 0x14, 0x20, 0x33, 0xe2, 0x9e,
    0x01, 0xc0, 0x9d, 0x11, 0xcb, 0x55, 0xd2, 0xf3, 0x3e, 0x53, 0xe0, 0x72,
    0x33, 0x89, 0x37, 0xf9, 0x5e, 0xba, 0x40, 0x5a, 0xed, 0x20, 0x45, 0xd4,
    0x35, 0x4d, 0xf4, 0xef, 0xe0, 0xa2, 0xd7, 0xaf, 0xdd, 0x84, 0x12, 0x1c,
    0x1a, 0xac, 0xf4, 0xb5, 0xe5, 0x7e, 0xb0, 0x06, 0x3a, 0x3a, 0xc2, 0x94,
    0xce, 0xdb, 0x46, 0x81, 0xa9, 0xb1, 0xe7, 0x19, 0xfb, 0xfc, 0x60, 0xb7,
    0x32, 0xce, 0x4a, 0x13, 0xec, 0xea, 0x1a, 0xc4, 0x84, 0x4d, 0x7f, 0xaf,
    0xc8, 0xd0, 0xd5, 0x01, 0x48, 0xf9, 0x2c, 0x0b, 0x01, 0xaa, 0x28, 0x3c,
    0xc2, 0x68, 0x48, 0xb0, 0xb3, 0x1b, 0xfb, 0xd5, 0x23, 0xc7, 0xfd, 0x4b,
    0x1a, 0x05, 0xe5, 0x17, 0x11, 0x17, 0x15, 0x0a, 0xdc, 0x08, 0xef, 0xe0,
    0xef, 0x39, 0xe2, 0x13, 0xde, 0x11, 0x06, 0x50, 0x3a, 0x53, 0x35, 0x53,
    0xed, 0xca, 0xd1, 0x30, 0xfe, 0xd9, 0x1e, 0x3b, 0x1a, 0x58, 0x02, 0x14,
    0xa0, 0xea, 0x50, 0xc5, 0xe9, 0xb4, 0x32, 0x1d, 0x37, 0x1a, 0xe0, 0x05,
    0x3a, 0x2b, 0x55, 0x10, 0x2a, 0x1e, 0x0d, 0xf0, 0x17, 0xcb, 0xdf, 0x04,
    0x5b, 0x2c, 0x0b, 0xdf, 0xf5, 0x25, 0xeb, 0xb5, 0x7f, 0xe8, 0x03, 0xfd,
    0xce, 0x9d, 0x22, 0x6c, 0x2f, 0x36, 0x4d, 0x5b, 0x0a, 0xc4, 0x63, 0xc0,
    0x98, 0x96, 0x09, 0x28, 0xf1, 0x87, 0x25, 0x23, 0x96, 0xbc, 0x9f, 0xbb,
    0xfa, 0x51, 0xca, 0x7a, 0x3f, 0x9f, 0x46, 0xcb, 0x67, 0xe1, 0x25, 0xb2,
    0xc2, 0xbf, 0x4a, 0xc7, 0x07, 0x50, 0x60, 0xf6, 0x09, 0x41, 0x9d, 0xe2,
    0x1b, 0x3b, 0xc2, 0x5b, 0x0d, 0x4d, 0x18, 0xe3, 0x19, 0x57, 0x60, 0xca,
    0xfb, 0x93, 0x81, 0xe3, 0x0a, 0x3b, 0x0a, 0xf6, 0x1e, 0xc0, 0x35, 0x13,
    0x43, 0xca, 0xce, 0xcf, 0xf0, 0x0b, 0xfe, 0x27, 0x32, 0x20, 0x8a, 0xd9,
    0x7f, 0x23, 0xff, 0x2f, 0x26, 0xd0, 0x3d, 0x9b, 0x27, 0x42, 0xbe, 0x33,
    0x40, 0x58, 0x4d, 0x35, 0x04, 0x63, 0x9b, 0xdd, 0x33, 0x11, 0xa6, 0x4d,
    0xdb, 0xe7, 0x52, 0x85, 0xc7, 0xd3, 0x3e, 0xf3, 0xd6, 0x21, 0x3e, 0xc1,
    0xc5, 0x22, 0x62, 0xfc, 0x3d, 0x07, 0xd9, 0x13, 0xa6, 0x19, 0x03, 0x21,
    0xc8, 0xa5, 0x36, 0x85, 0xfd, 0xf9, 0x09, 0xd1, 0x04, 0x61, 0x23, 0x01,
    0x02, 0x29, 0x7f, 0x70, 0x11, 0xed, 0x1f, 0x32, 0xa7, 0xaf, 0x0f, 0xda,
    0x3b, 0x1c, 0x1e, 0x95, 0xb2, 0x04, 0x2a, 0xe4, 0xfb, 0x60, 0xcd, 0x60,
    0xd7, 0x54, 0x22, 0x49, 0x22, 0x5c, 0xd6, 0x02, 0x3d, 0xce, 0xd6, 0x0f,
    0x13, 0x3c, 0x36, 0xc0, 0x01, 0x4f, 0x0d, 0x00, 0x48, 0xb7, 0xfe, 0xd3,
    0x26, 0x16, 0xe0, 0xeb, 0xfb, 0xef, 0xe0, 0x36, 0x27, 0xf2, 0x2f, 0x81,
    0x2c, 0xf0, 0xdc, 0x50, 0xcb, 0xab, 0x0f, 0x08, 0xf1, 0x40, 0xa3, 0xa3,
    0x49, 0xb7, 0xe7, 0x52, 0x83, 0xaa, 0xfd, 0x10, 0x17, 0x53, 0x49, 0x2d,
    0xc4, 0x1f, 0xdc, 0x0f, 0xdf, 0xad, 0x15, 0x7d, 0x4c, 0x1a, 0x17, 0xfc,
    0x47, 0xdb, 0xe1, 0x22, 0xea, 0x39, 0xb4, 0x63, 0x15, 0x12, 0xf7, 0xef,
    0x27, 0x2d, 0xce, 0xfd, 0x81, 0x2d, 0xcd, 0x5a, 0x11, 0x52, 0xe9, 0x2f,
    0x2b, 0xcb, 0xac, 0xf4, 0x1e, 0xe2, 0x2d, 0x69, 0x1d, 0xef, 0xf9, 0x0a,
    0xda, 0x44, 0x32, 0xc3, 0xfc, 0x11, 0xdd, 0xd3, 0x14, 0xe6, 0xd8, 0xdd,
    0x67, 0x1f, 0x8d, 0xb6, 0x26, 0xfa, 0xdb, 0xe2, 0xe2, 0xe6, 0x19, 0x3a,
    0x3a, 0xa9, 0x30, 0xea, 0xe0, 0x07, 0x15, 0x02, 0x00, 0x20, 0xa9, 0x54,
    0x53, 0x1b, 0xc8, 0x36, 0x03, 0x0f, 0x03, 0x15, 0xe3, 0x3c, 0x1e, 0xa6,
    0xd4, 0xaf, 0xe3, 0x9d, 0x31, 0x65, 0x60, 0x64, 0xe5, 0x2e, 0xe2, 0x4b,
    0x09, 0xcb, 0xde, 0xf5, 0x81, 0x31, 0xf9, 0xbd, 0x00, 0xee, 0x78, 0x93,
    0xd3, 0xc2, 0xae, 0xd7, 0x03, 0xcd, 0x26, 0x27, 0xf0, 0x00, 0xea, 0xdf,
    0x56, 0x3e, 0xe0, 0x67, 0x54, 0x39, 0xaf, 0xe1, 0x88, 0x37, 0xc2, 0xcd,
    0xda, 0xee, 0xdf, 0x1c, 0xed, 0xf0, 0xcf, 0x01, 0x2a, 0xff, 0x1a, 0x12,
    0xb6, 0xa0, 0x20, 0x3c, 0x62, 0x51, 0xfd, 0x7f, 0x3d, 0x92, 0xf7, 0x19,
    0xb0, 0xe4, 0x40, 0x21, 0xef, 0xf9, 0x3c, 0xef, 0x47, 0x06, 0xdd, 0x62,
    0xe5, 0xb8, 0x38, 0x4f, 0xfd, 0x4c, 0x40, 0x0f, 0x58, 0x73, 0x56, 0x49,
    0x50, 0xd9, 0xde, 0x18, 0xef, 0xa2, 0xfb, 0x07, 0x56, 0x2f, 0x4d, 0x1b,
    0xca, 0x1e, 0xcf, 0x22, 0xf7, 0x36, 0xf7, 0x09, 0x0e, 0x5e, 0xc2, 0xc0,
    0xd4, 0x3a, 0x61, 0xc5, 0xc0, 0xf7, 0xe6, 0x8f, 0xd5, 0x28, 0x47, 0x7f,
    0xf0, 0xf2, 0x23, 0xc8, 0xd6, 0x3a, 0xd9, 0x0b, 0xd7, 0xf1, 0x37, 0x38,
    0x39, 0x37, 0xb5, 0xea, 0x2f, 0xed, 0xd3, 0xd9, 0xec, 0xdb, 0x12, 0x25,
    0x27, 0xd8, 0x1c, 0xf1, 0xbf, 0xcd, 0x47, 0xaa, 0xf6, 0xf6, 0xfa, 0xd2,
    0x81, 0xfa, 0x2a, 0xe2, 0x35, 0x1f, 0x53, 0xb8, 0x99, 0xc3, 0x2b, 0xc5,
    0xf2, 0x33, 0x53, 0xb6, 0xe7, 0x26, 0xa3, 0xb0, 0x1f, 0x0f, 0xd4, 0x26,
    0xb9, 0xfc, 0xf2, 0xae, 0x15, 0xbd, 0x56, 0xed, 0xe9, 0x16, 0x57, 0x27,
    0xfe, 0xcc, 0x60, 0xc2, 0xff, 0x2b, 0x10, 0x14, 0x3b, 0xf7, 0x18, 0xf6,
    0x1b, 0x94, 0x0e, 0x2c, 0x3f, 0xa8, 0xd5, 0x00, 0x47, 0xee, 0x50, 0x1b,
    0xdd, 0x1c, 0x29, 0xea, 0x08, 0x1b, 0x0f, 0x07, 0xd8, 0xf7, 0x4c, 0x15,
    0xe7, 0xc7, 0x42, 0xf2, 0xff, 0x4a, 0x92, 0x02, 0x33, 0xe8, 0xd8, 0x55,
    0x01, 0xf4, 0x1f, 0xeb, 0x2c, 0x5d, 0xcd, 0xba, 0xef, 0xf7, 0xc1, 0x21,
    0x45, 0xe3, 0x5e, 0xc0, 0x16, 0x1b, 0xe4, 0x15, 0xc6, 0x4b, 0xa8, 0x18,
    0xc5, 0xdc, 0x46, 0xbb, 0x20, 0x0c, 0x7f, 0x03, 0x06, 0xab, 0xf4, 0x56,
    0x3d, 0x35, 0x42, 0xf4, 0x56, 0x2e, 0xe2, 0x52, 0xea, 0xe0, 0xd3, 0x05,
    0x04, 0x38, 0xf2, 0x5d, 0xf3, 0xd3, 0x2e, 0xfe, 0xcf, 0x30, 0x7f, 0x3e,
    0xd6, 0x01, 0x05, 0xe7, 0x4b, 0x04, 0x08, 0xf1, 0xf0, 0x27, 0x31, 0x84,
    0xd8, 0x08, 0x11, 0x2d, 0x45, 0x19, 0xea, 0x0e, 0xf7, 0xe5, 0xfc, 0xd7,
    0xfe, 0x3b, 0xce, 0x25, 0x0c, 0x2b, 0xb5, 0x2d, 0x32, 0xf4, 0xfb, 0xea,
    0x32, 0xcb, 0x33, 0xe0, 0xba, 0xa8, 0x18, 0x72, 0x65, 0xfa, 0xd4, 0x01,
    0x0c, 0x20, 0x2d, 0xf1, 0xf6, 0x28, 0xc4, 0x1e, 0x4c, 0xae, 0x72, 0xd3,
    0xb0, 0xc8, 0x36, 0x32, 0xa9, 0xb3, 0xcd, 0x04, 0x1b, 0xce, 0xe3, 0xe9,
    0x01, 0xe6, 0xb5, 0x0d, 0x41, 0x40, 0xdf, 0x45, 0x21, 0xf8, 0xdf, 0xf8,
    0x19, 0x55, 0x28, 0x17, 0x25, 0x0c, 0x81, 0xf9, 0xb3, 0x9d, 0x24, 0xf5,
    0xf1, 0x2f, 0x4b, 0x04, 0x34, 0x09, 0x36, 0x50, 0xeb, 0x6f, 0x26, 0x3c,
    0x1c, 0x2c, 0xbc, 0xfa, 0x4d, 0x36, 0xfe, 0x19, 0xb0, 0x3a, 0x0d, 0x7f,
    0xfd, 0x1a, 0xe8, 0xc1, 0xed, 0x47, 0x1f, 0x12, 0x04, 0xeb, 0x30, 0xe1,
    0x62, 0x0f, 0xe5, 0x0c, 0x29, 0x61, 0xdf, 0x2a, 0x3a, 0xfb, 0xcc, 0x47,
    0x68, 0xdd, 0x4c, 0x16, 0xcb, 0x24, 0xc9, 0x3b, 0x3e, 0x08, 0xd7, 0x29,
    0x59, 0xe7, 0xcc, 0x23, 0xce, 0x47, 0x99, 0x33, 0x4a, 0xc9, 0x31, 0x40,
    0x26, 0xfe, 0x22, 0x1f, 0x1a, 0x21, 0xf6, 0x05, 0x11, 0x2c, 0x2f, 0xc4,
    0x97, 0xf4, 0x07, 0xeb, 0x03, 0xc7, 0x50, 0x1b, 0xfd, 0x81, 0x2d, 0xe1,
    0xc8, 0xe0, 0xcd, 0xf5, 0x11, 0x02, 0xdc, 0x2f, 0xd5, 0x3e, 0xfe, 0xef,
    0xba, 0x04, 0x27, 0xc3, 0x00, 0x38, 0xe8, 0xd9, 0x09, 0xbb, 0x28, 0x0c,
    0x06, 0x65, 0x2c, 0x3a, 0xfd, 0x09, 0xa1, 0x14, 0x63, 0x3c, 0xc8, 0xf0,
    0x3d, 0xcc, 0xb8, 0xde, 0x2e, 0xcb, 0xfa, 0xca, 0xee, 0xf9, 0x37, 0xc2,
    0xf2, 0xee, 0x81, 0x1f, 0xab, 0x70, 0xdb, 0x22, 0xe7, 0xb3, 0x25, 0x12,
    0xe3, 0x10, 0x1c, 0xf8, 0xd2, 0x7e, 0xfb, 0xa3, 0x42, 0xfd, 0xb5, 0xbf,
    0x3a, 0xe4, 0xe0, 0xf4, 0xc3, 0xfe, 0xea, 0xef, 0x57, 0xe9, 0xf9, 0xd7,
    0x3d, 0x04, 0x1b, 0xad, 0xec, 0xe7, 0xd0, 0x10, 0xa2, 0x46, 0xdf, 0xc3,
    0x0f, 0x57, 0x3c, 0xf3, 0xfe, 0x0b, 0x11, 0xbe, 0x67, 0xb4, 0xf1, 0x4e,
    0x1d, 0x4d, 0x40, 0x0e, 0x7f, 0x22, 0xe9, 0x09, 0x20, 0x0b, 0x37, 0xed,
    0xbe, 0x55, 0x0f, 0xdf, 0xdc, 0x0e, 0x16, 0x33, 0x43, 0xa7, 0xbf, 0x06,
    0x01, 0x33, 0xef, 0x49, 0xca, 0x21, 0xe7, 0x35, 0xf5, 0x44, 0xe3, 0xf5,
    0x0a, 0x3f, 0x41, 0x33, 0xaf, 0x81, 0xc8, 0xc5, 0x62, 0xa1, 0x3e, 0xfe,
    0xc5, 0xd9, 0x20, 0xbc, 0xa9, 0x3e, 0x3c, 0xfa, 0x08, 0x09, 0xe9, 0xb4,
    0x3d, 0x1e, 0xda, 0x4d, 0xc5, 0xeb, 0x3d, 0xfb, 0xeb, 0x3d, 0x5f, 0x02,
    0x4a, 0x09, 0x23, 0xf3, 0x19, 0xb9, 0x32, 0xdc, 0x21, 0x03, 0xce, 0xaa,
    0x8a, 0xeb, 0xcd, 0xc0, 0xa3, 0xe9, 0x11, 0xfc, 0x18, 0x41, 0x61, 0xc4,
    0x09, 0x4d, 0x53, 0xd1, 0xdb, 0xb5, 0x32, 0x25, 0xeb, 0xc0, 0x0d, 0x81,
    0xce, 0x59, 0x9b, 0x5c, 0x42, 0x3f, 0xd2, 0x2b, 0x54, 0xbf, 0x0b, 0xcb,
    0xb0, 0x51, 0x72, 0xda, 0x97, 0x0e, 0x1a, 0x0a, 0xe3, 0x79, 0x08, 0xe8,
    0x51, 0xd4, 0x64, 0x70, 0x1a, 0xbe, 0x1a, 0x0b, 0x1c, 0x03, 0x36, 0xc0,
    0x03, 0x09, 0xbd, 0xb1, 0x0a, 0xd3, 0xf0, 0x4c, 0x4e, 0xc8, 0xf0, 0xd2,
    0x40, 0x12, 0xc5, 0xf8, 0x30, 0x16, 0xeb, 0x58, 0x37, 0x18, 0x05, 0xe2,
    0xbc, 0x00, 0xf7, 0x2c, 0x30, 0xe8, 0xcc, 0xb4, 0x2e, 0x10, 0x52, 0x06,
    0x16, 0xff, 0x24, 0xbe, 0xb4, 0x00, 0xfd, 0xec, 0xce, 0x1c, 0x38, 0xd2,
    0x12, 0x3b, 0xd4, 0x48, 0x24, 0x19, 0xe9, 0xda, 0xc7, 0xa5, 0xd4, 0xee,
    0x95, 0x5d, 0x20, 0xfe, 0x17, 0x57, 0x81, 0x5a, 0x16, 0xf2, 0x1a, 0x08,
    0x14, 0xd8, 0xcb, 0xd3, 0x46, 0x4c, 0xfc, 0x03, 0xee, 0x3a, 0xec, 0x00,
    0x1a, 0x0d, 0xf8, 0x30, 0xe4, 0xfb, 0xd7, 0x4c, 0x18, 0x41, 0x21, 0xcd,
    0x81, 0x3c, 0x00, 0xbc, 0xcb, 0xfd, 0x46, 0xfa, 0x18, 0xf1, 0x65, 0xaf,
    0x4a, 0xd1, 0xf6, 0x2d, 0x04, 0xf1, 0xf8, 0x56, 0x90, 0xfb, 0xfc, 0x16,
    0x07, 0xeb, 0x52, 0xbc, 0x25, 0x0f, 0xde, 0x00, 0x32, 0x3e, 0xba, 0xfa,
    0x05, 0xcf, 0xe4, 0xb5, 0x26, 0xae, 0x36, 0xfd, 0xd4, 0x2d, 0x12, 0xf6,
    0x8e, 0x15, 0x02, 0x29, 0x41, 0xd6, 0x58, 0xd1, 0x19, 0xcb, 0x47, 0x0e,
    0x13, 0x52, 0x7f, 0xc2, 0x98, 0x14, 0x21, 0x13, 0x52, 0xff, 0xe8, 0x5b,
    0x42, 0x02, 0x16, 0xdf, 0xbb, 0xf8, 0x47, 0x26, 0xed, 0xf8, 0xc1, 0xf9,
    0x73, 0xbe, 0x70, 0xb7, 0x49, 0x45, 0x53, 0x0e, 0x3b, 0x9e, 0xe4, 0x30,
    0x52, 0xe3, 0x5b, 0xa9, 0xc6, 0x10, 0x81, 0x45, 0x68, 0xb1, 0x5c, 0x4f,
    0x38, 0x26, 0x48, 0x06, 0xbc, 0x59, 0xea, 0xc6, 0x56, 0x25, 0x32, 0x69,
    0x22, 0xe2, 0x6f, 0xc9, 0x43, 0x01, 0xd1, 0xe3, 0xc9, 0x07, 0x33, 0xdd,
    0x02, 0x17, 0xa4, 0x62, 0xc1, 0x46, 0x17, 0x20, 0x12, 0x19, 0xc8, 0x5c,
    0x3a, 0xde, 0x17, 0xda, 0x4a, 0x57, 0xd1, 0xf4, 0x25, 0x20, 0xf5, 0xfc,
    0x28, 0x20, 0xe3, 0x19, 0x05, 0x1d, 0xd1, 0xe6, 0xf0, 0xee, 0x61, 0xe2,
    0x39, 0xcb, 0xdc, 0x07, 0x14, 0x23, 0xa8, 0x17, 0xf7, 0x48, 0xd1, 0xc5,
    0x26, 0x01, 0x11, 0xb4, 0x01, 0x2a, 0x1f, 0x0c, 0x3d, 0x05, 0x36, 0xdf,
    0x26, 0xfc, 0xe5, 0xf1, 0x10, 0x18, 0x05, 0x0f, 0xc1, 0x3c, 0xe2, 0xe4,
    0xec, 0xfc, 0xd3, 0x81, 0xc9, 0x04, 0x09, 0x31, 0x04, 0xb5, 0x03, 0x32,
    0x5d, 0xca, 0xc8, 0xf9, 0x3d, 0xa3, 0xf0, 0xfa, 0xb0, 0xc7, 0x12, 0xa8,
    0x33, 0x3c, 0xa2, 0x1f, 0xf9, 0x50, 0x09, 0x40, 0xe9, 0xdb, 0x12, 0xf0,
    0x34, 0x44, 0x20, 0xe8, 0x97, 0x0f, 0x91, 0xd9, 0x5a, 0x2c, 0x25, 0x81,
    0x43, 0x95, 0x11, 0xa6, 0xae, 0x1f, 0xd8, 0xc4, 0x05, 0xfa, 0x0e, 0x0b,
    0x4c, 0xe5, 0x1e, 0x32, 0xfc, 0x06, 0x5a, 0x0b, 0x00, 0xf0, 0x9d, 0x34,
    0x1e, 0x91, 0x10, 0x9c, 0xdc, 0x4b, 0xd3, 0xad, 0x17, 0x3a, 0xd5, 0xef,
    0x21, 0xb2, 0xe3, 0xda, 0x14, 0xb3, 0xd4, 0x52, 0x53, 0xff, 0x1e, 0x00,
    0xc0, 0x5a, 0x27, 0xc4, 0xcf, 0xd4, 0xfd, 0x9e, 0xdb, 0x07, 0xe4, 0x4f,
    0x11, 0x4f, 0xd3, 0xfa, 0x17, 0x38, 0x50, 0x7f, 0xde, 0x40, 0x3b, 0xe0,
    0x1a, 0x43, 0x2b, 0x3c, 0x38, 0x04, 0xdd, 0x03, 0x29, 0x1c, 0x30, 0x24,
    0xe1, 0xfe, 0xbd, 0xf7, 0xea, 0x43, 0x0e, 0x40, 0x76, 0xe0, 0xe7, 0x1a,
    0xe6, 0xc6, 0xf6, 0xfd, 0x31, 0xf6, 0x15, 0x51, 0x72, 0xf8, 0x47, 0xd8,
    0xb1, 0x45, 0xdd, 0x04, 0x17, 0x13, 0x04, 0xec, 0xfb, 0x90, 0x45, 0x2c,
    0xfa, 0xf5, 0xd1, 0x1c, 0xe0, 0x40, 0xc8, 0x11, 0xc5, 0x3d, 0xc9, 0xbc,
    0x7f, 0xfe, 0x15, 0xf2, 0x27, 0xe3, 0xdb, 0x13, 0x22, 0xe3, 0xed, 0xc5,
    0xe3, 0x3d, 0xd5, 0x4d, 0xe9, 0xe7, 0x3f, 0x11, 0xe4, 0xef, 0x1f, 0x41,
    0xff, 0xd9, 0xd2, 0x24, 0xf6, 0x1a, 0x0d, 0x03, 0x29, 0x5e, 0x81, 0xe0,
    0xea, 0xe1, 0xc0, 0x51, 0xbf, 0xbb, 0xc2, 0x05, 0x46, 0x2a, 0x3c, 0x11,
    0xf6, 0x21, 0x21, 0xcd, 0xfd, 0x14, 0x30, 0x0a, 0xff, 0xce, 0xd2, 0xb7,
    0x3b, 0xc9, 0xfe, 0x21, 0xf2, 0x16, 0x01, 0xe3, 0xa4, 0xec, 0x60, 0x3f,
    0xaa, 0x21, 0x3f, 0xbb, 0x14, 0x22, 0x48, 0x7f, 0x11, 0x69, 0x1b, 0xf6,
    0xe1, 0x20, 0x3c, 0xff, 0x3b, 0x2e, 0xa0, 0xcd, 0x1f, 0xef, 0x28, 0xe3,
    0x46, 0xf1, 0xe8, 0x23, 0x07, 0xf4, 0xcc, 0xff, 0xf7, 0x44, 0xed, 0xc6,
    0x30, 0x4a, 0x61, 0xd9, 0x0a, 0x03, 0xd4, 0x44, 0x1b, 0xec, 0x11, 0x0e,
    0xcd, 0x10, 0xf1, 0x63, 0x1b, 0xc6, 0xe5, 0xeb, 0xfb, 0xc5, 0xd1, 0x02,
    0x00, 0xed, 0x11, 0xa1, 0xe6, 0x4b, 0x27, 0xf1, 0x3b, 0xff, 0x55, 0xcb,
    0x7f, 0xf5, 0x0a, 0x03, 0x5f, 0x1c, 0x9d, 0xa0, 0xfd, 0xd3, 0xd0, 0x5b,
    0xed, 0x55, 0xf8, 0xd2, 0xf9, 0xfb, 0xe1, 0xdd, 0x41, 0x13, 0xdc, 0x05,
    0x0b, 0xba, 0x48, 0xd4, 0xe4, 0xf8, 0x18, 0x38, 0x41, 0x32, 0x58, 0xac,
    0x4f, 0x14, 0x78, 0xd9, 0x07, 0x17, 0x32, 0xed, 0x14, 0x44, 0x01, 0x02,
    0x8f, 0xc8, 0xb3, 0xed, 0xdb, 0xfa, 0x55, 0xb1, 0xd6, 0x0e, 0xff, 0xd0,
    0xf0, 0x04, 0x00, 0x1a, 0xf9, 0xf9, 0xc3, 0x1b, 0x2f, 0xfa, 0x08, 0x53,
    0xd4, 0x36, 0x45, 0x52, 0x24, 0x42, 0xc7, 0x0b, 0xe5, 0x27, 0xdd, 0x7f,
    0xc3, 0xf0, 0xf1, 0x12, 0x61, 0xf5, 0xe1, 0xc3, 0x0f, 0xa4, 0xdc, 0xf1,
    0x31, 0xd6, 0x43, 0xcc, 0xf2, 0x9b, 0x66, 0xc5, 0xd4, 0x31, 0x39, 0xe5,
    0x2f, 0x45, 0x41, 0x3a, 0x4d, 0xf5, 0x87, 0x50, 0x1b, 0x6d, 0x57, 0x01,
    0xf8, 0x0b, 0x92, 0xc9, 0x3a, 0x10, 0xc0, 0x30, 0x44, 0xc1, 0xcd, 0x53,
    0xe1, 0xf4, 0x19, 0xd5, 0xe4, 0x31, 0x32, 0x5d, 0xbf, 0xc7, 0xdd, 0xfe,
    0xdc, 0x03, 0x68, 0x35, 0xca, 0x1e, 0x81, 0xf0, 0xb6, 0xf1, 0xa9, 0xfb,
    0xcc, 0x19, 0x1f, 0x23, 0xa4, 0x1f, 0x12, 0x1a, 0xa4, 0xd9, 0xff, 0x12,
    0xb6, 0xee, 0x7f, 0xea, 0x7f, 0x40, 0x42, 0xdd, 0x03, 0x34, 0x31, 0xe1,
    0x2f, 0x08, 0x16, 0x0f, 0x49, 0xde, 0x05, 0xd5, 0xa0, 0x04, 0x0a, 0xe8,
    0xeb, 0x11, 0xdb, 0xec, 0x45, 0xc4, 0xea, 0xcd, 0x47, 0x15, 0xe8, 0x1c,
    0x0a, 0x3a, 0x36, 0x0a, 0xe2, 0x08, 0xe7, 0x0a, 0x3b, 0x45, 0xe3, 0xee,
    0xe9, 0xb2, 0xc5, 0x1a, 0x2e, 0x06, 0x52, 0x22, 0x01, 0xfb, 0x07, 0xdc,
    0x07, 0x19, 0x37, 0xfb, 0x9e, 0xef, 0x07, 0xa0, 0xec, 0xbe, 0xd1, 0xe1,
    0xd3, 0xb5, 0xe3, 0xce, 0x04, 0x09, 0x15, 0xd3, 0x2e, 0x7f, 0xb8, 0xe9,
    0xc5, 0x3e, 0x14, 0x0a, 0xa2, 0x20, 0xc2, 0xf1, 0xe5, 0x28, 0x3c, 0xf5,
    0x08, 0xe3, 0x27, 0x3c, 0xd3, 0xc3, 0x38, 0x3b, 0xbd, 0x59, 0x18, 0x07,
    0xed, 0x22, 0xd8, 0xf4, 0xa3, 0x3f, 0x2e, 0xf2, 0xde, 0xfb, 0x10, 0x43,
    0x87, 0x1c, 0xd8, 0x1c, 0xee, 0x38, 0x4c, 0x1f, 0x45, 0x5a, 0x2d, 0xcc,
    0x9d, 0x38, 0x2f, 0xa2, 0x18, 0xc2, 0xbb, 0xf5, 0x12, 0xc4, 0xb2, 0xe6,
    0x59, 0x10, 0x69, 0xf8, 0x33, 0x55, 0xec, 0xfc, 0x3b, 0xd8, 0xcf, 0x09,
    0xe1, 0x3f, 0xc8, 0x11, 0x4d, 0x02, 0x39, 0xf9, 0xaf, 0x34, 0xd7, 0x61,
    0xc7, 0x81, 0x15, 0xf4, 0xfd, 0x2c, 0x16, 0xfd, 0x4b, 0x64, 0x3b, 0xd9,
    0x5e, 0x7f, 0xb9, 0xf5, 0xe5, 0xa2, 0x05, 0x3d, 0x06, 0xcb, 0xbd, 0x48,
    0xc4, 0xcf, 0xc3, 0xae, 0x0e, 0x06, 0x3f, 0x98, 0xc0, 0xe3, 0x56, 0xc2,
    0x1a, 0xca, 0xa2, 0xd3, 0xc5, 0x2e, 0xcc, 0x4f, 0x4f, 0x22, 0x57, 0xc4,
    0xab, 0x2d, 0x34, 0xac, 0x31, 0x8b, 0x17, 0x8d, 0x5e, 0x12, 0xb2, 0x19,
    0x14, 0x66, 0xd9, 0x25, 0xda, 0xd4, 0x9c, 0xad, 0xd8, 0x30, 0x4e, 0xca,
    0x48, 0xda, 0xd2, 0x2f, 0xc2, 0x20, 0x46, 0x37, 0xd5, 0xd6, 0xfd, 0x0a,
    0xaf, 0x19, 0xe0, 0xf8, 0x0f, 0xd1, 0x97, 0xd8, 0xd6, 0x2c, 0x0d, 0xed,
    0xc8, 0x56, 0x0d, 0x0c, 0xce, 0x33, 0x18, 0xed, 0xf5, 0x13, 0x3d, 0xfa,
    0x1e, 0x14, 0x35, 0xee, 0xbc, 0x96, 0xf1, 0x17, 0x05, 0xf5, 0xcd, 0x62,
    0xfd, 0xef, 0x9f, 0x1a, 0x81, 0xd0, 0xf0, 0x1c, 0xf9, 0xdd, 0x34, 0xe8,
    0x1c, 0x23, 0x19, 0xb2, 0x08, 0x21, 0x0d, 0x20, 0xdb, 0x28, 0x23, 0x22,
    0xc1, 0xd6, 0x24, 0x7f, 0x4f, 0x10, 0xda, 0xfa, 0xeb, 0xe6, 0x1c, 0xc4,
    0xfe, 0x14, 0xf0, 0xd3, 0x57, 0xa7, 0x43, 0xd4, 0xf1, 0x08, 0x09, 0xf1,
    0x15, 0x11, 0x29, 0x28, 0x0d, 0xc5, 0xf9, 0x22, 0x38, 0xcd, 0x3d, 0x25,
    0x2c, 0xca, 0xdd, 0x3e, 0x39, 0xc2, 0xc0, 0xc1, 0x50, 0xb7, 0x2d, 0x02,
    0xcb, 0xd0, 0xa7, 0xef, 0xab, 0x22, 0xca, 0x13, 0xc8, 0xe8, 0xcf, 0xf1,
    0x06, 0x0b, 0xce, 0xd3, 0xde, 0x32, 0x51, 0xc9, 0x62, 0xc7, 0xdb, 0x0d,
    0xd2, 0x1d, 0x41, 0xc0, 0x08, 0xdf, 0x01, 0xe7, 0x13, 0x0c, 0x7f, 0x4c,
    0xc1, 0x10, 0xbe, 0xeb, 0xb9, 0xd6, 0xef, 0x0e, 0x2e, 0x42, 0xf0, 0x47,
    0x39, 0x02, 0x37, 0x3a, 0xf1, 0xe4, 0xe8, 0xde, 0x25, 0xd9, 0x21, 0xdc,
    0x5c, 0xfb, 0x67, 0x1b, 0xed, 0x26, 0x07, 0x1d, 0xb6, 0x3c, 0x43, 0x64,
    0x01, 0x31, 0xe5, 0x0e, 0xfc, 0x1c, 0xb5, 0xad, 0x3a, 0x91, 0xa6, 0x53,
    0xac, 0xe8, 0x06, 0xfa, 0xa7, 0x96, 0xd0, 0xd1, 0xf9, 0x34, 0xff, 0xf5,
    0x40, 0x41, 0x37, 0x34, 0xde, 0x24, 0xa4, 0x07, 0x29, 0xd6, 0x09, 0xcb,
    0x18, 0xed, 0x38, 0x01, 0x19, 0x53, 0x0c, 0x7f, 0x48, 0xae, 0x39, 0x5d,
    0x3e, 0x35, 0xe3, 0x01, 0xe7, 0xa5, 0xc6, 0xba, 0x44, 0x7f, 0x3c, 0x27,
    0x05, 0x41, 0xf4, 0x3d, 0x03, 0x5c, 0x54, 0xb3, 0x16, 0x29, 0x20, 0xdd,
    0x4c, 0x2d, 0xf5, 0x11, 0xc3, 0xb9, 0x09, 0xe1, 0xd4, 0xec, 0xea, 0xff,
    0xb5, 0xa8, 0xc9, 0x0c, 0x27, 0x3c, 0x08, 0xd7, 0x0e, 0x26, 0xdf, 0xed,
    0x20, 0xa1, 0x07, 0x36, 0x6c, 0xcc, 0x5c, 0x2e, 0xe2, 0xd9, 0xd4, 0xfa,
    0x11, 0xe6, 0x00, 0x26, 0xc9, 0x30, 0xcd, 0x12, 0xf6, 0xd0, 0xd4, 0x81,
    0xf9, 0xc8, 0xd3, 0x12, 0x42, 0xf9, 0xf5, 0xc4, 0x42, 0x2d, 0xb3, 0x37,
    0xcd, 0xe5, 0xd9, 0xb5, 0x8c, 0x17, 0x12, 0x39, 0xf5, 0x16, 0xc0, 0xf4,
    0xe5, 0x04, 0x31, 0xe6, 0x17, 0x2a, 0xe5, 0x2b, 0xa8, 0x2c, 0x0b, 0x41,
    0x0a, 0x28, 0xc7, 0xda, 0x24, 0x0f, 0x26, 0xe6, 0x02, 0xa4, 0xa0, 0x1b,
    0x2d, 0x26, 0x31, 0x0d, 0x5c, 0x01, 0xfa, 0xed, 0x09, 0x01, 0xb7, 0x48,
    0xfd, 0x24, 0xb5, 0x04, 0x42, 0x93, 0xed, 0x25, 0x51, 0x2b, 0x0d, 0x29,
    0xa8, 0xfb, 0x2f, 0x3a, 0xe0, 0x22, 0x27, 0xcd, 0x42, 0xed, 0x20, 0xf0,
    0xe9, 0x25, 0x08, 0xbb, 0xf2, 0x37, 0x40, 0xd8, 0xf6, 0x36, 0xe6, 0x81,
    0xf4, 0x11, 0xe1, 0x38, 0xa4, 0x37, 0xd2, 0x49, 0x0e, 0x34, 0xe6, 0x18,
    0x33, 0xe8, 0xb0, 0xd2, 0x40, 0xed, 0x28, 0xf4, 0xfd, 0x5c, 0xca, 0x21,
    0x3b, 0x26, 0xf9, 0x53, 0xa1, 0xb6, 0xae, 0xa1, 0x1e, 0x45, 0x59, 0x58,
    0x3a, 0x7f, 0x3d, 0xd6, 0xff, 0x4d, 0x35, 0xb3, 0xf8, 0xda, 0x2e, 0x0b,
    0xb2, 0x15, 0x34, 0x1c, 0x3d, 0x1a, 0x1a, 0xcc, 0x9c, 0x40, 0xb4, 0xb2,
    0x08, 0x65, 0x15, 0xe1, 0x53, 0x7a, 0xdc, 0xef, 0xd0, 0x8d, 0xe2, 0x1c,
    0x9c, 0x0b, 0x0b, 0xbe, 0x60, 0xf1, 0x38, 0x2b, 0xb9, 0x48, 0x10, 0xbb,
    0xe6, 0xee, 0x4a, 0x16, 0x47, 0x3d, 0xca, 0x81, 0xba, 0xd7, 0xb3, 0xe0,
    0x0e, 0x06, 0xe9, 0x06, 0x2b, 0xd9, 0x2c, 0x22, 0xde, 0x0d, 0xee, 0x05,
    0x11, 0xf9, 0x55, 0x3d, 0x17, 0xe4, 0xec, 0x23, 0x37, 0xe7, 0xf6, 0xfa,
    0xf4, 0x99, 0x1a, 0xe2, 0xfa, 0x11, 0x2d, 0x18, 0xfb, 0x71, 0xeb, 0xc7,
    0xf9, 0xc8, 0xdd, 0x31, 0xa2, 0xf0, 0x06, 0xb1, 0xe9, 0xce, 0xe1, 0xfc,
    0x16, 0xa9, 0x0c, 0x4a, 0xee, 0xcf, 0x47, 0x33, 0xe8, 0x21, 0x2f, 0xbd,
    0xfb, 0xcb, 0x3b, 0xd3, 0x30, 0xec, 0x07, 0x2e, 0x85, 0xb9, 0xed, 0x33,
    0x9f, 0x59, 0x1d, 0x81, 0x0f, 0x5b, 0x1b, 0xc2, 0xd8, 0xfa, 0xfd, 0xbd,
    0xeb, 0xc2, 0x4a, 0xd5, 0x21, 0x67, 0x3f, 0x10, 0x23, 0x31, 0x1e, 0xf5,
    0xd2, 0x06, 0xf7, 0x08, 0xbc, 0x25, 0x1b, 0x40, 0xb2, 0xf1, 0xc9, 0xb0,
    0xe5, 0x5b, 0x6a, 0x18, 0x12, 0xee, 0x6b, 0xff, 0xff, 0xca, 0xa5, 0xdb,
    0xe0, 0x33, 0x6c, 0x18, 0x1e, 0xf8, 0xa6, 0x25, 0x87, 0xc4, 0xf9, 0x70,
    0xcb, 0x02, 0x12, 0x81, 0x27, 0xfd, 0x04, 0xf4, 0x09, 0x10, 0x29, 0xc2,
    0x97, 0x01, 0x16, 0x2d, 0x2d, 0x51, 0x04, 0x34, 0xec, 0xb6, 0xf5, 0xe4,
    0xa0, 0x21, 0x25, 0xbc, 0x2b, 0x25, 0x4c, 0xfc, 0x9f, 0xfc, 0x49, 0x03,
    0x66, 0xf8, 0x34, 0x24, 0xf4, 0xcc, 0xff, 0xe9, 0x11, 0x26, 0x81, 0x43,
    0xde, 0xdf, 0x09, 0x0d, 0xe2, 0xcb, 0x10, 0xfc, 0xde, 0x1d, 0xd1, 0x34,
    0x29, 0x06, 0x3b, 0x02, 0x28, 0xe5, 0x39, 0x4c, 0x14, 0x3e, 0x3b, 0xfa,
    0x0d, 0xef, 0xd8, 0x31, 0x07, 0x1f, 0xed, 0xde, 0x2e, 0xc6, 0xff, 0xff,
    0x04, 0x00, 0x00, 0x00, 0xf0, 0x00, 0x00, 0x00, 0x2e, 0x0c, 0x00, 0x00,
    0x0b, 0xea, 0xff, 0xff, 0xb1, 0x07, 0x00, 0x00, 0x6b, 0xf1, 0xff, 0xff,
    0xd9, 0x11, 0x00, 0x00, 0x75, 0x05, 0x00, 0x00, 0x7a, 0x02, 0x00, 0x00,
    0x35, 0xfe, 0xff, 0xff, 0x4d, 0x02, 0x00, 0x00, 0x0b, 0x1a, 0x00, 0x00,
    0xef, 0x1a, 0x00, 0x00, 0xde, 0xfd, 0xff, 0xff, 0x1a, 0x02, 0x00, 0x00,
    0x15, 0xef, 0xff, 0xff, 0x9f, 0x18, 0x00, 0x00, 0xb5, 0x18, 0x00, 0x00,
    0xa1, 0xf8, 0xff, 0xff, 0xf6, 0xff, 0xff, 0xff, 0x7b, 0xf5, 0xff, 0xff,
    0x74, 0x08, 0x00, 0x00, 0x7f, 0xfe, 0xff, 0xff, 0x62, 0x0f, 0x00, 0x00,
    0xd9, 0x0d, 0x00, 0x00, 0x80, 0xf1, 0xff, 0xff, 0xa6, 0x0b, 0x00, 0x00,
    0x0f, 0x02, 0x00, 0x00, 0xbb, 0x09, 0x00, 0x00, 0x09, 0xfd, 0xff, 0xff,
    0xf9, 0x0a, 0x00, 0x00, 0x15, 0xec, 0xff, 0xff, 0xc2, 0xf2, 0xff, 0xff,
    0xcd, 0xf9, 0xff, 0xff, 0x05, 0x09, 0x00, 0x00, 0xfe, 0x02, 0x00, 0x00,
    0x14, 0x11, 0x00, 0x00, 0x0b, 0xfe, 0xff, 0xff, 0x7f, 0xfa, 0xff, 0xff,
    0xc9, 0x19, 0x00, 0x00, 0x0a, 0xfe, 0xff, 0xff, 0x76, 0xf5, 0xff, 0xff,
    0x16, 0x05, 0x00, 0x00, 0x27, 0x27, 0x00, 0x00, 0x42, 0x01, 0x00, 0x00,
    0xb5, 0x0f, 0x00, 0x00, 0x3a, 0x04, 0x00, 0x00, 0x4a, 0xf5, 0xff, 0xff,
    0x62, 0x05, 0x00, 0x00, 0x43, 0xd7, 0xff, 0xff, 0x15, 0xe9, 0xff, 0xff,
    0xac, 0xfd, 0xff, 0xff, 0x9a, 0x09, 0x00, 0x00, 0x19, 0x18, 0x00, 0x00,
    0x5f, 0x02, 0x00, 0x00, 0xed, 0x0e, 0x00, 0x00, 0x2d, 0x00, 0x00, 0x00,
    0xd0, 0x04, 0x00, 0x00, 0x7e, 0x04, 0x00, 0x00, 0xb5, 0xfa, 0xff, 0xff,
    0x2a, 0x11, 0x00, 0x00, 0x21, 0x10, 0x00, 0x00, 0x2a, 0xc7, 0xff, 0xff,
    0x04, 0x00, 0x00, 0x00, 0x0c, 0x03, 0x00, 0x00, 0x51, 0x1c, 0xe5, 0x7f,
    0x3a, 0xdc, 0x2d, 0x35, 0xca, 0x62, 0x14, 0xf8, 0xdb, 0x16, 0x81, 0x7c,
    0x43, 0xea, 0xdb, 0x77, 0xa9, 0x56, 0x81, 0x81, 0x7f, 0xf6, 0x8d, 0x24,
    0xaa, 0xc0, 0x64, 0x7f, 0x07, 0x7f, 0xc1, 0x14, 0x81, 0x10, 0x7f, 0x81,
    0x33, 0x7f, 0x3c, 0xe8, 0x81, 0x77, 0xe7, 0x5f, 0xf2, 0x21, 0x35, 0x6f,
    0x3d, 0x6d, 0x13, 0x04, 0xdd, 0x5a, 0x39, 0x74, 0x4c, 0xc2, 0xab, 0x22,
    0xbf, 0x72, 0x28, 0x2b, 0x97, 0x3d, 0x20, 0xd0, 0xe7, 0xfc, 0xcf, 0x3d,
    0x20, 0xc9, 0x3c, 0x8b, 0xfa, 0xde, 0xb0, 0xbb, 0x1b, 0x3e, 0xd6, 0xfc,
    0x91, 0xc2, 0x30, 0x49, 0x1c, 0x5c, 0xe5, 0x39, 0xb7, 0x0e, 0x2f, 0xaa,
    0x77, 0x49, 0xe8, 0xf6, 0x9a, 0x4d, 0x1c, 0x0e, 0x52, 0xfa, 0xfb, 0xec,
    0x4c, 0x37, 0xb9, 0x43, 0xb9, 0x7f, 0xf6, 0x41, 0x13, 0x48, 0xf7, 0xe9,
    0xe7, 0xfa, 0x0d, 0x12, 0xd2, 0x44, 0x2b, 0xba, 0x00, 0x30, 0xed, 0x10,
    0x22, 0xf7, 0x93, 0xd4, 0x07, 0x13, 0xa5, 0xfe, 0x13, 0x28, 0x23, 0x0b,
    0xe8, 0xe0, 0x2c, 0x79, 0xdc, 0x59, 0xff, 0x04, 0x05, 0xae, 0x29, 0xde,
    0x3e, 0x10, 0xc9, 0xc2, 0xc1, 0xa9, 0xd2, 0x12, 0xca, 0x18, 0xd4, 0xd0,
    0xdd, 0x1f, 0x81, 0x04, 0xff, 0x52, 0xfa, 0x0e, 0xe5, 0xda, 0xb2, 0xeb,
    0xe5, 0x9a, 0x0b, 0x02, 0x73, 0x6d, 0x45, 0x0f, 0x35, 0xfb, 0xfd, 0xf0,
    0x50, 0xe6, 0x47, 0x33, 0xd5, 0x29, 0x32, 0xf5, 0xfd, 0xee, 0x15, 0x33,
    0x0f, 0x08, 0x26, 0x52, 0xf1, 0x67, 0x1e, 0x24, 0x05, 0xf2, 0x0e, 0xa2,
    0x2a, 0x15, 0x23, 0x10, 0xdd, 0x21, 0x81, 0x24, 0xd6, 0x09, 0x1e, 0x2b,
    0xdd, 0xe0, 0x83, 0x27, 0xde, 0x62, 0xc2, 0x01, 0xe1, 0xb7, 0x5f, 0xd3,
    0x81, 0x15, 0x10, 0xb6, 0x72, 0x1a, 0x3b, 0xdd, 0x38, 0x3b, 0xee, 0xbe,
    0x0b, 0x20, 0xb4, 0xf8, 0xb8, 0x87, 0x68, 0xd2, 0x08, 0x1a, 0xfd, 0xe0,
    0x14, 0x81, 0xf9, 0xe1, 0xf7, 0x71, 0x35, 0x4d, 0x1e, 0x92, 0x44, 0xde,
    0xd1, 0xe6, 0xfd, 0xfc, 0xfe, 0x47, 0xc1, 0xa9, 0xe1, 0xe7, 0x81, 0xd9,
    0xfe, 0xfe, 0x16, 0xbe, 0xef, 0x4a, 0xdf, 0x35, 0xf7, 0xdf, 0xa4, 0x31,
    0xcc, 0x17, 0xc3, 0xca, 0xe0, 0x13, 0x31, 0xb6, 0x3a, 0xf3, 0x27, 0xcc,
    0x13, 0xe2, 0x35, 0x60, 0x58, 0xd2, 0x53, 0xf6, 0xe8, 0xa7, 0xe1, 0x20,
    0x19, 0xb6, 0x38, 0x20, 0xcd, 0x25, 0x4f, 0x0d, 0x24, 0xe2, 0x4b, 0xf9,
    0xc8, 0x1e, 0x16, 0xd1, 0xde, 0x60, 0xf6, 0x0c, 0xe2, 0xec, 0xdf, 0xda,
    0xbe, 0x0c, 0xf6, 0x00, 0xa1, 0x29, 0xf9, 0x01, 0x7f, 0x81, 0xb7, 0x09,
    0xef, 0xcf, 0x09, 0x39, 0x7f, 0x0c, 0x04, 0xe5, 0x29, 0x1d, 0xd6, 0xf1,
    0xf3, 0x1a, 0x35, 0x61, 0x2c, 0x54, 0x26, 0xbf, 0x1c, 0xa8, 0xe2, 0x27,
    0x7f, 0x4e, 0x1e, 0x0f, 0xae, 0x38, 0xf9, 0x01, 0x13, 0x8e, 0x09, 0xea,
    0xa1, 0x09, 0x06, 0x29, 0xf7, 0xd8, 0xdf, 0xd6, 0xf5, 0xd4, 0xf3, 0xf7,
    0x54, 0x38, 0x8f, 0xee, 0xad, 0xdf, 0x0f, 0x07, 0xf6, 0x2f, 0xa0, 0x11,
    0x12, 0x1a, 0x0e, 0x94, 0xe1, 0xff, 0xe9, 0x1b, 0xda, 0xda, 0xe2, 0x92,
    0x0a, 0x7f, 0xc7, 0x7f, 0x81, 0x81, 0x95, 0xd2, 0x2a, 0x0f, 0xef, 0xf9,
    0x03, 0xc6, 0x36, 0x0c, 0xfb, 0xf6, 0x7f, 0xe8, 0xe9, 0x1d, 0x39, 0xbe,
    0xdb, 0xf5, 0x37, 0xe6, 0xe3, 0x49, 0x36, 0x67, 0x21, 0xf7, 0xcc, 0x4e,
    0xb9, 0x0d, 0x1d, 0xeb, 0xee, 0xb2, 0xf4, 0xf2, 0xbd, 0x2d, 0x7f, 0x14,
    0x2f, 0xfa, 0xe4, 0x73, 0xbc, 0xe2, 0x18, 0xfd, 0x2c, 0x0a, 0x09, 0xe7,
    0x2c, 0x65, 0x02, 0xe3, 0xdc, 0x01, 0x51, 0xbf, 0x1a, 0x02, 0xea, 0xf9,
    0x31, 0x8a, 0x01, 0x0d, 0x24, 0xd4, 0x24, 0xdf, 0xf6, 0x64, 0x3b, 0xba,
    0x81, 0xc4, 0x2b, 0xf6, 0xe9, 0xe8, 0x00, 0x0a, 0x04, 0xe5, 0x3b, 0x63,
    0x06, 0x08, 0x20, 0x30, 0xde, 0x58, 0xcf, 0xe2, 0x9f, 0xc4, 0xf7, 0xba,
    0x6e, 0x7f, 0xee, 0x00, 0x3a, 0xc3, 0xf1, 0x8a, 0xd6, 0x1d, 0x2b, 0x05,
    0x1e, 0x5d, 0x81, 0x02, 0x38, 0x83, 0x3d, 0x84, 0x36, 0xf8, 0xec, 0x1a,
    0x58, 0xff, 0xe7, 0x4d, 0x09, 0xac, 0x85, 0x24, 0x22, 0x1b, 0x3f, 0xe6,
    0x22, 0xd1, 0xb5, 0x41, 0xdd, 0x25, 0xec, 0x60, 0xce, 0xd0, 0x2b, 0x43,
    0xd9, 0x57, 0xa1, 0x7f, 0xcb, 0x43, 0xf5, 0xec, 0xf0, 0xc5, 0x3d, 0x3e,
    0x52, 0x13, 0x81, 0x81, 0x4d, 0xd3, 0x06, 0xc5, 0x1b, 0xf0, 0x31, 0x33,
    0x4f, 0xc6, 0xb4, 0xdd, 0x93, 0xf8, 0x58, 0xa7, 0x61, 0x0c, 0xb5, 0x20,
    0x49, 0x97, 0x81, 0x1f, 0xd4, 0x15, 0xa5, 0x2b, 0x39, 0xf0, 0x2d, 0xc4,
    0xbc, 0xe0, 0x9a, 0x14, 0xff, 0x09, 0xd6, 0x5e, 0xf5, 0x15, 0x76, 0xde,
    0xec, 0x08, 0xd4, 0x1c, 0x20, 0x18, 0xca, 0xcc, 0x32, 0xa4, 0xcb, 0xf7,
    0x1e, 0x67, 0xa0, 0x62, 0xba, 0x99, 0xb3, 0x81, 0x58, 0x85, 0x20, 0x15,
    0x58, 0x36, 0xf7, 0x44, 0x45, 0x97, 0xf1, 0xef, 0xd5, 0xe4, 0x81, 0x56,
    0xe9, 0x5c, 0x89, 0x0a, 0x81, 0x4e, 0x9d, 0x5f, 0x1d, 0x81, 0x47, 0x1b,
    0x1c, 0xda, 0x81, 0x9d, 0xe3, 0x6b, 0xae, 0xda, 0x81, 0xbe, 0xfe, 0xb1,
    0x7f, 0x72, 0x13, 0x6a, 0xce, 0x50, 0xb3, 0xd4, 0x55, 0xf4, 0x17, 0x9e,
    0xb5, 0x5c, 0x13, 0x10, 0xa2, 0x81, 0x81, 0x9c, 0x7f, 0x81, 0xfc, 0x7f,
    0x7f, 0xfa, 0x48, 0x60, 0x33, 0x9e, 0xf6, 0x0f, 0xdf, 0x7f, 0x96, 0x7f,
    0x48, 0xfa, 0x10, 0x88, 0xdc, 0x47, 0x72, 0x7f, 0x2c, 0xbc, 0x57, 0x09,
    0x73, 0xdb, 0x84, 0x81, 0xe4, 0x7f, 0x24, 0x7f, 0xf8, 0x81, 0xf5, 0x81,
    0xdd, 0x7f, 0x6b, 0x7a, 0x81, 0x5e, 0x81, 0x81, 0x42, 0xca, 0xff, 0xff,
    0x04, 0x00, 0x00, 0x00, 0xf0, 0x00, 0x00, 0x00, 0x5d, 0x00, 0x00, 0x00,
    0xeb, 0xff, 0xff, 0xff, 0xdd, 0xfe, 0xff, 0xff, 0x10, 0x00, 0x00, 0x00,
    0x1d, 0x00, 0x00, 0x00, 0xaf, 0x00, 0x00, 0x00, 0xf7, 0xff, 0xff, 0xff,
    0x65, 0x00, 0x00, 0x00, 0xad, 0x00, 0x00, 0x00, 0x28, 0x00, 0x00, 0x00,
    0xe4, 0xff, 0xff, 0xff, 0x6f, 0x00, 0x00, 0x00, 0xf3, 0xff, 0xff, 0xff,
    0xe0, 0xff, 0xff, 0xff, 0xe4, 0xff, 0xff, 0xff, 0xbb, 0xff, 0xff, 0xff,
    0xcd, 0xff, 0xff, 0xff, 0x3a, 0x00, 0x00, 0x00, 0x2c, 0x00, 0x00, 0x00,
    0x1b, 0xff, 0xff, 0xff, 0xed, 0xff, 0xff, 0xff, 0x51, 0xff, 0xff, 0xff,
    0x16, 0xff, 0xff, 0xff, 0xdb, 0xff, 0xff, 0xff, 0x41, 0x00, 0x00, 0x00,
    0x5f, 0x00, 0x00, 0x00, 0xea, 0xff, 0xff, 0xff, 0x72, 0x00, 0x00, 0x00,
    0x45, 0x00, 0x00, 0x00, 0x21, 0x00, 0x00, 0x00, 0xe1, 0xff, 0xff, 0xff,
    0xb3, 0x00, 0x00, 0x00, 0x2d, 0x00, 0x00, 0x00, 0x7d, 0x00, 0x00, 0x00,
    0xf5, 0xff, 0xff, 0xff, 0x4a, 0xff, 0xff, 0xff, 0x94, 0xff, 0xff, 0xff,
    0x6c, 0xff, 0xff, 0xff, 0xd9, 0xff, 0xff, 0xff, 0x9b, 0xff, 0xff, 0xff,
    0x21, 0x00, 0x00, 0x00, 0xaa, 0xff, 0xff, 0xff, 0x35, 0x00, 0x00, 0x00,
    0x3c, 0x00, 0x00, 0x00, 0x8e, 0x00, 0x00, 0x00, 0x5b, 0x00, 0x00, 0x00,
    0xb9, 0xff, 0xff, 0xff, 0x8a, 0x00, 0x00, 0x00, 0xc2, 0xff, 0xff, 0xff,
    0xc5, 0xff, 0xff, 0xff, 0xd7, 0xff, 0xff, 0xff, 0xf8, 0xff, 0xff, 0xff,
    0xe2, 0xff, 0xff, 0xff, 0xf1, 0xff, 0xff, 0xff, 0x26, 0x00, 0x00, 0x00,
    0x3e, 0x00, 0x00, 0x00, 0xf8, 0xff, 0xff, 0xff, 0xa9, 0xff, 0xff, 0xff,
    0x17, 0x00, 0x00, 0x00, 0x0d, 0x00, 0x00, 0x00, 0x3e, 0xcb, 0xff, 0xff,
    0x04, 0x00, 0x00, 0x00, 0x10, 0x0e, 0x00, 0x00, 0xd1, 0x23, 0x09, 0x10,
    0xd2, 0x04, 0x28, 0xe5, 0x2b, 0xbc, 0x49, 0x4d, 0xe4, 0xe5, 0x10, 0x0b,
    0x1b, 0x36, 0xdf, 0xfe, 0x24, 0xc6, 0xe4, 0xe1, 0x13, 0x3e, 0x20, 0x27,
    0xea, 0x32, 0x20, 0x2d, 0x24, 0x0a, 0x1d, 0x1c, 0x0e, 0x06, 0x02, 0x3c,
    0x3e, 0xef, 0x16, 0xf9, 0x05, 0xef, 0xfd, 0xe1, 0xc7, 0xc5, 0x3c, 0xd0,
    0xd1, 0xff, 0xfb, 0xf2, 0xf4, 0x0a, 0xdd, 0x81, 0xc6, 0xcf, 0x17, 0xbd,
    0x15, 0x08, 0x62, 0x4a, 0x3a, 0x30, 0x07, 0xf7, 0xda, 0xdf, 0x9e, 0xe0,
    0x71, 0xe1, 0x9d, 0x28, 0x48, 0xde, 0xda, 0x55, 0xfb, 0xe8, 0xe4, 0x4d,
    0xc8, 0x37, 0x27, 0x03, 0xee, 0xe5, 0xeb, 0xfc, 0xfe, 0x08, 0x3f, 0x0a,
    0xa3, 0x2d, 0x08, 0x25, 0xac, 0xc1, 0x34, 0xd6, 0x8d, 0x21, 0xfe, 0xa1,
    0xbf, 0x31, 0xcf, 0x1c, 0x81, 0xe2, 0xd0, 0xc5, 0xde, 0x19, 0x4a, 0x3f,
    0x2c, 0x1f, 0x08, 0xff, 0xbc, 0xa0, 0x1b, 0x44, 0xd9, 0xfc, 0x17, 0x2b,
    0x18, 0x29, 0xea, 0x17, 0x37, 0xbf, 0x18, 0x98, 0x75, 0x0d, 0x81, 0x24,
    0xb9, 0x4d, 0x43, 0x44, 0x47, 0xf6, 0xef, 0x35, 0xd2, 0x51, 0x53, 0x08,
    0x1c, 0xd3, 0x13, 0xf5, 0x20, 0xf5, 0xca, 0x0c, 0x36, 0x22, 0x36, 0x1f,
    0xd9, 0x01, 0x1b, 0xed, 0xd3, 0xf4, 0xc4, 0xaa, 0x89, 0xdf, 0xda, 0x95,
    0xe4, 0x43, 0x5e, 0x3c, 0xa7, 0x4c, 0xc7, 0x42, 0xf7, 0x07, 0x44, 0xb8,
    0xd7, 0xf7, 0xec, 0xbd, 0xae, 0x57, 0x04, 0xae, 0x85, 0x25, 0xfd, 0xc8,
    0xa2, 0x35, 0x19, 0xdf, 0x27, 0xf0, 0xe5, 0x8f, 0xcb, 0x1d, 0x8f, 0xbb,
    0x09, 0xd9, 0xbb, 0xf7, 0x7d, 0xdc, 0x41, 0xb4, 0x2b, 0xf5, 0xee, 0xf3,
    0xdd, 0xf7, 0xe1, 0x3f, 0xf3, 0x91, 0xe7, 0x81, 0x31, 0x08, 0x3a, 0xe4,
    0x1e, 0x07, 0x10, 0xfd, 0x95, 0x2b, 0x0c, 0x00, 0xa1, 0xb7, 0x0e, 0x40,
    0x0c, 0x07, 0xaa, 0x99, 0xfc, 0xff, 0xd0, 0xf1, 0x30, 0xef, 0x2f, 0xec,
    0xb3, 0x43, 0x09, 0x3c, 0x4d, 0xce, 0xef, 0x1c, 0x08, 0xd5, 0xb6, 0xe3,
    0xf4, 0x3b, 0x3c, 0x1a, 0x23, 0xf8, 0xb1, 0x17, 0x2c, 0x3d, 0x49, 0xaf,
    0x3a, 0x05, 0x1f, 0xb4, 0x7d, 0x1f, 0x7f, 0x1c, 0x23, 0xff, 0x57, 0xef,
    0x08, 0x41, 0x21, 0xc2, 0x06, 0x81, 0xcf, 0xbd, 0x94, 0x67, 0x46, 0xc3,
    0xcd, 0x33, 0xd8, 0x29, 0xca, 0xeb, 0xb1, 0x52, 0x06, 0xba, 0x32, 0xa6,
    0xf0, 0x2a, 0xae, 0x1e, 0x07, 0xbc, 0xdd, 0x4b, 0xd8, 0x53, 0x39, 0x0a,
    0xe3, 0xd6, 0x23, 0x3c, 0x3d, 0x21, 0x04, 0xc2, 0x40, 0x14, 0x49, 0x2a,
    0x0f, 0xf3, 0x1b, 0xe6, 0xe7, 0x3a, 0xf1, 0x93, 0x2a, 0xeb, 0x2f, 0xfc,
    0xe0, 0x17, 0x0a, 0xae, 0xf7, 0x81, 0x17, 0x33, 0x3b, 0x1b, 0xea, 0xed,
    0xa4, 0x07, 0xff, 0x0d, 0x0d, 0x11, 0x11, 0xbf, 0x4e, 0x10, 0xe3, 0xc5,
    0x11, 0xf7, 0x34, 0x1c, 0xf1, 0x12, 0x2f, 0xbb, 0xd1, 0xdc, 0x6c, 0x26,
    0xdd, 0xe5, 0xfc, 0x1e, 0x1f, 0xdf, 0xd8, 0xd5, 0x2e, 0xab, 0xde, 0xd4,
    0x1b, 0x17, 0xda, 0xef, 0xef, 0x09, 0xbd, 0x82, 0x08, 0x11, 0xe5, 0xd8,
    0xca, 0x02, 0x13, 0x18, 0x39, 0x01, 0x54, 0x50, 0x03, 0x13, 0x1d, 0xda,
    0x04, 0xca, 0xea, 0xd2, 0xdd, 0x27, 0x2c, 0xcd, 0x2b, 0xeb, 0xd2, 0xff,
    0x31, 0x27, 0xfe, 0xe7, 0x3b, 0xb1, 0xe9, 0xed, 0x36, 0x2e, 0x1c, 0xfb,
    0xfb, 0xc1, 0xc7, 0x37, 0x81, 0xd9, 0xda, 0x12, 0xc6, 0xf3, 0x16, 0xf2,
    0xdc, 0xfc, 0xb7, 0x09, 0xdf, 0x4f, 0xeb, 0x1c, 0x0c, 0x52, 0xee, 0x31,
    0x55, 0x4a, 0xe3, 0x3a, 0x37, 0x0f, 0xa9, 0x1d, 0xec, 0x4b, 0xe6, 0xd7,
    0xbd, 0x77, 0x47, 0x2d, 0x2c, 0xe8, 0x2b, 0xc1, 0xbc, 0x7f, 0x00, 0x44,
    0x19, 0x61, 0xfc, 0xc4, 0x99, 0x02, 0x94, 0x07, 0xdc, 0xd7, 0x64, 0xfc,
    0x99, 0xa9, 0x39, 0xd6, 0x12, 0xf1, 0x24, 0xc0, 0xdc, 0x0c, 0xda, 0xe2,
    0xf6, 0xd2, 0x36, 0xc5, 0x07, 0xc3, 0x08, 0x40, 0xf8, 0xbd, 0x03, 0xce,
    0xc1, 0xf2, 0xc1, 0x3e, 0xcd, 0x31, 0xe4, 0x08, 0xb9, 0xaa, 0x09, 0x56,
    0x29, 0x46, 0xbe, 0x81, 0xfb, 0x50, 0xf5, 0x9f, 0x47, 0x41, 0x42, 0x1d,
    0x2c, 0x73, 0x12, 0xc8, 0xfe, 0xd6, 0x09, 0xb1, 0x59, 0xd5, 0xe8, 0xe7,
    0xcf, 0xfc, 0x24, 0x48, 0x1d, 0x92, 0x59, 0xce, 0xf6, 0xca, 0xf8, 0xf7,
    0x73, 0x50, 0xea, 0x19, 0x4e, 0x97, 0x38, 0x3a, 0x12, 0x10, 0x3d, 0xed,
    0x27, 0x4b, 0x3f, 0x22, 0x06, 0xa6, 0x2a, 0xd3, 0xe5, 0x61, 0xdd, 0xdb,
    0xb1, 0x56, 0x34, 0x2b, 0xec, 0xd8, 0x2b, 0xb3, 0x17, 0xff, 0xe8, 0xe2,
    0xdd, 0xe2, 0x17, 0x5d, 0x24, 0x41, 0xcd, 0xc7, 0x24, 0xbf, 0x5f, 0x11,
    0xf3, 0xe0, 0xd1, 0x0a, 0xd7, 0x30, 0x47, 0xca, 0x19, 0x0e, 0x14, 0xbd,
    0x0e, 0x39, 0xae, 0x59, 0xc5, 0x37, 0x0b, 0x81, 0x1c, 0x17, 0xf8, 0xce,
    0xd1, 0xe8, 0xef, 0x11, 0x4f, 0x95, 0xda, 0x81, 0x15, 0x20, 0x3a, 0xd9,
    0xb5, 0xf4, 0x20, 0xcb, 0xe5, 0xc6, 0xda, 0x8b, 0x14, 0x14, 0x36, 0x15,
    0xe2, 0x1e, 0x53, 0x70, 0x4a, 0x38, 0xce, 0x9d, 0x1b, 0x6b, 0xc1, 0x18,
    0xd6, 0xc6, 0x9e, 0x3f, 0x44, 0x21, 0x0a, 0xe6, 0x44, 0xaa, 0xcb, 0xf8,
    0xbf, 0x5c, 0xf6, 0x52, 0x01, 0xd8, 0xe1, 0xf9, 0x9b, 0xf1, 0x19, 0xdf,
    0x24, 0xea, 0xbc, 0xc7, 0x49, 0xd1, 0xaa, 0xd2, 0xb3, 0x31, 0x28, 0x50,
    0xda, 0x05, 0xed, 0xc8, 0xdb, 0xfe, 0x30, 0x43, 0xaa, 0xae, 0x2b, 0xdf,
    0x25, 0xe5, 0x24, 0x3c, 0x0e, 0xfe, 0xae, 0xf5, 0xc3, 0x9a, 0x0c, 0x40,
    0x46, 0x18, 0x24, 0xcd, 0xda, 0xef, 0xc1, 0x89, 0x0a, 0x74, 0xb9, 0x59,
    0x28, 0xf8, 0x33, 0x0e, 0x6f, 0x81, 0xc6, 0x13, 0xbb, 0xc1, 0xc7, 0xe0,
    0x3d, 0xda, 0x2b, 0xb2, 0x35, 0xf9, 0x1d, 0x17, 0xee, 0x21, 0x4d, 0x48,
    0x5d, 0xef, 0xbd, 0x33, 0x5a, 0x3e, 0xe7, 0x2a, 0xae, 0xd0, 0xfe, 0x46,
    0xaf, 0x3d, 0x0e, 0x0c, 0x56, 0xeb, 0xb4, 0xec, 0xe9, 0xc1, 0xfe, 0xc3,
    0xb4, 0x62, 0x5d, 0xf9, 0xf7, 0x27, 0xe5, 0x34, 0x18, 0x00, 0xef, 0x3f,
    0xd5, 0x77, 0x0f, 0x0a, 0x7f, 0x0b, 0xbf, 0xee, 0x4e, 0x2b, 0x22, 0x21,
    0xe8, 0x3e, 0xfc, 0x01, 0x08, 0x08, 0x43, 0x18, 0x5a, 0x35, 0x11, 0x16,
    0xda, 0x10, 0xf8, 0x3b, 0xf7, 0xf7, 0x3c, 0xf4, 0x37, 0x17, 0x81, 0xc5,
    0x3c, 0xce, 0x31, 0xf8, 0xbc, 0x22, 0xbe, 0x4a, 0xc6, 0x20, 0x3b, 0x3e,
    0x15, 0xff, 0xdf, 0x60, 0x30, 0xed, 0x1d, 0xcc, 0xc6, 0x04, 0x16, 0xd2,
    0xf4, 0x29, 0xd0, 0x1e, 0x3f, 0xe1, 0xcf, 0x06, 0x01, 0x21, 0xb8, 0x31,
    0xcc, 0x44, 0xfd, 0xfa, 0xca, 0x13, 0x81, 0xca, 0xf4, 0x25, 0x23, 0x75,
    0xb1, 0x17, 0xd2, 0x08, 0xe4, 0xe8, 0xd9, 0xd9, 0x48, 0x51, 0xc9, 0xf9,
    0xfe, 0x40, 0xe2, 0xd6, 0xcc, 0xf0, 0x1a, 0xcc, 0xe9, 0xe1, 0x2b, 0x37,
    0x17, 0x00, 0x0c, 0x10, 0xd2, 0x13, 0x00, 0xe5, 0x28, 0x34, 0x19, 0xa8,
    0xcc, 0xc7, 0x23, 0xff, 0xff, 0x12, 0xe6, 0xdf, 0xf6, 0x0a, 0x0a, 0xfb,
    0xfa, 0xf5, 0xf9, 0x1b, 0x26, 0xb6, 0x28, 0x3f, 0xdd, 0xfc, 0x0b, 0xd9,
    0xd3, 0x0f, 0x1d, 0xf2, 0x09, 0xec, 0xd9, 0xc8, 0x2a, 0xe8, 0xfc, 0xc8,
    0xd8, 0x05, 0xd2, 0x2a, 0x23, 0xe6, 0x2c, 0xde, 0xbe, 0x1b, 0x4d, 0xf9,
    0xe0, 0x81, 0xd3, 0x12, 0xf9, 0xfb, 0x24, 0x06, 0x1b, 0xe5, 0xe9, 0x4f,
    0x0e, 0xd7, 0xff, 0xd7, 0xc5, 0x3d, 0xbd, 0x9a, 0x1a, 0x3f, 0xe1, 0xd8,
    0xfb, 0x0d, 0x29, 0xd5, 0x0a, 0xc2, 0x07, 0x2f, 0x47, 0x3e, 0xf2, 0xff,
    0xc6, 0xdd, 0x2c, 0xfd, 0xee, 0xe3, 0xf2, 0xc9, 0x23, 0x19, 0x81, 0xce,
    0x07, 0xf3, 0xd4, 0x37, 0x35, 0xf4, 0xdb, 0xd6, 0x19, 0xee, 0x51, 0x59,
    0xf8, 0xc8, 0x1e, 0xf9, 0x26, 0xc7, 0x1f, 0x12, 0xac, 0x32, 0xbd, 0x29,
    0xef, 0x0b, 0x03, 0x40, 0x01, 0xef, 0x34, 0xfa, 0x38, 0xf3, 0x2c, 0xd6,
    0xec, 0xdf, 0xe8, 0x2d, 0x0f, 0xe0, 0xb6, 0x5f, 0x03, 0x24, 0x4a, 0x4b,
    0xc8, 0xab, 0xc4, 0xe4, 0xe2, 0xfa, 0x40, 0xed, 0x2c, 0x9c, 0x07, 0xd9,
    0x1b, 0x2f, 0xa3, 0xb0, 0x43, 0x8c, 0xfb, 0xd2, 0xf0, 0x1e, 0xb3, 0xbe,
    0xba, 0xcd, 0xad, 0xfa, 0x21, 0xcd, 0xaa, 0xe8, 0x1f, 0x81, 0xdc, 0xe2,
    0x2b, 0xd7, 0xe5, 0x4e, 0xcb, 0xb4, 0xe5, 0xf9, 0x3e, 0xce, 0xc5, 0xdc,
    0x31, 0x1f, 0xef, 0x0e, 0xc6, 0x31, 0xdb, 0x19, 0x51, 0x38, 0xe9, 0xfb,
    0xe1, 0x2f, 0xf5, 0xc3, 0xc6, 0xd1, 0xe1, 0xe5, 0x40, 0x0b, 0x7a, 0x0a,
    0x17, 0x59, 0x1c, 0x19, 0xe9, 0x32, 0xe7, 0xe7, 0x3b, 0x52, 0x8b, 0x44,
    0xdc, 0x01, 0xd3, 0xfd, 0x7f, 0x21, 0xae, 0x3b, 0xd5, 0xcd, 0xca, 0x32,
    0x13, 0xf4, 0x0a, 0x33, 0xf5, 0xb0, 0xe6, 0xf4, 0xc2, 0xc9, 0xb6, 0xd1,
    0x7f, 0x0d, 0x48, 0x1a, 0x09, 0xb1, 0x1b, 0x96, 0xd2, 0x4d, 0xba, 0xa9,
    0xd4, 0xa8, 0x46, 0xfa, 0x16, 0x43, 0x98, 0x0c, 0xd2, 0xcb, 0x23, 0x16,
    0xd8, 0xbc, 0xd4, 0xc8, 0x3d, 0xb6, 0xda, 0xe1, 0x3b, 0x42, 0xf0, 0xd9,
    0x3a, 0x5f, 0x02, 0xd6, 0x45, 0x04, 0x33, 0xda, 0x1b, 0xd0, 0xb5, 0xdd,
    0xb4, 0xe2, 0x04, 0xe1, 0x1e, 0xf0, 0x4b, 0x4c, 0x3b, 0x28, 0xc6, 0x33,
    0x1d, 0xd5, 0xec, 0x00, 0xc0, 0xbb, 0x22, 0x0d, 0xe8, 0xd6, 0xfd, 0xd7,
    0x6b, 0xe4, 0xc5, 0xae, 0xe7, 0xde, 0xd3, 0x0d, 0xd5, 0x2b, 0xec, 0x31,
    0x38, 0x35, 0x81, 0xcb, 0xd9, 0x04, 0xc1, 0x4d, 0x0b, 0xe3, 0x23, 0xd5,
    0x2a, 0x13, 0xe9, 0x43, 0x07, 0xfe, 0xee, 0x21, 0x43, 0x05, 0x0c, 0x02,
    0xf5, 0x02, 0x07, 0xc2, 0xe2, 0xdd, 0x13, 0xe0, 0xd1, 0xd9, 0x13, 0x03,
    0xe0, 0x13, 0x23, 0xed, 0xea, 0x1a, 0xed, 0x0b, 0x24, 0x0b, 0x1a, 0xe5,
    0x1e, 0x18, 0xec, 0x10, 0x03, 0xf4, 0x47, 0xc4, 0xc5, 0xbd, 0x21, 0xde,
    0x22, 0x15, 0xc9, 0x04, 0xef, 0xde, 0x02, 0x1b, 0x27, 0xc9, 0x01, 0xd9,
    0x23, 0xd1, 0xcf, 0xfa, 0x81, 0xcc, 0x04, 0xc5, 0x14, 0xc6, 0x17, 0xd8,
    0xdd, 0xed, 0x10, 0x35, 0xd2, 0x38, 0x04, 0x04, 0x20, 0x4a, 0x44, 0x0a,
    0x2b, 0xde, 0x9e, 0xb9, 0xb3, 0xd7, 0xa1, 0x1a, 0x15, 0xf6, 0x7f, 0xb6,
    0x35, 0xd4, 0x6f, 0xa8, 0x3b, 0x1d, 0x87, 0xa8, 0xd8, 0x12, 0xca, 0x67,
    0x86, 0x1a, 0x2d, 0xdf, 0xcc, 0xc4, 0xe1, 0xd3, 0x14, 0xd0, 0xc9, 0xbd,
    0x1e, 0x43, 0x45, 0x27, 0x33, 0x51, 0xd9, 0x7b, 0xaf, 0xda, 0x00, 0xd5,
    0x4c, 0x2d, 0xad, 0xfd, 0xfb, 0x33, 0xec, 0x05, 0x55, 0xcb, 0x1a, 0xec,
    0x7f, 0x94, 0x43, 0x40, 0x44, 0x5a, 0x0f, 0xd7, 0x0d, 0x0c, 0x55, 0x97,
    0xff, 0xf5, 0xe0, 0xdb, 0xea, 0xe5, 0x27, 0x31, 0x0d, 0xde, 0x07, 0xb4,
    0x13, 0xdf, 0xe2, 0xea, 0xf1, 0xa1, 0xf2, 0x5b, 0x14, 0xec, 0x0e, 0x60,
    0xff, 0x10, 0xe6, 0x13, 0xe5, 0xdc, 0xc5, 0x0b, 0x6b, 0x0d, 0xe2, 0xd2,
    0x00, 0x1c, 0xfe, 0x39, 0x09, 0x33, 0xef, 0xcb, 0xd4, 0x14, 0x04, 0xef,
    0x3c, 0x0e, 0x99, 0xcc, 0xa4, 0x5e, 0xb2, 0xe1, 0x7f, 0x3b, 0x32, 0xef,
    0xdf, 0xad, 0x38, 0x05, 0xfe, 0xfa, 0xcf, 0x01, 0xc4, 0x92, 0xda, 0xef,
    0x04, 0x03, 0x24, 0x0e, 0x3e, 0x4a, 0x9f, 0x07, 0x50, 0xed, 0x22, 0x24,
    0x47, 0xf2, 0xf4, 0x32, 0x4d, 0x4b, 0xbb, 0xbb, 0xa4, 0xfe, 0xe7, 0xfe,
    0x56, 0xef, 0x60, 0x68, 0xbc, 0xd0, 0xff, 0xda, 0x29, 0x94, 0x48, 0x34,
    0x0d, 0xac, 0x41, 0x04, 0xd9, 0x09, 0x44, 0x6c, 0xd2, 0x3e, 0x35, 0xd1,
    0xba, 0x95, 0x3c, 0xb4, 0xf5, 0x5a, 0x0a, 0x00, 0x7f, 0xfb, 0xcd, 0xf2,
    0xc8, 0xc6, 0x2c, 0x54, 0xf9, 0xce, 0x88, 0x6b, 0xea, 0x2b, 0x3b, 0x33,
    0x02, 0x0b, 0x88, 0xdb, 0x27, 0x23, 0xa1, 0xbf, 0x9d, 0xca, 0x24, 0x20,
    0xc3, 0x47, 0x01, 0xe5, 0xc6, 0x44, 0x8e, 0x98, 0xef, 0x1d, 0xfb, 0x19,
    0xf1, 0xcb, 0x0e, 0xe2, 0x3a, 0x02, 0xe3, 0x23, 0x9a, 0x2b, 0x1a, 0xb2,
    0x5b, 0x04, 0x02, 0xeb, 0xf7, 0x53, 0xe1, 0x0b, 0xe1, 0xd3, 0xd6, 0x5c,
    0xc2, 0xc4, 0xc5, 0xf9, 0xeb, 0xf7, 0x33, 0x48, 0xef, 0x29, 0x17, 0x08,
    0xc5, 0xfe, 0x69, 0x04, 0x2a, 0x21, 0x78, 0xdd, 0xe7, 0x7f, 0xfe, 0x38,
    0xca, 0x6c, 0x5a, 0xf1, 0x43, 0xc8, 0x4b, 0x49, 0xc6, 0x05, 0xc6, 0x1e,
    0xf0, 0xcf, 0x81, 0x28, 0xe8, 0xc5, 0xca, 0xc3, 0x17, 0xf7, 0x35, 0x58,
    0xd8, 0x14, 0x06, 0x27, 0xc9, 0xd1, 0x24, 0xf3, 0x56, 0xff, 0x37, 0xcd,
    0x10, 0x30, 0x3e, 0xf6, 0x42, 0x45, 0x35, 0xd0, 0x37, 0x22, 0x04, 0xef,
    0x19, 0x1c, 0x0b, 0x24, 0xe5, 0x08, 0xd7, 0x39, 0x3c, 0xc1, 0xbf, 0x35,
    0xdd, 0x08, 0x15, 0x45, 0x06, 0x2d, 0x81, 0xf5, 0xc1, 0xa2, 0xac, 0x28,
    0x36, 0xcf, 0x20, 0xd1, 0x12, 0x60, 0xde, 0x3a, 0xb3, 0xd0, 0x17, 0xed,
    0x01, 0xf0, 0xc2, 0xfb, 0xf6, 0x48, 0xeb, 0x19, 0x01, 0xf0, 0xdb, 0xd6,
    0xc3, 0x0c, 0xfb, 0x10, 0xb8, 0xd6, 0x5d, 0xeb, 0x2b, 0x7f, 0x85, 0xce,
    0xdd, 0x62, 0xee, 0xc1, 0x13, 0xde, 0xb9, 0x13, 0x9d, 0x83, 0x53, 0xb8,
    0xf1, 0xd7, 0xc9, 0xca, 0xee, 0x09, 0x17, 0x2b, 0x10, 0x1d, 0x13, 0xfb,
    0xfe, 0xe3, 0xf1, 0x0a, 0xf1, 0xfd, 0x0a, 0xd2, 0xd1, 0xdf, 0xe1, 0xbc,
    0xf1, 0xc2, 0x11, 0xcd, 0x47, 0x29, 0x3a, 0x3b, 0x12, 0xe3, 0x34, 0x04,
    0x22, 0x08, 0x30, 0x30, 0x1e, 0x06, 0x0d, 0x38, 0x0b, 0x4c, 0x81, 0xd4,
    0xfb, 0x2a, 0x1c, 0x0e, 0x54, 0xe4, 0x4e, 0x39, 0xdf, 0x1a, 0xde, 0x33,
    0x1b, 0xfe, 0xb4, 0x26, 0x2d, 0x9b, 0x05, 0x20, 0xf3, 0xcd, 0x25, 0x32,
    0x06, 0x11, 0x35, 0xc8, 0xc6, 0x49, 0x03, 0xb2, 0x1c, 0xe3, 0xdf, 0x00,
    0xe1, 0xea, 0x14, 0x01, 0xea, 0xb0, 0xff, 0x16, 0x02, 0x1d, 0x7f, 0x4d,
    0x04, 0x01, 0x17, 0x27, 0x16, 0x37, 0xf1, 0xab, 0x66, 0x03, 0xe1, 0x56,
    0x33, 0x31, 0xe5, 0xda, 0xba, 0x0e, 0xe0, 0x1d, 0x2f, 0x28, 0x12, 0x2c,
    0xd1, 0xba, 0x3d, 0xce, 0x11, 0x30, 0x09, 0x1e, 0x25, 0x25, 0x1f, 0x15,
    0x3a, 0x0a, 0xe3, 0x32, 0x24, 0xcd, 0xe4, 0x3d, 0xe8, 0x17, 0xf5, 0x23,
    0x81, 0x04, 0xd9, 0xf7, 0xd6, 0xf8, 0xd6, 0x22, 0x38, 0xca, 0xff, 0xeb,
    0x44, 0xff, 0xc2, 0x0f, 0x37, 0x27, 0xdb, 0xc5, 0xaa, 0x26, 0xd9, 0x4b,
    0xfc, 0xb6, 0x08, 0x13, 0xc3, 0xce, 0xbf, 0xcd, 0xe9, 0xdc, 0x42, 0xca,
    0xd2, 0xa8, 0xfc, 0x37, 0xd4, 0x08, 0x20, 0x29, 0x14, 0x30, 0xd5, 0x08,
    0xd2, 0x02, 0xac, 0x21, 0x4c, 0x04, 0xe6, 0xfb, 0x2e, 0x6b, 0xcc, 0xc1,
    0x1e, 0x06, 0x0d, 0x14, 0x58, 0x40, 0xc3, 0x48, 0xad, 0x3d, 0x44, 0x56,
    0x92, 0x18, 0x4f, 0xe3, 0xe5, 0xbb, 0x1d, 0xd3, 0xcd, 0xe6, 0xfd, 0xed,
    0xf3, 0x02, 0x7f, 0x94, 0xe7, 0x53, 0x00, 0x1f, 0x0b, 0x69, 0xe2, 0xf1,
    0x0b, 0x59, 0xe2, 0xbb, 0x32, 0xe8, 0xfc, 0x21, 0x8b, 0xcd, 0x37, 0xb8,
    0x38, 0x08, 0x49, 0x97, 0xeb, 0x89, 0xa7, 0xfc, 0xb5, 0xdf, 0xef, 0x7f,
    0xd3, 0x62, 0xb0, 0x4b, 0x87, 0xb1, 0xaa, 0x2d, 0xdb, 0x4b, 0x3c, 0x8a,
    0x5b, 0xb9, 0xbc, 0xd2, 0x95, 0x2c, 0x2e, 0xb8, 0x9d, 0x31, 0x36, 0xe2,
    0x3b, 0xcd, 0x36, 0x6f, 0x9a, 0x98, 0x09, 0x4a, 0x62, 0xe8, 0xe3, 0x86,
    0x60, 0xe7, 0x96, 0x34, 0xd5, 0x06, 0xf0, 0xb5, 0xf5, 0x17, 0xd2, 0xc7,
    0x01, 0x20, 0x97, 0xc9, 0xd2, 0x14, 0x3c, 0xd6, 0x49, 0xce, 0x4f, 0x5b,
    0xe4, 0x32, 0x89, 0xc6, 0xd6, 0x4e, 0xc3, 0x44, 0x59, 0xe9, 0xb1, 0x1d,
    0x16, 0x5c, 0x6c, 0xc9, 0xed, 0x0d, 0x1e, 0xe0, 0x4a, 0xe7, 0x04, 0xc5,
    0x38, 0x47, 0x18, 0x7f, 0x26, 0xfa, 0x00, 0x09, 0x42, 0x84, 0xf2, 0x0f,
    0x49, 0xf4, 0xde, 0x55, 0xec, 0x3e, 0xb2, 0xe4, 0x5d, 0xda, 0xee, 0xeb,
    0x44, 0xed, 0x3b, 0x31, 0xf8, 0x27, 0x2f, 0xde, 0xc2, 0xb2, 0x46, 0xb0,
    0xca, 0x1a, 0x2c, 0x10, 0x2b, 0xe0, 0x09, 0x36, 0xf3, 0xe4, 0xea, 0xf5,
    0x46, 0xfa, 0x1e, 0x34, 0x12, 0x3e, 0xa1, 0xe1, 0x2f, 0xda, 0x46, 0x35,
    0x81, 0x9d, 0x2d, 0x50, 0xa8, 0x35, 0x34, 0x1c, 0x26, 0xf6, 0x30, 0x55,
    0x67, 0xf2, 0xc7, 0xee, 0x92, 0x39, 0x96, 0xe6, 0xb8, 0xce, 0xf1, 0x0b,
    0x26, 0xf5, 0xd4, 0xd2, 0x4e, 0x8f, 0xdc, 0xbc, 0x40, 0x47, 0xfa, 0x64,
    0xd3, 0x34, 0x67, 0xf0, 0xef, 0xe4, 0x34, 0x8f, 0xd7, 0xe5, 0xd1, 0x4f,
    0x27, 0xfb, 0xba, 0x1f, 0xd2, 0xf5, 0x04, 0xed, 0xb8, 0xfc, 0x16, 0x31,
    0x4d, 0xa9, 0xdd, 0xca, 0x13, 0xb3, 0x3d, 0xce, 0x1c, 0xc8, 0xec, 0x21,
    0x19, 0x10, 0xea, 0x15, 0x2f, 0x2c, 0xdc, 0x81, 0xe1, 0xec, 0x3a, 0xce,
    0xee, 0x35, 0x98, 0xdc, 0x16, 0x15, 0x29, 0xbf, 0xb5, 0x23, 0xe8, 0x81,
    0x72, 0x31, 0x3f, 0xfc, 0xd5, 0x8e, 0xde, 0xae, 0xbc, 0x45, 0x26, 0xc7,
    0x01, 0xdc, 0xcc, 0xba, 0x5b, 0x16, 0x05, 0x54, 0xf5, 0x2b, 0x03, 0xdb,
    0x49, 0xea, 0x59, 0x9a, 0x49, 0x26, 0xef, 0xa9, 0xd7, 0x68, 0x9b, 0xdb,
    0x5d, 0x5c, 0x27, 0x0e, 0x02, 0xde, 0x0a, 0xa7, 0x3b, 0xbd, 0xeb, 0x81,
    0x39, 0xd3, 0x39, 0x01, 0x65, 0xb1, 0x08, 0x2f, 0x0d, 0x21, 0x26, 0x23,
    0xcf, 0x0d, 0x78, 0xb9, 0x04, 0xef, 0x19, 0x99, 0x04, 0x1d, 0xbf, 0x24,
    0x16, 0x2a, 0xef, 0x53, 0xd3, 0xbe, 0xfd, 0x33, 0x57, 0x59, 0xd8, 0x29,
    0x02, 0xf5, 0xe7, 0xb9, 0xc9, 0xef, 0x13, 0x61, 0xda, 0xe5, 0xe8, 0xfc,
    0x6b, 0x4f, 0xff, 0x35, 0xde, 0xc6, 0xad, 0xc0, 0xf0, 0x46, 0x42, 0x3f,
    0xd5, 0x39, 0x6f, 0x06, 0x16, 0x5c, 0x29, 0xe2, 0xeb, 0xc4, 0xce, 0x10,
    0x2e, 0xdf, 0x2b, 0xf5, 0xf0, 0xf1, 0x2d, 0xc5, 0x37, 0x21, 0x7f, 0x30,
    0x0f, 0x35, 0xa0, 0x08, 0x05, 0x0d, 0xd1, 0xb7, 0x26, 0xe3, 0xa1, 0x2d,
    0xf2, 0xe9, 0xe5, 0x21, 0x6d, 0xcd, 0xeb, 0xe2, 0x1e, 0x27, 0x37, 0x28,
    0xc7, 0xf5, 0xfa, 0xf1, 0x5b, 0xbf, 0x05, 0xd9, 0x25, 0x38, 0x68, 0xf1,
    0xf8, 0xc8, 0x08, 0x10, 0x30, 0x4b, 0x6f, 0xbd, 0xf8, 0xb1, 0x6d, 0x84,
    0x64, 0xf0, 0xc9, 0x34, 0x5e, 0x29, 0x57, 0x1c, 0xce, 0x34, 0x61, 0xeb,
    0xb2, 0xc5, 0xc3, 0x91, 0x3b, 0x58, 0xd6, 0x0b, 0xa5, 0x7f, 0xcf, 0x58,
    0x34, 0xad, 0x78, 0x4a, 0x24, 0x27, 0x79, 0x0e, 0x08, 0x3a, 0x44, 0xdb,
    0xdf, 0x11, 0x15, 0xd7, 0x02, 0x11, 0x0b, 0x44, 0x0e, 0x2f, 0xd7, 0x32,
    0x39, 0xac, 0x05, 0xe9, 0x01, 0xeb, 0xe2, 0xbf, 0x52, 0xb4, 0x81, 0xbb,
    0xde, 0xd2, 0xc4, 0xcb, 0x11, 0x34, 0xf6, 0xab, 0x16, 0xbd, 0x74, 0xf6,
    0x51, 0xe5, 0x10, 0x3d, 0x40, 0xe1, 0x02, 0xe1, 0xf3, 0x47, 0xbd, 0x37,
    0xcd, 0x04, 0x0a, 0xdf, 0x66, 0x0e, 0x18, 0xd3, 0x2e, 0xd5, 0xde, 0xed,
    0xf3, 0xc8, 0xd1, 0x45, 0x2d, 0x1d, 0x45, 0x5e, 0xcd, 0xe6, 0xf1, 0xf3,
    0xee, 0x46, 0xba, 0xce, 0x56, 0xd1, 0x07, 0x54, 0xc2, 0x25, 0x40, 0xbe,
    0x0b, 0x03, 0xd3, 0x27, 0xbb, 0xbe, 0x3a, 0xed, 0x59, 0x1c, 0x15, 0x22,
    0x3d, 0xfd, 0x4c, 0x34, 0x4a, 0xdc, 0xdd, 0x41, 0x06, 0xeb, 0xbb, 0x29,
    0xd0, 0xa7, 0x7f, 0xe9, 0x18, 0x1a, 0x52, 0x1e, 0xfe, 0x1f, 0xf8, 0x2a,
    0x0e, 0xcc, 0xca, 0x30, 0x2b, 0x0e, 0x52, 0x39, 0x17, 0x46, 0x26, 0xee,
    0xc5, 0x38, 0x19, 0xcc, 0xf1, 0x02, 0x00, 0x0d, 0x3d, 0x3a, 0xa7, 0x04,
    0x16, 0x86, 0x56, 0x35, 0xfc, 0xf2, 0xfe, 0x41, 0x0b, 0xf3, 0xfe, 0x58,
    0xe9, 0x4f, 0xe1, 0xc9, 0x2e, 0xbc, 0xf2, 0x6c, 0x56, 0xe8, 0xd2, 0xea,
    0xc0, 0x0e, 0x2d, 0x2b, 0x39, 0x5f, 0x23, 0xfc, 0x62, 0x7f, 0x0f, 0x1b,
    0x44, 0xfd, 0xf0, 0x3d, 0xce, 0xd5, 0x54, 0x49, 0x2f, 0xdb, 0xd5, 0x23,
    0xff, 0x14, 0xdd, 0x0b, 0x22, 0x26, 0xcf, 0x31, 0x20, 0x24, 0x26, 0xc0,
    0xb1, 0xf9, 0x26, 0x24, 0xc1, 0xe2, 0xd1, 0x24, 0x01, 0x06, 0xf5, 0x81,
    0x19, 0xca, 0x3d, 0xc7, 0xc4, 0x30, 0x05, 0xf2, 0xc3, 0xc5, 0xfe, 0x0b,
    0xa8, 0x4f, 0x3d, 0x04, 0x12, 0xfd, 0xde, 0xdf, 0xc2, 0x2f, 0xe7, 0xc7,
    0xca, 0xf2, 0xf2, 0x26, 0xe6, 0x22, 0x00, 0xd6, 0x85, 0xba, 0xe9, 0x78,
    0x41, 0x4e, 0xfa, 0x24, 0xfb, 0xb9, 0xe4, 0x48, 0xa5, 0xf4, 0x05, 0x24,
    0x23, 0x34, 0x14, 0x62, 0x77, 0x24, 0xc9, 0xbf, 0x4b, 0xaf, 0x2d, 0xdb,
    0xc3, 0x70, 0xdc, 0xf4, 0x61, 0x94, 0xd1, 0x9f, 0xc6, 0xbd, 0x2d, 0xa2,
    0x04, 0xe1, 0x18, 0x29, 0xcd, 0xbb, 0xb1, 0x3e, 0x2e, 0x21, 0x8b, 0x58,
    0xae, 0xe7, 0xe3, 0x81, 0x2a, 0xb6, 0xef, 0xf0, 0x41, 0xb0, 0x1d, 0x2d,
    0xf2, 0x3c, 0x57, 0xcb, 0xf0, 0xdf, 0x0b, 0xcb, 0xcd, 0xcc, 0x5f, 0x7f,
    0xf3, 0x36, 0xb5, 0xe8, 0xcc, 0xfc, 0xe7, 0xd5, 0xdc, 0x26, 0xe0, 0xcd,
    0xea, 0xf9, 0x36, 0x4d, 0xce, 0x36, 0xac, 0xf7, 0x46, 0xcf, 0x8f, 0x17,
    0x36, 0xad, 0xfe, 0xbc, 0xa3, 0xe2, 0xcd, 0xca, 0x30, 0x4a, 0xb3, 0x0d,
    0x1e, 0xa7, 0x18, 0xe8, 0x52, 0xc6, 0x01, 0x2e, 0xd2, 0xfd, 0x2e, 0x16,
    0xfd, 0x26, 0xfe, 0xdd, 0x16, 0xf7, 0xc9, 0x02, 0x23, 0x37, 0x0d, 0x7f,
    0xcd, 0xe9, 0xda, 0x41, 0xce, 0x3a, 0xd3, 0x00, 0x28, 0x2f, 0xd2, 0xe7,
    0xf7, 0xd3, 0x25, 0x12, 0xe9, 0x44, 0xdc, 0xd6, 0x3d, 0x3a, 0xf0, 0x31,
    0x37, 0x38, 0xcf, 0x23, 0xde, 0xc5, 0xdc, 0xf0, 0x2a, 0x06, 0x2c, 0xad,
    0x0e, 0x18, 0xfe, 0x23, 0xdb, 0x0e, 0xc0, 0xf0, 0x66, 0x24, 0x15, 0x48,
    0xb5, 0x3c, 0xf0, 0x33, 0xd6, 0xa9, 0xc9, 0xdf, 0x2e, 0xee, 0xf8, 0x03,
    0x22, 0x1d, 0xd8, 0x62, 0xaf, 0x2a, 0x31, 0xcc, 0x19, 0xed, 0x8b, 0x0e,
    0xc6, 0x03, 0x40, 0x42, 0xd7, 0x6a, 0xdf, 0x1c, 0x0a, 0x06, 0x18, 0x2d,
    0xe5, 0xde, 0x45, 0x41, 0xf0, 0x0b, 0x2d, 0x32, 0x55, 0xd9, 0x04, 0xe1,
    0x15, 0xfe, 0xee, 0x7f, 0xf7, 0xd9, 0xba, 0x9b, 0xec, 0x27, 0x8e, 0xaf,
    0x0c, 0xd3, 0x11, 0x53, 0xae, 0x0c, 0xb0, 0xa4, 0x12, 0x20, 0x23, 0x05,
    0xe7, 0x91, 0x03, 0xc5, 0xb5, 0x81, 0x16, 0x54, 0x06, 0x2a, 0xbf, 0x19,
    0xa0, 0x38, 0x2b, 0xea, 0x07, 0xf2, 0xc6, 0x09, 0x31, 0xbf, 0x67, 0x1e,
    0x00, 0x1a, 0xe6, 0xcb, 0x54, 0xfd, 0x34, 0x65, 0x49, 0x48, 0x40, 0xe1,
    0xc9, 0x2e, 0xf1, 0x11, 0x10, 0x0a, 0xd9, 0x29, 0x9a, 0x47, 0x35, 0xbf,
    0xdd, 0xf0, 0xd8, 0x23, 0xd3, 0x8c, 0x30, 0x49, 0x9f, 0x5e, 0xf4, 0xd9,
    0xe1, 0xea, 0xc1, 0x5c, 0x2b, 0xb3, 0xd0, 0x81, 0xf4, 0x36, 0xfa, 0x7d,
    0x9b, 0xda, 0x1e, 0x4b, 0x10, 0x4c, 0x94, 0x05, 0xb8, 0x8d, 0xf2, 0xf5,
    0xf3, 0x0f, 0xd5, 0xab, 0x2e, 0x0b, 0xb7, 0x5d, 0xd9, 0x3f, 0x21, 0x6f,
    0x08, 0x37, 0x1c, 0x07, 0x02, 0xc3, 0xd5, 0xb7, 0x46, 0x48, 0x30, 0xca,
    0x2c, 0xd2, 0xd5, 0x14, 0xda, 0x7f, 0xb2, 0xf8, 0x64, 0x09, 0x21, 0x37,
    0xc2, 0xb1, 0x27, 0x4f, 0xfc, 0xed, 0x03, 0x01, 0xf8, 0x1d, 0xca, 0x9a,
    0x2b, 0x2f, 0xcd, 0x30, 0xf0, 0xe2, 0xc9, 0xdc, 0x48, 0xe6, 0xfd, 0x47,
    0x3f, 0x56, 0xd8, 0x07, 0x9c, 0xbc, 0xe1, 0xc7, 0x24, 0x28, 0xbe, 0x45,
    0x36, 0xac, 0xff, 0xd3, 0xf1, 0x5c, 0x9a, 0x6f, 0xda, 0x08, 0xd6, 0xc6,
    0x30, 0x20, 0x04, 0xfc, 0xc9, 0x7f, 0x09, 0x5f, 0x43, 0xba, 0x61, 0xfd,
    0xf9, 0x20, 0xde, 0xeb, 0x2a, 0xbb, 0x1b, 0xfb, 0x40, 0x1d, 0xd3, 0x16,
    0x3b, 0x28, 0xd2, 0x0f, 0x39, 0xf0, 0x05, 0x0a, 0x1c, 0x34, 0x00, 0x1f,
    0x05, 0xec, 0xee, 0x2a, 0xaa, 0xa9, 0xcd, 0xd8, 0xfc, 0x2a, 0x46, 0xb9,
    0xfa, 0xbf, 0xe9, 0x10, 0xee, 0x43, 0xdb, 0xdf, 0x96, 0xbb, 0xef, 0x2f,
    0x13, 0xdd, 0x06, 0xd1, 0xff, 0xad, 0x06, 0x1e, 0xa2, 0xc1, 0x20, 0x43,
    0xa5, 0xd4, 0x3b, 0x16, 0x7f, 0xd6, 0xb4, 0x1b, 0x1a, 0x27, 0xef, 0x07,
    0x32, 0xfc, 0xef, 0x35, 0xfb, 0x0e, 0x0c, 0xe1, 0xf1, 0x33, 0xf9, 0xca,
    0xed, 0xb3, 0xe6, 0xcc, 0x74, 0xa4, 0x35, 0x06, 0x15, 0xca, 0x00, 0x23,
    0x36, 0xf0, 0x06, 0xfe, 0x60, 0xcd, 0x36, 0xfc, 0xcb, 0xb2, 0xd2, 0x2c,
    0xb7, 0xd7, 0xe1, 0x1c, 0x1c, 0xaa, 0xdb, 0x3d, 0x44, 0xd6, 0x3a, 0x34,
    0xbd, 0xd3, 0xbe, 0x05, 0xde, 0x32, 0xcb, 0xd6, 0x37, 0xcf, 0xd3, 0x23,
    0x3a, 0x01, 0x1d, 0x7f, 0xd1, 0xc1, 0x18, 0xd0, 0xc6, 0x30, 0x00, 0xf4,
    0x38, 0xde, 0xd8, 0x31, 0x4a, 0x0c, 0xd4, 0x52, 0xcc, 0x0a, 0x2e, 0x42,
    0x26, 0xbf, 0xb8, 0x1f, 0x31, 0x0c, 0xd7, 0xae, 0xb7, 0x04, 0x14, 0x28,
    0xdf, 0x24, 0xf7, 0xb8, 0x0c, 0x02, 0xe6, 0xd3, 0x11, 0xe2, 0xaf, 0xe7,
    0x2c, 0xd4, 0xdd, 0xc7, 0x1c, 0x0a, 0x62, 0xdc, 0x01, 0x3d, 0x46, 0xd4,
    0x18, 0x4b, 0xae, 0x44, 0x23, 0x04, 0xa9, 0xca, 0xe7, 0x08, 0xa4, 0x4e,
    0xa0, 0xd5, 0x30, 0x01, 0x7f, 0xec, 0xf2, 0x17, 0xe0, 0x98, 0x00, 0x2b,
    0x5d, 0x3b, 0x3a, 0xd4, 0x29, 0xef, 0x22, 0x07, 0xcb, 0xe9, 0xfc, 0x4f,
    0xbc, 0x3c, 0xcd, 0x51, 0xf4, 0xf4, 0x87, 0xd4, 0xc1, 0xfd, 0xe2, 0x4e,
    0x98, 0x6b, 0x40, 0x00, 0x15, 0x0f, 0xcd, 0xd7, 0x0d, 0x3a, 0xe2, 0x3c,
    0xfe, 0x08, 0x66, 0x7a, 0xdc, 0x7f, 0x06, 0x39, 0xb7, 0xf7, 0x34, 0x60,
    0x7b, 0x3b, 0x44, 0xef, 0x84, 0xe3, 0x00, 0xf8, 0xf7, 0x4f, 0x25, 0xcc,
    0x49, 0xc0, 0x18, 0xed, 0xed, 0x14, 0x09, 0xf7, 0xe2, 0xe6, 0x9c, 0x39,
    0x4c, 0xdd, 0xc1, 0x1c, 0x9d, 0xa7, 0xcc, 0xe9, 0xa3, 0xf9, 0x61, 0x67,
    0x17, 0x1d, 0x8f, 0xb5, 0x01, 0xd2, 0x53, 0xbd, 0x39, 0x33, 0x32, 0x4d,
    0x0d, 0xcb, 0x48, 0xec, 0x2e, 0x5d, 0x97, 0x14, 0xfa, 0xea, 0x4b, 0xe1,
    0xee, 0x2d, 0xe9, 0x31, 0x74, 0xb7, 0xc1, 0xd7, 0x05, 0x81, 0x03, 0xc6,
    0xd0, 0xb1, 0x2a, 0x10, 0x05, 0xdd, 0xe2, 0x08, 0xea, 0xdb, 0x42, 0xcc,
    0x23, 0x03, 0xbf, 0x3c, 0x2d, 0xf6, 0x15, 0xbe, 0x09, 0x13, 0xbf, 0x19,
    0xcf, 0x46, 0x28, 0x30, 0xe0, 0xa6, 0x29, 0x5d, 0xc5, 0xd3, 0x01, 0xfc,
    0xd7, 0xda, 0x24, 0xf0, 0x1f, 0xd8, 0xb6, 0x3d, 0xb9, 0x06, 0x85, 0xaa,
    0xea, 0x41, 0x67, 0xe6, 0x5d, 0x4a, 0x44, 0x02, 0xc5, 0x15, 0x4c, 0xf2,
    0x4d, 0x04, 0xfb, 0x81, 0xf2, 0xf2, 0xeb, 0x2a, 0x5a, 0xd9, 0xff, 0xff,
    0x04, 0x00, 0x00, 0x00, 0xf0, 0x00, 0x00, 0x00, 0x2d, 0xf5, 0xff, 0xff,
    0x7f, 0xf1, 0xff, 0xff, 0x44, 0xf4, 0xff, 0xff, 0x8c, 0x19, 0x00, 0x00,
    0xbd, 0x19, 0x00, 0x00, 0x46, 0x08, 0x00, 0x00, 0xde, 0xee, 0xff, 0xff,
    0xbd, 0xf7, 0xff, 0xff, 0x32, 0x03, 0x00, 0x00, 0xfb, 0x0e, 0x00, 0x00,
    0x8a, 0xe8, 0xff, 0xff, 0x6d, 0xf3, 0xff, 0xff, 0xc6, 0x10, 0x00, 0x00,
    0x03, 0xfd, 0xff, 0xff, 0x82, 0xf4, 0xff, 0xff, 0xa5, 0xfc, 0xff, 0xff,
    0xd1, 0xfa, 0xff, 0xff, 0x50, 0x04, 0x00, 0x00, 0xca, 0x04, 0x00, 0x00,
    0xa4, 0x04, 0x00, 0x00, 0xf0, 0x15, 0x00, 0x00, 0xb6, 0xf7, 0xff, 0xff,
    0xd2, 0xf1, 0xff, 0xff, 0xf2, 0xf2, 0xff, 0xff, 0x4e, 0x01, 0x00, 0x00,
    0x96, 0xf8, 0xff, 0xff, 0x19, 0xf0, 0xff, 0xff, 0xcd, 0x14, 0x00, 0x00,
    0x02, 0xf0, 0xff, 0xff, 0x30, 0x0b, 0x00, 0x00, 0xdd, 0x16, 0x00, 0x00,
    0x06, 0x06, 0x00, 0x00, 0x71, 0x0d, 0x00, 0x00, 0xe5, 0x06, 0x00, 0x00,
    0xf4, 0xfa, 0xff, 0xff, 0xd9, 0xee, 0xff, 0xff, 0xc7, 0xee, 0xff, 0xff,
    0x41, 0xee, 0xff, 0xff, 0x33, 0xfc, 0xff, 0xff, 0x59, 0xec, 0xff, 0xff,
    0x54, 0x13, 0x00, 0x00, 0xfb, 0x15, 0x00, 0x00, 0xb3, 0x0e, 0x00, 0x00,
    0xe2, 0x09, 0x00, 0x00, 0x77, 0x0f, 0x00, 0x00, 0xfe, 0x04, 0x00, 0x00,
    0x09, 0x09, 0x00, 0x00, 0x1c, 0x04, 0x00, 0x00, 0x98, 0xf8, 0xff, 0xff,
    0xed, 0xe2, 0xff, 0xff, 0x36, 0xfc, 0xff, 0xff, 0x82, 0xed, 0xff, 0xff,
    0x80, 0xff, 0xff, 0xff, 0x13, 0xfb, 0xff, 0xff, 0x58, 0x0e, 0x00, 0x00,
    0x16, 0xfb, 0xff, 0xff, 0xce, 0x08, 0x00, 0x00, 0x14, 0xf8, 0xff, 0xff,
    0xd8, 0xf6, 0xff, 0xff, 0xae, 0x0d, 0x00, 0x00, 0x56, 0xda, 0xff, 0xff,
    0x04, 0x00, 0x00, 0x00, 0xf0, 0x00, 0x00, 0x00, 0xb7, 0x20, 0x81, 0xe7,
    0xcd, 0x52, 0xdc, 0x81, 0x17, 0x49, 0x07, 0x46, 0x37, 0xfd, 0x81, 0xbd,
    0x82, 0x7f, 0x79, 0x7f, 0x7f, 0x9f, 0x7f, 0xe9, 0x25, 0x0c, 0x77, 0x21,
    0x27, 0x7f, 0x59, 0xe6, 0x5e, 0x1a, 0x01, 0xeb, 0x7f, 0x3b, 0xbc, 0x16,
    0x75, 0xf5, 0x81, 0xf4, 0x45, 0x7f, 0xd8, 0x81, 0x68, 0x92, 0xfd, 0xd2,
    0x8d, 0x81, 0x13, 0xab, 0x81, 0x7f, 0x18, 0x81, 0xdf, 0x8d, 0xf3, 0xb7,
    0x33, 0x81, 0x0c, 0xdc, 0x81, 0x3f, 0x73, 0xac, 0xb8, 0x7f, 0x89, 0x81,
    0xeb, 0x1e, 0x81, 0x07, 0x1c, 0x7f, 0x39, 0x15, 0x9f, 0x45, 0xb0, 0x20,
    0x2b, 0x93, 0x7f, 0x3c, 0x7f, 0x5a, 0x02, 0x1e, 0x63, 0x81, 0x7f, 0x7f,
    0x7f, 0x7a, 0x85, 0xf7, 0x81, 0xbc, 0x7f, 0x0f, 0x3d, 0xcc, 0x7f, 0x4f,
    0x9f, 0xd4, 0x17, 0xce, 0xd2, 0x73, 0x7f, 0xdf, 0xba, 0xc8, 0x52, 0x7f,
    0xae, 0xf0, 0xfe, 0x2e, 0xea, 0xef, 0x7f, 0x81, 0x03, 0xa4, 0x2d, 0xe1,
    0xe6, 0x10, 0xd1, 0x5d, 0xe8, 0x5e, 0xbd, 0x3a, 0x77, 0x81, 0xaa, 0xd5,
    0x2a, 0x82, 0xaf, 0xf3, 0x4e, 0x42, 0xf1, 0x7f, 0x68, 0x6b, 0xce, 0xdd,
    0x64, 0x8c, 0xaf, 0xe0, 0xdd, 0xe9, 0x04, 0xed, 0xfc, 0xc4, 0x29, 0x81,
    0xc0, 0xeb, 0x81, 0x7f, 0x0a, 0xba, 0xc9, 0x03, 0x81, 0x7f, 0xd6, 0xd6,
    0x81, 0x3b, 0x81, 0xe5, 0x75, 0x81, 0x2e, 0x6e, 0x81, 0x32, 0x59, 0xe1,
    0x81, 0xce, 0x5c, 0x24, 0xdb, 0x40, 0xf6, 0x81, 0x7f, 0x13, 0x7f, 0x81,
    0x81, 0x44, 0x38, 0x81, 0xf4, 0x7f, 0x81, 0xb0, 0xf7, 0x45, 0x7b, 0xf8,
    0x0d, 0x7f, 0xff, 0x7f, 0x1c, 0xd1, 0xa3, 0x24, 0x7f, 0x81, 0xb4, 0x3b,
    0x81, 0xe7, 0x2f, 0xc5, 0x6e, 0xe8, 0x00, 0x1b, 0x52, 0xdb, 0xff, 0xff,
    0x04, 0x00, 0x00, 0x00, 0xf0, 0x00, 0x00, 0x00, 0x1c, 0x00, 0x00, 0x00,
    0x04, 0x00, 0x00, 0x00, 0xd2, 0xff, 0xff, 0xff, 0x8e, 0xff, 0xff, 0xff,
    0xd9, 0xff, 0xff, 0xff, 0x98, 0xff, 0xff, 0xff, 0x7b, 0x00, 0x00, 0x00,
    0xf3, 0xff, 0xff, 0xff, 0xb3, 0xff, 0xff, 0xff, 0x00, 0x00, 0x00, 0x00,
    0x16, 0x00, 0x00, 0x00, 0xb1, 0xff, 0xff, 0xff, 0xe1, 0xff, 0xff, 0xff,
    0xd6, 0xff, 0xff, 0xff, 0xe7, 0xff, 0xff, 0xff, 0x46, 0x00, 0x00, 0x00,
    0xe4, 0xff, 0xff, 0xff, 0xed, 0xff, 0xff, 0xff, 0xb0, 0xff, 0xff, 0xff,
    0x50, 0x00, 0x00, 0x00, 0xa9, 0x00, 0x00, 0x00, 0x07, 0x00, 0x00, 0x00,
    0xf3, 0xff, 0xff, 0xff, 0x56, 0x00, 0x00, 0x00, 0x1f, 0x00, 0x00, 0x00,
    0x28, 0x00, 0x00, 0x00, 0x15, 0x00, 0x00, 0x00, 0xe5, 0xff, 0xff, 0xff,
    0x33, 0x00, 0x00, 0x00, 0x5d, 0xff, 0xff, 0xff, 0xd9, 0xff, 0xff, 0xff,
    0x1d, 0x00, 0x00, 0x00, 0x1a, 0x00, 0x00, 0x00, 0x22, 0x00, 0x00, 0x00,
    0x12, 0x00, 0x00, 0x00, 0x37, 0x00, 0x00, 0x00, 0xf9, 0xff, 0xff, 0xff,
    0x44, 0x00, 0x00, 0x00, 0xe6, 0xff, 0xff, 0xff, 0x32, 0x00, 0x00, 0x00,
    0x60, 0x00, 0x00, 0x00, 0xfb, 0xfe, 0xff, 0xff, 0x47, 0x00, 0x00, 0x00,
    0xd9, 0xff, 0xff, 0xff, 0x46, 0x00, 0x00, 0x00, 0x4b, 0xff, 0xff, 0xff,
    0x31, 0x00, 0x00, 0x00, 0x02, 0x00, 0x00, 0x00, 0x57, 0xff, 0xff, 0xff,
    0xd4, 0xff, 0xff, 0xff, 0xc6, 0xff, 0xff, 0xff, 0xf7, 0x00, 0x00, 0x00,
    0xdb, 0xff, 0xff, 0xff, 0x2e, 0x00, 0x00, 0x00, 0xea, 0xff, 0xff, 0xff,
    0x3c, 0x00, 0x00, 0x00, 0x03, 0x00, 0x00, 0x00, 0x14, 0x00, 0x00, 0x00,
    0xe3, 0xff, 0xff, 0xff, 0xe0, 0xff, 0xff, 0xff, 0x4e, 0xdc, 0xff, 0xff,
    0x04, 0x00, 0x00, 0x00, 0x10, 0x0e, 0x00, 0x00, 0x4b, 0x5b, 0x25, 0xc6,
    0xd5, 0x20, 0xf3, 0x73, 0x0f, 0x81, 0xd4, 0x96, 0xd6, 0x02, 0x15, 0x19,
    0x77, 0x42, 0x34, 0xb6, 0xeb, 0xd6, 0x37, 0x03, 0x1f, 0xf9, 0x19, 0xd3,
    0x0e, 0x0a, 0x2e, 0xff, 0x2e, 0x0f, 0x3d, 0xfe, 0xff, 0x22, 0x2c, 0xee,
    0x4d, 0x0a, 0x3c, 0x2b, 0xd1, 0x44, 0xe9, 0xd6, 0x14, 0x53, 0xa7, 0x11,
    0x3e, 0x2c, 0xb6, 0x1d, 0xac, 0x20, 0xe4, 0xb9, 0x1f, 0xa4, 0xb5, 0xd1,
    0x0d, 0xcb, 0x05, 0xac, 0xa4, 0xf3, 0x05, 0xe6, 0x10, 0x3d, 0xae, 0x9c,
    0x85, 0x39, 0x18, 0x81, 0xee, 0x02, 0xf5, 0xc4, 0x1f, 0x40, 0xd3, 0x0c,
    0xf4, 0x71, 0xd6, 0x48, 0x56, 0xd9, 0xe6, 0xc2, 0x44, 0x0c, 0xdb, 0xe9,
    0xc5, 0x23, 0x0e, 0x3f, 0x01, 0x4d, 0x3e, 0xf5, 0x7a, 0x1a, 0x40, 0xa5,
    0xb2, 0xa0, 0x8c, 0x1b, 0xf1, 0xf3, 0xaf, 0x1a, 0xfd, 0x47, 0x74, 0x5b,
    0x08, 0x0d, 0x40, 0x6d, 0x0b, 0x4b, 0xb3, 0x15, 0xfc, 0x35, 0xb4, 0x35,
    0x24, 0xdf, 0x18, 0x35, 0x6d, 0xbe, 0xf2, 0x45, 0xa6, 0x41, 0x18, 0x42,
    0x14, 0x13, 0xc8, 0xb2, 0xa9, 0x4c, 0x7a, 0xca, 0xc5, 0xda, 0xaf, 0xcb,
    0x13, 0xe8, 0xda, 0x13, 0x28, 0xd9, 0x9d, 0x43, 0x45, 0x6c, 0x2a, 0xd4,
    0x1a, 0x34, 0x0c, 0x41, 0x1f, 0xe8, 0xf3, 0x81, 0x29, 0x3b, 0xed, 0x21,
    0x4d, 0x4f, 0xec, 0x13, 0x51, 0x12, 0x2f, 0x1b, 0x1e, 0xca, 0xfc, 0x60,
    0xca, 0xb3, 0xc5, 0xd7, 0x8f, 0xd6, 0x13, 0x0a, 0xbc, 0xc3, 0xa6, 0x86,
    0x7b, 0xfa, 0x34, 0x70, 0xe5, 0x34, 0xe7, 0x64, 0x56, 0xf2, 0x0f, 0xba,
    0x8d, 0x44, 0xcd, 0xa7, 0x18, 0xfc, 0xca, 0xd8, 0x13, 0xaa, 0x81, 0xdb,
    0xca, 0x14, 0x22, 0xc9, 0x30, 0x20, 0xcd, 0x3b, 0xbc, 0x45, 0x81, 0x00,
    0x14, 0x07, 0xa2, 0xc4, 0x0e, 0x30, 0x33, 0xe2, 0xc0, 0xe3, 0xe2, 0xe0,
    0xc3, 0x0b, 0x4e, 0xcf, 0xdd, 0x2a, 0xb4, 0xcf, 0xf8, 0xcf, 0x4b, 0x0b,
    0xad, 0x35, 0xb7, 0xe1, 0x28, 0xce, 0x37, 0xb5, 0x0c, 0x40, 0x48, 0x38,
    0xaf, 0x14, 0x37, 0xdb, 0xbf, 0xe3, 0xe9, 0x05, 0x59, 0xd4, 0x97, 0x2c,
    0xbc, 0x05, 0xf5, 0x8b, 0x31, 0x41, 0xde, 0xbe, 0xdd, 0x07, 0x38, 0xeb,
    0xfa, 0x3b, 0x38, 0xdb, 0xfd, 0xe1, 0xb8, 0x30, 0xb8, 0x0f, 0xe3, 0xd8,
    0x35, 0xd0, 0xf5, 0x37, 0x28, 0xa4, 0x0f, 0x32, 0x84, 0xf4, 0xf0, 0x2f,
    0x99, 0x81, 0xe5, 0xf9, 0xfa, 0x5b, 0xed, 0xf1, 0x22, 0xf0, 0x29, 0x0c,
    0xf1, 0xf4, 0x74, 0x00, 0x35, 0xf1, 0xbb, 0xc8, 0xd8, 0x4f, 0x30, 0x1b,
    0x4f, 0xa8, 0x9b, 0x10, 0x04, 0xca, 0x04, 0xab, 0x3c, 0x32, 0xfc, 0x4c,
    0xc1, 0x19, 0xc9, 0x41, 0x12, 0x54, 0x2d, 0x3b, 0x40, 0x56, 0x44, 0xd5,
    0x0f, 0xd9, 0xd8, 0x51, 0x1d, 0x59, 0xbc, 0xca, 0x62, 0x37, 0x53, 0x81,
    0x3a, 0x3c, 0x1b, 0x54, 0xaf, 0x72, 0x43, 0xbb, 0xd3, 0xaa, 0xd7, 0xcf,
    0xf9, 0x62, 0x3c, 0xd6, 0x17, 0xa7, 0x4b, 0xfa, 0xd0, 0xca, 0x1b, 0x19,
    0x4b, 0x1a, 0xf8, 0xf9, 0xf5, 0x53, 0xcd, 0x0f, 0xca, 0x0c, 0xf7, 0xcc,
    0x9c, 0x48, 0x42, 0x92, 0xc2, 0x06, 0x0b, 0x21, 0xcb, 0x2d, 0x27, 0xff,
    0x05, 0xc2, 0x03, 0xe0, 0xfe, 0x1a, 0x7f, 0x26, 0xfe, 0x52, 0x23, 0xf9,
    0xfd, 0xed, 0x1b, 0xfb, 0x30, 0xef, 0x22, 0x04, 0x33, 0x22, 0x2b, 0x33,
    0x2d, 0xd5, 0xf2, 0x12, 0x3f, 0x0a, 0x1c, 0xc0, 0xbe, 0xee, 0xf1, 0xdc,
    0xa4, 0xb0, 0xcb, 0xff, 0x12, 0x57, 0xca, 0xfc, 0xe7, 0xe4, 0x81, 0xfc,
    0x4e, 0xe6, 0xe1, 0xab, 0xf7, 0xab, 0xd1, 0x27, 0x0e, 0x12, 0xce, 0x29,
    0xa8, 0x6d, 0xe6, 0xca, 0xa1, 0x09, 0xfa, 0xe5, 0xff, 0x13, 0xe9, 0xb6,
    0x11, 0xeb, 0xed, 0xa5, 0x15, 0xf4, 0xd6, 0xe4, 0xf5, 0xd4, 0x17, 0x1c,
    0xe3, 0xfe, 0x46, 0x08, 0xdc, 0x41, 0xf5, 0x22, 0xcf, 0xe5, 0xb6, 0xcf,
    0xb3, 0xc7, 0xcb, 0xeb, 0xfc, 0x20, 0xc5, 0x1a, 0x2a, 0x29, 0xd3, 0xd4,
    0xd0, 0xdd, 0xf0, 0xf1, 0xac, 0xda, 0x0e, 0x4a, 0xb8, 0xf4, 0xf1, 0x3e,
    0x7f, 0xc6, 0x11, 0x15, 0x0a, 0xfd, 0xbb, 0xff, 0x19, 0x10, 0xea, 0xdc,
    0xe4, 0xed, 0x33, 0x12, 0x10, 0x4c, 0x11, 0xce, 0x10, 0x27, 0x1d, 0x22,
    0x1d, 0xf8, 0xe1, 0x1f, 0x0b, 0x54, 0x20, 0xeb, 0xff, 0x4f, 0x0c, 0x24,
    0x16, 0x2b, 0xb0, 0x07, 0x26, 0xee, 0x03, 0xb9, 0x1d, 0x7f, 0xec, 0x00,
    0x2e, 0x38, 0x27, 0xea, 0xaf, 0x71, 0x19, 0x2e, 0x49, 0x66, 0xcd, 0x4f,
    0x40, 0xac, 0x05, 0xff, 0x4f, 0x03, 0xad, 0xb1, 0x06, 0x36, 0xe6, 0xfa,
    0x47, 0x27, 0xde, 0xe7, 0x32, 0x0e, 0x43, 0x3b, 0xca, 0x0f, 0xbc, 0xc4,
    0xfa, 0x1a, 0xd9, 0x71, 0xcd, 0x58, 0xd3, 0x6f, 0xe6, 0x5b, 0x8a, 0x2e,
    0xfe, 0x28, 0x5c, 0x29, 0x91, 0x9e, 0x02, 0xa3, 0x42, 0xca, 0x03, 0x34,
    0x81, 0x2c, 0x8f, 0xa0, 0xe1, 0x29, 0x22, 0x41, 0xfb, 0x30, 0x61, 0x33,
    0xf6, 0x5f, 0xc6, 0xf6, 0x9f, 0xf4, 0x05, 0xd2, 0x78, 0xe1, 0xd8, 0xd9,
    0x2b, 0xb9, 0xce, 0xbe, 0x30, 0xeb, 0x61, 0xc0, 0x66, 0x05, 0xab, 0x2b,
    0x1f, 0xeb, 0x19, 0x65, 0xf0, 0x29, 0x1f, 0xe2, 0xd8, 0x42, 0xa9, 0xdd,
    0x8d, 0xd9, 0xd9, 0xc8, 0x39, 0x28, 0xa6, 0xff, 0xc9, 0x04, 0xb1, 0xa0,
    0xb2, 0x12, 0x6a, 0x17, 0xd7, 0x81, 0xa0, 0x01, 0x3d, 0xac, 0x45, 0xdb,
    0x54, 0xeb, 0xca, 0x57, 0x1a, 0x98, 0x22, 0x15, 0x0b, 0xa8, 0xcb, 0x53,
    0xbb, 0x16, 0xf4, 0xfa, 0x38, 0xc5, 0x1a, 0xd0, 0x2c, 0xf1, 0x46, 0xf0,
    0x78, 0x3c, 0x8c, 0xe3, 0x47, 0x2f, 0x61, 0x27, 0x48, 0xe2, 0x33, 0x1c,
    0xff, 0x1d, 0x4b, 0xe3, 0xec, 0xc7, 0xe5, 0xe2, 0x36, 0x22, 0xce, 0x04,
    0x0d, 0x22, 0xdf, 0x20, 0xd8, 0xa2, 0x33, 0xf7, 0xca, 0x05, 0xa7, 0xfe,
    0x43, 0x29, 0x01, 0x01, 0x08, 0xcc, 0xf5, 0xab, 0xe9, 0xeb, 0xa0, 0xe3,
    0x14, 0x1b, 0x1a, 0xd1, 0xea, 0x58, 0x49, 0xf8, 0x1f, 0x00, 0x05, 0xd3,
    0x58, 0x14, 0x49, 0xcb, 0x00, 0xc5, 0x43, 0xde, 0x18, 0x7f, 0xcb, 0xc3,
    0x62, 0xcc, 0x3b, 0xf6, 0xdc, 0xbf, 0x11, 0xb6, 0xd5, 0x40, 0xf1, 0x17,
    0x44, 0xed, 0x81, 0x07, 0xd3, 0x5e, 0x43, 0xca, 0xfa, 0xe5, 0x8a, 0xaa,
    0x9c, 0x2e, 0x63, 0x22, 0xf4, 0xab, 0x06, 0xf2, 0x2a, 0x05, 0x9e, 0x0d,
    0xd2, 0x5a, 0xfb, 0x2e, 0x66, 0xc0, 0xdb, 0xa9, 0xc8, 0x38, 0x1a, 0xb3,
    0xba, 0xc7, 0x08, 0xd8, 0xb6, 0x38, 0xf6, 0x15, 0xf2, 0x93, 0x45, 0x50,
    0x07, 0x37, 0x34, 0xe0, 0x18, 0x69, 0x5b, 0xb3, 0x62, 0x44, 0x4f, 0xfa,
    0x14, 0x55, 0x3b, 0xb8, 0xdc, 0x02, 0x35, 0x0b, 0x56, 0x1a, 0x2b, 0x00,
    0x44, 0xd8, 0x4d, 0xd4, 0xc6, 0xb9, 0x2f, 0xdf, 0x05, 0x11, 0xbc, 0x8e,
    0x20, 0xe2, 0xff, 0xd0, 0xe4, 0xfd, 0x36, 0xf1, 0xd0, 0xb0, 0xae, 0x0a,
    0xd2, 0xdf, 0xdb, 0x36, 0xa2, 0x29, 0xe1, 0x24, 0xa4, 0xd5, 0x4e, 0x59,
    0x7f, 0xca, 0xe6, 0x05, 0x27, 0x4a, 0xd9, 0x12, 0xd9, 0xef, 0x7f, 0xfc,
    0x1d, 0xc0, 0xe6, 0x4f, 0xb2, 0xdf, 0xb5, 0xa7, 0x00, 0xba, 0xf5, 0x3b,
    0x04, 0xc3, 0x16, 0x3e, 0xfb, 0xec, 0xd2, 0xc9, 0xe3, 0xe7, 0x11, 0x5a,
    0xd5, 0xe3, 0xe3, 0x32, 0xc8, 0x0c, 0x31, 0xdc, 0xab, 0xea, 0xe1, 0x52,
    0x17, 0x62, 0xe6, 0x24, 0xbe, 0xd0, 0x2a, 0xfb, 0xba, 0x39, 0xff, 0x39,
    0xf1, 0x3e, 0xc4, 0x20, 0x22, 0xf7, 0xbf, 0x96, 0x52, 0xd0, 0x78, 0x1a,
    0xdd, 0xdc, 0x6b, 0x47, 0x9a, 0xc8, 0xa3, 0xf2, 0xe4, 0x06, 0xcf, 0x5e,
    0x22, 0x12, 0x58, 0x10, 0x0c, 0x13, 0x9a, 0xc2, 0xe1, 0xe7, 0xe9, 0xec,
    0xef, 0x02, 0xb2, 0x27, 0xed, 0x62, 0x28, 0x7f, 0x84, 0x49, 0xf5, 0xc0,
    0x4f, 0x3b, 0x0b, 0x3a, 0x5b, 0x5c, 0xfa, 0xd0, 0xd7, 0xe3, 0xc8, 0x32,
    0x55, 0xe4, 0x40, 0x38, 0x94, 0xe5, 0xcf, 0x0f, 0x3e, 0xfe, 0xd6, 0x45,
    0xdc, 0x42, 0xdb, 0x81, 0xff, 0xcc, 0xb8, 0xdc, 0xed, 0x04, 0x20, 0x4a,
    0xad, 0x2f, 0x07, 0xa8, 0x10, 0x04, 0x53, 0xf2, 0x05, 0x0a, 0x1e, 0xd6,
    0xed, 0xea, 0xdc, 0xe8, 0xcd, 0xfa, 0xce, 0x18, 0x43, 0xe9, 0xd4, 0xcd,
    0x00, 0xf5, 0xf3, 0xf9, 0xb8, 0xe0, 0xa6, 0xcc, 0x01, 0x3e, 0xa4, 0x26,
    0xb1, 0x88, 0x2b, 0x45, 0xf2, 0x27, 0xc1, 0xe4, 0xcd, 0x29, 0x81, 0x01,
    0x44, 0xf4, 0xbf, 0xd7, 0xa4, 0xc3, 0x0f, 0x2e, 0x50, 0x50, 0x03, 0xd7,
    0xb0, 0x5c, 0xcc, 0x08, 0xc5, 0x4a, 0xb1, 0x05, 0xf8, 0xf8, 0x30, 0xee,
    0xe0, 0xe9, 0xc9, 0xd6, 0x12, 0xf0, 0xca, 0xe2, 0xe7, 0x43, 0xda, 0xef,
    0xdd, 0xdf, 0x26, 0x0c, 0x1c, 0xd4, 0x18, 0x19, 0xef, 0x11, 0xf5, 0x00,
    0x0f, 0xc5, 0xe6, 0xec, 0x2c, 0x2f, 0x1a, 0x18, 0x0d, 0xfe, 0xb7, 0xb5,
    0x83, 0xf0, 0x46, 0x5a, 0xdf, 0x19, 0xf5, 0xd0, 0x2a, 0x2f, 0xbe, 0xe3,
    0x39, 0x57, 0x20, 0x30, 0xbc, 0xf2, 0x05, 0x28, 0xf1, 0x1d, 0xc7, 0x81,
    0x23, 0x26, 0xe7, 0xf0, 0x45, 0x4f, 0x31, 0xf1, 0x3a, 0x83, 0xe6, 0x17,
    0x3b, 0x03, 0xd6, 0xac, 0x34, 0x0c, 0x53, 0x23, 0x23, 0xfd, 0xef, 0xff,
    0x61, 0xc0, 0x2d, 0xcb, 0xe6, 0xe1, 0x4c, 0xbe, 0x2e, 0xfd, 0x3f, 0x54,
    0xd9, 0x17, 0x5b, 0x4b, 0xa8, 0xeb, 0x8b, 0xc3, 0x02, 0xfe, 0x35, 0x46,
    0xf6, 0xff, 0x1c, 0xdf, 0x33, 0xce, 0x09, 0xc3, 0xb2, 0x2c, 0xae, 0xee,
    0xde, 0xd5, 0x3c, 0xe2, 0x48, 0x48, 0xfa, 0xa6, 0xed, 0xec, 0xe8, 0xc1,
    0x43, 0x02, 0xea, 0x39, 0xa4, 0xe2, 0xcb, 0x47, 0x25, 0x7f, 0x14, 0x61,
    0x1f, 0x6b, 0x09, 0xcd, 0x26, 0x28, 0xbc, 0xf1, 0x15, 0xb9, 0x2e, 0xad,
    0x28, 0xd6, 0x18, 0x54, 0x19, 0xc6, 0x4c, 0x41, 0xdf, 0xd8, 0x3c, 0x0b,
    0xed, 0x0a, 0x29, 0xe6, 0x13, 0x50, 0x07, 0x1e, 0x30, 0xff, 0xee, 0x31,
    0x3c, 0x7e, 0x34, 0xeb, 0xd8, 0xba, 0xf4, 0x1b, 0x81, 0xec, 0x51, 0xca,
    0x09, 0xd4, 0x92, 0x40, 0x01, 0x28, 0x40, 0x28, 0x8a, 0x54, 0xf9, 0xb9,
    0xbe, 0x47, 0x18, 0xda, 0xa7, 0xa4, 0xf0, 0x99, 0xbe, 0xfe, 0xf2, 0x48,
    0xff, 0x3a, 0xde, 0xea, 0xc3, 0x11, 0xe8, 0xe6, 0x3c, 0xc2, 0x2e, 0x96,
    0x81, 0x73, 0xd2, 0xd8, 0xf4, 0xf9, 0x38, 0xfd, 0x51, 0x09, 0x35, 0x58,
    0xc9, 0x2b, 0xca, 0xdb, 0x22, 0xff, 0xc0, 0xec, 0xf2, 0x0a, 0x09, 0x14,
    0xe4, 0xed, 0x12, 0xe8, 0x23, 0xce, 0xac, 0x0b, 0x4a, 0xc3, 0x3f, 0x2a,
    0xeb, 0xf5, 0x5f, 0x6a, 0xbc, 0xf3, 0x56, 0xfd, 0x05, 0xef, 0xe5, 0xd6,
    0x1c, 0x1f, 0x9c, 0x19, 0x9b, 0xd4, 0x16, 0x21, 0x29, 0xa6, 0xc6, 0xc9,
    0x28, 0x05, 0xd3, 0xe0, 0xc7, 0x01, 0x00, 0xe1, 0xf8, 0xe3, 0x00, 0x25,
    0x81, 0xda, 0xdf, 0x16, 0xd2, 0x2d, 0x96, 0x07, 0x4a, 0x0e, 0xe5, 0x47,
    0x0a, 0xd7, 0x38, 0x1b, 0x26, 0x24, 0x24, 0xf1, 0xea, 0xc7, 0x30, 0xea,
    0x9c, 0xac, 0x09, 0x13, 0xb3, 0x32, 0xfd, 0x3f, 0xa9, 0xfd, 0x50, 0xcf,
    0x2e, 0x4b, 0x01, 0xfb, 0x5d, 0x07, 0x73, 0xf0, 0x9a, 0x17, 0x2b, 0xd1,
    0xfb, 0xaa, 0x31, 0x39, 0x02, 0xb0, 0x1a, 0x26, 0xd9, 0xfe, 0x1f, 0xdd,
    0x0c, 0x10, 0x24, 0x8b, 0xc9, 0xfa, 0x34, 0x26, 0x57, 0x6e, 0x58, 0x8b,
    0xac, 0xce, 0xdc, 0x5f, 0xde, 0x0f, 0x34, 0xfe, 0xf3, 0x81, 0xa1, 0x3c,
    0xc3, 0xc1, 0xde, 0xd9, 0x0e, 0xc2, 0xd2, 0x0a, 0xed, 0x06, 0xd1, 0x07,
    0xf1, 0x20, 0x0c, 0x47, 0x1d, 0xee, 0xb3, 0x55, 0xf4, 0xd3, 0xcc, 0xfd,
    0x77, 0x16, 0xe1, 0xd2, 0x6a, 0x1b, 0x0c, 0x07, 0x2e, 0xed, 0xf9, 0x81,
    0xe6, 0xe9, 0xe9, 0x0c, 0x36, 0x41, 0xc2, 0xac, 0x1d, 0xfd, 0x47, 0xcb,
    0x09, 0x56, 0x70, 0x19, 0xd5, 0x71, 0x30, 0xb3, 0x97, 0x79, 0x01, 0xf9,
    0x2f, 0x5b, 0x1a, 0x1c, 0xf0, 0x8f, 0xa9, 0xbb, 0x42, 0x36, 0x31, 0x04,
    0xfe, 0xf0, 0x0c, 0x6d, 0x03, 0xab, 0x20, 0x1d, 0xf6, 0x3a, 0xbc, 0x59,
    0x38, 0x01, 0x3e, 0x48, 0x1f, 0x13, 0x3f, 0x44, 0x8d, 0xc0, 0x00, 0xd6,
    0xfe, 0xde, 0xb3, 0xd6, 0x4d, 0xed, 0xdc, 0xce, 0x81, 0x35, 0xac, 0xb7,
    0x02, 0x03, 0xe6, 0x63, 0xd2, 0x6b, 0xd9, 0xb6, 0xe1, 0x1a, 0x26, 0xec,
    0x55, 0x0b, 0x0a, 0x04, 0x9b, 0xaa, 0x8c, 0x8a, 0x6a, 0x75, 0xfd, 0x34,
    0x17, 0x0c, 0x2b, 0xd8, 0x9d, 0x59, 0x25, 0xf2, 0x54, 0x27, 0xa2, 0x0f,
    0x58, 0x2a, 0xde, 0x2b, 0xfc, 0xc8, 0x11, 0xe3, 0x58, 0x15, 0xce, 0xaf,
    0x48, 0x43, 0x32, 0xc3, 0x25, 0x02, 0x6e, 0x59, 0x44, 0x23, 0xc1, 0x68,
    0x71, 0xcc, 0x92, 0xdd, 0x3b, 0x26, 0xd8, 0x63, 0x26, 0xa9, 0xd2, 0xdb,
    0x79, 0xe3, 0x7f, 0x18, 0xb7, 0x2c, 0x2b, 0x32, 0x9c, 0x1c, 0xc8, 0x01,
    0x38, 0xc3, 0x25, 0x8b, 0x1e, 0xe7, 0x2e, 0xf5, 0xd8, 0xd5, 0xe0, 0xaa,
    0xdb, 0x63, 0x1c, 0xb2, 0xb6, 0xdd, 0x49, 0xd4, 0xc2, 0x3c, 0xfb, 0xb7,
    0x5b, 0x43, 0x0e, 0xce, 0x68, 0xbe, 0xfb, 0xbc, 0xf3, 0x22, 0xe5, 0xdd,
    0x06, 0x46, 0xe1, 0xb8, 0xa1, 0x0a, 0x28, 0x2f, 0xea, 0xaf, 0x19, 0x13,
    0xeb, 0xc5, 0x39, 0xd2, 0x29, 0xf5, 0x45, 0x7f, 0xb4, 0xdf, 0xfd, 0x0d,
    0x00, 0x46, 0x10, 0x1b, 0xd3, 0x4c, 0x24, 0xb7, 0x59, 0xf3, 0xcc, 0x1c,
    0xaa, 0x55, 0xf5, 0x81, 0x8c, 0xf7, 0x17, 0xcb, 0x0f, 0xf0, 0x22, 0xdc,
    0x86, 0xc9, 0xde, 0xb8, 0xb8, 0xb9, 0xc8, 0xae, 0xc7, 0xeb, 0x66, 0xd0,
    0xd3, 0x0c, 0x5b, 0x20, 0x66, 0xc8, 0x16, 0x33, 0x30, 0x00, 0xe8, 0xec,
    0xa8, 0x88, 0xfe, 0xad, 0x3f, 0x66, 0xfb, 0x60, 0x18, 0xf2, 0xe3, 0x29,
    0xb7, 0xe5, 0xb3, 0xd0, 0x88, 0x3a, 0xde, 0xec, 0xe7, 0x04, 0xf4, 0xc9,
    0xd5, 0x52, 0x39, 0xb6, 0xb1, 0x00, 0x59, 0x55, 0xc5, 0xd9, 0xbf, 0x30,
    0xaf, 0x0b, 0xd0, 0xa4, 0xb3, 0x17, 0x05, 0x07, 0xd9, 0xdc, 0xae, 0x00,
    0xd2, 0xa7, 0xc8, 0xf7, 0xdd, 0xe8, 0x15, 0xf4, 0x08, 0x11, 0x58, 0x11,
    0x81, 0x86, 0x1e, 0x56, 0x28, 0x29, 0xf4, 0x54, 0xf7, 0x0d, 0x14, 0x2a,
    0x44, 0x46, 0x05, 0xf0, 0xfa, 0xe4, 0xbd, 0x1a, 0xda, 0x29, 0xdf, 0xb3,
    0xa8, 0x0e, 0x40, 0xea, 0x1f, 0xb6, 0x91, 0x14, 0x29, 0x3a, 0x7f, 0x1b,
    0x86, 0xf2, 0xf0, 0x00, 0xea, 0xdb, 0xe2, 0xed, 0x4a, 0x17, 0xc0, 0xee,
    0xfd, 0x0e, 0x1a, 0x03, 0x20, 0x4b, 0x0c, 0x0f, 0xf7, 0xbf, 0x10, 0x19,
    0xe9, 0xf7, 0xcf, 0x3b, 0xdd, 0x31, 0x19, 0x08, 0xa2, 0x38, 0xe5, 0xc4,
    0xcd, 0xc7, 0xb8, 0x03, 0x92, 0xe3, 0x47, 0x1f, 0xbb, 0xe7, 0xbe, 0xca,
    0xda, 0x18, 0x15, 0xa3, 0xed, 0x1d, 0x2e, 0x50, 0x10, 0x4c, 0x11, 0x00,
    0xcf, 0xf0, 0x13, 0xd0, 0x14, 0xeb, 0xec, 0x23, 0x18, 0x1d, 0x41, 0xf4,
    0x09, 0xb3, 0xe7, 0xd7, 0x2f, 0x04, 0x2a, 0xdd, 0x37, 0xae, 0x4d, 0x3c,
    0x81, 0xda, 0x10, 0x2c, 0xdc, 0x66, 0x4d, 0xec, 0x15, 0x3f, 0xb9, 0xfc,
    0xee, 0x04, 0x23, 0x3a, 0x4a, 0x3e, 0x02, 0xc3, 0xfa, 0xf3, 0x2a, 0xef,
    0x15, 0x24, 0x5a, 0xc6, 0xb4, 0x3f, 0x12, 0x20, 0x3e, 0x0e, 0x21, 0x81,
    0x16, 0xed, 0xdf, 0x11, 0x0f, 0x1d, 0xcd, 0xe7, 0x19, 0x1f, 0x05, 0xf5,
    0xf1, 0xc4, 0xcc, 0xca, 0xe6, 0x01, 0x10, 0x4a, 0xd2, 0x1b, 0x26, 0x26,
    0x0e, 0x44, 0x14, 0xf8, 0xb2, 0x09, 0x62, 0xd6, 0x41, 0x3a, 0xfb, 0x37,
    0xf1, 0x47, 0x35, 0x2e, 0x10, 0x01, 0xad, 0x2c, 0x06, 0x47, 0x31, 0x19,
    0x73, 0x11, 0xdf, 0x45, 0xaf, 0xac, 0xd9, 0x09, 0x0f, 0x1b, 0x7c, 0xfb,
    0xdd, 0x3f, 0x57, 0xf9, 0x5d, 0x51, 0xce, 0x27, 0x8d, 0xb7, 0x7c, 0xd2,
    0x58, 0xea, 0xac, 0x77, 0xf5, 0xaa, 0xf1, 0x7f, 0xcd, 0x27, 0xee, 0xe5,
    0x59, 0x24, 0x56, 0xda, 0x2a, 0x4e, 0x47, 0xcb, 0xda, 0x4f, 0xcc, 0xbb,
    0xe5, 0xe1, 0x56, 0x18, 0x24, 0x2e, 0x08, 0xdc, 0xe9, 0x11, 0xba, 0x4f,
    0xf5, 0x1f, 0xa9, 0x15, 0xb5, 0x4f, 0x25, 0x00, 0xc4, 0xaa, 0xb6, 0xf9,
    0x7f, 0xd0, 0x09, 0x5b, 0x23, 0x24, 0xd2, 0xce, 0x4b, 0x06, 0x5f, 0x1c,
    0x67, 0xfe, 0x2c, 0x3a, 0xac, 0x2c, 0x36, 0xf0, 0x29, 0xd1, 0x0b, 0xc5,
    0x28, 0xd4, 0x33, 0xcc, 0xbf, 0x22, 0x4d, 0xdd, 0x32, 0xf0, 0x3d, 0x0c,
    0xe5, 0xd3, 0xd5, 0x1d, 0xf2, 0xfe, 0xc5, 0xbf, 0x0a, 0x4a, 0x0c, 0x34,
    0x77, 0xf4, 0xa6, 0x0b, 0x37, 0xb5, 0xe4, 0x0d, 0xc3, 0x21, 0xa0, 0x2d,
    0xa3, 0x1d, 0x3a, 0x11, 0xd6, 0x40, 0xf0, 0x43, 0xbe, 0xce, 0x04, 0x24,
    0xcc, 0x2a, 0xdc, 0xf7, 0xfa, 0x0e, 0xd2, 0x48, 0x5c, 0x7f, 0x36, 0x10,
    0x4d, 0xf3, 0x0a, 0x1d, 0x23, 0xaa, 0xd1, 0xcf, 0x5d, 0x17, 0xdb, 0x0d,
    0xcf, 0x59, 0x12, 0x03, 0x3c, 0xeb, 0xb6, 0xf2, 0x1b, 0xcc, 0xf6, 0xf6,
    0x7f, 0x2d, 0x02, 0xff, 0x05, 0x50, 0x02, 0xc2, 0xdd, 0xff, 0xfc, 0xba,
    0xef, 0xa7, 0xec, 0xea, 0x01, 0x24, 0x62, 0xfb, 0xc2, 0x14, 0x49, 0xef,
    0x20, 0x3d, 0xf9, 0x0f, 0xd9, 0xec, 0xe9, 0xf1, 0xd3, 0xd2, 0x07, 0x25,
    0x6a, 0xad, 0x38, 0x09, 0xcf, 0xde, 0x05, 0x15, 0xb0, 0xd0, 0xdb, 0xa1,
    0x28, 0x0d, 0x10, 0x17, 0x20, 0xf0, 0x11, 0xf1, 0x0e, 0xf7, 0x1c, 0xca,
    0xf9, 0x35, 0xc2, 0xb0, 0xd3, 0xd4, 0xaf, 0xf4, 0x79, 0x9e, 0x19, 0x35,
    0x11, 0xfe, 0xfb, 0xa9, 0x57, 0x9d, 0x4b, 0xd0, 0x24, 0xd5, 0xee, 0xcf,
    0x12, 0x04, 0x3b, 0x58, 0x24, 0x11, 0xa4, 0x34, 0x57, 0x28, 0x35, 0xfc,
    0x81, 0xb2, 0xfc, 0x48, 0x0e, 0x47, 0x3f, 0x4d, 0x08, 0x18, 0x13, 0xe8,
    0xfa, 0x30, 0xda, 0xc7, 0xd7, 0xc2, 0x4d, 0xeb, 0xe6, 0xdc, 0x48, 0x1e,
    0x0f, 0x14, 0x3b, 0xd7, 0x1e, 0x04, 0x51, 0xe9, 0x55, 0x57, 0xce, 0xb2,
    0xd8, 0xaf, 0xec, 0x3e, 0x5f, 0xf5, 0x2f, 0xfa, 0x17, 0xf3, 0x16, 0xb9,
    0x18, 0xf3, 0x1a, 0x56, 0xce, 0xcf, 0x50, 0xbd, 0x4e, 0x29, 0xe9, 0x1e,
    0xa8, 0x81, 0x4f, 0xfa, 0xd6, 0x30, 0xcc, 0x21, 0xe2, 0xfc, 0x13, 0x12,
    0xf3, 0xbe, 0x8b, 0xa3, 0x25, 0x5a, 0xba, 0x16, 0xce, 0xa6, 0xb7, 0x81,
    0xf2, 0x3d, 0x01, 0xd0, 0xb4, 0xc6, 0xf4, 0x46, 0x3f, 0x4c, 0x0e, 0x1e,
    0xe8, 0xf4, 0xef, 0xac, 0x60, 0xb3, 0xc9, 0xfd, 0xf4, 0x71, 0xc2, 0x48,
    0xf7, 0x1e, 0x50, 0xa3, 0x22, 0x41, 0x1c, 0xad, 0x0a, 0xe4, 0xe7, 0xe0,
    0xb0, 0xe7, 0x3c, 0x20, 0xda, 0x7f, 0xe9, 0xe3, 0xfd, 0x23, 0x0b, 0x3d,
    0xbb, 0xa9, 0x28, 0xe4, 0xd7, 0xfb, 0xcf, 0x16, 0x2f, 0xec, 0xf7, 0xab,
    0xd7, 0xef, 0x40, 0x13, 0x1a, 0xd3, 0x52, 0x03, 0xcc, 0x19, 0xcd, 0xa4,
    0x7f, 0xaf, 0x2d, 0xfd, 0x42, 0xe2, 0x39, 0xd2, 0x26, 0xd6, 0x0e, 0xb0,
    0x0d, 0x3e, 0x4f, 0xe9, 0xf7, 0x1c, 0x1e, 0xfb, 0xdf, 0xbd, 0xf2, 0x9a,
    0x94, 0xcd, 0x4a, 0x56, 0xcf, 0x77, 0x23, 0x3b, 0xad, 0x0f, 0xbf, 0xea,
    0xf2, 0xc1, 0x3c, 0x4d, 0x81, 0xdc, 0xdb, 0x03, 0x43, 0x9c, 0x0f, 0x0d,
    0xf4, 0x22, 0x28, 0x60, 0x2f, 0xc4, 0xf8, 0xb1, 0x0e, 0x27, 0xc0, 0x11,
    0xe3, 0xed, 0x3d, 0xf1, 0x16, 0xe4, 0x09, 0xc6, 0xd5, 0x2a, 0xe3, 0xda,
    0x70, 0xcc, 0xf4, 0xd7, 0xf5, 0x4d, 0x40, 0x31, 0x24, 0x3c, 0xe5, 0x06,
    0x05, 0x14, 0xdd, 0xcf, 0x4c, 0xdb, 0xbf, 0xee, 0x7f, 0x45, 0xdd, 0x27,
    0xe6, 0x17, 0xe3, 0x7b, 0x44, 0x85, 0x1a, 0xfd, 0xb2, 0xfd, 0x29, 0xdd,
    0xd8, 0x6e, 0xd5, 0x3b, 0x6a, 0xa3, 0x34, 0xac, 0x1e, 0xbb, 0xdd, 0x28,
    0xed, 0x90, 0x5b, 0x08, 0x4d, 0x1c, 0x21, 0xff, 0x11, 0xae, 0xf5, 0x29,
    0x4d, 0xec, 0x9e, 0x07, 0x66, 0xe9, 0xfc, 0x49, 0xf0, 0x2a, 0x02, 0x11,
    0x0d, 0x12, 0x39, 0x41, 0xdc, 0xcf, 0xe0, 0x12, 0x7d, 0x22, 0x41, 0x1b,
    0xb3, 0xf5, 0xf5, 0x69, 0xe7, 0x02, 0x03, 0xde, 0x3d, 0xd6, 0xd1, 0x2d,
    0xf8, 0xf5, 0x53, 0xee, 0x81, 0x2a, 0x04, 0x58, 0xea, 0xf0, 0xbb, 0xac,
    0xf4, 0x3c, 0xd8, 0x38, 0x4e, 0x55, 0x20, 0xec, 0x06, 0xd9, 0x3f, 0x1b,
    0x25, 0xc1, 0xb6, 0x3b, 0xb5, 0xe8, 0x66, 0xe3, 0xc3, 0x0b, 0xe6, 0x3d,
    0x4f, 0x76, 0x61, 0xd2, 0x35, 0x30, 0x37, 0x0f, 0xa6, 0xc6, 0x11, 0xd6,
    0xf0, 0xe9, 0xa7, 0xdc, 0xd4, 0xfa, 0x3b, 0xe5, 0x34, 0xf7, 0x05, 0x05,
    0x26, 0x6a, 0x0d, 0xe3, 0x26, 0xfa, 0x32, 0x11, 0x5d, 0xe2, 0x94, 0x43,
    0x81, 0x2c, 0x8c, 0x39, 0xaf, 0x26, 0xc8, 0xaa, 0x7d, 0xd4, 0xc5, 0x1a,
    0xe8, 0x59, 0xee, 0x4f, 0xa6, 0x0b, 0xa8, 0x5f, 0x0a, 0xca, 0x4d, 0xf2,
    0xc1, 0xa4, 0x46, 0xd7, 0xf3, 0xe3, 0x0c, 0x27, 0xc6, 0xef, 0xa2, 0x20,
    0x23, 0x43, 0x81, 0x59, 0x10, 0xed, 0x32, 0xb7, 0x07, 0x02, 0x00, 0xae,
    0xc3, 0x39, 0xdc, 0x8e, 0x27, 0xdb, 0x25, 0x38, 0x24, 0x08, 0xdd, 0x78,
    0xd2, 0x0d, 0xa6, 0xbd, 0xf4, 0xa8, 0xdb, 0xb8, 0x2d, 0x7c, 0xed, 0xaf,
    0xc1, 0x10, 0xe0, 0x1b, 0xc1, 0x12, 0xd0, 0x14, 0x35, 0xe6, 0x40, 0xf3,
    0xc9, 0xc7, 0x30, 0x31, 0xe6, 0x48, 0xf7, 0xf0, 0x33, 0xcf, 0xdf, 0xf2,
    0xf6, 0x03, 0x4d, 0x2e, 0xb6, 0xc5, 0xfc, 0xea, 0x49, 0x4c, 0x13, 0x3b,
    0x69, 0x32, 0xf0, 0x41, 0xe9, 0xf9, 0xe9, 0x36, 0xcb, 0xd0, 0x24, 0xf7,
    0x21, 0xee, 0x14, 0xf8, 0xc5, 0x15, 0xe2, 0xf1, 0x96, 0x3e, 0x32, 0x07,
    0x52, 0xc6, 0xb4, 0x01, 0xd8, 0x28, 0x7f, 0x0c, 0xf5, 0xd8, 0xb6, 0x24,
    0x31, 0x31, 0xe9, 0xb3, 0xbc, 0x0f, 0x1e, 0x0a, 0x9a, 0xed, 0x81, 0xfc,
    0xe1, 0x40, 0x81, 0x1a, 0xb2, 0x3a, 0x5a, 0xf2, 0xcc, 0x11, 0xaf, 0x11,
    0xcc, 0x36, 0x43, 0x0d, 0xff, 0x43, 0xd8, 0xc6, 0x2b, 0xc9, 0xe1, 0xea,
    0xd1, 0x29, 0x05, 0x36, 0xf1, 0xfb, 0xbb, 0xc2, 0x4a, 0x21, 0xee, 0x3a,
    0xc2, 0xd1, 0xfe, 0x2b, 0xc4, 0x33, 0xe2, 0xdf, 0x2a, 0x0e, 0xcc, 0x2b,
    0x21, 0x12, 0x0c, 0xcd, 0x2d, 0x5f, 0x32, 0xdc, 0xfd, 0x0c, 0x3b, 0x38,
    0xc9, 0x34, 0xf5, 0x42, 0x05, 0xeb, 0xad, 0xf2, 0xec, 0x23, 0x03, 0x4e,
    0x46, 0xef, 0x42, 0x4c, 0x3a, 0xf5, 0xc4, 0x0e, 0xdc, 0xfa, 0xdf, 0x41,
    0x01, 0x2f, 0xd2, 0xca, 0x18, 0x5a, 0xf0, 0xe4, 0x81, 0xd6, 0x12, 0xaa,
    0x61, 0xb6, 0xdf, 0xdf, 0xb4, 0xd5, 0xd2, 0xd5, 0x02, 0x3d, 0x9e, 0x08,
    0x24, 0x18, 0xda, 0x57, 0xdf, 0xa2, 0xfd, 0x08, 0xc8, 0xf6, 0xf5, 0x19,
    0xe0, 0x21, 0x39, 0xb2, 0x04, 0xc1, 0x2b, 0xe1, 0xd9, 0x08, 0x1b, 0x4e,
    0x81, 0x56, 0x19, 0x95, 0xfb, 0xd2, 0x06, 0xbd, 0xce, 0x04, 0x0b, 0x21,
    0x4d, 0xff, 0xb7, 0x2e, 0x4c, 0x17, 0x3f, 0xf9, 0x5b, 0x03, 0x59, 0x61,
    0x27, 0x1d, 0x28, 0xc9, 0xc0, 0xee, 0x33, 0xa1, 0x30, 0x3a, 0xc1, 0x28,
    0xb8, 0xb2, 0xfc, 0xd8, 0xdf, 0x46, 0xdb, 0x0c, 0xea, 0x64, 0xe7, 0xe4,
    0xa2, 0xba, 0xd9, 0xba, 0xce, 0x31, 0x12, 0xb5, 0x35, 0xe6, 0xb3, 0xcd,
    0x8b, 0x23, 0x45, 0x87, 0x81, 0x26, 0x34, 0x19, 0x56, 0xfe, 0xfc, 0x4b,
    0xa0, 0x0b, 0xad, 0xb1, 0x78, 0xc2, 0x03, 0xda, 0x3f, 0x29, 0xba, 0xf7,
    0xc6, 0x41, 0xe5, 0xb7, 0xcc, 0xf3, 0x40, 0xaf, 0x12, 0x4b, 0xde, 0x41,
    0x93, 0x08, 0x21, 0xfb, 0x67, 0x38, 0xc4, 0xbc, 0x0b, 0x0c, 0x79, 0xa3,
    0x98, 0xc1, 0xef, 0x1b, 0xc4, 0x3f, 0xf9, 0x4b, 0x5c, 0xf6, 0xb7, 0x62,
    0xec, 0xf1, 0x3d, 0x7f, 0x20, 0x4a, 0x9b, 0xc8, 0x45, 0xd0, 0xd5, 0x1a,
    0xc8, 0x63, 0x78, 0xa1, 0xcb, 0x4e, 0x15, 0xb1, 0xb0, 0x11, 0x0a, 0x29,
    0xf6, 0xbf, 0xa8, 0xfd, 0xad, 0x05, 0x9d, 0x06, 0xcf, 0x03, 0xe0, 0x98,
    0xb0, 0x02, 0xff, 0x3c, 0xfd, 0xca, 0xcf, 0x8f, 0x3d, 0x07, 0x1f, 0xcc,
    0xcf, 0x07, 0x1a, 0xe0, 0xc3, 0xcd, 0xd8, 0x10, 0xd2, 0x37, 0x0c, 0x50,
    0x5a, 0x27, 0x47, 0xa8, 0x3a, 0x36, 0xc8, 0xd5, 0xfd, 0x14, 0xf9, 0x81,
    0x6d, 0x2f, 0x4d, 0xe5, 0xe2, 0x42, 0x3d, 0x2b, 0xd0, 0x11, 0x52, 0x01,
    0x0d, 0xe4, 0x65, 0x65, 0x3e, 0x74, 0x22, 0x10, 0x8c, 0xc3, 0x43, 0xd5,
    0xf4, 0x25, 0x34, 0x09, 0xfd, 0x11, 0xaa, 0xd1, 0xb7, 0xe1, 0x95, 0xfa,
    0xdb, 0xc5, 0x07, 0xdc, 0x32, 0xd5, 0x5a, 0xc9, 0x33, 0x1f, 0xa1, 0xfa,
    0x81, 0x26, 0x3b, 0x13, 0xe3, 0x23, 0xaf, 0x37, 0x31, 0x3e, 0xf8, 0x16,
    0xa5, 0xf9, 0x8a, 0x13, 0xd2, 0xc6, 0x0e, 0xac, 0x0e, 0xff, 0x3c, 0x27,
    0xd9, 0x3b, 0xce, 0x1b, 0x42, 0x29, 0x41, 0xbd, 0xfe, 0xcb, 0x2a, 0x4e,
    0xfc, 0x06, 0xf6, 0x0c, 0x12, 0xad, 0x26, 0xe5, 0x4a, 0x3b, 0xff, 0x10,
    0x33, 0xc9, 0xe9, 0x25, 0x81, 0xda, 0x07, 0xd3, 0x31, 0x17, 0xfa, 0x13,
    0xf3, 0x14, 0xe1, 0x2c, 0x5d, 0xff, 0x06, 0xcb, 0xed, 0xee, 0x10, 0x30,
    0xfe, 0x26, 0x3a, 0xe8, 0x3d, 0xc2, 0xeb, 0xac, 0xa0, 0xcc, 0x43, 0xdb,
    0x2e, 0x0f, 0x9a, 0xed, 0xe4, 0x09, 0xe4, 0x41, 0xf1, 0xda, 0xe4, 0xd9,
    0xe0, 0x39, 0xde, 0xe9, 0xce, 0x14, 0xfc, 0x9c, 0xc7, 0x40, 0xd5, 0x2e,
    0x47, 0xdb, 0x9f, 0xf2, 0x63, 0x1b, 0xd9, 0xf1, 0x46, 0xff, 0xbe, 0xe8,
    0x81, 0x20, 0x33, 0xef, 0xde, 0xce, 0x24, 0x31, 0x66, 0xfe, 0x0a, 0x32,
    0x39, 0xd7, 0xe8, 0xdf, 0xc7, 0xc7, 0xf5, 0x3d, 0x1c, 0xdb, 0x4d, 0x30,
    0x26, 0x06, 0x49, 0xe5, 0x4b, 0xf4, 0x28, 0x02, 0x0b, 0xf0, 0x19, 0xf3,
    0x0f, 0xd1, 0x0c, 0xcb, 0xbc, 0x18, 0x2c, 0xda, 0xd1, 0xd6, 0x54, 0xe2,
    0x3e, 0xbe, 0xa4, 0x71, 0x06, 0xcf, 0x46, 0x3c, 0x0a, 0xe1, 0xac, 0xb7,
    0xe5, 0xe9, 0x06, 0xe5, 0xf2, 0xea, 0x04, 0x2f, 0x1c, 0xd8, 0x64, 0x09,
    0x81, 0x3b, 0x0e, 0x3a, 0xf2, 0xcf, 0xd6, 0xf1, 0xbb, 0xfa, 0x2c, 0xdd,
    0xaf, 0x26, 0x32, 0x28, 0x1e, 0x0b, 0x02, 0xe1, 0x5f, 0x10, 0x0f, 0x19,
    0xfb, 0x07, 0x1c, 0xe4, 0x21, 0xfd, 0xfa, 0x03, 0xfe, 0x35, 0x97, 0xf3,
    0xba, 0x38, 0xea, 0x07, 0x4c, 0xaf, 0x05, 0x52, 0x0d, 0x92, 0xf6, 0x81,
    0xc0, 0xe2, 0xd4, 0xe0, 0xaa, 0xce, 0x73, 0xcb, 0x16, 0xe3, 0xc9, 0x0b,
    0x42, 0xcb, 0x02, 0x5d, 0x4a, 0xdd, 0xed, 0xcc, 0xc1, 0x48, 0x91, 0xa0,
    0xb5, 0x0e, 0xf6, 0x03, 0xc3, 0xd3, 0x29, 0x96, 0x76, 0xc0, 0x1f, 0xbe,
    0xa5, 0x01, 0x11, 0xa3, 0x11, 0x5c, 0x50, 0xd3, 0x6a, 0xea, 0xff, 0xff,
    0x04, 0x00, 0x00, 0x00, 0xf0, 0x00, 0x00, 0x00, 0xef, 0x12, 0x00, 0x00,
    0x22, 0xf1, 0xff, 0xff, 0xf6, 0x19, 0x00, 0x00, 0x98, 0x01, 0x00, 0x00,
    0x96, 0xf0, 0xff, 0xff, 0xdc, 0x0b, 0x00, 0x00, 0x0b, 0xf8, 0xff, 0xff,
    0x3c, 0xeb, 0xff, 0xff, 0xc1, 0xf3, 0xff, 0xff, 0x58, 0x09, 0x00, 0x00,
    0x55, 0x11, 0x00, 0x00, 0x1c, 0xf0, 0xff, 0xff, 0x2b, 0xfc, 0xff, 0xff,
    0xb6, 0x08, 0x00, 0x00, 0x5f, 0xf1, 0xff, 0xff, 0x15, 0x13, 0x00, 0x00,
    0xdd, 0x0d, 0x00, 0x00, 0x3c, 0x15, 0x00, 0x00, 0xd3, 0xf2, 0xff, 0xff,
    0xdf, 0xf4, 0xff, 0xff, 0xad, 0xf8, 0xff, 0xff, 0xca, 0x0f, 0x00, 0x00,
    0xd5, 0x04, 0x00, 0x00, 0x1f, 0xee, 0xff, 0xff, 0x53, 0xf4, 0xff, 0xff,
    0xd4, 0xef, 0xff, 0xff, 0x8b, 0x12, 0x00, 0x00, 0x10, 0x15, 0x00, 0x00,
    0xa9, 0xfd, 0xff, 0xff, 0xf2, 0xf1, 0xff, 0xff, 0x80, 0xf9, 0xff, 0xff,
    0x62, 0xf4, 0xff, 0xff, 0x0e, 0xf6, 0xff, 0xff, 0x71, 0xdf, 0xff, 0xff,
    0x03, 0xfe, 0xff, 0xff, 0x46, 0x0b, 0x00, 0x00, 0xeb, 0xf2, 0xff, 0xff,
    0x45, 0x1e, 0x00, 0x00, 0xe1, 0x0c, 0x00, 0x00, 0x3a, 0xf4, 0xff, 0xff,
    0x0c, 0xec, 0xff, 0xff, 0xfe, 0xef, 0xff, 0xff, 0x30, 0xeb, 0xff, 0xff,
    0x15, 0xfd, 0xff, 0xff, 0x56, 0xf7, 0xff, 0xff, 0x34, 0x09, 0x00, 0x00,
    0x59, 0xf1, 0xff, 0xff, 0xfc, 0xf5, 0xff, 0xff, 0xd8, 0x0c, 0x00, 0x00,
    0xb6, 0xe9, 0xff, 0xff, 0x7e, 0x13, 0x00, 0x00, 0x77, 0xef, 0xff, 0xff,
    0xb2, 0xf1, 0xff, 0xff, 0xa5, 0xf4, 0xff, 0xff, 0x1d, 0x09, 0x00, 0x00,
    0x00, 0xee, 0xff, 0xff, 0x1b, 0xfc, 0xff, 0xff, 0x2d, 0xf0, 0xff, 0xff,
    0xc3, 0x02, 0x00, 0x00, 0xe2, 0xeb, 0xff, 0xff, 0x66, 0xeb, 0xff, 0xff,
    0x04, 0x00, 0x00, 0x00, 0x2c, 0x01, 0x00, 0x00, 0xaf, 0x2e, 0x99, 0x22,
    0x3c, 0xe3, 0x14, 0x2e, 0x4d, 0xc7, 0xd6, 0x1f, 0xbd, 0xc1, 0x32, 0xe0,
    0x9e, 0xd9, 0x46, 0x68, 0xf9, 0xaa, 0xbb, 0x23, 0x1a, 0xf9, 0xd2, 0xd2,
    0x26, 0x1f, 0x4d, 0x52, 0x3f, 0x26, 0x02, 0x00, 0x12, 0xa1, 0xf3, 0x25,
    0x25, 0x3a, 0x44, 0xaf, 0xe0, 0xec, 0xf4, 0x1b, 0xf3, 0x54, 0x9b, 0x70,
    0x5c, 0xce, 0xe0, 0xfe, 0xbc, 0x1d, 0xff, 0x32, 0xd5, 0x33, 0x9c, 0x17,
    0x3b, 0x38, 0x05, 0x4e, 0x33, 0xc6, 0xdd, 0x26, 0xf6, 0xf2, 0x1f, 0x35,
    0xde, 0xce, 0x3d, 0x37, 0x06, 0xd8, 0xd2, 0x10, 0x00, 0x29, 0xc6, 0xca,
    0xdb, 0x42, 0x19, 0x09, 0x02, 0x30, 0x1e, 0xc2, 0x3e, 0xdd, 0x13, 0xf4,
    0x4f, 0x43, 0x2a, 0xac, 0xd5, 0x0e, 0x1e, 0x12, 0xe8, 0x25, 0xd7, 0x3a,
    0x5d, 0xe1, 0xec, 0x31, 0xc7, 0xfb, 0xe5, 0x22, 0xc1, 0x22, 0xbe, 0x20,
    0x15, 0xda, 0xde, 0x47, 0xfe, 0xd4, 0xfc, 0x3d, 0xf3, 0xad, 0x10, 0xe8,
    0xff, 0xe8, 0x45, 0x3e, 0xd0, 0xe9, 0xfa, 0x19, 0x20, 0x22, 0xe2, 0x16,
    0xc6, 0xf8, 0xf2, 0x31, 0x15, 0x01, 0xb2, 0xf4, 0xf5, 0x01, 0xfd, 0xf1,
    0x20, 0x42, 0x33, 0xd1, 0xf2, 0xe4, 0xfd, 0x2f, 0xf3, 0x14, 0xe8, 0x0c,
    0x1b, 0xe8, 0xf8, 0x1b, 0x03, 0x0d, 0x01, 0x19, 0xd1, 0x13, 0x20, 0x0c,
    0x2b, 0x0b, 0xeb, 0xf7, 0x23, 0xdd, 0x1d, 0x2d, 0xe3, 0xbf, 0x47, 0xd8,
    0xe6, 0x00, 0x2b, 0x08, 0xb3, 0x16, 0xf7, 0x26, 0x1a, 0x35, 0xcc, 0xda,
    0xfb, 0xf9, 0x11, 0x1c, 0x41, 0x3c, 0xde, 0x09, 0x03, 0xec, 0xb7, 0x4a,
    0xf8, 0x01, 0xe6, 0xe9, 0xfd, 0xda, 0x3c, 0x3e, 0xd4, 0xf9, 0x0e, 0x09,
    0x11, 0x26, 0xcc, 0x32, 0x0c, 0x24, 0x7f, 0x23, 0xb7, 0x33, 0xd3, 0xc7,
    0x3b, 0xcb, 0xe6, 0x24, 0x02, 0x15, 0xe6, 0x30, 0x0d, 0xbd, 0x3b, 0xdc,
    0x28, 0xeb, 0x0d, 0x2d, 0xc6, 0xf7, 0x20, 0x55, 0x43, 0xe7, 0xa7, 0x02,
    0xb6, 0x16, 0x2e, 0x3d, 0x58, 0x39, 0xeb, 0xdb, 0xd2, 0xec, 0xb3, 0x43,
    0x18, 0x52, 0x03, 0x1e, 0xdb, 0xe0, 0x34, 0x76, 0xc8, 0x39, 0xf0, 0x12,
    0x47, 0x3f, 0xc4, 0x1e, 0x21, 0x4d, 0x43, 0x1c, 0x9e, 0xec, 0xff, 0xff,
    0x04, 0x00, 0x00, 0x00, 0x04, 0x00, 0x00, 0x00, 0x9e, 0x88, 0xff, 0xff,
    0xae, 0xec, 0xff, 0xff, 0x04, 0x00, 0x00, 0x00, 0x10, 0x00, 0x00, 0x00,
    0x00, 0x00, 0x00, 0x00, 0x01, 0x00, 0x00, 0x00, 0x00, 0x00, 0x00, 0x00,
    0x00, 0x00, 0x00, 0x00, 0xca, 0xec, 0xff, 0xff, 0x04, 0x00, 0x00, 0x00,
    0x10, 0x00, 0x00, 0x00, 0x01, 0x00, 0x00, 0x00, 0x01, 0x00, 0x00, 0x00,
    0x01, 0x00, 0x00, 0x00, 0x01, 0x00, 0x00, 0x00, 0xe6, 0xec, 0xff, 0xff,
    0x04, 0x00, 0x00, 0x00, 0x10, 0x00, 0x00, 0x00, 0x00, 0x00, 0x00, 0x00,
    0x00, 0x00, 0x00, 0x00, 0x00, 0x00, 0x00, 0x00, 0x00, 0x00, 0x00, 0x00,
    0x02, 0xed, 0xff, 0xff, 0x04, 0x00, 0x00, 0x00, 0x10, 0x00, 0x00, 0x00,
    0x00, 0x00, 0x00, 0x00, 0x03, 0x00, 0x00, 0x00, 0x00, 0x00, 0x00, 0x00,
    0x00, 0x00, 0x00, 0x00, 0x1e, 0xed, 0xff, 0xff, 0x04, 0x00, 0x00, 0x00,
    0x08, 0x00, 0x00, 0x00, 0x01, 0x00, 0x00, 0x00, 0x2c, 0x01, 0x00, 0x00,
    0x32, 0xed, 0xff, 0xff, 0x04, 0x00, 0x00, 0x00, 0x10, 0x00, 0x00, 0x00,
    0x01, 0x00, 0x00, 0x00, 0x03, 0x00, 0x00, 0x00, 0x01, 0x00, 0x00, 0x00,
    0x28, 0x00, 0x00, 0x00, 0xa4, 0xa3, 0xff, 0xff, 0xa8, 0xa3, 0xff, 0xff,
    0x0f, 0x00, 0x00, 0x00, 0x4d, 0x4c, 0x49, 0x52, 0x20, 0x43, 0x6f, 0x6e,
    0x76, 0x65, 0x72, 0x74, 0x65, 0x64, 0x2e, 0x00, 0x02, 0x00, 0x00, 0x00,
    0xec, 0x05, 0x00, 0x00, 0x04, 0x00, 0x00, 0x00, 0x2a, 0xfa, 0xff, 0xff,
    0x14, 0x00, 0x00, 0x00, 0x1c, 0x00, 0x00, 0x00, 0xb8, 0x02, 0x00, 0x00,
    0xb8, 0x02, 0x00, 0x00, 0xb8, 0x02, 0x00, 0x00, 0x04, 0x00, 0x00, 0x00,
    0x4e, 0x6f, 0x4f, 0x70, 0x00, 0x00, 0x00, 0x00, 0x0c, 0x00, 0x00, 0x00,
    0x54, 0x02, 0x00, 0x00, 0x30, 0x02, 0x00, 0x00, 0xe4, 0x01, 0x00, 0x00,
    0xc0, 0x01, 0x00, 0x00, 0x74, 0x01, 0x00, 0x00, 0x50, 0x01, 0x00, 0x00,
    0x04, 0x01, 0x00, 0x00, 0xe0, 0x00, 0x00, 0x00, 0x94, 0x00, 0x00, 0x00,
    0x70, 0x00, 0x00, 0x00, 0x28, 0x00, 0x00, 0x00, 0x04, 0x00, 0x00, 0x00,
    0xe2, 0xef, 0xff, 0xff, 0x0c, 0x00, 0x00, 0x00, 0x0c, 0x00, 0x00, 0x00,
    0x0c, 0x00, 0x00, 0x00, 0x00, 0x00, 0x00, 0x00, 0x02, 0x00, 0x00, 0x00,
    0x0b, 0x00, 0x00, 0x00, 0x00, 0x00, 0x00, 0x00, 0x6e, 0xee, 0xff, 0xff,
    0x14, 0x00, 0x00, 0x00, 0x00, 0x00, 0x00, 0x6f, 0x2c, 0x00, 0x00, 0x00,
    0x30, 0x00, 0x00, 0x00, 0x01, 0x00, 0x00, 0x00, 0x60, 0xee, 0xff, 0xff,
    0x08, 0x00, 0x00, 0x00, 0x10, 0x00, 0x00, 0x00, 0x06, 0x00, 0x00, 0x00,
    0x73, 0x74, 0x72, 0x65, 0x61, 0x6d, 0x00, 0x00, 0x00, 0x00, 0x00, 0x00,
    0x00, 0x00, 0x00, 0x00, 0x01, 0x00, 0x00, 0x00, 0x0b, 0x00, 0x00, 0x00,
    0x00, 0x00, 0x00, 0x00, 0x46, 0xf0, 0xff, 0xff, 0x0c, 0x00, 0x00, 0x00,
    0x0c, 0x00, 0x00, 0x00, 0x0c, 0x00, 0x00, 0x00, 0x00, 0x00, 0x00, 0x00,
    0x02, 0x00, 0x00, 0x00, 0x0a, 0x00, 0x00, 0x00, 0x01, 0x00, 0x00, 0x00,
    0xd2, 0xee, 0xff, 0xff, 0x14, 0x00, 0x00, 0x00, 0x00, 0x00, 0x00, 0x6f,
    0x30, 0x00, 0x00, 0x00, 0x34, 0x00, 0x00, 0x00, 0x01, 0x00, 0x00, 0x00,
    0xc4, 0xee, 0xff, 0xff, 0x08, 0x00, 0x00, 0x00, 0x14, 0x00, 0x00, 0x00,
    0x08, 0x00, 0x00, 0x00, 0x73, 0x74, 0x72, 0x65, 0x61, 0x6d, 0x5f, 0x31,
    0x00, 0x00, 0x00, 0x00, 0x00, 0x00, 0x00, 0x00, 0x00, 0x00, 0x00, 0x00,
    0x01, 0x00, 0x00, 0x00, 0x0a, 0x00, 0x00, 0x00, 0x00, 0x00, 0x00, 0x00,
    0xae, 0xf0, 0xff, 0xff, 0x0c, 0x00, 0x00, 0x00, 0x0c, 0x00, 0x00, 0x00,
    0x0c, 0x00, 0x00, 0x00, 0x00, 0x00, 0x00, 0x00, 0x02, 0x00, 0x00, 0x00,
    0x09, 0x00, 0x00, 0x00, 0x02, 0x00, 0x00, 0x00, 0x3a, 0xef, 0xff, 0xff,
    0x14, 0x00, 0x00, 0x00, 0x00, 0x00, 0x00, 0x6f, 0x30, 0x00, 0x00, 0x00,
    0x34, 0x00, 0x00, 0x00, 0x01, 0x00, 0x00, 0x00, 0x2c, 0xef, 0xff, 0xff,
    0x08, 0x00, 0x00, 0x00, 0x14, 0x00, 0x00, 0x00, 0x08, 0x00, 0x00, 0x00,
    0x73, 0x74, 0x72, 0x65, 0x61, 0x6d, 0x5f, 0x32, 0x00, 0x00, 0x00, 0x00,
    0x00, 0x00, 0x00, 0x00, 0x00, 0x00, 0x00, 0x00, 0x01, 0x00, 0x00, 0x00,
    0x09, 0x00, 0x00, 0x00, 0x00, 0x00, 0x00, 0x00, 0x16, 0xf1, 0xff, 0xff,
    0x0c, 0x00, 0x00, 0x00, 0x0c, 0x00, 0x00, 0x00, 0x0c, 0x00, 0x00, 0x00,
    0x00, 0x00, 0x00, 0x00, 0x02, 0x00, 0x00, 0x00, 0x08, 0x00, 0x00, 0x00,
    0x03, 0x00, 0x00, 0x00, 0xa2, 0xef, 0xff, 0xff, 0x14, 0x00, 0x00, 0x00,
    0x00, 0x00, 0x00, 0x6f, 0x30, 0x00, 0x00, 0x00, 0x34, 0x00, 0x00, 0x00,
    0x01, 0x00, 0x00, 0x00, 0x94, 0xef, 0xff, 0xff, 0x08, 0x00, 0x00, 0x00,
    0x14, 0x00, 0x00, 0x00, 0x08, 0x00, 0x00, 0x00, 0x73, 0x74, 0x72, 0x65,
    0x61, 0x6d, 0x5f, 0x33, 0x00, 0x00, 0x00, 0x00, 0x00, 0x00, 0x00, 0x00,
    0x00, 0x00, 0x00, 0x00, 0x01, 0x00, 0x00, 0x00, 0x08, 0x00, 0x00, 0x00,
    0x00, 0x00, 0x00, 0x00, 0x7e, 0xf1, 0xff, 0xff, 0x0c, 0x00, 0x00, 0x00,
    0x0c, 0x00, 0x00, 0x00, 0x0c, 0x00, 0x00, 0x00, 0x00, 0x00, 0x00, 0x00,
    0x02, 0x00, 0x00, 0x00, 0x07, 0x00, 0x00, 0x00, 0x04, 0x00, 0x00, 0x00,
    0x0a, 0xf0, 0xff, 0xff, 0x14, 0x00, 0x00, 0x00, 0x00, 0x00, 0x00, 0x6f,
    0x30, 0x00, 0x00, 0x00, 0x34, 0x00, 0x00, 0x00, 0x01, 0x00, 0x00, 0x00,
    0xfc, 0xef, 0xff, 0xff, 0x08, 0x00, 0x00, 0x00, 0x14, 0x00, 0x00, 0x00,
    0x08, 0x00, 0x00, 0x00, 0x73, 0x74, 0x72, 0x65, 0x61, 0x6d, 0x5f, 0x34,
    0x00, 0x00, 0x00, 0x00, 0x00, 0x00, 0x00, 0x00, 0x00, 0x00, 0x00, 0x00,
    0x01, 0x00, 0x00, 0x00, 0x07, 0x00, 0x00, 0x00, 0x00, 0x00, 0x00, 0x00,
    0xe6, 0xf1, 0xff, 0xff, 0x0c, 0x00, 0x00, 0x00, 0x0c, 0x00, 0x00, 0x00,
    0x0c, 0x00, 0x00, 0x00, 0x00, 0x00, 0x00, 0x00, 0x02, 0x00, 0x00, 0x00,
    0x06, 0x00, 0x00, 0x00, 0x05, 0x00, 0x00, 0x00, 0x72, 0xf0, 0xff, 0xff,
    0x14, 0x00, 0x00, 0x00, 0x00, 0x00, 0x00, 0x6f, 0x30, 0x00, 0x00, 0x00,
    0x34, 0x00, 0x00, 0x00, 0x01, 0x00, 0x00, 0x00, 0x64, 0xf0, 0xff, 0xff,
    0x08, 0x00, 0x00, 0x00, 0x14, 0x00, 0x00, 0x00, 0x08, 0x00, 0x00, 0x00,
    0x73, 0x74, 0x72, 0x65, 0x61, 0x6d, 0x5f, 0x35, 0x00, 0x00, 0x00, 0x00,
    0x00, 0x00, 0x00, 0x00, 0x00, 0x00, 0x00, 0x00, 0x01, 0x00, 0x00, 0x00,
    0x06, 0x00, 0x00, 0x00, 0x00, 0x00, 0x00, 0x00, 0x00, 0x00, 0x00, 0x00,
    0x00, 0x00, 0x00, 0x00, 0x0c, 0x00, 0x00, 0x00, 0xc0, 0x02, 0x00, 0x00,
    0x78, 0x02, 0x00, 0x00, 0x30, 0x02, 0x00, 0x00, 0xe8, 0x01, 0x00, 0x00,
    0x9c, 0x01, 0x00, 0x00, 0x50, 0x01, 0x00, 0x00, 0x18, 0x01, 0x00, 0x00,
    0xe0, 0x00, 0x00, 0x00, 0xa8, 0x00, 0x00, 0x00, 0x70, 0x00, 0x00, 0x00,
    0x38, 0x00, 0x00, 0x00, 0x04, 0x00, 0x00, 0x00, 0xa6, 0xa6, 0xff, 0xff,
    0x00, 0x00, 0x00, 0x01, 0x14, 0x00, 0x00, 0x00, 0x14, 0x00, 0x00, 0x00,
    0x5e, 0x00, 0x00, 0x00, 0x00, 0x00, 0x00, 0x0d, 0x14, 0x00, 0x00, 0x00,
    0xe8, 0xa6, 0xff, 0xff, 0x07, 0x00, 0x00, 0x00, 0x73, 0x74, 0x72, 0x65,
    0x61, 0x6d, 0x31, 0x00, 0x00, 0x00, 0x00, 0x00, 0xd6, 0xa6, 0xff, 0xff,
    0x00, 0x00, 0x00, 0x01, 0x14, 0x00, 0x00, 0x00, 0x14, 0x00, 0x00, 0x00,
    0x5d, 0x00, 0x00, 0x00, 0x00, 0x00, 0x00, 0x0d, 0x18, 0x00, 0x00, 0x00,
    0x18, 0xa7, 0xff, 0xff, 0x09, 0x00, 0x00, 0x00, 0x73, 0x74, 0x72, 0x65,
    0x61, 0x6d, 0x5f, 0x31, 0x31, 0x00, 0x00, 0x00, 0x00, 0x00, 0x00, 0x00,
    0x0a, 0xa7, 0xff, 0xff, 0x00, 0x00, 0x00, 0x01, 0x14, 0x00, 0x00, 0x00,
    0x14, 0x00, 0x00, 0x00, 0x5c, 0x00, 0x00, 0x00, 0x00, 0x00, 0x00, 0x0d,
    0x18, 0x00, 0x00, 0x00, 0x4c, 0xa7, 0xff, 0xff, 0x09, 0x00, 0x00, 0x00,
    0x73, 0x74, 0x72, 0x65, 0x61, 0x6d, 0x5f, 0x32, 0x31, 0x00, 0x00, 0x00,
    0x00, 0x00, 0x00, 0x00, 0x3e, 0xa7, 0xff, 0xff, 0x00, 0x00, 0x00, 0x01,
    0x14, 0x00, 0x00, 0x00, 0x14, 0x00, 0x00, 0x00, 0x5b, 0x00, 0x00, 0x00,
    0x00, 0x00, 0x00, 0x0d, 0x18, 0x00, 0x00, 0x00, 0x80, 0xa7, 0xff, 0xff,
    0x09, 0x00, 0x00, 0x00, 0x73, 0x74, 0x72, 0x65, 0x61, 0x6d, 0x5f, 0x33,
    0x31, 0x00, 0x00, 0x00, 0x00, 0x00, 0x00, 0x00, 0x72, 0xa7, 0xff, 0xff,
    0x00, 0x00, 0x00, 0x01, 0x14, 0x00, 0x00, 0x00, 0x14, 0x00, 0x00, 0x00,
    0x5a, 0x00, 0x00, 0x00, 0x00, 0x00, 0x00, 0x0d, 0x18, 0x00, 0x00, 0x00,
    0xb4, 0xa7, 0xff, 0xff, 0x09, 0x00, 0x00, 0x00, 0x73, 0x74, 0x72, 0x65,
    0x61, 0x6d, 0x5f, 0x34, 0x31, 0x00, 0x00, 0x00, 0x00, 0x00, 0x00, 0x00,
    0xa6, 0xa7, 0xff, 0xff, 0x00, 0x00, 0x00, 0x01, 0x14, 0x00, 0x00, 0x00,
    0x14, 0x00, 0x00, 0x00, 0x59, 0x00, 0x00, 0x00, 0x00, 0x00, 0x00, 0x0d,
    0x18, 0x00, 0x00, 0x00, 0xe8, 0xa7, 0xff, 0xff, 0x09, 0x00, 0x00, 0x00,
    0x73, 0x74, 0x72, 0x65, 0x61, 0x6d, 0x5f, 0x35, 0x31, 0x00, 0x00, 0x00,
    0x00, 0x00, 0x00, 0x00, 0x16, 0xdf, 0xff, 0xff, 0x00, 0x00, 0x00, 0x01,
    0x10, 0x00, 0x00, 0x00, 0x10, 0x00, 0x00, 0x00, 0x58, 0x00, 0x00, 0x00,
    0x20, 0x00, 0x00, 0x00, 0x18, 0xa8, 0xff, 0xff, 0x10, 0x00, 0x00, 0x00,
    0x61, 0x72, 0x69, 0x74, 0x68, 0x2e, 0x63, 0x6f, 0x6e, 0x73, 0x74, 0x61,
    0x6e, 0x74, 0x31, 0x31, 0x00, 0x00, 0x00, 0x00, 0x04, 0x00, 0x00, 0x00,
    0x01, 0x00, 0x00, 0x00, 0x04, 0x00, 0x00, 0x00, 0x01, 0x00, 0x00, 0x00,
    0x3c, 0x00, 0x00, 0x00, 0x5e, 0xdf, 0xff, 0xff, 0x00, 0x00, 0x00, 0x01,
    0x10, 0x00, 0x00, 0x00, 0x10, 0x00, 0x00, 0x00, 0x57, 0x00, 0x00, 0x00,
    0x20, 0x00, 0x00, 0x00, 0x60, 0xa8, 0xff, 0xff, 0x10, 0x00, 0x00, 0x00,
    0x61, 0x72, 0x69, 0x74, 0x68, 0x2e, 0x63, 0x6f, 0x6e, 0x73, 0x74, 0x61,
    0x6e, 0x74, 0x31, 0x30, 0x00, 0x00, 0x00, 0x00, 0x04, 0x00, 0x00, 0x00,
    0x01, 0x00, 0x00, 0x00, 0x03, 0x00, 0x00, 0x00, 0x01, 0x00, 0x00, 0x00,
    0x3c, 0x00, 0x00, 0x00, 0xa6, 0xdf, 0xff, 0xff, 0x00, 0x00, 0x00, 0x01,
    0x10, 0x00, 0x00, 0x00, 0x10, 0x00, 0x00, 0x00, 0x56, 0x00, 0x00, 0x00,
    0x1c, 0x00, 0x00, 0x00, 0xa8, 0xa8, 0xff, 0xff, 0x0f, 0x00, 0x00, 0x00,
    0x61, 0x72, 0x69, 0x74, 0x68, 0x2e, 0x63, 0x6f, 0x6e, 0x73, 0x74, 0x61,
    0x6e, 0x74, 0x39, 0x00, 0x04, 0x00, 0x00, 0x00, 0x01, 0x00, 0x00, 0x00,
    0x0c, 0x00, 0x00, 0x00, 0x01, 0x00, 0x00, 0x00, 0x3c, 0x00, 0x00, 0x00,
    0xea, 0xdf, 0xff, 0xff, 0x00, 0x00, 0x00, 0x01, 0x10, 0x00, 0x00, 0x00,
    0x10, 0x00, 0x00, 0x00, 0x55, 0x00, 0x00, 0x00, 0x1c, 0x00, 0x00, 0x00,
    0xec, 0xa8, 0xff, 0xff, 0x0f, 0x00, 0x00, 0x00, 0x61, 0x72, 0x69, 0x74,
    0x68, 0x2e, 0x63, 0x6f, 0x6e, 0x73, 0x74, 0x61, 0x6e, 0x74, 0x38, 0x00,
    0x04, 0x00, 0x00, 0x00, 0x01, 0x00, 0x00, 0x00, 0x08, 0x00, 0x00, 0x00,
    0x01, 0x00, 0x00, 0x00, 0x3c, 0x00, 0x00, 0x00, 0x2e, 0xe0, 0xff, 0xff,
    0x00, 0x00, 0x00, 0x01, 0x10, 0x00, 0x00, 0x00, 0x10, 0x00, 0x00, 0x00,
    0x54, 0x00, 0x00, 0x00, 0x1c, 0x00, 0x00, 0x00, 0x30, 0xa9, 0xff, 0xff,
    0x0f, 0x00, 0x00, 0x00, 0x61, 0x72, 0x69, 0x74, 0x68, 0x2e, 0x63, 0x6f,
    0x6e, 0x73, 0x74, 0x61, 0x6e, 0x74, 0x37, 0x00, 0x04, 0x00, 0x00, 0x00,
    0x01, 0x00, 0x00, 0x00, 0x04, 0x00, 0x00, 0x00, 0x01, 0x00, 0x00, 0x00,
    0x1e, 0x00, 0x00, 0x00, 0x72, 0xe0, 0xff, 0xff, 0x00, 0x00, 0x00, 0x01,
    0x10, 0x00, 0x00, 0x00, 0x10, 0x00, 0x00, 0x00, 0x53, 0x00, 0x00, 0x00,
    0x1c, 0x00, 0x00, 0x00, 0x74, 0xa9, 0xff, 0xff, 0x0f, 0x00, 0x00, 0x00,
    0x61, 0x72, 0x69, 0x74, 0x68, 0x2e, 0x63, 0x6f, 0x6e, 0x73, 0x74, 0x61,
    0x6e, 0x74, 0x36, 0x00, 0x04, 0x00, 0x00, 0x00, 0x01, 0x00, 0x00, 0x00,
    0x02, 0x00, 0x00, 0x00, 0x01, 0x00, 0x00, 0x00, 0x28, 0x00, 0x00, 0x00,
    0x00, 0x00, 0x0e, 0x00, 0x18, 0x00, 0x14, 0x00, 0x10, 0x00, 0x0c, 0x00,
    0x08, 0x00, 0x04, 0x00, 0x0e, 0x00, 0x00, 0x00, 0x14, 0x00, 0x00, 0x00,
    0x1c, 0x00, 0x00, 0x00, 0xb0, 0x0c, 0x00, 0x00, 0xb4, 0x0c, 0x00, 0x00,
    0xb8, 0x0c, 0x00, 0x00, 0x04, 0x00, 0x00, 0x00, 0x6d, 0x61, 0x69, 0x6e,
    0x00, 0x00, 0x00, 0x00, 0x3e, 0x00, 0x00, 0x00, 0x68, 0x0c, 0x00, 0x00,
    0x08, 0x0c, 0x00, 0x00, 0xac, 0x0b, 0x00, 0x00, 0x60, 0x0b, 0x00, 0x00,
    0x14, 0x0b, 0x00, 0x00, 0xc8, 0x0a, 0x00, 0x00, 0x7c, 0x0a, 0x00, 0x00,
    0x58, 0x0a, 0x00, 0x00, 0x28, 0x0a, 0x00, 0x00, 0x04, 0x0a, 0x00, 0x00,
    0xe0, 0x09, 0x00, 0x00, 0xbc, 0x09, 0x00, 0x00, 0x98, 0x09, 0x00, 0x00,
    0x70, 0x09, 0x00, 0x00, 0x4c, 0x09, 0x00, 0x00, 0x14, 0x09, 0x00, 0x00,
    0xf0, 0x08, 0x00, 0x00, 0x9c, 0x08, 0x00, 0x00, 0x78, 0x08, 0x00, 0x00,
    0x40, 0x08, 0x00, 0x00, 0x1c, 0x08, 0x00, 0x00, 0xc8, 0x07, 0x00, 0x00,
    0x80, 0x07, 0x00, 0x00, 0x5c, 0x07, 0x00, 0x00, 0x24, 0x07, 0x00, 0x00,
    0x00, 0x07, 0x00, 0x00, 0xb8, 0x06, 0x00, 0x00, 0x70, 0x06, 0x00, 0x00,
    0x4c, 0x06, 0x00, 0x00, 0x14, 0x06, 0x00, 0x00, 0xf0, 0x05, 0x00, 0x00,
    0xa8, 0x05, 0x00, 0x00, 0x60, 0x05, 0x00, 0x00, 0x3c, 0x05, 0x00, 0x00,
    0x04, 0x05, 0x00, 0x00, 0xe0, 0x04, 0x00, 0x00, 0x98, 0x04, 0x00, 0x00,
    0x50, 0x04, 0x00, 0x00, 0x2c, 0x04, 0x00, 0x00, 0xf4, 0x03, 0x00, 0x00,
    0xd0, 0x03, 0x00, 0x00, 0xa8, 0x03, 0x00, 0x00, 0x70, 0x03, 0x00, 0x00,
    0x4c, 0x03, 0x00, 0x00, 0x08, 0x03, 0x00, 0x00, 0xe4, 0x02, 0x00, 0x00,
    0xc0, 0x02, 0x00, 0x00, 0x7c, 0x02, 0x00, 0x00, 0x58, 0x02, 0x00, 0x00,
    0x34, 0x02, 0x00, 0x00, 0xf0, 0x01, 0x00, 0x00, 0xcc, 0x01, 0x00, 0x00,
    0xa8, 0x01, 0x00, 0x00, 0x64, 0x01, 0x00, 0x00, 0x40, 0x01, 0x00, 0x00,
    0x1c, 0x01, 0x00, 0x00, 0xd8, 0x00, 0x00, 0x00, 0xb4, 0x00, 0x00, 0x00,
    0x90, 0x00, 0x00, 0x00, 0x4c, 0x00, 0x00, 0x00, 0x28, 0x00, 0x00, 0x00,
    0x04, 0x00, 0x00, 0x00, 0x8e, 0xf6, 0xff, 0xff, 0x0c, 0x00, 0x00, 0x00,
    0x0c, 0x00, 0x00, 0x00, 0x0c, 0x00, 0x00, 0x00, 0x00, 0x00, 0x00, 0x00,
    0x02, 0x00, 0x00, 0x00, 0x20, 0x00, 0x00, 0x00, 0x51, 0x00, 0x00, 0x00,
    0xae, 0xf6, 0xff, 0xff, 0x0c, 0x00, 0x00, 0x00, 0x10, 0x00, 0x00, 0x00,
    0x04, 0x00, 0x00, 0x00, 0x01, 0x00, 0x00, 0x00, 0x51, 0x00, 0x00, 0x00,
    0x01, 0x00, 0x00, 0x00, 0x50, 0x00, 0x00, 0x00, 0x3a, 0xf5, 0xff, 0xff,
    0x14, 0x00, 0x00, 0x00, 0x00, 0x00, 0x00, 0x20, 0x18, 0x00, 0x00, 0x00,
    0x1c, 0x00, 0x00, 0x00, 0x0b, 0x00, 0x00, 0x00, 0x2c, 0xf5, 0xff, 0xff,
    0x0f, 0x00, 0x00, 0x00, 0x0d, 0x00, 0x00, 0x00, 0x01, 0x00, 0x00, 0x00,
    0x50, 0x00, 0x00, 0x00, 0x04, 0x00, 0x00, 0x00, 0x42, 0x00, 0x00, 0x00,
    0x06, 0x00, 0x00, 0x00, 0x04, 0x00, 0x00, 0x00, 0x05, 0x00, 0x00, 0x00,
    0x0e, 0xf7, 0xff, 0xff, 0x0c, 0x00, 0x00, 0x00, 0x0c, 0x00, 0x00, 0x00,
    0x0c, 0x00, 0x00, 0x00, 0x00, 0x00, 0x00, 0x00, 0x02, 0x00, 0x00, 0x00,
    0x1f, 0x00, 0x00, 0x00, 0x4f, 0x00, 0x00, 0x00, 0x2e, 0xf7, 0xff, 0xff,
    0x0c, 0x00, 0x00, 0x00, 0x10, 0x00, 0x00, 0x00, 0x04, 0x00, 0x00, 0x00,
    0x01, 0x00, 0x00, 0x00, 0x4f, 0x00, 0x00, 0x00, 0x01, 0x00, 0x00, 0x00,
    0x4e, 0x00, 0x00, 0x00, 0xba, 0xf5, 0xff, 0xff, 0x14, 0x00, 0x00, 0x00,
    0x00, 0x00, 0x00, 0x20, 0x18, 0x00, 0x00, 0x00, 0x1c, 0x00, 0x00, 0x00,
    0x0b, 0x00, 0x00, 0x00, 0xac, 0xf5, 0xff, 0xff, 0x0f, 0x00, 0x00, 0x00,
    0x0d, 0x00, 0x00, 0x00, 0x01, 0x00, 0x00, 0x00, 0x4e, 0x00, 0x00, 0x00,
    0x04, 0x00, 0x00, 0x00, 0x3d, 0x00, 0x00, 0x00, 0x06, 0x00, 0x00, 0x00,
    0x04, 0x00, 0x00, 0x00, 0x05, 0x00, 0x00, 0x00, 0x8e, 0xf7, 0xff, 0xff,
    0x0c, 0x00, 0x00, 0x00, 0x0c, 0x00, 0x00, 0x00, 0x0c, 0x00, 0x00, 0x00,
    0x00, 0x00, 0x00, 0x00, 0x02, 0x00, 0x00, 0x00, 0x1e, 0x00, 0x00, 0x00,
    0x4d, 0x00, 0x00, 0x00, 0xae, 0xf7, 0xff, 0xff, 0x0c, 0x00, 0x00, 0x00,
    0x10, 0x00, 0x00, 0x00, 0x04, 0x00, 0x00, 0x00, 0x01, 0x00, 0x00, 0x00,
    0x4d, 0x00, 0x00, 0x00, 0x01, 0x00, 0x00, 0x00, 0x4c, 0x00, 0x00, 0x00,
    0x3a, 0xf6, 0xff, 0xff, 0x14, 0x00, 0x00, 0x00, 0x00, 0x00, 0x00, 0x20,
    0x18, 0x00, 0x00, 0x00, 0x1c, 0x00, 0x00, 0x00, 0x0b, 0x00, 0x00, 0x00,
    0x2c, 0xf6, 0xff, 0xff, 0x0f, 0x00, 0x00, 0x00, 0x0d, 0x00, 0x00, 0x00,
    0x01, 0x00, 0x00, 0x00, 0x4c, 0x00, 0x00, 0x00, 0x04, 0x00, 0x00, 0x00,
    0x38, 0x00, 0x00, 0x00, 0x06, 0x00, 0x00, 0x00, 0x04, 0x00, 0x00, 0x00,
    0x05, 0x00, 0x00, 0x00, 0x0e, 0xf8, 0xff, 0xff, 0x0c, 0x00, 0x00, 0x00,
    0x0c, 0x00, 0x00, 0x00, 0x0c, 0x00, 0x00, 0x00, 0x00, 0x00, 0x00, 0x00,
    0x02, 0x00, 0x00, 0x00, 0x1d, 0x00, 0x00, 0x00, 0x4b, 0x00, 0x00, 0x00,
    0x2e, 0xf8, 0xff, 0xff, 0x0c, 0x00, 0x00, 0x00, 0x10, 0x00, 0x00, 0x00,
    0x04, 0x00, 0x00, 0x00, 0x01, 0x00, 0x00, 0x00, 0x4b, 0x00, 0x00, 0x00,
    0x01, 0x00, 0x00, 0x00, 0x4a, 0x00, 0x00, 0x00, 0xba, 0xf6, 0xff, 0xff,
    0x14, 0x00, 0x00, 0x00, 0x00, 0x00, 0x00, 0x20, 0x18, 0x00, 0x00, 0x00,
    0x1c, 0x00, 0x00, 0x00, 0x0b, 0x00, 0x00, 0x00, 0xac, 0xf6, 0xff, 0xff,
    0x0f, 0x00, 0x00, 0x00, 0x0d, 0x00, 0x00, 0x00, 0x01, 0x00, 0x00, 0x00,
    0x4a, 0x00, 0x00, 0x00, 0x04, 0x00, 0x00, 0x00, 0x33, 0x00, 0x00, 0x00,
    0x06, 0x00, 0x00, 0x00, 0x04, 0x00, 0x00, 0x00, 0x05, 0x00, 0x00, 0x00,
    0x8e, 0xf8, 0xff, 0xff, 0x0c, 0x00, 0x00, 0x00, 0x0c, 0x00, 0x00, 0x00,
    0x0c, 0x00, 0x00, 0x00, 0x00, 0x00, 0x00, 0x00, 0x02, 0x00, 0x00, 0x00,
    0x1c, 0x00, 0x00, 0x00, 0x49, 0x00, 0x00, 0x00, 0xae, 0xf8, 0xff, 0xff,
    0x0c, 0x00, 0x00, 0x00, 0x10, 0x00, 0x00, 0x00, 0x04, 0x00, 0x00, 0x00,
    0x01, 0x00, 0x00, 0x00, 0x49, 0x00, 0x00, 0x00, 0x01, 0x00, 0x00, 0x00,
    0x48, 0x00, 0x00, 0x00, 0x3a, 0xf7, 0xff, 0xff, 0x14, 0x00, 0x00, 0x00,
    0x00, 0x00, 0x00, 0x20, 0x18, 0x00, 0x00, 0x00, 0x1c, 0x00, 0x00, 0x00,
    0x0b, 0x00, 0x00, 0x00, 0x2c, 0xf7, 0xff, 0xff, 0x0f, 0x00, 0x00, 0x00,
    0x0d, 0x00, 0x00, 0x00, 0x01, 0x00, 0x00, 0x00, 0x48, 0x00, 0x00, 0x00,
    0x04, 0x00, 0x00, 0x00, 0x2e, 0x00, 0x00, 0x00, 0x06, 0x00, 0x00, 0x00,
    0x04, 0x00, 0x00, 0x00, 0x05, 0x00, 0x00, 0x00, 0x0e, 0xf9, 0xff, 0xff,
    0x0c, 0x00, 0x00, 0x00, 0x0c, 0x00, 0x00, 0x00, 0x0c, 0x00, 0x00, 0x00,
    0x00, 0x00, 0x00, 0x00, 0x02, 0x00, 0x00, 0x00, 0x1b, 0x00, 0x00, 0x00,
    0x47, 0x00, 0x00, 0x00, 0x2e, 0xf9, 0xff, 0xff, 0x0c, 0x00, 0x00, 0x00,
    0x10, 0x00, 0x00, 0x00, 0x04, 0x00, 0x00, 0x00, 0x01, 0x00, 0x00, 0x00,
    0x47, 0x00, 0x00, 0x00, 0x01, 0x00, 0x00, 0x00, 0x46, 0x00, 0x00, 0x00,
    0xba, 0xf7, 0xff, 0xff, 0x14, 0x00, 0x00, 0x00, 0x00, 0x00, 0x00, 0x20,
    0x18, 0x00, 0x00, 0x00, 0x1c, 0x00, 0x00, 0x00, 0x0b, 0x00, 0x00, 0x00,
    0xac, 0xf7, 0xff, 0xff, 0x0f, 0x00, 0x00, 0x00, 0x0d, 0x00, 0x00, 0x00,
    0x01, 0x00, 0x00, 0x00, 0x46, 0x00, 0x00, 0x00, 0x04, 0x00, 0x00, 0x00,
    0x2a, 0x00, 0x00, 0x00, 0x03, 0x00, 0x00, 0x00, 0x04, 0x00, 0x00, 0x00,
    0x05, 0x00, 0x00, 0x00, 0x8e, 0xf9, 0xff, 0xff, 0x0c, 0x00, 0x00, 0x00,
    0x10, 0x00, 0x00, 0x00, 0x0a, 0x00, 0x00, 0x00, 0x01, 0x00, 0x00, 0x00,
    0x45, 0x00, 0x00, 0x00, 0x01, 0x00, 0x00, 0x00, 0x44, 0x00, 0x00, 0x00,
    0x1a, 0xf8, 0xff, 0xff, 0x14, 0x00, 0x00, 0x00, 0x00, 0x00, 0x00, 0x08,
    0x10, 0x00, 0x00, 0x00, 0x14, 0x00, 0x00, 0x00, 0x09, 0x00, 0x00, 0x00,
    0x08, 0xae, 0xff, 0xff, 0x01, 0x00, 0x00, 0x00, 0x44, 0x00, 0x00, 0x00,
    0x03, 0x00, 0x00, 0x00, 0x43, 0x00, 0x00, 0x00, 0x08, 0x00, 0x00, 0x00,
    0x07, 0x00, 0x00, 0x00, 0xe2, 0xf9, 0xff, 0xff, 0x0c, 0x00, 0x00, 0x00,
    0x10, 0x00, 0x00, 0x00, 0x03, 0x00, 0x00, 0x00, 0x01, 0x00, 0x00, 0x00,
    0x43, 0x00, 0x00, 0x00, 0x02, 0x00, 0x00, 0x00, 0x42, 0x00, 0x00, 0x00,
    0x02, 0x00, 0x00, 0x00, 0x06, 0xfa, 0xff, 0xff, 0x0c, 0x00, 0x00, 0x00,
    0x10, 0x00, 0x00, 0x00, 0x06, 0x00, 0x00, 0x00, 0x01, 0x00, 0x00, 0x00,
    0x42, 0x00, 0x00, 0x00, 0x01, 0x00, 0x00, 0x00, 0x41, 0x00, 0x00, 0x00,
    0x92, 0xf8, 0xff, 0xff, 0x14, 0x00, 0x00, 0x00, 0x00, 0x00, 0x00, 0x0a,
    0x14, 0x00, 0x00, 0x00, 0x18, 0x00, 0x00, 0x00, 0x05, 0x00, 0x00, 0x00,
    0x2a, 0xf8, 0xff, 0xff, 0x01, 0x00, 0x00, 0x00, 0x01, 0x00, 0x00, 0x00,
    0x41, 0x00, 0x00, 0x00, 0x02, 0x00, 0x00, 0x00, 0x25, 0x00, 0x00, 0x00,
    0x40, 0x00, 0x00, 0x00, 0x5a, 0xfa, 0xff, 0xff, 0x0c, 0x00, 0x00, 0x00,
    0x10, 0x00, 0x00, 0x00, 0x04, 0x00, 0x00, 0x00, 0x01, 0x00, 0x00, 0x00,
    0x40, 0x00, 0x00, 0x00, 0x01, 0x00, 0x00, 0x00, 0x3f, 0x00, 0x00, 0x00,
    0xe6, 0xf8, 0xff, 0xff, 0x14, 0x00, 0x00, 0x00, 0x00, 0x00, 0x00, 0x01,
    0x20, 0x00, 0x00, 0x00, 0x24, 0x00, 0x00, 0x00, 0x07, 0x00, 0x00, 0x00,
    0x04, 0xfc, 0xff, 0xff, 0x00, 0x00, 0x00, 0x01, 0x01, 0x00, 0x00, 0x00,
    0x01, 0x00, 0x00, 0x00, 0x00, 0x00, 0x00, 0x01, 0x01, 0x00, 0x00, 0x00,
    0x3f, 0x00, 0x00, 0x00, 0x03, 0x00, 0x00, 0x00, 0x3e, 0x00, 0x00, 0x00,
    0x0a, 0x00, 0x00, 0x00, 0x09, 0x00, 0x00, 0x00, 0x2a, 0xf9, 0xff, 0xff,
    0x14, 0x00, 0x00, 0x00, 0x00, 0x00, 0x00, 0x02, 0x20, 0x00, 0x00, 0x00,
    0x24, 0x00, 0x00, 0x00, 0x08, 0x00, 0x00, 0x00, 0x0c, 0xfd, 0xff, 0xff,
    0x01, 0x00, 0x00, 0x00, 0x01, 0x00, 0x00, 0x00, 0x01, 0x00, 0x00, 0x00,
    0x00, 0x00, 0x00, 0x01, 0x01, 0x00, 0x00, 0x00, 0x3e, 0x00, 0x00, 0x00,
    0x03, 0x00, 0x00, 0x00, 0x3d, 0x00, 0x00, 0x00, 0x0c, 0x00, 0x00, 0x00,
    0x0b, 0x00, 0x00, 0x00, 0x02, 0xfb, 0xff, 0xff, 0x0c, 0x00, 0x00, 0x00,
    0x10, 0x00, 0x00, 0x00, 0x06, 0x00, 0x00, 0x00, 0x01, 0x00, 0x00, 0x00,
    0x3d, 0x00, 0x00, 0x00, 0x01, 0x00, 0x00, 0x00, 0x3c, 0x00, 0x00, 0x00,
    0x8e, 0xf9, 0xff, 0xff, 0x14, 0x00, 0x00, 0x00, 0x00, 0x00, 0x00, 0x0a,
    0x14, 0x00, 0x00, 0x00, 0x18, 0x00, 0x00, 0x00, 0x05, 0x00, 0x00, 0x00,
    0x26, 0xf9, 0xff, 0xff, 0x01, 0x00, 0x00, 0x00, 0x01, 0x00, 0x00, 0x00,
    0x3c, 0x00, 0x00, 0x00, 0x02, 0x00, 0x00, 0x00, 0x24, 0x00, 0x00, 0x00,
    0x3b, 0x00, 0x00, 0x00, 0x56, 0xfb, 0xff, 0xff, 0x0c, 0x00, 0x00, 0x00,
    0x10, 0x00, 0x00, 0x00, 0x04, 0x00, 0x00, 0x00, 0x01, 0x00, 0x00, 0x00,
    0x3b, 0x00, 0x00, 0x00, 0x01, 0x00, 0x00, 0x00, 0x3a, 0x00, 0x00, 0x00,
    0xe2, 0xf9, 0xff, 0xff, 0x14, 0x00, 0x00, 0x00, 0x00, 0x00, 0x00, 0x01,
    0x20, 0x00, 0x00, 0x00, 0x24, 0x00, 0x00, 0x00, 0x07, 0x00, 0x00, 0x00,
    0x00, 0xfd, 0xff, 0xff, 0x00, 0x00, 0x00, 0x01, 0x01, 0x00, 0x00, 0x00,
    0x01, 0x00, 0x00, 0x00, 0x00, 0x00, 0x00, 0x01, 0x01, 0x00, 0x00, 0x00,
    0x3a, 0x00, 0x00, 0x00, 0x03, 0x00, 0x00, 0x00, 0x39, 0x00, 0x00, 0x00,
    0x0e, 0x00, 0x00, 0x00, 0x0d, 0x00, 0x00, 0x00, 0x26, 0xfa, 0xff, 0xff,
    0x14, 0x00, 0x00, 0x00, 0x00, 0x00, 0x00, 0x02, 0x20, 0x00, 0x00, 0x00,
    0x24, 0x00, 0x00, 0x00, 0x08, 0x00, 0x00, 0x00, 0x08, 0xfe, 0xff, 0xff,
    0x01, 0x00, 0x00, 0x00, 0x01, 0x00, 0x00, 0x00, 0x01, 0x00, 0x00, 0x00,
    0x00, 0x00, 0x00, 0x01, 0x01, 0x00, 0x00, 0x00, 0x39, 0x00, 0x00, 0x00,
    0x03, 0x00, 0x00, 0x00, 0x38, 0x00, 0x00, 0x00, 0x10, 0x00, 0x00, 0x00,
    0x0f, 0x00, 0x00, 0x00, 0xfe, 0xfb, 0xff, 0xff, 0x0c, 0x00, 0x00, 0x00,
    0x10, 0x00, 0x00, 0x00, 0x06, 0x00, 0x00, 0x00, 0x01, 0x00, 0x00, 0x00,
    0x38, 0x00, 0x00, 0x00, 0x01, 0x00, 0x00, 0x00, 0x37, 0x00, 0x00, 0x00,
    0x8a, 0xfa, 0xff, 0xff, 0x14, 0x00, 0x00, 0x00, 0x00, 0x00, 0x00, 0x0a,
    0x14, 0x00, 0x00, 0x00, 0x18, 0x00, 0x00, 0x00, 0x05, 0x00, 0x00, 0x00,
    0x22, 0xfa, 0xff, 0xff, 0x01, 0x00, 0x00, 0x00, 0x01, 0x00, 0x00, 0x00,
    0x37, 0x00, 0x00, 0x00, 0x02, 0x00, 0x00, 0x00, 0x23, 0x00, 0x00, 0x00,
    0x36, 0x00, 0x00, 0x00, 0x52, 0xfc, 0xff, 0xff, 0x0c, 0x00, 0x00, 0x00,
    0x10, 0x00, 0x00, 0x00, 0x04, 0x00, 0x00, 0x00, 0x01, 0x00, 0x00, 0x00,
    0x36, 0x00, 0x00, 0x00, 0x01, 0x00, 0x00, 0x00, 0x35, 0x00, 0x00, 0x00,
    0xde, 0xfa, 0xff, 0xff, 0x14, 0x00, 0x00, 0x00, 0x00, 0x00, 0x00, 0x01,
    0x20, 0x00, 0x00, 0x00, 0x24, 0x00, 0x00, 0x00, 0x07, 0x00, 0x00, 0x00,
    0xfc, 0xfd, 0xff, 0xff, 0x00, 0x00, 0x00, 0x01, 0x01, 0x00, 0x00, 0x00,
    0x01, 0x00, 0x00, 0x00, 0x00, 0x00, 0x00, 0x01, 0x01, 0x00, 0x00, 0x00,
    0x35, 0x00, 0x00, 0x00, 0x03, 0x00, 0x00, 0x00, 0x34, 0x00, 0x00, 0x00,
    0x12, 0x00, 0x00, 0x00, 0x11, 0x00, 0x00, 0x00, 0x22, 0xfb, 0xff, 0xff,
    0x14, 0x00, 0x00, 0x00, 0x00, 0x00, 0x00, 0x02, 0x20, 0x00, 0x00, 0x00,
    0x24, 0x00, 0x00, 0x00, 0x08, 0x00, 0x00, 0x00, 0x04, 0xff, 0xff, 0xff,
    0x01, 0x00, 0x00, 0x00, 0x01, 0x00, 0x00, 0x00, 0x01, 0x00, 0x00, 0x00,
    0x00, 0x00, 0x00, 0x01, 0x01, 0x00, 0x00, 0x00, 0x34, 0x00, 0x00, 0x00,
    0x03, 0x00, 0x00, 0x00, 0x33, 0x00, 0x00, 0x00, 0x14, 0x00, 0x00, 0x00,
    0x13, 0x00, 0x00, 0x00, 0xfa, 0xfc, 0xff, 0xff, 0x0c, 0x00, 0x00, 0x00,
    0x10, 0x00, 0x00, 0x00, 0x06, 0x00, 0x00, 0x00, 0x01, 0x00, 0x00, 0x00,
    0x33, 0x00, 0x00, 0x00, 0x01, 0x00, 0x00, 0x00, 0x32, 0x00, 0x00, 0x00,
    0x86, 0xfb, 0xff, 0xff, 0x14, 0x00, 0x00, 0x00, 0x00, 0x00, 0x00, 0x0a,
    0x14, 0x00, 0x00, 0x00, 0x18, 0x00, 0x00, 0x00, 0x05, 0x00, 0x00, 0x00,
    0x1e, 0xfb, 0xff, 0xff, 0x01, 0x00, 0x00, 0x00, 0x01, 0x00, 0x00, 0x00,
    0x32, 0x00, 0x00, 0x00, 0x02, 0x00, 0x00, 0x00, 0x22, 0x00, 0x00, 0x00,
    0x31, 0x00, 0x00, 0x00, 0x4e, 0xfd, 0xff, 0xff, 0x0c, 0x00, 0x00, 0x00,
    0x10, 0x00, 0x00, 0x00, 0x04, 0x00, 0x00, 0x00, 0x01, 0x00, 0x00, 0x00,
    0x31, 0x00, 0x00, 0x00, 0x01, 0x00, 0x00, 0x00, 0x30, 0x00, 0x00, 0x00,
    0xda, 0xfb, 0xff, 0xff, 0x14, 0x00, 0x00, 0x00, 0x00, 0x00, 0x00, 0x01,
    0x20, 0x00, 0x00, 0x00, 0x24, 0x00, 0x00, 0x00, 0x07, 0x00, 0x00, 0x00,
    0xf8, 0xfe, 0xff, 0xff, 0x00, 0x00, 0x00, 0x01, 0x01, 0x00, 0x00, 0x00,
    0x01, 0x00, 0x00, 0x00, 0x00, 0x00, 0x00, 0x01, 0x01, 0x00, 0x00, 0x00,
    0x30, 0x00, 0x00, 0x00, 0x03, 0x00, 0x00, 0x00, 0x2f, 0x00, 0x00, 0x00,
    0x16, 0x00, 0x00, 0x00, 0x15, 0x00, 0x00, 0x00, 0x1e, 0xfc, 0xff, 0xff,
    0x20, 0x00, 0x00, 0x00, 0x00, 0x00, 0x00, 0x02, 0x2c, 0x00, 0x00, 0x00,
    0x30, 0x00, 0x00, 0x00, 0x08, 0x00, 0x00, 0x00, 0x0c, 0x00, 0x14, 0x00,
    0x13, 0x00, 0x0c, 0x00, 0x08, 0x00, 0x04, 0x00, 0x0c, 0x00, 0x00, 0x00,
    0x01, 0x00, 0x00, 0x00, 0x01, 0x00, 0x00, 0x00, 0x01, 0x00, 0x00, 0x00,
    0x00, 0x00, 0x00, 0x01, 0x01, 0x00, 0x00, 0x00, 0x2f, 0x00, 0x00, 0x00,
    0x03, 0x00, 0x00, 0x00, 0x2e, 0x00, 0x00, 0x00, 0x18, 0x00, 0x00, 0x00,
    0x17, 0x00, 0x00, 0x00, 0x02, 0xfe, 0xff, 0xff, 0x0c, 0x00, 0x00, 0x00,
    0x10, 0x00, 0x00, 0x00, 0x06, 0x00, 0x00, 0x00, 0x01, 0x00, 0x00, 0x00,
    0x2e, 0x00, 0x00, 0x00, 0x01, 0x00, 0x00, 0x00, 0x2d, 0x00, 0x00, 0x00,
    0x8e, 0xfc, 0xff, 0xff, 0x14, 0x00, 0x00, 0x00, 0x00, 0x00, 0x00, 0x0a,
    0x14, 0x00, 0x00, 0x00, 0x18, 0x00, 0x00, 0x00, 0x05, 0x00, 0x00, 0x00,
    0x26, 0xfc, 0xff, 0xff, 0x01, 0x00, 0x00, 0x00, 0x01, 0x00, 0x00, 0x00,
    0x2d, 0x00, 0x00, 0x00, 0x02, 0x00, 0x00, 0x00, 0x21, 0x00, 0x00, 0x00,
    0x2c, 0x00, 0x00, 0x00, 0x56, 0xfe, 0xff, 0xff, 0x0c, 0x00, 0x00, 0x00,
    0x10, 0x00, 0x00, 0x00, 0x04, 0x00, 0x00, 0x00, 0x01, 0x00, 0x00, 0x00,
    0x2c, 0x00, 0x00, 0x00, 0x01, 0x00, 0x00, 0x00, 0x2b, 0x00, 0x00, 0x00,
    0xe2, 0xfc, 0xff, 0xff, 0x20, 0x00, 0x00, 0x00, 0x00, 0x00, 0x00, 0x01,
    0x2c, 0x00, 0x00, 0x00, 0x30, 0x00, 0x00, 0x00, 0x07, 0x00, 0x00, 0x00,
    0x0c, 0x00, 0x14, 0x00, 0x13, 0x00, 0x0c, 0x00, 0x08, 0x00, 0x07, 0x00,
    0x0c, 0x00, 0x00, 0x00, 0x00, 0x00, 0x00, 0x01, 0x03, 0x00, 0x00, 0x00,
    0x01, 0x00, 0x00, 0x00, 0x00, 0x00, 0x00, 0x01, 0x01, 0x00, 0x00, 0x00,
    0x2b, 0x00, 0x00, 0x00, 0x03, 0x00, 0x00, 0x00, 0x2a, 0x00, 0x00, 0x00,
    0x1a, 0x00, 0x00, 0x00, 0x19, 0x00, 0x00, 0x00, 0xc6, 0xfe, 0xff, 0xff,
    0x0c, 0x00, 0x00, 0x00, 0x10, 0x00, 0x00, 0x00, 0x06, 0x00, 0x00, 0x00,
    0x01, 0x00, 0x00, 0x00, 0x2a, 0x00, 0x00, 0x00, 0x01, 0x00, 0x00, 0x00,
    0x29, 0x00, 0x00, 0x00, 0x52, 0xfd, 0xff, 0xff, 0x14, 0x00, 0x00, 0x00,
    0x00, 0x00, 0x00, 0x0a, 0x14, 0x00, 0x00, 0x00, 0x18, 0x00, 0x00, 0x00,
    0x05, 0x00, 0x00, 0x00, 0xea, 0xfc, 0xff, 0xff, 0x01, 0x00, 0x00, 0x00,
    0x01, 0x00, 0x00, 0x00, 0x29, 0x00, 0x00, 0x00, 0x02, 0x00, 0x00, 0x00,
    0x26, 0x00, 0x00, 0x00, 0x28, 0x00, 0x00, 0x00, 0x1a, 0xff, 0xff, 0xff,
    0x0c, 0x00, 0x00, 0x00, 0x10, 0x00, 0x00, 0x00, 0x04, 0x00, 0x00, 0x00,
    0x01, 0x00, 0x00, 0x00, 0x28, 0x00, 0x00, 0x00, 0x01, 0x00, 0x00, 0x00,
    0x27, 0x00, 0x00, 0x00, 0x3a, 0xff, 0xff, 0xff, 0x0c, 0x00, 0x00, 0x00,
    0x10, 0x00, 0x00, 0x00, 0x03, 0x00, 0x00, 0x00, 0x01, 0x00, 0x00, 0x00,
    0x27, 0x00, 0x00, 0x00, 0x02, 0x00, 0x00, 0x00, 0x00, 0x00, 0x00, 0x00,
    0x01, 0x00, 0x00, 0x00, 0x5e, 0xff, 0xff, 0xff, 0x0c, 0x00, 0x00, 0x00,
    0x10, 0x00, 0x00, 0x00, 0x02, 0x00, 0x00, 0x00, 0x01, 0x00, 0x00, 0x00,
    0x26, 0x00, 0x00, 0x00, 0x01, 0x00, 0x00, 0x00, 0x1b, 0x00, 0x00, 0x00,
    0x7e, 0xff, 0xff, 0xff, 0x0c, 0x00, 0x00, 0x00, 0x10, 0x00, 0x00, 0x00,
    0x02, 0x00, 0x00, 0x00, 0x01, 0x00, 0x00, 0x00, 0x25, 0x00, 0x00, 0x00,
    0x01, 0x00, 0x00, 0x00, 0x20, 0x00, 0x00, 0x00, 0x9e, 0xff, 0xff, 0xff,
    0x0c, 0x00, 0x00, 0x00, 0x10, 0x00, 0x00, 0x00, 0x02, 0x00, 0x00, 0x00,
    0x01, 0x00, 0x00, 0x00, 0x24, 0x00, 0x00, 0x00, 0x01, 0x00, 0x00, 0x00,
    0x1f, 0x00, 0x00, 0x00, 0xbe, 0xff, 0xff, 0xff, 0x0c, 0x00, 0x00, 0x00,
    0x10, 0x00, 0x00, 0x00, 0x02, 0x00, 0x00, 0x00, 0x01, 0x00, 0x00, 0x00,
    0x23, 0x00, 0x00, 0x00, 0x01, 0x00, 0x00, 0x00, 0x1e, 0x00, 0x00, 0x00,
    0xde, 0xff, 0xff, 0xff, 0x0c, 0x00, 0x00, 0x00, 0x10, 0x00, 0x00, 0x00,
    0x02, 0x00, 0x00, 0x00, 0x01, 0x00, 0x00, 0x00, 0x22, 0x00, 0x00, 0x00,
    0x01, 0x00, 0x00, 0x00, 0x1d, 0x00, 0x00, 0x00, 0x00, 0x00, 0x0a, 0x00,
    0x10, 0x00, 0x0c, 0x00, 0x08, 0x00, 0x04, 0x00, 0x0a, 0x00, 0x00, 0x00,
    0x0c, 0x00, 0x00, 0x00, 0x10, 0x00, 0x00, 0x00, 0x02, 0x00, 0x00, 0x00,
    0x01, 0x00, 0x00, 0x00, 0x21, 0x00, 0x00, 0x00, 0x01, 0x00, 0x00, 0x00,
    0x1c, 0x00, 0x00, 0x00, 0x96, 0xfe, 0xff, 0xff, 0x14, 0x00, 0x00, 0x00,
    0x00, 0x00, 0x00, 0x6f, 0x30, 0x00, 0x00, 0x00, 0x34, 0x00, 0x00, 0x00,
    0x01, 0x00, 0x00, 0x00, 0x88, 0xfe, 0xff, 0xff, 0x08, 0x00, 0x00, 0x00,
    0x14, 0x00, 0x00, 0x00, 0x08, 0x00, 0x00, 0x00, 0x73, 0x74, 0x72, 0x65,
    0x61, 0x6d, 0x5f, 0x35, 0x00, 0x00, 0x00, 0x00, 0x00, 0x00, 0x00, 0x00,
    0x00, 0x00, 0x00, 0x00, 0x01, 0x00, 0x00, 0x00, 0x20, 0x00, 0x00, 0x00,
    0x00, 0x00, 0x00, 0x00, 0xde, 0xfe, 0xff, 0xff, 0x14, 0x00, 0x00, 0x00,
    0x00, 0x00, 0x00, 0x6f, 0x30, 0x00, 0x00, 0x00, 0x34, 0x00, 0x00, 0x00,
    0x01, 0x00, 0x00, 0x00, 0xd0, 0xfe, 0xff, 0xff, 0x08, 0x00, 0x00, 0x00,
    0x14, 0x00, 0x00, 0x00, 0x08, 0x00, 0x00, 0x00, 0x73, 0x74, 0x72, 0x65,
    0x61, 0x6d, 0x5f, 0x34, 0x00, 0x00, 0x00, 0x00, 0x00, 0x00, 0x00, 0x00,
    0x00, 0x00, 0x00, 0x00, 0x01, 0x00, 0x00, 0x00, 0x1f, 0x00, 0x00, 0x00,
    0x00, 0x00, 0x00, 0x00, 0x26, 0xff, 0xff, 0xff, 0x14, 0x00, 0x00, 0x00,
    0x00, 0x00, 0x00, 0x6f, 0x30, 0x00, 0x00, 0x00, 0x34, 0x00, 0x00, 0x00,
    0x01, 0x00, 0x00, 0x00, 0x18, 0xff, 0xff, 0xff, 0x08, 0x00, 0x00, 0x00,
    0x14, 0x00, 0x00, 0x00, 0x08, 0x00, 0x00, 0x00, 0x73, 0x74, 0x72, 0x65,
    0x61, 0x6d, 0x5f, 0x33, 0x00, 0x00, 0x00, 0x00, 0x00, 0x00, 0x00, 0x00,
    0x00, 0x00, 0x00, 0x00, 0x01, 0x00, 0x00, 0x00, 0x1e, 0x00, 0x00, 0x00,
    0x00, 0x00, 0x00, 0x00, 0x6e, 0xff, 0xff, 0xff, 0x14, 0x00, 0x00, 0x00,
    0x00, 0x00, 0x00, 0x6f, 0x30, 0x00, 0x00, 0x00, 0x34, 0x00, 0x00, 0x00,
    0x01, 0x00, 0x00, 0x00, 0x60, 0xff, 0xff, 0xff, 0x08, 0x00, 0x00, 0x00,
    0x14, 0x00, 0x00, 0x00, 0x08, 0x00, 0x00, 0x00, 0x73, 0x74, 0x72, 0x65,
    0x61, 0x6d, 0x5f, 0x32, 0x00, 0x00, 0x00, 0x00, 0x00, 0x00, 0x00, 0x00,
    0x00, 0x00, 0x00, 0x00, 0x01, 0x00, 0x00, 0x00, 0x1d, 0x00, 0x00, 0x00,
    0x00, 0x00, 0x00, 0x00, 0xb6, 0xff, 0xff, 0xff, 0x14, 0x00, 0x00, 0x00,
    0x00, 0x00, 0x00, 0x6f, 0x30, 0x00, 0x00, 0x00, 0x34, 0x00, 0x00, 0x00,
    0x01, 0x00, 0x00, 0x00, 0xa8, 0xff, 0xff, 0xff, 0x08, 0x00, 0x00, 0x00,
    0x14, 0x00, 0x00, 0x00, 0x08, 0x00, 0x00, 0x00, 0x73, 0x74, 0x72, 0x65,
    0x61, 0x6d, 0x5f, 0x31, 0x00, 0x00, 0x00, 0x00, 0x00, 0x00, 0x00, 0x00,
    0x00, 0x00, 0x00, 0x00, 0x01, 0x00, 0x00, 0x00, 0x1c, 0x00, 0x00, 0x00,
    0x00, 0x00, 0x00, 0x00, 0x00, 0x00, 0x0e, 0x00, 0x18, 0x00, 0x14, 0x00,
    0x10, 0x00, 0x0c, 0x00, 0x0b, 0x00, 0x04, 0x00, 0x0e, 0x00, 0x00, 0x00,
    0x1c, 0x00, 0x00, 0x00, 0x00, 0x00, 0x00, 0x6f, 0x34, 0x00, 0x00, 0x00,
    0x38, 0x00, 0x00, 0x00, 0x01, 0x00, 0x00, 0x00, 0x08, 0x00, 0x0c, 0x00,
    0x08, 0x00, 0x04, 0x00, 0x08, 0x00, 0x00, 0x00, 0x08, 0x00, 0x00, 0x00,
    0x10, 0x00, 0x00, 0x00, 0x06, 0x00, 0x00, 0x00, 0x73, 0x74, 0x72, 0x65,
    0x61, 0x6d, 0x00, 0x00, 0x00, 0x00, 0x00, 0x00, 0x00, 0x00, 0x00, 0x00,
    0x01, 0x00, 0x00, 0x00, 0x1b, 0x00, 0x00, 0x00, 0x00, 0x00, 0x00, 0x00,
    0x00, 0x00, 0x0e, 0x00, 0x16, 0x00, 0x00, 0x00, 0x10, 0x00, 0x0c, 0x00,
    0x0b, 0x00, 0x04, 0x00, 0x0e, 0x00, 0x00, 0x00, 0x18, 0x00, 0x00, 0x00,
    0x00, 0x00, 0x00, 0x67, 0x18, 0x00, 0x00, 0x00, 0x18, 0x00, 0x00, 0x00,
    0x00, 0x00, 0x06, 0x00, 0x08, 0x00, 0x04, 0x00, 0x06, 0x00, 0x00, 0x00,
    0x01, 0x00, 0x00, 0x00, 0x00, 0x00, 0x00, 0x00, 0x00, 0x00, 0x00, 0x00,
    0x01, 0x00, 0x00, 0x00, 0x45, 0x00, 0x00, 0x00, 0x01, 0x00, 0x00, 0x00,
    0x00, 0x00, 0x00, 0x00, 0x52, 0x00, 0x00, 0x00, 0xbc, 0x49, 0x00, 0x00,
    0x60, 0x49, 0x00, 0x00, 0x20, 0x49, 0x00, 0x00, 0xe0, 0x48, 0x00, 0x00,
    0xa0, 0x48, 0x00, 0x00, 0x60, 0x48, 0x00, 0x00, 0x20, 0x48, 0x00, 0x00,
    0xbc, 0x47, 0x00, 0x00, 0x58, 0x47, 0x00, 0x00, 0x34, 0x44, 0x00, 0x00,
    0x00, 0x41, 0x00, 0x00, 0xdc, 0x3d, 0x00, 0x00, 0x90, 0x3a, 0x00, 0x00,
    0x54, 0x37, 0x00, 0x00, 0x20, 0x34, 0x00, 0x00, 0xfc, 0x30, 0x00, 0x00,
    0xc4, 0x2d, 0x00, 0x00, 0x9c, 0x2a, 0x00, 0x00, 0x68, 0x27, 0x00, 0x00,
    0x44, 0x24, 0x00, 0x00, 0x0c, 0x21, 0x00, 0x00, 0xe4, 0x1d, 0x00, 0x00,
    0xb0, 0x1a, 0x00, 0x00, 0xf4, 0x18, 0x00, 0x00, 0x24, 0x17, 0x00, 0x00,
    0x64, 0x15, 0x00, 0x00, 0x98, 0x13, 0x00, 0x00, 0x64, 0x13, 0x00, 0x00,
    0x2c, 0x13, 0x00, 0x00, 0xf4, 0x12, 0x00, 0x00, 0xbc, 0x12, 0x00, 0x00,
    0x84, 0x12, 0x00, 0x00, 0x4c, 0x12, 0x00, 0x00, 0xfc, 0x11, 0x00, 0x00,
    0x94, 0x11, 0x00, 0x00, 0x44, 0x11, 0x00, 0x00, 0xf4, 0x10, 0x00, 0x00,
    0xa4, 0x10, 0x00, 0x00, 0x54, 0x10, 0x00, 0x00, 0xec, 0x0f, 0x00, 0x00,
    0xa8, 0x0f, 0x00, 0x00, 0x68, 0x0f, 0x00, 0x00, 0x00, 0x0f, 0x00, 0x00,
    0x7c, 0x0e, 0x00, 0x00, 0x1c, 0x0e, 0x00, 0x00, 0xd8, 0x0d, 0x00, 0x00,
    0x70, 0x0d, 0x00, 0x00, 0xfc, 0x0c, 0x00, 0x00, 0x80, 0x0c, 0x00, 0x00,
    0x24, 0x0c, 0x00, 0x00, 0xe0, 0x0b, 0x00, 0x00, 0x74, 0x0b, 0x00, 0x00,
    0x00, 0x0b, 0x00, 0x00, 0x84, 0x0a, 0x00, 0x00, 0x28, 0x0a, 0x00, 0x00,
    0xe4, 0x09, 0x00, 0x00, 0x78, 0x09, 0x00, 0x00, 0x04, 0x09, 0x00, 0x00,
    0x88, 0x08, 0x00, 0x00, 0x2c, 0x08, 0x00, 0x00, 0xe8, 0x07, 0x00, 0x00,
    0x7c, 0x07, 0x00, 0x00, 0x08, 0x07, 0x00, 0x00, 0x8c, 0x06, 0x00, 0x00,
    0x30, 0x06, 0x00, 0x00, 0xec, 0x05, 0x00, 0x00, 0x80, 0x05, 0x00, 0x00,
    0x24, 0x05, 0x00, 0x00, 0xb8, 0x04, 0x00, 0x00, 0x4c, 0x04, 0x00, 0x00,
    0xe0, 0x03, 0x00, 0x00, 0x98, 0x03, 0x00, 0x00, 0x30, 0x03, 0x00, 0x00,
    0xe4, 0x02, 0x00, 0x00, 0x78, 0x02, 0x00, 0x00, 0x2c, 0x02, 0x00, 0x00,
    0xc0, 0x01, 0x00, 0x00, 0x74, 0x01, 0x00, 0x00, 0x08, 0x01, 0x00, 0x00,
    0xbc, 0x00, 0x00, 0x00, 0x50, 0x00, 0x00, 0x00, 0x04, 0x00, 0x00, 0x00,
    0xde, 0xee, 0xff, 0xff, 0x00, 0x00, 0x00, 0x01, 0x10, 0x00, 0x00, 0x00,
    0x10, 0x00, 0x00, 0x00, 0x52, 0x00, 0x00, 0x00, 0x20, 0x00, 0x00, 0x00,
    0xe0, 0xb7, 0xff, 0xff, 0x10, 0x00, 0x00, 0x00, 0x73, 0x74, 0x72, 0x69,
    0x64, 0x65, 0x64, 0x5f, 0x73, 0x6c, 0x69, 0x63, 0x65, 0x5f, 0x35, 0x31,
    0x00, 0x00, 0x00, 0x00, 0x04, 0x00, 0x00, 0x00, 0x01, 0x00, 0x00, 0x00,
    0x04, 0x00, 0x00, 0x00, 0x01, 0x00, 0x00, 0x00, 0x3c, 0x00, 0x00, 0x00,
    0xea, 0xb7, 0xff, 0xff, 0x00, 0x00, 0x00, 0x01, 0x14, 0x00, 0x00, 0x00,
    0x34, 0x00, 0x00, 0x00, 0x51, 0x00, 0x00, 0x00, 0x00, 0x00, 0x00, 0x09,
    0x3c, 0x00, 0x00, 0x00, 0xd4, 0xb7, 0xff, 0xff, 0x08, 0x00, 0x00, 0x00,
    0x14, 0x00, 0x00, 0x00, 0x01, 0x00, 0x00, 0x00, 0x80, 0xff, 0xff, 0xff,
    0xff, 0xff, 0xff, 0xff, 0x00, 0x00, 0x00, 0x00, 0x01, 0x00, 0x00, 0x00,
    0x6b, 0xc0, 0xbb, 0x3c, 0x0f, 0x00, 0x00, 0x00, 0x73, 0x74, 0x72, 0x69,
    0x64, 0x65, 0x64, 0x5f, 0x73, 0x6c, 0x69, 0x63, 0x65, 0x5f, 0x35, 0x00,
    0x04, 0x00, 0x00, 0x00, 0x01, 0x00, 0x00, 0x00, 0x04, 0x00, 0x00, 0x00,
    0x01, 0x00, 0x00, 0x00, 0x3c, 0x00, 0x00, 0x00, 0x8e, 0xef, 0xff, 0xff,
    0x00, 0x00, 0x00, 0x01, 0x10, 0x00, 0x00, 0x00, 0x10, 0x00, 0x00, 0x00,
    0x50, 0x00, 0x00, 0x00, 0x20, 0x00, 0x00, 0x00, 0x90, 0xb8, 0xff, 0xff,
    0x10, 0x00, 0x00, 0x00, 0x73, 0x74, 0x72, 0x69, 0x64, 0x65, 0x64, 0x5f,
    0x73, 0x6c, 0x69, 0x63, 0x65, 0x5f, 0x34, 0x31, 0x00, 0x00, 0x00, 0x00,
    0x04, 0x00, 0x00, 0x00, 0x01, 0x00, 0x00, 0x00, 0x03, 0x00, 0x00, 0x00,
    0x01, 0x00, 0x00, 0x00, 0x3c, 0x00, 0x00, 0x00, 0x9a, 0xb8, 0xff, 0xff,
    0x00, 0x00, 0x00, 0x01, 0x14, 0x00, 0x00, 0x00, 0x34, 0x00, 0x00, 0x00,
    0x4f, 0x00, 0x00, 0x00, 0x00, 0x00, 0x00, 0x09, 0x3c, 0x00, 0x00, 0x00,
    0x84, 0xb8, 0xff, 0xff, 0x08, 0x00, 0x00, 0x00, 0x14, 0x00, 0x00, 0x00,
    0x01, 0x00, 0x00, 0x00, 0x80, 0xff, 0xff, 0xff, 0xff, 0xff, 0xff, 0xff,
    0x00, 0x00, 0x00, 0x00, 0x01, 0x00, 0x00, 0x00, 0xd9, 0x78, 0x9f, 0x3c,
    0x0f, 0x00, 0x00, 0x00, 0x73, 0x74, 0x72, 0x69, 0x64, 0x65, 0x64, 0x5f,
    0x73, 0x6c, 0x69, 0x63, 0x65, 0x5f, 0x34, 0x00, 0x04, 0x00, 0x00, 0x00,
    0x01, 0x00, 0x00, 0x00, 0x03, 0x00, 0x00, 0x00, 0x01, 0x00, 0x00, 0x00,
    0x3c, 0x00, 0x00, 0x00, 0x3e, 0xf0, 0xff, 0xff, 0x00, 0x00, 0x00, 0x01,
    0x10, 0x00, 0x00, 0x00, 0x10, 0x00, 0x00, 0x00, 0x4e, 0x00, 0x00, 0x00,
    0x20, 0x00, 0x00, 0x00, 0x40, 0xb9, 0xff, 0xff, 0x10, 0x00, 0x00, 0x00,
    0x73, 0x74, 0x72, 0x69, 0x64, 0x65, 0x64, 0x5f, 0x73, 0x6c, 0x69, 0x63,
    0x65, 0x5f, 0x33, 0x31, 0x00, 0x00, 0x00, 0x00, 0x04, 0x00, 0x00, 0x00,
    0x01, 0x00, 0x00, 0x00, 0x0c, 0x00, 0x00, 0x00, 0x01, 0x00, 0x00, 0x00,
    0x3c, 0x00, 0x00, 0x00, 0x4a, 0xb9, 0xff, 0xff, 0x00, 0x00, 0x00, 0x01,
    0x14, 0x00, 0x00, 0x00, 0x34, 0x00, 0x00, 0x00, 0x4d, 0x00, 0x00, 0x00,
    0x00, 0x00, 0x00, 0x09, 0x3c, 0x00, 0x00, 0x00, 0x34, 0xb9, 0xff, 0xff,
    0x08, 0x00, 0x00, 0x00, 0x14, 0x00, 0x00, 0x00, 0x01, 0x00, 0x00, 0x00,
    0x80, 0xff, 0xff, 0xff, 0xff, 0xff, 0xff, 0xff, 0x00, 0x00, 0x00, 0x00,
    0x01, 0x00, 0x00, 0x00, 0x6c, 0x96, 0xcf, 0x3c, 0x0f, 0x00, 0x00, 0x00,
    0x73, 0x74, 0x72, 0x69, 0x64, 0x65, 0x64, 0x5f, 0x73, 0x6c, 0x69, 0x63,
    0x65, 0x5f, 0x33, 0x00, 0x04, 0x00, 0x00, 0x00, 0x01, 0x00, 0x00, 0x00,
    0x0c, 0x00, 0x00, 0x00, 0x01, 0x00, 0x00, 0x00, 0x3c, 0x00, 0x00, 0x00,
    0xee, 0xf0, 0xff, 0xff, 0x00, 0x00, 0x00, 0x01, 0x10, 0x00, 0x00, 0x00,
    0x10, 0x00, 0x00, 0x00, 0x4c, 0x00, 0x00, 0x00, 0x20, 0x00, 0x00, 0x00,
    0xf0, 0xb9, 0xff, 0xff, 0x10, 0x00, 0x00, 0x00, 0x73, 0x74, 0x72, 0x69,
    0x64, 0x65, 0x64, 0x5f, 0x73, 0x6c, 0x69, 0x63, 0x65, 0x5f, 0x32, 0x31,
    0x00, 0x00, 0x00, 0x00, 0x04, 0x00, 0x00, 0x00, 0x01, 0x00, 0x00, 0x00,
    0x08, 0x00, 0x00, 0x00, 0x01, 0x00, 0x00, 0x00, 0x3c, 0x00, 0x00, 0x00,
    0xfa, 0xb9, 0xff, 0xff, 0x00, 0x00, 0x00, 0x01, 0x14, 0x00, 0x00, 0x00,
    0x34, 0x00, 0x00, 0x00, 0x4b, 0x00, 0x00, 0x00, 0x00, 0x00, 0x00, 0x09,
    0x3c, 0x00, 0x00, 0x00, 0xe4, 0xb9, 0xff, 0xff, 0x08, 0x00, 0x00, 0x00,
    0x14, 0x00, 0x00, 0x00, 0x01, 0x00, 0x00, 0x00, 0x80, 0xff, 0xff, 0xff,
    0xff, 0xff, 0xff, 0xff, 0x00, 0x00, 0x00, 0x00, 0x01, 0x00, 0x00, 0x00,
    0x2a, 0x17, 0xb7, 0x3c, 0x0f, 0x00, 0x00, 0x00, 0x73, 0x74, 0x72, 0x69,
    0x64, 0x65, 0x64, 0x5f, 0x73, 0x6c, 0x69, 0x63, 0x65, 0x5f, 0x32, 0x00,
    0x04, 0x00, 0x00, 0x00, 0x01, 0x00, 0x00, 0x00, 0x08, 0x00, 0x00, 0x00,
    0x01, 0x00, 0x00, 0x00, 0x3c, 0x00, 0x00, 0x00, 0x9e, 0xf1, 0xff, 0xff,
    0x00, 0x00, 0x00, 0x01, 0x10, 0x00, 0x00, 0x00, 0x10, 0x00, 0x00, 0x00,
    0x4a, 0x00, 0x00, 0x00, 0x20, 0x00, 0x00, 0x00, 0xa0, 0xba, 0xff, 0xff,
    0x10, 0x00, 0x00, 0x00, 0x73, 0x74, 0x72, 0x69, 0x64, 0x65, 0x64, 0x5f,
    0x73, 0x6c, 0x69, 0x63, 0x65, 0x5f, 0x31, 0x31, 0x00, 0x00, 0x00, 0x00,
    0x04, 0x00, 0x00, 0x00, 0x01, 0x00, 0x00, 0x00, 0x04, 0x00, 0x00, 0x00,
    0x01, 0x00, 0x00, 0x00, 0x1e, 0x00, 0x00, 0x00, 0xaa, 0xba, 0xff, 0xff,
    0x00, 0x00, 0x00, 0x01, 0x14, 0x00, 0x00, 0x00, 0x30, 0x00, 0x00, 0x00,
    0x49, 0x00, 0x00, 0x00, 0x00, 0x00, 0x00, 0x09, 0x38, 0x00, 0x00, 0x00,
    0x94, 0xba, 0xff, 0xff, 0x08, 0x00, 0x00, 0x00, 0x10, 0x00, 0x00, 0x00,
    0x01, 0x00, 0x00, 0x00, 0x80, 0xff, 0xff, 0xff, 0xff, 0xff, 0xff, 0xff,
    0x01, 0x00, 0x00, 0x00, 0xdf, 0x33, 0xbd, 0x3c, 0x0f, 0x00, 0x00, 0x00,
    0x73, 0x74, 0x72, 0x69, 0x64, 0x65, 0x64, 0x5f, 0x73, 0x6c, 0x69, 0x63,
    0x65, 0x5f, 0x31, 0x00, 0x04, 0x00, 0x00, 0x00, 0x01, 0x00, 0x00, 0x00,
    0x04, 0x00, 0x00, 0x00, 0x01, 0x00, 0x00, 0x00, 0x1e, 0x00, 0x00, 0x00,
    0x4a, 0xf2, 0xff, 0xff, 0x00, 0x00, 0x00, 0x01, 0x10, 0x00, 0x00, 0x00,
    0x10, 0x00, 0x00, 0x00, 0x48, 0x00, 0x00, 0x00, 0x1c, 0x00, 0x00, 0x00,
    0x4c, 0xbb, 0xff, 0xff, 0x0e, 0x00, 0x00, 0x00, 0x73, 0x74, 0x72, 0x69,
    0x64, 0x65, 0x64, 0x5f, 0x73, 0x6c, 0x69, 0x63, 0x65, 0x31, 0x00, 0x00,
    0x04, 0x00, 0x00, 0x00, 0x01, 0x00, 0x00, 0x00, 0x02, 0x00, 0x00, 0x00,
    0x01, 0x00, 0x00, 0x00, 0x28, 0x00, 0x00, 0x00, 0x52, 0xbb, 0xff, 0xff,
    0x00, 0x00, 0x00, 0x01, 0x14, 0x00, 0x00, 0x00, 0x34, 0x00, 0x00, 0x00,
    0x47, 0x00, 0x00, 0x00, 0x00, 0x00, 0x00, 0x09, 0x3c, 0x00, 0x00, 0x00,
    0x3c, 0xbb, 0xff, 0xff, 0x08, 0x00, 0x00, 0x00, 0x14, 0x00, 0x00, 0x00,
    0x01, 0x00, 0x00, 0x00, 0xff, 0xff, 0xff, 0xff, 0xff, 0xff, 0xff, 0xff,
    0x00, 0x00, 0x00, 0x00, 0x01, 0x00, 0x00, 0x00, 0x81, 0x80, 0x00, 0x3c,
    0x0d, 0x00, 0x00, 0x00, 0x73, 0x74, 0x72, 0x69, 0x64, 0x65, 0x64, 0x5f,
    0x73, 0x6c, 0x69, 0x63, 0x65, 0x00, 0x00, 0x00, 0x04, 0x00, 0x00, 0x00,
    0x01, 0x00, 0x00, 0x00, 0x02, 0x00, 0x00, 0x00, 0x01, 0x00, 0x00, 0x00,
    0x28, 0x00, 0x00, 0x00, 0xba, 0xbb, 0xff, 0xff, 0x00, 0x00, 0x00, 0x01,
    0x14, 0x00, 0x00, 0x00, 0x30, 0x00, 0x00, 0x00, 0x46, 0x00, 0x00, 0x00,
    0x00, 0x00, 0x00, 0x09, 0x44, 0x00, 0x00, 0x00, 0xa4, 0xbb, 0xff, 0xff,
    0x08, 0x00, 0x00, 0x00, 0x10, 0x00, 0x00, 0x00, 0x01, 0x00, 0x00, 0x00,
    0x80, 0xff, 0xff, 0xff, 0xff, 0xff, 0xff, 0xff, 0x01, 0x00, 0x00, 0x00,
    0x00, 0x00, 0x80, 0x3b, 0x19, 0x00, 0x00, 0x00, 0x53, 0x74, 0x61, 0x74,
    0x65, 0x66, 0x75, 0x6c, 0x50, 0x61, 0x72, 0x74, 0x69, 0x74, 0x69, 0x6f,
    0x6e, 0x65, 0x64, 0x43, 0x61, 0x6c, 0x6c, 0x3a, 0x30, 0x00, 0x00, 0x00,
    0x02, 0x00, 0x00, 0x00, 0x01, 0x00, 0x00, 0x00, 0x01, 0x00, 0x00, 0x00,
    0x22, 0xbc, 0xff, 0xff, 0x00, 0x00, 0x00, 0x01, 0x14, 0x00, 0x00, 0x00,
    0x30, 0x00, 0x00, 0x00, 0x45, 0x00, 0x00, 0x00, 0x00, 0x00, 0x00, 0x09,
    0x44, 0x00, 0x00, 0x00, 0x0c, 0xbc, 0xff, 0xff, 0x08, 0x00, 0x00, 0x00,
    0x10, 0x00, 0x00, 0x00, 0x01, 0x00, 0x00, 0x00, 0xe1, 0xff, 0xff, 0xff,
    0xff, 0xff, 0xff, 0xff, 0x01, 0x00, 0x00, 0x00, 0x1d, 0x0b, 0x76, 0x3e,
    0x1a, 0x00, 0x00, 0x00, 0x64, 0x65, 0x6e, 0x73, 0x65, 0x2f, 0x4d, 0x61,
    0x74, 0x4d, 0x75, 0x6c, 0x3b, 0x64, 0x65, 0x6e, 0x73, 0x65, 0x2f, 0x42,
    0x69, 0x61, 0x73, 0x41, 0x64, 0x64, 0x00, 0x00, 0x02, 0x00, 0x00, 0x00,
    0x01, 0x00, 0x00, 0x00, 0x01, 0x00, 0x00, 0x00, 0x8a, 0xbc, 0xff, 0xff,
    0x00, 0x00, 0x00, 0x01, 0x14, 0x00, 0x00, 0x00, 0x34, 0x00, 0x00, 0x00,
    0x44, 0x00, 0x00, 0x00, 0x00, 0x00, 0x00, 0x09, 0x34, 0x00, 0x00, 0x00,
    0x74, 0xbc, 0xff, 0xff, 0x08, 0x00, 0x00, 0x00, 0x14, 0x00, 0x00, 0x00,
    0x01, 0x00, 0x00, 0x00, 0x80, 0xff, 0xff, 0xff, 0xff, 0xff, 0xff, 0xff,
    0x00, 0x00, 0x00, 0x00, 0x01, 0x00, 0x00, 0x00, 0x6b, 0xc0, 0xbb, 0x3c,
    0x07, 0x00, 0x00, 0x00, 0x52, 0x65, 0x73, 0x68, 0x61, 0x70, 0x65, 0x00,
    0x02, 0x00, 0x00, 0x00, 0x01, 0x00, 0x00, 0x00, 0x2c, 0x01, 0x00, 0x00,
    0xe2, 0xbc, 0xff, 0xff, 0x00, 0x00, 0x00, 0x01, 0x14, 0x00, 0x00, 0x00,
    0x34, 0x00, 0x00, 0x00, 0x43, 0x00, 0x00, 0x00, 0x00, 0x00, 0x00, 0x09,
    0x3c, 0x00, 0x00, 0x00, 0xcc, 0xbc, 0xff, 0xff, 0x08, 0x00, 0x00, 0x00,
    0x14, 0x00, 0x00, 0x00, 0x01, 0x00, 0x00, 0x00, 0x80, 0xff, 0xff, 0xff,
    0xff, 0xff, 0xff, 0xff, 0x00, 0x00, 0x00, 0x00, 0x01, 0x00, 0x00, 0x00,
    0x6b, 0xc0, 0xbb, 0x3c, 0x0d, 0x00, 0x00, 0x00, 0x74, 0x66, 0x6c, 0x2e,
    0x71, 0x75, 0x61, 0x6e, 0x74, 0x69, 0x7a, 0x65, 0x35, 0x00, 0x00, 0x00,
    0x04, 0x00, 0x00, 0x00, 0x01, 0x00, 0x00, 0x00, 0x05, 0x00, 0x00, 0x00,
    0x01, 0x00, 0x00, 0x00, 0x3c, 0x00, 0x00, 0x00, 0x86, 0xf4, 0xff, 0xff,
    0x00, 0x00, 0x00, 0x01, 0x10, 0x00, 0x00, 0x00, 0x10, 0x00, 0x00, 0x00,
    0x42, 0x00, 0x00, 0x00, 0x18, 0x00, 0x00, 0x00, 0x88, 0xbd, 0xff, 0xff,
    0x08, 0x00, 0x00, 0x00, 0x63, 0x6f, 0x6e, 0x63, 0x61, 0x74, 0x5f, 0x35,
    0x00, 0x00, 0x00, 0x00, 0x04, 0x00, 0x00, 0x00, 0x01, 0x00, 0x00, 0x00,
    0x05, 0x00, 0x00, 0x00, 0x01, 0x00, 0x00, 0x00, 0x3c, 0x00, 0x00, 0x00,
    0xc6, 0xf4, 0xff, 0xff, 0x00, 0x00, 0x00, 0x01, 0x10, 0x00, 0x00, 0x00,
    0x10, 0x00, 0x00, 0x00, 0x41, 0x00, 0x00, 0x00, 0x30, 0x00, 0x00, 0x00,
    0xc8, 0xbd, 0xff, 0xff, 0x20, 0x00, 0x00, 0x00, 0x70, 0x77, 0x34, 0x2f,
    0x52, 0x65, 0x6c, 0x75, 0x3b, 0x70, 0x77, 0x34, 0x2f, 0x42, 0x69, 0x61,
    0x73, 0x41, 0x64, 0x64, 0x3b, 0x70, 0x77, 0x34, 0x2f, 0x43, 0x6f, 0x6e,
    0x76, 0x32, 0x44, 0x31, 0x00, 0x00, 0x00, 0x00, 0x04, 0x00, 0x00, 0x00,
    0x01, 0x00, 0x00, 0x00, 0x01, 0x00, 0x00, 0x00, 0x01, 0x00, 0x00, 0x00,
    0x3c, 0x00, 0x00, 0x00, 0xe2, 0xbd, 0xff, 0xff, 0x00, 0x00, 0x00, 0x01,
    0x14, 0x00, 0x00, 0x00, 0x34, 0x00, 0x00, 0x00, 0x40, 0x00, 0x00, 0x00,
    0x00, 0x00, 0x00, 0x09, 0x4c, 0x00, 0x00, 0x00, 0xcc, 0xbd, 0xff, 0xff,
    0x08, 0x00, 0x00, 0x00, 0x14, 0x00, 0x00, 0x00, 0x01, 0x00, 0x00, 0x00,
    0x80, 0xff, 0xff, 0xff, 0xff, 0xff, 0xff, 0xff, 0x00, 0x00, 0x00, 0x00,
    0x01, 0x00, 0x00, 0x00, 0x6b, 0xc0, 0xbb, 0x3c, 0x1f, 0x00, 0x00, 0x00,
    0x70, 0x77, 0x34, 0x2f, 0x52, 0x65, 0x6c, 0x75, 0x3b, 0x70, 0x77, 0x34,
    0x2f, 0x42, 0x69, 0x61, 0x73, 0x41, 0x64, 0x64, 0x3b, 0x70, 0x77, 0x34,
    0x2f, 0x43, 0x6f, 0x6e, 0x76, 0x32, 0x44, 0x00, 0x04, 0x00, 0x00, 0x00,
    0x01, 0x00, 0x00, 0x00, 0x01, 0x00, 0x00, 0x00, 0x01, 0x00, 0x00, 0x00,
    0x3c, 0x00, 0x00, 0x00, 0x5a, 0xbe, 0xff, 0xff, 0x00, 0x00, 0x00, 0x01,
    0x14, 0x00, 0x00, 0x00, 0x30, 0x00, 0x00, 0x00, 0x3f, 0x00, 0x00, 0x00,
    0x00, 0x00, 0x00, 0x09, 0x44, 0x00, 0x00, 0x00, 0x44, 0xbe, 0xff, 0xff,
    0x08, 0x00, 0x00, 0x00, 0x10, 0x00, 0x00, 0x00, 0x01, 0x00, 0x00, 0x00,
    0x19, 0x00, 0x00, 0x00, 0x00, 0x00, 0x00, 0x00, 0x01, 0x00, 0x00, 0x00,
    0x5a, 0x6a, 0x8d, 0x3c, 0x19, 0x00, 0x00, 0x00, 0x64, 0x77, 0x34, 0x2f,
    0x42, 0x69, 0x61, 0x73, 0x41, 0x64, 0x64, 0x3b, 0x64, 0x77, 0x34, 0x2f,
    0x64, 0x65, 0x70, 0x74, 0x68, 0x77, 0x69, 0x73, 0x65, 0x00, 0x00, 0x00,
    0x04, 0x00, 0x00, 0x00, 0x01, 0x00, 0x00, 0x00, 0x01, 0x00, 0x00, 0x00,
    0x01, 0x00, 0x00, 0x00, 0x3c, 0x00, 0x00, 0x00, 0xca, 0xbe, 0xff, 0xff,
    0x00, 0x00, 0x00, 0x01, 0x14, 0x00, 0x00, 0x00, 0x34, 0x00, 0x00, 0x00,
    0x3e, 0x00, 0x00, 0x00, 0x00, 0x00, 0x00, 0x09, 0x3c, 0x00, 0x00, 0x00,
    0xb4, 0xbe, 0xff, 0xff, 0x08, 0x00, 0x00, 0x00, 0x14, 0x00, 0x00, 0x00,
    0x01, 0x00, 0x00, 0x00, 0x80, 0xff, 0xff, 0xff, 0xff, 0xff, 0xff, 0xff,
    0x00, 0x00, 0x00, 0x00, 0x01, 0x00, 0x00, 0x00, 0xd9, 0x78, 0x9f, 0x3c,
    0x0d, 0x00, 0x00, 0x00, 0x74, 0x66, 0x6c, 0x2e, 0x71, 0x75, 0x61, 0x6e,
    0x74, 0x69, 0x7a, 0x65, 0x34, 0x00, 0x00, 0x00, 0x04, 0x00, 0x00, 0x00,
    0x01, 0x00, 0x00, 0x00, 0x04, 0x00, 0x00, 0x00, 0x01, 0x00, 0x00, 0x00,
    0x3c, 0x00, 0x00, 0x00, 0x6e, 0xf6, 0xff, 0xff, 0x00, 0x00, 0x00, 0x01,
    0x10, 0x00, 0x00, 0x00, 0x10, 0x00, 0x00, 0x00, 0x3d, 0x00, 0x00, 0x00,
    0x18, 0x00, 0x00, 0x00, 0x70, 0xbf, 0xff, 0xff, 0x08, 0x00, 0x00, 0x00,
    0x63, 0x6f, 0x6e, 0x63, 0x61, 0x74, 0x5f, 0x34, 0x00, 0x00, 0x00, 0x00,
    0x04, 0x00, 0x00, 0x00, 0x01, 0x00, 0x00, 0x00, 0x04, 0x00, 0x00, 0x00,
    0x01, 0x00, 0x00, 0x00, 0x3c, 0x00, 0x00, 0x00, 0xae, 0xf6, 0xff, 0xff,
    0x00, 0x00, 0x00, 0x01, 0x10, 0x00, 0x00, 0x00, 0x10, 0x00, 0x00, 0x00,
    0x3c, 0x00, 0x00, 0x00, 0x30, 0x00, 0x00, 0x00, 0xb0, 0xbf, 0xff, 0xff,
    0x20, 0x00, 0x00, 0x00, 0x70, 0x77, 0x33, 0x2f, 0x52, 0x65, 0x6c, 0x75,
    0x3b, 0x70, 0x77, 0x33, 0x2f, 0x42, 0x69, 0x61, 0x73, 0x41, 0x64, 0x64,
    0x3b, 0x70, 0x77, 0x33, 0x2f, 0x43, 0x6f, 0x6e, 0x76, 0x32, 0x44, 0x31,
    0x00, 0x00, 0x00, 0x00, 0x04, 0x00, 0x00, 0x00, 0x01, 0x00, 0x00, 0x00,
    0x01, 0x00, 0x00, 0x00, 0x01, 0x00, 0x00, 0x00, 0x3c, 0x00, 0x00, 0x00,
    0xca, 0xbf, 0xff, 0xff, 0x00, 0x00, 0x00, 0x01, 0x14, 0x00, 0x00, 0x00,
    0x34, 0x00, 0x00, 0x00, 0x3b, 0x00, 0x00, 0x00, 0x00, 0x00, 0x00, 0x09,
    0x4c, 0x00, 0x00, 0x00, 0xb4, 0xbf, 0xff, 0xff, 0x08, 0x00, 0x00, 0x00,
    0x14, 0x00, 0x00, 0x00, 0x01, 0x00, 0x00, 0x00, 0x80, 0xff, 0xff, 0xff,
    0xff, 0xff, 0xff, 0xff, 0x00, 0x00, 0x00, 0x00, 0x01, 0x00, 0x00, 0x00,
    0xd9, 0x78, 0x9f, 0x3c, 0x1f, 0x00, 0x00, 0x00, 0x70, 0x77, 0x33, 0x2f,
    0x52, 0x65, 0x6c, 0x75, 0x3b, 0x70, 0x77, 0x33, 0x2f, 0x42, 0x69, 0x61,
    0x73, 0x41, 0x64, 0x64, 0x3b, 0x70, 0x77, 0x33, 0x2f, 0x43, 0x6f, 0x6e,
    0x76, 0x32, 0x44, 0x00, 0x04, 0x00, 0x00, 0x00, 0x01, 0x00, 0x00, 0x00,
    0x01, 0x00, 0x00, 0x00, 0x01, 0x00, 0x00, 0x00, 0x3c, 0x00, 0x00, 0x00,
    0x42, 0xc0, 0xff, 0xff, 0x00, 0x00, 0x00, 0x01, 0x14, 0x00, 0x00, 0x00,
    0x30, 0x00, 0x00, 0x00, 0x3a, 0x00, 0x00, 0x00, 0x00, 0x00, 0x00, 0x09,
    0x44, 0x00, 0x00, 0x00, 0x2c, 0xc0, 0xff, 0xff, 0x08, 0x00, 0x00, 0x00,
    0x10, 0x00, 0x00, 0x00, 0x01, 0x00, 0x00, 0x00, 0x1d, 0x00, 0x00, 0x00,
    0x00, 0x00, 0x00, 0x00, 0x01, 0x00, 0x00, 0x00, 0x2a, 0x54, 0xd7, 0x3c,
    0x19, 0x00, 0x00, 0x00, 0x64, 0x77, 0x33, 0x2f, 0x42, 0x69, 0x61, 0x73,
    0x41, 0x64, 0x64, 0x3b, 0x64, 0x77, 0x33, 0x2f, 0x64, 0x65, 0x70, 0x74,
    0x68, 0x77, 0x69, 0x73, 0x65, 0x00, 0x00, 0x00, 0x04, 0x00, 0x00, 0x00,
    0x01, 0x00, 0x00, 0x00, 0x01, 0x00, 0x00, 0x00, 0x01, 0x00, 0x00, 0x00,
    0x3c, 0x00, 0x00, 0x00, 0xb2, 0xc0, 0xff, 0xff, 0x00, 0x00, 0x00, 0x01,
    0x14, 0x00, 0x00, 0x00, 0x34, 0x00, 0x00, 0x00, 0x39, 0x00, 0x00, 0x00,
    0x00, 0x00, 0x00, 0x09, 0x3c, 0x00, 0x00, 0x00, 0x9c, 0xc0, 0xff, 0xff,
    0x08, 0x00, 0x00, 0x00, 0x14, 0x00, 0x00, 0x00, 0x01, 0x00, 0x00, 0x00,
    0x80, 0xff, 0xff, 0xff, 0xff, 0xff, 0xff, 0xff, 0x00, 0x00, 0x00, 0x00,
    0x01, 0x00, 0x00, 0x00, 0x6c, 0x96, 0xcf, 0x3c, 0x0d, 0x00, 0x00, 0x00,
    0x74, 0x66, 0x6c, 0x2e, 0x71, 0x75, 0x61, 0x6e, 0x74, 0x69, 0x7a, 0x65,
    0x33, 0x00, 0x00, 0x00, 0x04, 0x00, 0x00, 0x00, 0x01, 0x00, 0x00, 0x00,
    0x0d, 0x00, 0x00, 0x00, 0x01, 0x00, 0x00, 0x00, 0x3c, 0x00, 0x00, 0x00,
    0x56, 0xf8, 0xff, 0xff, 0x00, 0x00, 0x00, 0x01, 0x10, 0x00, 0x00, 0x00,
    0x10, 0x00, 0x00, 0x00, 0x38, 0x00, 0x00, 0x00, 0x18, 0x00, 0x00, 0x00,
    0x58, 0xc1, 0xff, 0xff, 0x08, 0x00, 0x00, 0x00, 0x63, 0x6f, 0x6e, 0x63,
    0x61, 0x74, 0x5f, 0x33, 0x00, 0x00, 0x00, 0x00, 0x04, 0x00, 0x00, 0x00,
    0x01, 0x00, 0x00, 0x00, 0x0d, 0x00, 0x00, 0x00, 0x01, 0x00, 0x00, 0x00,
    0x3c, 0x00, 0x00, 0x00, 0x96, 0xf8, 0xff, 0xff, 0x00, 0x00, 0x00, 0x01,
    0x10, 0x00, 0x00, 0x00, 0x10, 0x00, 0x00, 0x00, 0x37, 0x00, 0x00, 0x00,
    0x30, 0x00, 0x00, 0x00, 0x98, 0xc1, 0xff, 0xff, 0x20, 0x00, 0x00, 0x00,
    0x70, 0x77, 0x32, 0x2f, 0x52, 0x65, 0x6c, 0x75, 0x3b, 0x70, 0x77, 0x32,
    0x2f, 0x42, 0x69, 0x61, 0x73, 0x41, 0x64, 0x64, 0x3b, 0x70, 0x77, 0x32,
    0x2f, 0x43, 0x6f, 0x6e, 0x76, 0x32, 0x44, 0x31, 0x00, 0x00, 0x00, 0x00,
    0x04, 0x00, 0x00, 0x00, 0x01, 0x00, 0x00, 0x00, 0x01, 0x00, 0x00, 0x00,
    0x01, 0x00, 0x00, 0x00, 0x3c, 0x00, 0x00, 0x00, 0xb2, 0xc1, 0xff, 0xff,
    0x00, 0x00, 0x00, 0x01, 0x14, 0x00, 0x00, 0x00, 0x34, 0x00, 0x00, 0x00,
    0x36, 0x00, 0x00, 0x00, 0x00, 0x00, 0x00, 0x09, 0x4c, 0x00, 0x00, 0x00,
    0x9c, 0xc1, 0xff, 0xff, 0x08, 0x00, 0x00, 0x00, 0x14, 0x00, 0x00, 0x00,
    0x01, 0x00, 0x00, 0x00, 0x80, 0xff, 0xff, 0xff, 0xff, 0xff, 0xff, 0xff,
    0x00, 0x00, 0x00, 0x00, 0x01, 0x00, 0x00, 0x00, 0x6c, 0x96, 0xcf, 0x3c,
    0x1f, 0x00, 0x00, 0x00, 0x70, 0x77, 0x32, 0x2f, 0x52, 0x65, 0x6c, 0x75,
    0x3b, 0x70, 0x77, 0x32, 0x2f, 0x42, 0x69, 0x61, 0x73, 0x41, 0x64, 0x64,
    0x3b, 0x70, 0x77, 0x32, 0x2f, 0x43, 0x6f, 0x6e, 0x76, 0x32, 0x44, 0x00,
    0x04, 0x00, 0x00, 0x00, 0x01, 0x00, 0x00, 0x00, 0x01, 0x00, 0x00, 0x00,
    0x01, 0x00, 0x00, 0x00, 0x3c, 0x00, 0x00, 0x00, 0x2a, 0xc2, 0xff, 0xff,
    0x00, 0x00, 0x00, 0x01, 0x14, 0x00, 0x00, 0x00, 0x30, 0x00, 0x00, 0x00,
    0x35, 0x00, 0x00, 0x00, 0x00, 0x00, 0x00, 0x09, 0x44, 0x00, 0x00, 0x00,
    0x14, 0xc2, 0xff, 0xff, 0x08, 0x00, 0x00, 0x00, 0x10, 0x00, 0x00, 0x00,
    0x01, 0x00, 0x00, 0x00, 0x11, 0x00, 0x00, 0x00, 0x00, 0x00, 0x00, 0x00,
    0x01, 0x00, 0x00, 0x00, 0x3c, 0x30, 0xae, 0x3c, 0x19, 0x00, 0x00, 0x00,
    0x64, 0x77, 0x32, 0x2f, 0x42, 0x69, 0x61, 0x73, 0x41, 0x64, 0x64, 0x3b,
    0x64, 0x77, 0x32, 0x2f, 0x64, 0x65, 0x70, 0x74, 0x68, 0x77, 0x69, 0x73,
    0x65, 0x00, 0x00, 0x00, 0x04, 0x00, 0x00, 0x00, 0x01, 0x00, 0x00, 0x00,
    0x01, 0x00, 0x00, 0x00, 0x01, 0x00, 0x00, 0x00, 0x3c, 0x00, 0x00, 0x00,
    0x9a, 0xc2, 0xff, 0xff, 0x00, 0x00, 0x00, 0x01, 0x14, 0x00, 0x00, 0x00,
    0x34, 0x00, 0x00, 0x00, 0x34, 0x00, 0x00, 0x00, 0x00, 0x00, 0x00, 0x09,
    0x3c, 0x00, 0x00, 0x00, 0x84, 0xc2, 0xff, 0xff, 0x08, 0x00, 0x00, 0x00,
    0x14, 0x00, 0x00, 0x00, 0x01, 0x00, 0x00, 0x00, 0x80, 0xff, 0xff, 0xff,
    0xff, 0xff, 0xff, 0xff, 0x00, 0x00, 0x00, 0x00, 0x01, 0x00, 0x00, 0x00,
    0x2a, 0x17, 0xb7, 0x3c, 0x0d, 0x00, 0x00, 0x00, 0x74, 0x66, 0x6c, 0x2e,
    0x71, 0x75, 0x61, 0x6e, 0x74, 0x69, 0x7a, 0x65, 0x32, 0x00, 0x00, 0x00,
    0x04, 0x00, 0x00, 0x00, 0x01, 0x00, 0x00, 0x00, 0x09, 0x00, 0x00, 0x00,
    0x01, 0x00, 0x00, 0x00, 0x3c, 0x00, 0x00, 0x00, 0x3e, 0xfa, 0xff, 0xff,
    0x00, 0x00, 0x00, 0x01, 0x10, 0x00, 0x00, 0x00, 0x10, 0x00, 0x00, 0x00,
    0x33, 0x00, 0x00, 0x00, 0x18, 0x00, 0x00, 0x00, 0x40, 0xc3, 0xff, 0xff,
    0x08, 0x00, 0x00, 0x00, 0x63, 0x6f, 0x6e, 0x63, 0x61, 0x74, 0x5f, 0x32,
    0x00, 0x00, 0x00, 0x00, 0x04, 0x00, 0x00, 0x00, 0x01, 0x00, 0x00, 0x00,
    0x09, 0x00, 0x00, 0x00, 0x01, 0x00, 0x00, 0x00, 0x3c, 0x00, 0x00, 0x00,
    0x7e, 0xfa, 0xff, 0xff, 0x00, 0x00, 0x00, 0x01, 0x10, 0x00, 0x00, 0x00,
    0x10, 0x00, 0x00, 0x00, 0x32, 0x00, 0x00, 0x00, 0x30, 0x00, 0x00, 0x00,
    0x80, 0xc3, 0xff, 0xff, 0x20, 0x00, 0x00, 0x00, 0x70, 0x77, 0x31, 0x2f,
    0x52, 0x65, 0x6c, 0x75, 0x3b, 0x70, 0x77, 0x31, 0x2f, 0x42, 0x69, 0x61,
    0x73, 0x41, 0x64, 0x64, 0x3b, 0x70, 0x77, 0x31, 0x2f, 0x43, 0x6f, 0x6e,
    0x76, 0x32, 0x44, 0x31, 0x00, 0x00, 0x00, 0x00, 0x04, 0x00, 0x00, 0x00,
    0x01, 0x00, 0x00, 0x00, 0x01, 0x00, 0x00, 0x00, 0x01, 0x00, 0x00, 0x00,
    0x3c, 0x00, 0x00, 0x00, 0x9a, 0xc3, 0xff, 0xff, 0x00, 0x00, 0x00, 0x01,
    0x14, 0x00, 0x00, 0x00, 0x34, 0x00, 0x00, 0x00, 0x31, 0x00, 0x00, 0x00,
    0x00, 0x00, 0x00, 0x09, 0x4c, 0x00, 0x00, 0x00, 0x84, 0xc3, 0xff, 0xff,
    0x08, 0x00, 0x00, 0x00, 0x14, 0x00, 0x00, 0x00, 0x01, 0x00, 0x00, 0x00,
    0x80, 0xff, 0xff, 0xff, 0xff, 0xff, 0xff, 0xff, 0x00, 0x00, 0x00, 0x00,
    0x01, 0x00, 0x00, 0x00, 0x2a, 0x17, 0xb7, 0x3c, 0x1f, 0x00, 0x00, 0x00,
    0x70, 0x77, 0x31, 0x2f, 0x52, 0x65, 0x6c, 0x75, 0x3b, 0x70, 0x77, 0x31,
    0x2f, 0x42, 0x69, 0x61, 0x73, 0x41, 0x64, 0x64, 0x3b, 0x70, 0x77, 0x31,
    0x2f, 0x43, 0x6f, 0x6e, 0x76, 0x32, 0x44, 0x00, 0x04, 0x00, 0x00, 0x00,
    0x01, 0x00, 0x00, 0x00, 0x01, 0x00, 0x00, 0x00, 0x01, 0x00, 0x00, 0x00,
    0x3c, 0x00, 0x00, 0x00, 0x12, 0xc4, 0xff, 0xff, 0x00, 0x00, 0x00, 0x01,
    0x14, 0x00, 0x00, 0x00, 0x30, 0x00, 0x00, 0x00, 0x30, 0x00, 0x00, 0x00,
    0x00, 0x00, 0x00, 0x09, 0x44, 0x00, 0x00, 0x00, 0xfc, 0xc3, 0xff, 0xff,
    0x08, 0x00, 0x00, 0x00, 0x10, 0x00, 0x00, 0x00, 0x01, 0x00, 0x00, 0x00,
    0x21, 0x00, 0x00, 0x00, 0x00, 0x00, 0x00, 0x00, 0x01, 0x00, 0x00, 0x00,
    0xcd, 0x11, 0x66, 0x3c, 0x19, 0x00, 0x00, 0x00, 0x64, 0x77, 0x31, 0x2f,
    0x42, 0x69, 0x61, 0x73, 0x41, 0x64, 0x64, 0x3b, 0x64, 0x77, 0x31, 0x2f,
    0x64, 0x65, 0x70, 0x74, 0x68, 0x77, 0x69, 0x73, 0x65, 0x00, 0x00, 0x00,
    0x04, 0x00, 0x00, 0x00, 0x01, 0x00, 0x00, 0x00, 0x01, 0x00, 0x00, 0x00,
    0x01, 0x00, 0x00, 0x00, 0x1e, 0x00, 0x00, 0x00, 0x82, 0xc4, 0xff, 0xff,
    0x00, 0x00, 0x00, 0x01, 0x14, 0x00, 0x00, 0x00, 0x30, 0x00, 0x00, 0x00,
    0x2f, 0x00, 0x00, 0x00, 0x00, 0x00, 0x00, 0x09, 0x38, 0x00, 0x00, 0x00,
    0x6c, 0xc4, 0xff, 0xff, 0x08, 0x00, 0x00, 0x00, 0x10, 0x00, 0x00, 0x00,
    0x01, 0x00, 0x00, 0x00, 0x80, 0xff, 0xff, 0xff, 0xff, 0xff, 0xff, 0xff,
    0x01, 0x00, 0x00, 0x00, 0xdf, 0x33, 0xbd, 0x3c, 0x0d, 0x00, 0x00, 0x00,
    0x74, 0x66, 0x6c, 0x2e, 0x71, 0x75, 0x61, 0x6e, 0x74, 0x69, 0x7a, 0x65,
    0x31, 0x00, 0x00, 0x00, 0x04, 0x00, 0x00, 0x00, 0x01, 0x00, 0x00, 0x00,
    0x05, 0x00, 0x00, 0x00, 0x01, 0x00, 0x00, 0x00, 0x1e, 0x00, 0x00, 0x00,
    0x22, 0xfc, 0xff, 0xff, 0x00, 0x00, 0x00, 0x01, 0x10, 0x00, 0x00, 0x00,
    0x10, 0x00, 0x00, 0x00, 0x2e, 0x00, 0x00, 0x00, 0x18, 0x00, 0x00, 0x00,
    0x24, 0xc5, 0xff, 0xff, 0x08, 0x00, 0x00, 0x00, 0x63, 0x6f, 0x6e, 0x63,
    0x61, 0x74, 0x5f, 0x31, 0x00, 0x00, 0x00, 0x00, 0x04, 0x00, 0x00, 0x00,
    0x01, 0x00, 0x00, 0x00, 0x05, 0x00, 0x00, 0x00, 0x01, 0x00, 0x00, 0x00,
    0x1e, 0x00, 0x00, 0x00, 0x62, 0xfc, 0xff, 0xff, 0x00, 0x00, 0x00, 0x01,
    0x10, 0x00, 0x00, 0x00, 0x10, 0x00, 0x00, 0x00, 0x2d, 0x00, 0x00, 0x00,
    0x34, 0x00, 0x00, 0x00, 0x64, 0xc5, 0xff, 0xff, 0x26, 0x00, 0x00, 0x00,
    0x63, 0x6f, 0x6e, 0x76, 0x30, 0x2f, 0x52, 0x65, 0x6c, 0x75, 0x3b, 0x63,
    0x6f, 0x6e, 0x76, 0x30, 0x2f, 0x42, 0x69, 0x61, 0x73, 0x41, 0x64, 0x64,
    0x3b, 0x63, 0x6f, 0x6e, 0x76, 0x30, 0x2f, 0x43, 0x6f, 0x6e, 0x76, 0x32,
    0x44, 0x31, 0x00, 0x00, 0x04, 0x00, 0x00, 0x00, 0x01, 0x00, 0x00, 0x00,
    0x01, 0x00, 0x00, 0x00, 0x01, 0x00, 0x00, 0x00, 0x1e, 0x00, 0x00, 0x00,
    0x82, 0xc5, 0xff, 0xff, 0x00, 0x00, 0x00, 0x01, 0x14, 0x00, 0x00, 0x00,
    0x34, 0x00, 0x00, 0x00, 0x2c, 0x00, 0x00, 0x00, 0x00, 0x00, 0x00, 0x09,
    0x54, 0x00, 0x00, 0x00, 0x6c, 0xc5, 0xff, 0xff, 0x08, 0x00, 0x00, 0x00,
    0x14, 0x00, 0x00, 0x00, 0x01, 0x00, 0x00, 0x00, 0x80, 0xff, 0xff, 0xff,
    0xff, 0xff, 0xff, 0xff, 0x00, 0x00, 0x00, 0x00, 0x01, 0x00, 0x00, 0x00,
    0xdf, 0x33, 0xbd, 0x3c, 0x25, 0x00, 0x00, 0x00, 0x63, 0x6f, 0x6e, 0x76,
    0x30, 0x2f, 0x52, 0x65, 0x6c, 0x75, 0x3b, 0x63, 0x6f, 0x6e, 0x76, 0x30,
    0x2f, 0x42, 0x69, 0x61, 0x73, 0x41, 0x64, 0x64, 0x3b, 0x63, 0x6f, 0x6e,
    0x76, 0x30, 0x2f, 0x43, 0x6f, 0x6e, 0x76, 0x32, 0x44, 0x00, 0x00, 0x00,
    0x04, 0x00, 0x00, 0x00, 0x01, 0x00, 0x00, 0x00, 0x01, 0x00, 0x00, 0x00,
    0x01, 0x00, 0x00, 0x00, 0x1e, 0x00, 0x00, 0x00, 0x02, 0xc6, 0xff, 0xff,
    0x00, 0x00, 0x00, 0x01, 0x14, 0x00, 0x00, 0x00, 0x30, 0x00, 0x00, 0x00,
    0x2b, 0x00, 0x00, 0x00, 0x00, 0x00, 0x00, 0x09, 0x38, 0x00, 0x00, 0x00,
    0xec, 0xc5, 0xff, 0xff, 0x08, 0x00, 0x00, 0x00, 0x10, 0x00, 0x00, 0x00,
    0x01, 0x00, 0x00, 0x00, 0xff, 0xff, 0xff, 0xff, 0xff, 0xff, 0xff, 0xff,
    0x01, 0x00, 0x00, 0x00, 0x81, 0x80, 0x00, 0x3c, 0x0c, 0x00, 0x00, 0x00,
    0x74, 0x66, 0x6c, 0x2e, 0x71, 0x75, 0x61, 0x6e, 0x74, 0x69, 0x7a, 0x65,
    0x00, 0x00, 0x00, 0x00, 0x04, 0x00, 0x00, 0x00, 0x01, 0x00, 0x00, 0x00,
    0x05, 0x00, 0x00, 0x00, 0x01, 0x00, 0x00, 0x00, 0x28, 0x00, 0x00, 0x00,
    0xa2, 0xfd, 0xff, 0xff, 0x00, 0x00, 0x00, 0x01, 0x10, 0x00, 0x00, 0x00,
    0x10, 0x00, 0x00, 0x00, 0x2a, 0x00, 0x00, 0x00, 0x14, 0x00, 0x00, 0x00,
    0xa4, 0xc6, 0xff, 0xff, 0x06, 0x00, 0x00, 0x00, 0x63, 0x6f, 0x6e, 0x63,
    0x61, 0x74, 0x00, 0x00, 0x04, 0x00, 0x00, 0x00, 0x01, 0x00, 0x00, 0x00,
    0x05, 0x00, 0x00, 0x00, 0x01, 0x00, 0x00, 0x00, 0x28, 0x00, 0x00, 0x00,
    0xde, 0xfd, 0xff, 0xff, 0x00, 0x00, 0x00, 0x01, 0x10, 0x00, 0x00, 0x00,
    0x10, 0x00, 0x00, 0x00, 0x29, 0x00, 0x00, 0x00, 0x18, 0x00, 0x00, 0x00,
    0xe0, 0xc6, 0xff, 0xff, 0x0b, 0x00, 0x00, 0x00, 0x45, 0x78, 0x70, 0x61,
    0x6e, 0x64, 0x44, 0x69, 0x6d, 0x73, 0x31, 0x00, 0x04, 0x00, 0x00, 0x00,
    0x01, 0x00, 0x00, 0x00, 0x03, 0x00, 0x00, 0x00, 0x01, 0x00, 0x00, 0x00,
    0x28, 0x00, 0x00, 0x00, 0xe2, 0xc6, 0xff, 0xff, 0x00, 0x00, 0x00, 0x01,
    0x14, 0x00, 0x00, 0x00, 0x34, 0x00, 0x00, 0x00, 0x28, 0x00, 0x00, 0x00,
    0x00, 0x00, 0x00, 0x09, 0x38, 0x00, 0x00, 0x00, 0xcc, 0xc6, 0xff, 0xff,
    0x08, 0x00, 0x00, 0x00, 0x14, 0x00, 0x00, 0x00, 0x01, 0x00, 0x00, 0x00,
    0xff, 0xff, 0xff, 0xff, 0xff, 0xff, 0xff, 0xff, 0x00, 0x00, 0x00, 0x00,
    0x01, 0x00, 0x00, 0x00, 0x81, 0x80, 0x00, 0x3c, 0x0a, 0x00, 0x00, 0x00,
    0x45, 0x78, 0x70, 0x61, 0x6e, 0x64, 0x44, 0x69, 0x6d, 0x73, 0x00, 0x00,
    0x04, 0x00, 0x00, 0x00, 0x01, 0x00, 0x00, 0x00, 0x03, 0x00, 0x00, 0x00,
    0x01, 0x00, 0x00, 0x00, 0x28, 0x00, 0x00, 0x00, 0x82, 0xfe, 0xff, 0xff,
    0x00, 0x00, 0x00, 0x01, 0x10, 0x00, 0x00, 0x00, 0x10, 0x00, 0x00, 0x00,
    0x27, 0x00, 0x00, 0x00, 0x24, 0x00, 0x00, 0x00, 0x84, 0xc7, 0xff, 0xff,
    0x15, 0x00, 0x00, 0x00, 0x63, 0x6f, 0x6e, 0x63, 0x61, 0x74, 0x2f, 0x52,
    0x65, 0x61, 0x64, 0x56, 0x61, 0x72, 0x69, 0x61, 0x62, 0x6c, 0x65, 0x4f,
    0x70, 0x00, 0x00, 0x00, 0x04, 0x00, 0x00, 0x00, 0x01, 0x00, 0x00, 0x00,
    0x02, 0x00, 0x00, 0x00, 0x01, 0x00, 0x00, 0x00, 0x28, 0x00, 0x00, 0x00,
    0xce, 0xfe, 0xff, 0xff, 0x00, 0x00, 0x00, 0x01, 0x10, 0x00, 0x00, 0x00,
    0x10, 0x00, 0x00, 0x00, 0x26, 0x00, 0x00, 0x00, 0x24, 0x00, 0x00, 0x00,
    0xd0, 0xc7, 0xff, 0xff, 0x17, 0x00, 0x00, 0x00, 0x63, 0x6f, 0x6e, 0x63,
    0x61, 0x74, 0x5f, 0x35, 0x2f, 0x52, 0x65, 0x61, 0x64, 0x56, 0x61, 0x72,
    0x69, 0x61, 0x62, 0x6c, 0x65, 0x4f, 0x70, 0x00, 0x04, 0x00, 0x00, 0x00,
    0x01, 0x00, 0x00, 0x00, 0x04, 0x00, 0x00, 0x00, 0x01, 0x00, 0x00, 0x00,
    0x3c, 0x00, 0x00, 0x00, 0x1a, 0xff, 0xff, 0xff, 0x00, 0x00, 0x00, 0x01,
    0x10, 0x00, 0x00, 0x00, 0x10, 0x00, 0x00, 0x00, 0x25, 0x00, 0x00, 0x00,
    0x24, 0x00, 0x00, 0x00, 0x1c, 0xc8, 0xff, 0xff, 0x17, 0x00, 0x00, 0x00,
    0x63, 0x6f, 0x6e, 0x63, 0x61, 0x74, 0x5f, 0x34, 0x2f, 0x52, 0x65, 0x61,
    0x64, 0x56, 0x61, 0x72, 0x69, 0x61, 0x62, 0x6c, 0x65, 0x4f, 0x70, 0x00,
    0x04, 0x00, 0x00, 0x00, 0x01, 0x00, 0x00, 0x00, 0x03, 0x00, 0x00, 0x00,
    0x01, 0x00, 0x00, 0x00, 0x3c, 0x00, 0x00, 0x00, 0x66, 0xff, 0xff, 0xff,
    0x00, 0x00, 0x00, 0x01, 0x10, 0x00, 0x00, 0x00, 0x10, 0x00, 0x00, 0x00,
    0x24, 0x00, 0x00, 0x00, 0x24, 0x00, 0x00, 0x00, 0x68, 0xc8, 0xff, 0xff,
    0x17, 0x00, 0x00, 0x00, 0x63, 0x6f, 0x6e, 0x63, 0x61, 0x74, 0x5f, 0x33,
    0x2f, 0x52, 0x65, 0x61, 0x64, 0x56, 0x61, 0x72, 0x69, 0x61, 0x62, 0x6c,
    0x65, 0x4f, 0x70, 0x00, 0x04, 0x00, 0x00, 0x00, 0x01, 0x00, 0x00, 0x00,
    0x0c, 0x00, 0x00, 0x00, 0x01, 0x00, 0x00, 0x00, 0x3c, 0x00, 0x00, 0x00,
    0xb2, 0xff, 0xff, 0xff, 0x00, 0x00, 0x00, 0x01, 0x10, 0x00, 0x00, 0x00,
    0x10, 0x00, 0x00, 0x00, 0x23, 0x00, 0x00, 0x00, 0x24, 0x00, 0x00, 0x00,
    0xb4, 0xc8, 0xff, 0xff, 0x17, 0x00, 0x00, 0x00, 0x63, 0x6f, 0x6e, 0x63,
    0x61, 0x74, 0x5f, 0x32, 0x2f, 0x52, 0x65, 0x61, 0x64, 0x56, 0x61, 0x72,
    0x69, 0x61, 0x62, 0x6c, 0x65, 0x4f, 0x70, 0x00, 0x04, 0x00, 0x00, 0x00,
    0x01, 0x00, 0x00, 0x00, 0x08, 0x00, 0x00, 0x00, 0x01, 0x00, 0x00, 0x00,
    0x3c, 0x00, 0x00, 0x00, 0x00, 0x00, 0x16, 0x00, 0x18, 0x00, 0x14, 0x00,
    0x00, 0x00, 0x10, 0x00, 0x0c, 0x00, 0x08, 0x00, 0x00, 0x00, 0x00, 0x00,
    0x00, 0x00, 0x07, 0x00, 0x16, 0x00, 0x00, 0x00, 0x00, 0x00, 0x00, 0x01,
    0x10, 0x00, 0x00, 0x00, 0x10, 0x00, 0x00, 0x00, 0x22, 0x00, 0x00, 0x00,
    0x24, 0x00, 0x00, 0x00, 0x18, 0xc9, 0xff, 0xff, 0x17, 0x00, 0x00, 0x00,
    0x63, 0x6f, 0x6e, 0x63, 0x61, 0x74, 0x5f, 0x31, 0x2f, 0x52, 0x65, 0x61,
    0x64, 0x56, 0x61, 0x72, 0x69, 0x61, 0x62, 0x6c, 0x65, 0x4f, 0x70, 0x00,
    0x04, 0x00, 0x00, 0x00, 0x01, 0x00, 0x00, 0x00, 0x04, 0x00, 0x00, 0x00,
    0x01, 0x00, 0x00, 0x00, 0x1e, 0x00, 0x00, 0x00, 0x26, 0xc9, 0xff, 0xff,
    0x00, 0x00, 0x00, 0x01, 0x14, 0x00, 0x00, 0x00, 0x14, 0x00, 0x00, 0x00,
    0x21, 0x00, 0x00, 0x00, 0x00, 0x00, 0x00, 0x0d, 0x18, 0x00, 0x00, 0x00,
    0x68, 0xc9, 0xff, 0xff, 0x08, 0x00, 0x00, 0x00, 0x73, 0x74, 0x72, 0x65,
    0x61, 0x6d, 0x5f, 0x35, 0x00, 0x00, 0x00, 0x00, 0x00, 0x00, 0x00, 0x00,
    0x5a, 0xc9, 0xff, 0xff, 0x00, 0x00, 0x00, 0x01, 0x14, 0x00, 0x00, 0x00,
    0x14, 0x00, 0x00, 0x00, 0x20, 0x00, 0x00, 0x00, 0x00, 0x00, 0x00, 0x0d,
    0x18, 0x00, 0x00, 0x00, 0x9c, 0xc9, 0xff, 0xff, 0x08, 0x00, 0x00, 0x00,
    0x73, 0x74, 0x72, 0x65, 0x61, 0x6d, 0x5f, 0x34, 0x00, 0x00, 0x00, 0x00,
    0x00, 0x00, 0x00, 0x00, 0x8e, 0xc9, 0xff, 0xff, 0x00, 0x00, 0x00, 0x01,
    0x14, 0x00, 0x00, 0x00, 0x14, 0x00, 0x00, 0x00, 0x1f, 0x00, 0x00, 0x00,
    0x00, 0x00, 0x00, 0x0d, 0x18, 0x00, 0x00, 0x00, 0xd0, 0xc9, 0xff, 0xff,
    0x08, 0x00, 0x00, 0x00, 0x73, 0x74, 0x72, 0x65, 0x61, 0x6d, 0x5f, 0x33,
    0x00, 0x00, 0x00, 0x00, 0x00, 0x00, 0x00, 0x00, 0xc2, 0xc9, 0xff, 0xff,
    0x00, 0x00, 0x00, 0x01, 0x14, 0x00, 0x00, 0x00, 0x14, 0x00, 0x00, 0x00,
    0x1e, 0x00, 0x00, 0x00, 0x00, 0x00, 0x00, 0x0d, 0x18, 0x00, 0x00, 0x00,
    0x04, 0xca, 0xff, 0xff, 0x08, 0x00, 0x00, 0x00, 0x73, 0x74, 0x72, 0x65,
    0x61, 0x6d, 0x5f, 0x32, 0x00, 0x00, 0x00, 0x00, 0x00, 0x00, 0x00, 0x00,
    0xf6, 0xc9, 0xff, 0xff, 0x00, 0x00, 0x00, 0x01, 0x14, 0x00, 0x00, 0x00,
    0x14, 0x00, 0x00, 0x00, 0x1d, 0x00, 0x00, 0x00, 0x00, 0x00, 0x00, 0x0d,
    0x18, 0x00, 0x00, 0x00, 0x38, 0xca, 0xff, 0xff, 0x08, 0x00, 0x00, 0x00,
    0x73, 0x74, 0x72, 0x65, 0x61, 0x6d, 0x5f, 0x31, 0x00, 0x00, 0x00, 0x00,
    0x00, 0x00, 0x00, 0x00, 0x2a, 0xca, 0xff, 0xff, 0x00, 0x00, 0x00, 0x01,
    0x14, 0x00, 0x00, 0x00, 0x14, 0x00, 0x00, 0x00, 0x1c, 0x00, 0x00, 0x00,
    0x00, 0x00, 0x00, 0x0d, 0x14, 0x00, 0x00, 0x00, 0x6c, 0xca, 0xff, 0xff,
    0x06, 0x00, 0x00, 0x00, 0x73, 0x74, 0x72, 0x65, 0x61, 0x6d, 0x00, 0x00,
    0x00, 0x00, 0x00, 0x00, 0x5a, 0xca, 0xff, 0xff, 0x00, 0x00, 0x00, 0x01,
    0x14, 0x00, 0x00, 0x00, 0x90, 0x01, 0x00, 0x00, 0x1b, 0x00, 0x00, 0x00,
    0x00, 0x00, 0x00, 0x09, 0x9c, 0x01, 0x00, 0x00, 0x44, 0xca, 0xff, 0xff,
    0x08, 0x00, 0x00, 0x00, 0xfc, 0x00, 0x00, 0x00, 0x1e, 0x00, 0x00, 0x00,
    0x00, 0x00, 0x00, 0x00, 0x00, 0x00, 0x00, 0x00, 0x00, 0x00, 0x00, 0x00,
    0x00, 0x00, 0x00, 0x00, 0x00, 0x00, 0x00, 0x00, 0x00, 0x00, 0x00, 0x00,
    0x00, 0x00, 0x00, 0x00, 0x00, 0x00, 0x00, 0x00, 0x00, 0x00, 0x00, 0x00,
    0x00, 0x00, 0x00, 0x00, 0x00, 0x00, 0x00, 0x00, 0x00, 0x00, 0x00, 0x00,
    0x00, 0x00, 0x00, 0x00, 0x00, 0x00, 0x00, 0x00, 0x00, 0x00, 0x00, 0x00,
    0x00, 0x00, 0x00, 0x00, 0x00, 0x00, 0x00, 0x00, 0x00, 0x00, 0x00, 0x00,
    0x00, 0x00, 0x00, 0x00, 0x00, 0x00, 0x00, 0x00, 0x00, 0x00, 0x00, 0x00,
    0x00, 0x00, 0x00, 0x00, 0x00, 0x00, 0x00, 0x00, 0x00, 0x00, 0x00, 0x00,
    0x00, 0x00, 0x00, 0x00, 0x00, 0x00, 0x00, 0x00, 0x00, 0x00, 0x00, 0x00,
    0x00, 0x00, 0x00, 0x00, 0x00, 0x00, 0x00, 0x00, 0x00, 0x00, 0x00, 0x00,
    0x00, 0x00, 0x00, 0x00, 0x00, 0x00, 0x00, 0x00, 0x00, 0x00, 0x00, 0x00,
    0x00, 0x00, 0x00, 0x00, 0x00, 0x00, 0x00, 0x00, 0x00, 0x00, 0x00, 0x00,
    0x00, 0x00, 0x00, 0x00, 0x00, 0x00, 0x00, 0x00, 0x00, 0x00, 0x00, 0x00,
    0x00, 0x00, 0x00, 0x00, 0x00, 0x00, 0x00, 0x00, 0x00, 0x00, 0x00, 0x00,
    0x00, 0x00, 0x00, 0x00, 0x00, 0x00, 0x00, 0x00, 0x00, 0x00, 0x00, 0x00,
    0x00, 0x00, 0x00, 0x00, 0x00, 0x00, 0x00, 0x00, 0x00, 0x00, 0x00, 0x00,
    0x00, 0x00, 0x00, 0x00, 0x00, 0x00, 0x00, 0x00, 0x00, 0x00, 0x00, 0x00,
    0x00, 0x00, 0x00, 0x00, 0x00, 0x00, 0x00, 0x00, 0x00, 0x00, 0x00, 0x00,
    0x00, 0x00, 0x00, 0x00, 0x00, 0x00, 0x00, 0x00, 0x00, 0x00, 0x00, 0x00,
    0x00, 0x00, 0x00, 0x00, 0x00, 0x00, 0x00, 0x00, 0x00, 0x00, 0x00, 0x00,
    0x00, 0x00, 0x00, 0x00, 0x1e, 0x00, 0x00, 0x00, 0x77, 0x78, 0xd4, 0x3a,
    0x80, 0x3b, 0xc1, 0x3a, 0xc7, 0x30, 0x45, 0x3b, 0x74, 0x96, 0x10, 0x3b,
    0x7b, 0x9c, 0x4a, 0x3b, 0xe3, 0x10, 0x84, 0x3a, 0xa1, 0xe8, 0xe4, 0x3a,
    0x56, 0xdd, 0xbe, 0x3b, 0x19, 0x88, 0x2a, 0x3a, 0xf3, 0x19, 0x45, 0x3a,
    0xa4, 0x9f, 0x90, 0x3a, 0x7a, 0xd1, 0xf0, 0x3a, 0x39, 0x83, 0x99, 0x3a,
    0x8c, 0x12, 0x70, 0x3b, 0x8c, 0x2d, 0xa6, 0x3a, 0xfa, 0xdd, 0xd2, 0x3a,
    0x2a, 0x43, 0x86, 0x3b, 0xfd, 0x27, 0xd3, 0x3a, 0xc5, 0xd9, 0xa6, 0x3a,
    0x16, 0x71, 0x67, 0x3b, 0x0a, 0x02, 0x85, 0x3a, 0x71, 0x06, 0xd4, 0x3a,
    0x9d, 0x4d, 0xc7, 0x3a, 0x1c, 0x88, 0x82, 0x3a, 0x02, 0x01, 0x3d, 0x3a,
    0xee, 0xc8, 0xf9, 0x3a, 0x3f, 0x33, 0x45, 0x3b, 0x50, 0x4d, 0x1c, 0x3a,
    0xeb, 0xa7, 0x6c, 0x3a, 0x66, 0xa2, 0x29, 0x3b, 0x13, 0x00, 0x00, 0x00,
    0x74, 0x66, 0x6c, 0x2e, 0x70, 0x73, 0x65, 0x75, 0x64, 0x6f, 0x5f, 0x71,
    0x63, 0x6f, 0x6e, 0x73, 0x74, 0x31, 0x39, 0x00, 0x04, 0x00, 0x00, 0x00,
    0x1e, 0x00, 0x00, 0x00, 0x05, 0x00, 0x00, 0x00, 0x01, 0x00, 0x00, 0x00,
    0x28, 0x00, 0x00, 0x00, 0x22, 0xcc, 0xff, 0xff, 0x00, 0x00, 0x00, 0x01,
    0x14, 0x00, 0x00, 0x00, 0x90, 0x01, 0x00, 0x00, 0x1a, 0x00, 0x00, 0x00,
    0x00, 0x00, 0x00, 0x02, 0x9c, 0x01, 0x00, 0x00, 0x0c, 0xcc, 0xff, 0xff,
    0x08, 0x00, 0x00, 0x00, 0xfc, 0x00, 0x00, 0x00, 0x1e, 0x00, 0x00, 0x00,
    0x00, 0x00, 0x00, 0x00, 0x00, 0x00, 0x00, 0x00, 0x00, 0x00, 0x00, 0x00,
    0x00, 0x00, 0x00, 0x00, 0x00, 0x00, 0x00, 0x00, 0x00, 0x00, 0x00, 0x00,
    0x00, 0x00, 0x00, 0x00, 0x00, 0x00, 0x00, 0x00, 0x00, 0x00, 0x00, 0x00,
    0x00, 0x00, 0x00, 0x00, 0x00, 0x00, 0x00, 0x00, 0x00, 0x00, 0x00, 0x00,
    0x00, 0x00, 0x00, 0x00, 0x00, 0x00, 0x00, 0x00, 0x00, 0x00, 0x00, 0x00,
    0x00, 0x00, 0x00, 0x00, 0x00, 0x00, 0x00, 0x00, 0x00, 0x00, 0x00, 0x00,
    0x00, 0x00, 0x00, 0x00, 0x00, 0x00, 0x00, 0x00, 0x00, 0x00, 0x00, 0x00,
    0x00, 0x00, 0x00, 0x00, 0x00, 0x00, 0x00, 0x00, 0x00, 0x00, 0x00, 0x00,
    0x00, 0x00, 0x00, 0x00, 0x00, 0x00, 0x00, 0x00, 0x00, 0x00, 0x00, 0x00,
    0x00, 0x00, 0x00, 0x00, 0x00, 0x00, 0x00, 0x00, 0x00, 0x00, 0x00, 0x00,
    0x00, 0x00, 0x00, 0x00, 0x00, 0x00, 0x00, 0x00, 0x00, 0x00, 0x00, 0x00,
    0x00, 0x00, 0x00, 0x00, 0x00, 0x00, 0x00, 0x00, 0x00, 0x00, 0x00, 0x00,
    0x00, 0x00, 0x00, 0x00, 0x00, 0x00, 0x00, 0x00, 0x00, 0x00, 0x00, 0x00,
    0x00, 0x00, 0x00, 0x00, 0x00, 0x00, 0x00, 0x00, 0x00, 0x00, 0x00, 0x00,
    0x00, 0x00, 0x00, 0x00, 0x00, 0x00, 0x00, 0x00, 0x00, 0x00, 0x00, 0x00,
    0x00, 0x00, 0x00, 0x00, 0x00, 0x00, 0x00, 0x00, 0x00, 0x00, 0x00, 0x00,
    0x00, 0x00, 0x00, 0x00, 0x00, 0x00, 0x00, 0x00, 0x00, 0x00, 0x00, 0x00,
    0x00, 0x00, 0x00, 0x00, 0x00, 0x00, 0x00, 0x00, 0x00, 0x00, 0x00, 0x00,
    0x00, 0x00, 0x00, 0x00, 0x00, 0x00, 0x00, 0x00, 0x00, 0x00, 0x00, 0x00,
    0x00, 0x00, 0x00, 0x00, 0x00, 0x00, 0x00, 0x00, 0x00, 0x00, 0x00, 0x00,
    0x00, 0x00, 0x00, 0x00, 0x1e, 0x00, 0x00, 0x00, 0xc6, 0x4d, 0x55, 0x37,
    0x7e, 0xfd, 0x41, 0x37, 0xbf, 0xf6, 0xc5, 0x37, 0x9c, 0x27, 0x91, 0x37,
    0xe4, 0x67, 0xcb, 0x37, 0x79, 0x95, 0x04, 0x37, 0x70, 0xce, 0x65, 0x37,
    0xf4, 0x9c, 0x3f, 0x38, 0x4d, 0x33, 0xab, 0x36, 0xd4, 0xdf, 0xc5, 0x36,
    0xd5, 0x30, 0x11, 0x37, 0x3e, 0xc3, 0x71, 0x37, 0x57, 0x1d, 0x1a, 0x37,
    0x90, 0x03, 0xf1, 0x37, 0x61, 0xd4, 0x26, 0x37, 0xac, 0xb1, 0x53, 0x37,
    0xf4, 0xc9, 0x06, 0x38, 0xfa, 0xfb, 0x53, 0x37, 0x47, 0x81, 0x27, 0x37,
    0x70, 0x59, 0xe8, 0x37, 0x92, 0x87, 0x05, 0x37, 0x4d, 0xdb, 0x54, 0x37,
    0xb3, 0x15, 0x48, 0x37, 0x28, 0x0b, 0x03, 0x37, 0xc1, 0xbe, 0xbd, 0x36,
    0xb3, 0xc3, 0x7a, 0x37, 0x39, 0xf9, 0xc5, 0x37, 0x3b, 0xea, 0x9c, 0x36,
    0x81, 0x95, 0xed, 0x36, 0xb3, 0x4c, 0xaa, 0x37, 0x13, 0x00, 0x00, 0x00,
    0x74, 0x66, 0x6c, 0x2e, 0x70, 0x73, 0x65, 0x75, 0x64, 0x6f, 0x5f, 0x71,
    0x63, 0x6f, 0x6e, 0x73, 0x74, 0x31, 0x38, 0x00, 0x01, 0x00, 0x00, 0x00,
    0x1e, 0x00, 0x00, 0x00, 0xde, 0xcd, 0xff, 0xff, 0x00, 0x00, 0x00, 0x01,
    0x14, 0x00, 0x00, 0x00, 0x94, 0x01, 0x00, 0x00, 0x19, 0x00, 0x00, 0x00,
    0x00, 0x00, 0x00, 0x09, 0xa0, 0x01, 0x00, 0x00, 0xc2, 0xdc, 0xff, 0xff,
    0x03, 0x00, 0x00, 0x00, 0x08, 0x00, 0x00, 0x00, 0xfc, 0x00, 0x00, 0x00,
    0x1e, 0x00, 0x00, 0x00, 0x00, 0x00, 0x00, 0x00, 0x00, 0x00, 0x00, 0x00,
    0x00, 0x00, 0x00, 0x00, 0x00, 0x00, 0x00, 0x00, 0x00, 0x00, 0x00, 0x00,
    0x00, 0x00, 0x00, 0x00, 0x00, 0x00, 0x00, 0x00, 0x00, 0x00, 0x00, 0x00,
    0x00, 0x00, 0x00, 0x00, 0x00, 0x00, 0x00, 0x00, 0x00, 0x00, 0x00, 0x00,
    0x00, 0x00, 0x00, 0x00, 0x00, 0x00, 0x00, 0x00, 0x00, 0x00, 0x00, 0x00,
    0x00, 0x00, 0x00, 0x00, 0x00, 0x00, 0x00, 0x00, 0x00, 0x00, 0x00, 0x00,
    0x00, 0x00, 0x00, 0x00, 0x00, 0x00, 0x00, 0x00, 0x00, 0x00, 0x00, 0x00,
    0x00, 0x00, 0x00, 0x00, 0x00, 0x00, 0x00, 0x00, 0x00, 0x00, 0x00, 0x00,
    0x00, 0x00, 0x00, 0x00, 0x00, 0x00, 0x00, 0x00, 0x00, 0x00, 0x00, 0x00,
    0x00, 0x00, 0x00, 0x00, 0x00, 0x00, 0x00, 0x00, 0x00, 0x00, 0x00, 0x00,
    0x00, 0x00, 0x00, 0x00, 0x00, 0x00, 0x00, 0x00, 0x00, 0x00, 0x00, 0x00,
    0x00, 0x00, 0x00, 0x00, 0x00, 0x00, 0x00, 0x00, 0x00, 0x00, 0x00, 0x00,
    0x00, 0x00, 0x00, 0x00, 0x00, 0x00, 0x00, 0x00, 0x00, 0x00, 0x00, 0x00,
    0x00, 0x00, 0x00, 0x00, 0x00, 0x00, 0x00, 0x00, 0x00, 0x00, 0x00, 0x00,
    0x00, 0x00, 0x00, 0x00, 0x00, 0x00, 0x00, 0x00, 0x00, 0x00, 0x00, 0x00,
    0x00, 0x00, 0x00, 0x00, 0x00, 0x00, 0x00, 0x00, 0x00, 0x00, 0x00, 0x00,
    0x00, 0x00, 0x00, 0x00, 0x00, 0x00, 0x00, 0x00, 0x00, 0x00, 0x00, 0x00,
    0x00, 0x00, 0x00, 0x00, 0x00, 0x00, 0x00, 0x00, 0x00, 0x00, 0x00, 0x00,
    0x00, 0x00, 0x00, 0x00, 0x00, 0x00, 0x00, 0x00, 0x00, 0x00, 0x00, 0x00,
    0x00, 0x00, 0x00, 0x00, 0x00, 0x00, 0x00, 0x00, 0x00, 0x00, 0x00, 0x00,
    0x00, 0x00, 0x00, 0x00, 0x00, 0x00, 0x00, 0x00, 0x1e, 0x00, 0x00, 0x00,
    0x08, 0xbe, 0xbe, 0x3a, 0x4b, 0xfa, 0xc7, 0x3a, 0x84, 0x5f, 0x0c, 0x3b,
    0x05, 0x2f, 0xbc, 0x3a, 0x26, 0x11, 0xc3, 0x3a, 0xc8, 0x52, 0x9f, 0x3a,
    0xbb, 0x8e, 0xda, 0x3a, 0xee, 0x2d, 0x89, 0x3a, 0x7b, 0xfc, 0xa8, 0x3a,
    0xdd, 0x5e, 0xb3, 0x3a, 0x47, 0xaa, 0xb9, 0x3a, 0x50, 0x02, 0xeb, 0x3a,
    0x85, 0xc8, 0x65, 0x3a, 0xe9, 0xfa, 0x0c, 0x3b, 0x03, 0x26, 0xe7, 0x3a,
    0x8e, 0x97, 0x75, 0x3a, 0xda, 0x85, 0x07, 0x3b, 0x82, 0xa9, 0x09, 0x3b,
    0x95, 0x7a, 0x03, 0x3b, 0xc6, 0xee, 0x11, 0x3b, 0x2d, 0x1e, 0xfa, 0x3a,
    0x03, 0x4d, 0xb3, 0x3a, 0xae, 0x10, 0xcc, 0x3a, 0x92, 0x5c, 0xb6, 0x3a,
    0x4d, 0xf3, 0xd8, 0x3a, 0x13, 0x05, 0xf4, 0x3a, 0x84, 0x2b, 0x76, 0x3a,
    0xba, 0x46, 0xcb, 0x3a, 0x5b, 0x6c, 0x0e, 0x3b, 0x49, 0x27, 0xfc, 0x3a,
    0x13, 0x00, 0x00, 0x00, 0x74, 0x66, 0x6c, 0x2e, 0x70, 0x73, 0x65, 0x75,
    0x64, 0x6f, 0x5f, 0x71, 0x63, 0x6f, 0x6e, 0x73, 0x74, 0x31, 0x37, 0x00,
    0x04, 0x00, 0x00, 0x00, 0x01, 0x00, 0x00, 0x00, 0x05, 0x00, 0x00, 0x00,
    0x01, 0x00, 0x00, 0x00, 0x1e, 0x00, 0x00, 0x00, 0xaa, 0xcf, 0xff, 0xff,
    0x00, 0x00, 0x00, 0x01, 0x14, 0x00, 0x00, 0x00, 0x8c, 0x01, 0x00, 0x00,
    0x18, 0x00, 0x00, 0x00, 0x00, 0x00, 0x00, 0x02, 0x98, 0x01, 0x00, 0x00,
    0x94, 0xcf, 0xff, 0xff, 0x08, 0x00, 0x00, 0x00, 0xf8, 0x00, 0x00, 0x00,
    0x1e, 0x00, 0x00, 0x00, 0x00, 0x00, 0x00, 0x00, 0x00, 0x00, 0x00, 0x00,
    0x00, 0x00, 0x00, 0x00, 0x00, 0x00, 0x00, 0x00, 0x00, 0x00, 0x00, 0x00,
    0x00, 0x00, 0x00, 0x00, 0x00, 0x00, 0x00, 0x00, 0x00, 0x00, 0x00, 0x00,
    0x00, 0x00, 0x00, 0x00, 0x00, 0x00, 0x00, 0x00, 0x00, 0x00, 0x00, 0x00,
    0x00, 0x00, 0x00, 0x00, 0x00, 0x00, 0x00, 0x00, 0x00, 0x00, 0x00, 0x00,
    0x00, 0x00, 0x00, 0x00, 0x00, 0x00, 0x00, 0x00, 0x00, 0x00, 0x00, 0x00,
    0x00, 0x00, 0x00, 0x00, 0x00, 0x00, 0x00, 0x00, 0x00, 0x00, 0x00, 0x00,
    0x00, 0x00, 0x00, 0x00, 0x00, 0x00, 0x00, 0x00, 0x00, 0x00, 0x00, 0x00,
    0x00, 0x00, 0x00, 0x00, 0x00, 0x00, 0x00, 0x00, 0x00, 0x00, 0x00, 0x00,
    0x00, 0x00, 0x00, 0x00, 0x00, 0x00, 0x00, 0x00, 0x00, 0x00, 0x00, 0x00,
    0x00, 0x00, 0x00, 0x00, 0x00, 0x00, 0x00, 0x00, 0x00, 0x00, 0x00, 0x00,
    0x00, 0x00, 0x00, 0x00, 0x00, 0x00, 0x00, 0x00, 0x00, 0x00, 0x00, 0x00,
    0x00, 0x00, 0x00, 0x00, 0x00, 0x00, 0x00, 0x00, 0x00, 0x00, 0x00, 0x00,
    0x00, 0x00, 0x00, 0x00, 0x00, 0x00, 0x00, 0x00, 0x00, 0x00, 0x00, 0x00,
    0x00, 0x00, 0x00, 0x00, 0x00, 0x00, 0x00, 0x00, 0x00, 0x00, 0x00, 0x00,
    0x00, 0x00, 0x00, 0x00, 0x00, 0x00, 0x00, 0x00, 0x00, 0x00, 0x00, 0x00,
    0x00, 0x00, 0x00, 0x00, 0x00, 0x00, 0x00, 0x00, 0x00, 0x00, 0x00, 0x00,
    0x00, 0x00, 0x00, 0x00, 0x00, 0x00, 0x00, 0x00, 0x00, 0x00, 0x00, 0x00,
    0x00, 0x00, 0x00, 0x00, 0x00, 0x00, 0x00, 0x00, 0x00, 0x00, 0x00, 0x00,
    0x00, 0x00, 0x00, 0x00, 0x00, 0x00, 0x00, 0x00, 0x00, 0x00, 0x00, 0x00,
    0x00, 0x00, 0x00, 0x00, 0x1e, 0x00, 0x00, 0x00, 0xf2, 0xf8, 0x0c, 0x38,
    0x4e, 0xcc, 0x13, 0x38, 0xec, 0x7d, 0x4f, 0x38, 0xd8, 0x14, 0x0b, 0x38,
    0x2f, 0x2b, 0x10, 0x38, 0xcc, 0x80, 0xeb, 0x37, 0xa9, 0x87, 0x21, 0x38,
    0x69, 0xc5, 0xca, 0x37, 0x49, 0xc9, 0xf9, 0x37, 0x61, 0x91, 0x04, 0x38,
    0x55, 0x38, 0x09, 0x38, 0x53, 0xb0, 0x2d, 0x38, 0x99, 0xd3, 0xa9, 0x37,
    0x9e, 0x63, 0x50, 0x38, 0xe6, 0xd5, 0x2a, 0x38, 0xa7, 0x82, 0xb5, 0x37,
    0x8f, 0x52, 0x48, 0x38, 0x13, 0x7c, 0x4b, 0x38, 0x48, 0x58, 0x42, 0x38,
    0xb4, 0xb5, 0x57, 0x38, 0xf5, 0xda, 0x38, 0x38, 0x30, 0x84, 0x04, 0x38,
    0xaa, 0xd1, 0x16, 0x38, 0x4b, 0xc7, 0x06, 0x38, 0x95, 0x57, 0x20, 0x38,
    0x31, 0x59, 0x34, 0x38, 0x02, 0xf0, 0xb5, 0x37, 0x67, 0x3c, 0x16, 0x38,
    0xb6, 0x85, 0x52, 0x38, 0x18, 0x5c, 0x3a, 0x38, 0x13, 0x00, 0x00, 0x00,
    0x74, 0x66, 0x6c, 0x2e, 0x70, 0x73, 0x65, 0x75, 0x64, 0x6f, 0x5f, 0x71,
    0x63, 0x6f, 0x6e, 0x73, 0x74, 0x31, 0x36, 0x00, 0x01, 0x00, 0x00, 0x00,
    0x1e, 0x00, 0x00, 0x00, 0x62, 0xd1, 0xff, 0xff, 0x00, 0x00, 0x00, 0x01,
    0x14, 0x00, 0x00, 0x00, 0xf8, 0x02, 0x00, 0x00, 0x17, 0x00, 0x00, 0x00,
    0x00, 0x00, 0x00, 0x09, 0x04, 0x03, 0x00, 0x00, 0x4c, 0xd1, 0xff, 0xff,
    0x08, 0x00, 0x00, 0x00, 0xec, 0x01, 0x00, 0x00, 0x3c, 0x00, 0x00, 0x00,
    0x00, 0x00, 0x00, 0x00, 0x00, 0x00, 0x00, 0x00, 0x00, 0x00, 0x00, 0x00,
    0x00, 0x00, 0x00, 0x00, 0x00, 0x00, 0x00, 0x00, 0x00, 0x00, 0x00, 0x00,
    0x00, 0x00, 0x00, 0x00, 0x00, 0x00, 0x00, 0x00, 0x00, 0x00, 0x00, 0x00,
    0x00, 0x00, 0x00, 0x00, 0x00, 0x00, 0x00, 0x00, 0x00, 0x00, 0x00, 0x00,
    0x00, 0x00, 0x00, 0x00, 0x00, 0x00, 0x00, 0x00, 0x00, 0x00, 0x00, 0x00,
    0x00, 0x00, 0x00, 0x00, 0x00, 0x00, 0x00, 0x00, 0x00, 0x00, 0x00, 0x00,
    0x00, 0x00, 0x00, 0x00, 0x00, 0x00, 0x00, 0x00, 0x00, 0x00, 0x00, 0x00,
    0x00, 0x00, 0x00, 0x00, 0x00, 0x00, 0x00, 0x00, 0x00, 0x00, 0x00, 0x00,
    0x00, 0x00, 0x00, 0x00, 0x00, 0x00, 0x00, 0x00, 0x00, 0x00, 0x00, 0x00,
    0x00, 0x00, 0x00, 0x00, 0x00, 0x00, 0x00, 0x00, 0x00, 0x00, 0x00, 0x00,
    0x00, 0x00, 0x00, 0x00, 0x00, 0x00, 0x00, 0x00, 0x00, 0x00, 0x00, 0x00,
    0x00, 0x00, 0x00, 0x00, 0x00, 0x00, 0x00, 0x00, 0x00, 0x00, 0x00, 0x00,
    0x00, 0x00, 0x00, 0x00, 0x00, 0x00, 0x00, 0x00, 0x00, 0x00, 0x00, 0x00,
    0x00, 0x00, 0x00, 0x00, 0x00, 0x00, 0x00, 0x00, 0x00, 0x00, 0x00, 0x00,
    0x00, 0x00, 0x00, 0x00, 0x00, 0x00, 0x00, 0x00, 0x00, 0x00, 0x00, 0x00,
    0x00, 0x00, 0x00, 0x00, 0x00, 0x00, 0x00, 0x00, 0x00, 0x00, 0x00, 0x00,
    0x00, 0x00, 0x00, 0x00, 0x00, 0x00, 0x00, 0x00, 0x00, 0x00, 0x00, 0x00,
    0x00, 0x00, 0x00, 0x00, 0x00, 0x00, 0x00, 0x00, 0x00, 0x00, 0x00, 0x00,
    0x00, 0x00, 0x00, 0x00, 0x00, 0x00, 0x00, 0x00, 0x00, 0x00, 0x00, 0x00,
    0x00, 0x00, 0x00, 0x00, 0x00, 0x00, 0x00, 0x00, 0x00, 0x00, 0x00, 0x00,
    0x00, 0x00, 0x00, 0x00, 0x00, 0x00, 0x00, 0x00, 0x00, 0x00, 0x00, 0x00,
    0x00, 0x00, 0x00, 0x00, 0x00, 0x00, 0x00, 0x00, 0x00, 0x00, 0x00, 0x00,
    0x00, 0x00, 0x00, 0x00, 0x00, 0x00, 0x00, 0x00, 0x00, 0x00, 0x00, 0x00,
    0x00, 0x00, 0x00, 0x00, 0x00, 0x00, 0x00, 0x00, 0x00, 0x00, 0x00, 0x00,
    0x00, 0x00, 0x00, 0x00, 0x00, 0x00, 0x00, 0x00, 0x00, 0x00, 0x00, 0x00,
    0x00, 0x00, 0x00, 0x00, 0x00, 0x00, 0x00, 0x00, 0x00, 0x00, 0x00, 0x00,
    0x00, 0x00, 0x00, 0x00, 0x00, 0x00, 0x00, 0x00, 0x00, 0x00, 0x00, 0x00,
    0x00, 0x00, 0x00, 0x00, 0x00, 0x00, 0x00, 0x00, 0x00, 0x00, 0x00, 0x00,
    0x00, 0x00, 0x00, 0x00, 0x00, 0x00, 0x00, 0x00, 0x00, 0x00, 0x00, 0x00,
    0x00, 0x00, 0x00, 0x00, 0x00, 0x00, 0x00, 0x00, 0x00, 0x00, 0x00, 0x00,
    0x00, 0x00, 0x00, 0x00, 0x00, 0x00, 0x00, 0x00, 0x00, 0x00, 0x00, 0x00,
    0x00, 0x00, 0x00, 0x00, 0x00, 0x00, 0x00, 0x00, 0x00, 0x00, 0x00, 0x00,
    0x00, 0x00, 0x00, 0x00, 0x00, 0x00, 0x00, 0x00, 0x00, 0x00, 0x00, 0x00,
    0x00, 0x00, 0x00, 0x00, 0x00, 0x00, 0x00, 0x00, 0x00, 0x00, 0x00, 0x00,
    0x00, 0x00, 0x00, 0x00, 0x00, 0x00, 0x00, 0x00, 0x00, 0x00, 0x00, 0x00,
    0x00, 0x00, 0x00, 0x00, 0x00, 0x00, 0x00, 0x00, 0x00, 0x00, 0x00, 0x00,
    0x00, 0x00, 0x00, 0x00, 0x00, 0x00, 0x00, 0x00, 0x00, 0x00, 0x00, 0x00,
    0x00, 0x00, 0x00, 0x00, 0x00, 0x00, 0x00, 0x00, 0x00, 0x00, 0x00, 0x00,
    0x00, 0x00, 0x00, 0x00, 0x00, 0x00, 0x00, 0x00, 0x00, 0x00, 0x00, 0x00,
    0x00, 0x00, 0x00, 0x00, 0x00, 0x00, 0x00, 0x00, 0x00, 0x00, 0x00, 0x00,
    0x00, 0x00, 0x00, 0x00, 0x3c, 0x00, 0x00, 0x00, 0x31, 0x09, 0x82, 0x3c,
    0xfc, 0xb4, 0x79, 0x3c, 0x38, 0xda, 0x93, 0x3c, 0xde, 0x94, 0x29, 0x3c,
    0xab, 0xc0, 0xa6, 0x3c, 0x89, 0xbc, 0xb9, 0x3c, 0x6b, 0xbd, 0x76, 0x3c,
    0x6f, 0x0f, 0xb7, 0x3c, 0xac, 0x39, 0xb4, 0x3c, 0x0b, 0xc1, 0x76, 0x3c,
    0x1c, 0xfb, 0x31, 0x3c, 0xd9, 0x0d, 0xa3, 0x3c, 0x54, 0x08, 0x40, 0x3c,
    0x8c, 0xce, 0xa0, 0x3c, 0x39, 0xc4, 0x4c, 0x3c, 0x50, 0x33, 0xa6, 0x3c,
    0xd0, 0x05, 0x53, 0x3c, 0x1a, 0x35, 0x27, 0x3c, 0x2b, 0x98, 0x8f, 0x3c,
    0x05, 0x8b, 0x66, 0x3c, 0xcb, 0x04, 0x9a, 0x3c, 0x0e, 0xbf, 0x28, 0x3c,
    0xa2, 0xfa, 0x7f, 0x3c, 0x63, 0x41, 0x8a, 0x3c, 0xe2, 0x10, 0x8e, 0x3c,
    0xab, 0x70, 0xa4, 0x3c, 0xa8, 0x62, 0x99, 0x3c, 0x82, 0xe0, 0x47, 0x3c,
    0x48, 0x81, 0x8d, 0x3c, 0x4c, 0x52, 0x6b, 0x3c, 0x3d, 0xd7, 0x9f, 0x3c,
    0x57, 0x30, 0xaf, 0x3c, 0xfd, 0x09, 0x40, 0x3c, 0x8f, 0x50, 0x3e, 0x3c,
    0x83, 0x84, 0x61, 0x3c, 0x0a, 0x40, 0x40, 0x3c, 0xfa, 0x70, 0x7d, 0x3c,
    0x6c, 0x51, 0x96, 0x3c, 0xcf, 0x6a, 0x56, 0x3c, 0x17, 0x3f, 0x8b, 0x3c,
    0x1a, 0x06, 0x50, 0x3c, 0x8a, 0x85, 0x7c, 0x3c, 0xb4, 0x7c, 0x45, 0x3c,
    0xae, 0xce, 0x46, 0x3c, 0x7f, 0x40, 0x9e, 0x3c, 0xef, 0xff, 0x8d, 0x3c,
    0x33, 0x24, 0xa0, 0x3c, 0x3c, 0x29, 0x90, 0x3c, 0x6e, 0x19, 0x3a, 0x3c,
    0x49, 0xe2, 0x8d, 0x3c, 0x61, 0xb0, 0x78, 0x3c, 0xd9, 0x04, 0x6c, 0x3c,
    0x7c, 0x04, 0x9e, 0x3c, 0x6e, 0xe8, 0x84, 0x3c, 0x62, 0xcf, 0x72, 0x3c,
    0x56, 0x9b, 0xe1, 0x3c, 0xa8, 0x7b, 0x51, 0x3c, 0xeb, 0x47, 0xa0, 0x3c,
    0xed, 0xee, 0x7f, 0x3c, 0xd0, 0x39, 0x7f, 0x3c, 0x13, 0x00, 0x00, 0x00,
    0x74, 0x66, 0x6c, 0x2e, 0x70, 0x73, 0x65, 0x75, 0x64, 0x6f, 0x5f, 0x71,
    0x63, 0x6f, 0x6e, 0x73, 0x74, 0x31, 0x35, 0x00, 0x04, 0x00, 0x00, 0x00,
    0x3c, 0x00, 0x00, 0x00, 0x01, 0x00, 0x00, 0x00, 0x01, 0x00, 0x00, 0x00,
    0x1e, 0x00, 0x00, 0x00, 0x92, 0xd4, 0xff, 0xff, 0x00, 0x00, 0x00, 0x01,
    0x14, 0x00, 0x00, 0x00, 0xf8, 0x02, 0x00, 0x00, 0x16, 0x00, 0x00, 0x00,
    0x00, 0x00, 0x00, 0x02, 0x04, 0x03, 0x00, 0x00, 0x7c, 0xd4, 0xff, 0xff,
    0x08, 0x00, 0x00, 0x00, 0xec, 0x01, 0x00, 0x00, 0x3c, 0x00, 0x00, 0x00,
    0x00, 0x00, 0x00, 0x00, 0x00, 0x00, 0x00, 0x00, 0x00, 0x00, 0x00, 0x00,
    0x00, 0x00, 0x00, 0x00, 0x00, 0x00, 0x00, 0x00, 0x00, 0x00, 0x00, 0x00,
    0x00, 0x00, 0x00, 0x00, 0x00, 0x00, 0x00, 0x00, 0x00, 0x00, 0x00, 0x00,
    0x00, 0x00, 0x00, 0x00, 0x00, 0x00, 0x00, 0x00, 0x00, 0x00, 0x00, 0x00,
    0x00, 0x00, 0x00, 0x00, 0x00, 0x00, 0x00, 0x00, 0x00, 0x00, 0x00, 0x00,
    0x00, 0x00, 0x00, 0x00, 0x00, 0x00, 0x00, 0x00, 0x00, 0x00, 0x00, 0x00,
    0x00, 0x00, 0x00, 0x00, 0x00, 0x00, 0x00, 0x00, 0x00, 0x00, 0x00, 0x00,
    0x00, 0x00, 0x00, 0x00, 0x00, 0x00, 0x00, 0x00, 0x00, 0x00, 0x00, 0x00,
    0x00, 0x00, 0x00, 0x00, 0x00, 0x00, 0x00, 0x00, 0x00, 0x00, 0x00, 0x00,
    0x00, 0x00, 0x00, 0x00, 0x00, 0x00, 0x00, 0x00, 0x00, 0x00, 0x00, 0x00,
    0x00, 0x00, 0x00, 0x00, 0x00, 0x00, 0x00, 0x00, 0x00, 0x00, 0x00, 0x00,
    0x00, 0x00, 0x00, 0x00, 0x00, 0x00, 0x00, 0x00, 0x00, 0x00, 0x00, 0x00,
    0x00, 0x00, 0x00, 0x00, 0x00, 0x00, 0x00, 0x00, 0x00, 0x00, 0x00, 0x00,
    0x00, 0x00, 0x00, 0x00, 0x00, 0x00, 0x00, 0x00, 0x00, 0x00, 0x00, 0x00,
    0x00, 0x00, 0x00, 0x00, 0x00, 0x00, 0x00, 0x00, 0x00, 0x00, 0x00, 0x00,
    0x00, 0x00, 0x00, 0x00, 0x00, 0x00, 0x00, 0x00, 0x00, 0x00, 0x00, 0x00,
    0x00, 0x00, 0x00, 0x00, 0x00, 0x00, 0x00, 0x00, 0x00, 0x00, 0x00, 0x00,
    0x00, 0x00, 0x00, 0x00, 0x00, 0x00, 0x00, 0x00, 0x00, 0x00, 0x00, 0x00,
    0x00, 0x00, 0x00, 0x00, 0x00, 0x00, 0x00, 0x00, 0x00, 0x00, 0x00, 0x00,
    0x00, 0x00, 0x00, 0x00, 0x00, 0x00, 0x00, 0x00, 0x00, 0x00, 0x00, 0x00,
    0x00, 0x00, 0x00, 0x00, 0x00, 0x00, 0x00, 0x00, 0x00, 0x00, 0x00, 0x00,
    0x00, 0x00, 0x00, 0x00, 0x00, 0x00, 0x00, 0x00, 0x00, 0x00, 0x00, 0x00,
    0x00, 0x00, 0x00, 0x00, 0x00, 0x00, 0x00, 0x00, 0x00, 0x00, 0x00, 0x00,
    0x00, 0x00, 0x00, 0x00, 0x00, 0x00, 0x00, 0x00, 0x00, 0x00, 0x00, 0x00,
    0x00, 0x00, 0x00, 0x00, 0x00, 0x00, 0x00, 0x00, 0x00, 0x00, 0x00, 0x00,
    0x00, 0x00, 0x00, 0x00, 0x00, 0x00, 0x00, 0x00, 0x00, 0x00, 0x00, 0x00,
    0x00, 0x00, 0x00, 0x00, 0x00, 0x00, 0x00, 0x00, 0x00, 0x00, 0x00, 0x00,
    0x00, 0x00, 0x00, 0x00, 0x00, 0x00, 0x00, 0x00, 0x00, 0x00, 0x00, 0x00,
    0x00, 0x00, 0x00, 0x00, 0x00, 0x00, 0x00, 0x00, 0x00, 0x00, 0x00, 0x00,
    0x00, 0x00, 0x00, 0x00, 0x00, 0x00, 0x00, 0x00, 0x00, 0x00, 0x00, 0x00,
    0x00, 0x00, 0x00, 0x00, 0x00, 0x00, 0x00, 0x00, 0x00, 0x00, 0x00, 0x00,
    0x00, 0x00, 0x00, 0x00, 0x00, 0x00, 0x00, 0x00, 0x00, 0x00, 0x00, 0x00,
    0x00, 0x00, 0x00, 0x00, 0x00, 0x00, 0x00, 0x00, 0x00, 0x00, 0x00, 0x00,
    0x00, 0x00, 0x00, 0x00, 0x00, 0x00, 0x00, 0x00, 0x00, 0x00, 0x00, 0x00,
    0x00, 0x00, 0x00, 0x00, 0x00, 0x00, 0x00, 0x00, 0x00, 0x00, 0x00, 0x00,
    0x00, 0x00, 0x00, 0x00, 0x00, 0x00, 0x00, 0x00, 0x00, 0x00, 0x00, 0x00,
    0x00, 0x00, 0x00, 0x00, 0x00, 0x00, 0x00, 0x00, 0x00, 0x00, 0x00, 0x00,
    0x00, 0x00, 0x00, 0x00, 0x00, 0x00, 0x00, 0x00, 0x00, 0x00, 0x00, 0x00,
    0x00, 0x00, 0x00, 0x00, 0x00, 0x00, 0x00, 0x00, 0x00, 0x00, 0x00, 0x00,
    0x00, 0x00, 0x00, 0x00, 0x00, 0x00, 0x00, 0x00, 0x00, 0x00, 0x00, 0x00,
    0x00, 0x00, 0x00, 0x00, 0x3c, 0x00, 0x00, 0x00, 0x9a, 0xba, 0x69, 0x39,
    0xf7, 0x69, 0x60, 0x39, 0x56, 0xe0, 0x84, 0x39, 0x8a, 0x67, 0x18, 0x39,
    0xb2, 0xdc, 0x95, 0x39, 0x4d, 0xec, 0xa6, 0x39, 0x56, 0xbf, 0x5d, 0x39,
    0x98, 0x84, 0xa4, 0x39, 0x59, 0xf8, 0xa1, 0x39, 0x98, 0xc2, 0x5d, 0x39,
    0xfb, 0xf3, 0x1f, 0x39, 0xc7, 0x89, 0x92, 0x39, 0xd6, 0x94, 0x2c, 0x39,
    0xc0, 0x84, 0x90, 0x39, 0x88, 0x06, 0x38, 0x39, 0xa8, 0x5d, 0x95, 0x39,
    0xe5, 0xa5, 0x3d, 0x39, 0x56, 0x45, 0x16, 0x39, 0xb3, 0x0c, 0x81, 0x39,
    0xee, 0x30, 0x4f, 0x39, 0x04, 0x6b, 0x8a, 0x39, 0x62, 0xa7, 0x17, 0x39,
    0xfa, 0x0c, 0x66, 0x39, 0xb8, 0x80, 0x78, 0x39, 0x18, 0x5a, 0x7f, 0x39,
    0xa9, 0xc8, 0x93, 0x39, 0x4d, 0xd9, 0x89, 0x39, 0x9b, 0xa1, 0x33, 0x39,
    0xfb, 0x57, 0x7e, 0x39, 0x4d, 0x7c, 0x53, 0x39, 0x7e, 0xa6, 0x8f, 0x39,
    0x9d, 0x71, 0x9d, 0x39, 0x54, 0x96, 0x2c, 0x39, 0x9c, 0x09, 0x2b, 0x39,
    0xbc, 0xac, 0x4a, 0x39, 0xe7, 0xc6, 0x2c, 0x39, 0x20, 0xc5, 0x63, 0x39,
    0x9b, 0x17, 0x87, 0x39, 0xdf, 0xb2, 0x40, 0x39, 0xbb, 0x48, 0x7a, 0x39,
    0xf2, 0xf3, 0x3a, 0x39, 0x89, 0xf1, 0x62, 0x39, 0xc5, 0x7b, 0x31, 0x39,
    0x83, 0xab, 0x32, 0x39, 0xf3, 0x38, 0x8e, 0x39, 0xa1, 0x3b, 0x7f, 0x39,
    0xa8, 0xeb, 0x8f, 0x39, 0x12, 0x8f, 0x81, 0x39, 0xca, 0x3f, 0x27, 0x39,
    0x56, 0x06, 0x7f, 0x39, 0xc2, 0x7f, 0x5f, 0x39, 0xc4, 0x1c, 0x54, 0x39,
    0x04, 0x03, 0x8e, 0x39, 0x21, 0xe4, 0x6e, 0x39, 0x34, 0x37, 0x5a, 0x39,
    0x3f, 0xc1, 0xca, 0x39, 0xaa, 0x43, 0x3c, 0x39, 0xc2, 0x0b, 0x90, 0x39,
    0x75, 0x02, 0x66, 0x39, 0xb0, 0x5f, 0x65, 0x39, 0x13, 0x00, 0x00, 0x00,
    0x74, 0x66, 0x6c, 0x2e, 0x70, 0x73, 0x65, 0x75, 0x64, 0x6f, 0x5f, 0x71,
    0x63, 0x6f, 0x6e, 0x73, 0x74, 0x31, 0x34, 0x00, 0x01, 0x00, 0x00, 0x00,
    0x3c, 0x00, 0x00, 0x00, 0xb6, 0xd7, 0xff, 0xff, 0x00, 0x00, 0x00, 0x01,
    0x14, 0x00, 0x00, 0x00, 0xfc, 0x02, 0x00, 0x00, 0x15, 0x00, 0x00, 0x00,
    0x00, 0x00, 0x00, 0x09, 0x08, 0x03, 0x00, 0x00, 0x9a, 0xe6, 0xff, 0xff,
    0x03, 0x00, 0x00, 0x00, 0x08, 0x00, 0x00, 0x00, 0xec, 0x01, 0x00, 0x00,
    0x3c, 0x00, 0x00, 0x00, 0x00, 0x00, 0x00, 0x00, 0x00, 0x00, 0x00, 0x00,
    0x00, 0x00, 0x00, 0x00, 0x00, 0x00, 0x00, 0x00, 0x00, 0x00, 0x00, 0x00,
    0x00, 0x00, 0x00, 0x00, 0x00, 0x00, 0x00, 0x00, 0x00, 0x00, 0x00, 0x00,
    0x00, 0x00, 0x00, 0x00, 0x00, 0x00, 0x00, 0x00, 0x00, 0x00, 0x00, 0x00,
    0x00, 0x00, 0x00, 0x00, 0x00, 0x00, 0x00, 0x00, 0x00, 0x00, 0x00, 0x00,
    0x00, 0x00, 0x00, 0x00, 0x00, 0x00, 0x00, 0x00, 0x00, 0x00, 0x00, 0x00,
    0x00, 0x00, 0x00, 0x00, 0x00, 0x00, 0x00, 0x00, 0x00, 0x00, 0x00, 0x00,
    0x00, 0x00, 0x00, 0x00, 0x00, 0x00, 0x00, 0x00, 0x00, 0x00, 0x00, 0x00,
    0x00, 0x00, 0x00, 0x00, 0x00, 0x00, 0x00, 0x00, 0x00, 0x00, 0x00, 0x00,
    0x00, 0x00, 0x00, 0x00, 0x00, 0x00, 0x00, 0x00, 0x00, 0x00, 0x00, 0x00,
    0x00, 0x00, 0x00, 0x00, 0x00, 0x00, 0x00, 0x00, 0x00, 0x00, 0x00, 0x00,
    0x00, 0x00, 0x00, 0x00, 0x00, 0x00, 0x00, 0x00, 0x00, 0x00, 0x00, 0x00,
    0x00, 0x00, 0x00, 0x00, 0x00, 0x00, 0x00, 0x00, 0x00, 0x00, 0x00, 0x00,
    0x00, 0x00, 0x00, 0x00, 0x00, 0x00, 0x00, 0x00, 0x00, 0x00, 0x00, 0x00,
    0x00, 0x00, 0x00, 0x00, 0x00, 0x00, 0x00, 0x00, 0x00, 0x00, 0x00, 0x00,
    0x00, 0x00, 0x00, 0x00, 0x00, 0x00, 0x00, 0x00, 0x00, 0x00, 0x00, 0x00,
    0x00, 0x00, 0x00, 0x00, 0x00, 0x00, 0x00, 0x00, 0x00, 0x00, 0x00, 0x00,
    0x00, 0x00, 0x00, 0x00, 0x00, 0x00, 0x00, 0x00, 0x00, 0x00, 0x00, 0x00,
    0x00, 0x00, 0x00, 0x00, 0x00, 0x00, 0x00, 0x00, 0x00, 0x00, 0x00, 0x00,
    0x00, 0x00, 0x00, 0x00, 0x00, 0x00, 0x00, 0x00, 0x00, 0x00, 0x00, 0x00,
    0x00, 0x00, 0x00, 0x00, 0x00, 0x00, 0x00, 0x00, 0x00, 0x00, 0x00, 0x00,
    0x00, 0x00, 0x00, 0x00, 0x00, 0x00, 0x00, 0x00, 0x00, 0x00, 0x00, 0x00,
    0x00, 0x00, 0x00, 0x00, 0x00, 0x00, 0x00, 0x00, 0x00, 0x00, 0x00, 0x00,
    0x00, 0x00, 0x00, 0x00, 0x00, 0x00, 0x00, 0x00, 0x00, 0x00, 0x00, 0x00,
    0x00, 0x00, 0x00, 0x00, 0x00, 0x00, 0x00, 0x00, 0x00, 0x00, 0x00, 0x00,
    0x00, 0x00, 0x00, 0x00, 0x00, 0x00, 0x00, 0x00, 0x00, 0x00, 0x00, 0x00,
    0x00, 0x00, 0x00, 0x00, 0x00, 0x00, 0x00, 0x00, 0x00, 0x00, 0x00, 0x00,
    0x00, 0x00, 0x00, 0x00, 0x00, 0x00, 0x00, 0x00, 0x00, 0x00, 0x00, 0x00,
    0x00, 0x00, 0x00, 0x00, 0x00, 0x00, 0x00, 0x00, 0x00, 0x00, 0x00, 0x00,
    0x00, 0x00, 0x00, 0x00, 0x00, 0x00, 0x00, 0x00, 0x00, 0x00, 0x00, 0x00,
    0x00, 0x00, 0x00, 0x00, 0x00, 0x00, 0x00, 0x00, 0x00, 0x00, 0x00, 0x00,
    0x00, 0x00, 0x00, 0x00, 0x00, 0x00, 0x00, 0x00, 0x00, 0x00, 0x00, 0x00,
    0x00, 0x00, 0x00, 0x00, 0x00, 0x00, 0x00, 0x00, 0x00, 0x00, 0x00, 0x00,
    0x00, 0x00, 0x00, 0x00, 0x00, 0x00, 0x00, 0x00, 0x00, 0x00, 0x00, 0x00,
    0x00, 0x00, 0x00, 0x00, 0x00, 0x00, 0x00, 0x00, 0x00, 0x00, 0x00, 0x00,
    0x00, 0x00, 0x00, 0x00, 0x00, 0x00, 0x00, 0x00, 0x00, 0x00, 0x00, 0x00,
    0x00, 0x00, 0x00, 0x00, 0x00, 0x00, 0x00, 0x00, 0x00, 0x00, 0x00, 0x00,
    0x00, 0x00, 0x00, 0x00, 0x00, 0x00, 0x00, 0x00, 0x00, 0x00, 0x00, 0x00,
    0x00, 0x00, 0x00, 0x00, 0x00, 0x00, 0x00, 0x00, 0x00, 0x00, 0x00, 0x00,
    0x00, 0x00, 0x00, 0x00, 0x00, 0x00, 0x00, 0x00, 0x00, 0x00, 0x00, 0x00,
    0x00, 0x00, 0x00, 0x00, 0x00, 0x00, 0x00, 0x00, 0x3c, 0x00, 0x00, 0x00,
    0x9f, 0xca, 0xc2, 0x3a, 0x94, 0x9e, 0xaf, 0x3a, 0x2b, 0x59, 0x6e, 0x3a,
    0xce, 0x59, 0x72, 0x3a, 0x67, 0x41, 0xe1, 0x3a, 0x18, 0xae, 0xa6, 0x3a,
    0xc9, 0x05, 0xfd, 0x3a, 0x79, 0xc8, 0xb8, 0x3a, 0x60, 0x4f, 0xe4, 0x3a,
    0xcb, 0x48, 0xa7, 0x3a, 0xdd, 0x6e, 0xc4, 0x3a, 0xa4, 0xe1, 0x81, 0x3a,
    0xef, 0xf7, 0xff, 0x3a, 0xd9, 0x80, 0x9e, 0x3a, 0xdd, 0xd9, 0xb7, 0x3a,
    0xa1, 0x72, 0xcc, 0x3a, 0x25, 0x90, 0xbe, 0x3a, 0x0c, 0x8d, 0x8d, 0x3a,
    0x06, 0x7e, 0xd6, 0x3a, 0xa0, 0xb8, 0xd0, 0x3a, 0xce, 0xae, 0xb5, 0x3a,
    0x0d, 0xf2, 0x3a, 0x3a, 0x9b, 0x82, 0x0d, 0x3b, 0x32, 0xf3, 0xdd, 0x3a,
    0x4c, 0xee, 0xdc, 0x3a, 0x86, 0x7e, 0xa7, 0x3a, 0xe6, 0x74, 0x57, 0x3b,
    0x6a, 0x62, 0xb1, 0x3a, 0x38, 0x2e, 0xcb, 0x3a, 0xf1, 0x90, 0x9d, 0x3a,
    0x4e, 0xc3, 0xb9, 0x3a, 0x46, 0x0b, 0x86, 0x3a, 0xac, 0x35, 0x04, 0x3b,
    0x64, 0xb6, 0xd7, 0x3a, 0xb7, 0xc7, 0x9a, 0x3a, 0x1b, 0x6a, 0x68, 0x3a,
    0x74, 0x45, 0x7b, 0x3a, 0xf9, 0xb4, 0xd9, 0x3a, 0xde, 0x02, 0x9d, 0x3a,
    0x53, 0xfa, 0xac, 0x3a, 0x27, 0x68, 0x60, 0x3a, 0x79, 0xb0, 0xc8, 0x3a,
    0x8b, 0x30, 0xc2, 0x3a, 0x62, 0x22, 0xe0, 0x3a, 0x09, 0xeb, 0x78, 0x3a,
    0x8e, 0xd7, 0xb1, 0x3a, 0xd0, 0xe4, 0x88, 0x3a, 0x66, 0x71, 0xae, 0x3a,
    0xaa, 0x90, 0xa3, 0x3a, 0x43, 0x49, 0x8a, 0x3a, 0x48, 0x80, 0x96, 0x3a,
    0xe0, 0xfc, 0x9e, 0x3a, 0xbf, 0x75, 0xeb, 0x3a, 0x42, 0x58, 0xed, 0x3a,
    0xa5, 0x44, 0xb1, 0x3a, 0xb3, 0xad, 0xbe, 0x3a, 0x5c, 0x1e, 0x87, 0x3a,
    0x83, 0x50, 0xcf, 0x3a, 0x90, 0x1b, 0xd8, 0x3a, 0x8a, 0x34, 0x6b, 0x3a,
    0x13, 0x00, 0x00, 0x00, 0x74, 0x66, 0x6c, 0x2e, 0x70, 0x73, 0x65, 0x75,
    0x64, 0x6f, 0x5f, 0x71, 0x63, 0x6f, 0x6e, 0x73, 0x74, 0x31, 0x33, 0x00,
    0x04, 0x00, 0x00, 0x00, 0x01, 0x00, 0x00, 0x00, 0x09, 0x00, 0x00, 0x00,
    0x01, 0x00, 0x00, 0x00, 0x3c, 0x00, 0x00, 0x00, 0xea, 0xda, 0xff, 0xff,
    0x00, 0x00, 0x00, 0x01, 0x14, 0x00, 0x00, 0x00, 0xf4, 0x02, 0x00, 0x00,
    0x14, 0x00, 0x00, 0x00, 0x00, 0x00, 0x00, 0x02, 0x00, 0x03, 0x00, 0x00,
    0xd4, 0xda, 0xff, 0xff, 0x08, 0x00, 0x00, 0x00, 0xe8, 0x01, 0x00, 0x00,
    0x3c, 0x00, 0x00, 0x00, 0x00, 0x00, 0x00, 0x00, 0x00, 0x00, 0x00, 0x00,
    0x00, 0x00, 0x00, 0x00, 0x00, 0x00, 0x00, 0x00, 0x00, 0x00, 0x00, 0x00,
    0x00, 0x00, 0x00, 0x00, 0x00, 0x00, 0x00, 0x00, 0x00, 0x00, 0x00, 0x00,
    0x00, 0x00, 0x00, 0x00, 0x00, 0x00, 0x00, 0x00, 0x00, 0x00, 0x00, 0x00,
    0x00, 0x00, 0x00, 0x00, 0x00, 0x00, 0x00, 0x00, 0x00, 0x00, 0x00, 0x00,
    0x00, 0x00, 0x00, 0x00, 0x00, 0x00, 0x00, 0x00, 0x00, 0x00, 0x00, 0x00,
    0x00, 0x00, 0x00, 0x00, 0x00, 0x00, 0x00, 0x00, 0x00, 0x00, 0x00, 0x00,
    0x00, 0x00, 0x00, 0x00, 0x00, 0x00, 0x00, 0x00, 0x00, 0x00, 0x00, 0x00,
    0x00, 0x00, 0x00, 0x00, 0x00, 0x00, 0x00, 0x00, 0x00, 0x00, 0x00, 0x00,
    0x00, 0x00, 0x00, 0x00, 0x00, 0x00, 0x00, 0x00, 0x00, 0x00, 0x00, 0x00,
    0x00, 0x00, 0x00, 0x00, 0x00, 0x00, 0x00, 0x00, 0x00, 0x00, 0x00, 0x00,
    0x00, 0x00, 0x00, 0x00, 0x00, 0x00, 0x00, 0x00, 0x00, 0x00, 0x00, 0x00,
    0x00, 0x00, 0x00, 0x00, 0x00, 0x00, 0x00, 0x00, 0x00, 0x00, 0x00, 0x00,
    0x00, 0x00, 0x00, 0x00, 0x00, 0x00, 0x00, 0x00, 0x00, 0x00, 0x00, 0x00,
    0x00, 0x00, 0x00, 0x00, 0x00, 0x00, 0x00, 0x00, 0x00, 0x00, 0x00, 0x00,
    0x00, 0x00, 0x00, 0x00, 0x00, 0x00, 0x00, 0x00, 0x00, 0x00, 0x00, 0x00,
    0x00, 0x00, 0x00, 0x00, 0x00, 0x00, 0x00, 0x00, 0x00, 0x00, 0x00, 0x00,
    0x00, 0x00, 0x00, 0x00, 0x00, 0x00, 0x00, 0x00, 0x00, 0x00, 0x00, 0x00,
    0x00, 0x00, 0x00, 0x00, 0x00, 0x00, 0x00, 0x00, 0x00, 0x00, 0x00, 0x00,
    0x00, 0x00, 0x00, 0x00, 0x00, 0x00, 0x00, 0x00, 0x00, 0x00, 0x00, 0x00,
    0x00, 0x00, 0x00, 0x00, 0x00, 0x00, 0x00, 0x00, 0x00, 0x00, 0x00, 0x00,
    0x00, 0x00, 0x00, 0x00, 0x00, 0x00, 0x00, 0x00, 0x00, 0x00, 0x00, 0x00,
    0x00, 0x00, 0x00, 0x00, 0x00, 0x00, 0x00, 0x00, 0x00, 0x00, 0x00, 0x00,
    0x00, 0x00, 0x00, 0x00, 0x00, 0x00, 0x00, 0x00, 0x00, 0x00, 0x00, 0x00,
    0x00, 0x00, 0x00, 0x00, 0x00, 0x00, 0x00, 0x00, 0x00, 0x00, 0x00, 0x00,
    0x00, 0x00, 0x00, 0x00, 0x00, 0x00, 0x00, 0x00, 0x00, 0x00, 0x00, 0x00,
    0x00, 0x00, 0x00, 0x00, 0x00, 0x00, 0x00, 0x00, 0x00, 0x00, 0x00, 0x00,
    0x00, 0x00, 0x00, 0x00, 0x00, 0x00, 0x00, 0x00, 0x00, 0x00, 0x00, 0x00,
    0x00, 0x00, 0x00, 0x00, 0x00, 0x00, 0x00, 0x00, 0x00, 0x00, 0x00, 0x00,
    0x00, 0x00, 0x00, 0x00, 0x00, 0x00, 0x00, 0x00, 0x00, 0x00, 0x00, 0x00,
    0x00, 0x00, 0x00, 0x00, 0x00, 0x00, 0x00, 0x00, 0x00, 0x00, 0x00, 0x00,
    0x00, 0x00, 0x00, 0x00, 0x00, 0x00, 0x00, 0x00, 0x00, 0x00, 0x00, 0x00,
    0x00, 0x00, 0x00, 0x00, 0x00, 0x00, 0x00, 0x00, 0x00, 0x00, 0x00, 0x00,
    0x00, 0x00, 0x00, 0x00, 0x00, 0x00, 0x00, 0x00, 0x00, 0x00, 0x00, 0x00,
    0x00, 0x00, 0x00, 0x00, 0x00, 0x00, 0x00, 0x00, 0x00, 0x00, 0x00, 0x00,
    0x00, 0x00, 0x00, 0x00, 0x00, 0x00, 0x00, 0x00, 0x00, 0x00, 0x00, 0x00,
    0x00, 0x00, 0x00, 0x00, 0x00, 0x00, 0x00, 0x00, 0x00, 0x00, 0x00, 0x00,
    0x00, 0x00, 0x00, 0x00, 0x00, 0x00, 0x00, 0x00, 0x00, 0x00, 0x00, 0x00,
    0x00, 0x00, 0x00, 0x00, 0x00, 0x00, 0x00, 0x00, 0x00, 0x00, 0x00, 0x00,
    0x00, 0x00, 0x00, 0x00, 0x00, 0x00, 0x00, 0x00, 0x00, 0x00, 0x00, 0x00,
    0x00, 0x00, 0x00, 0x00, 0x3c, 0x00, 0x00, 0x00, 0x78, 0x50, 0x0b, 0x38,
    0x80, 0x34, 0xfb, 0x37, 0x4f, 0x77, 0xaa, 0x37, 0x20, 0x54, 0xad, 0x37,
    0x22, 0x1a, 0x21, 0x38, 0x10, 0x6b, 0xee, 0x37, 0x08, 0xf6, 0x34, 0x38,
    0x07, 0x28, 0x04, 0x38, 0x66, 0x49, 0x23, 0x38, 0x58, 0x48, 0xef, 0x37,
    0x06, 0x7d, 0x0c, 0x38, 0x1a, 0xc8, 0xb9, 0x37, 0x65, 0x11, 0x37, 0x38,
    0xe5, 0xb8, 0xe2, 0x37, 0x60, 0x7d, 0x03, 0x38, 0x71, 0x38, 0x12, 0x38,
    0x49, 0x4a, 0x08, 0x38, 0x45, 0x79, 0xca, 0x37, 0x7f, 0x67, 0x19, 0x38,
    0xdd, 0x46, 0x15, 0x38, 0x66, 0xf0, 0x01, 0x38, 0xf2, 0xb3, 0x85, 0x37,
    0x56, 0x6a, 0x4a, 0x38, 0xee, 0xbc, 0x1e, 0x38, 0x56, 0x02, 0x1e, 0x38,
    0x33, 0x95, 0xef, 0x37, 0x0f, 0x18, 0x9a, 0x38, 0xcd, 0xba, 0xfd, 0x37,
    0x6d, 0x50, 0x11, 0x38, 0xbc, 0x61, 0xe1, 0x37, 0x6c, 0xdb, 0x04, 0x38,
    0x60, 0xbc, 0xbf, 0x37, 0xa9, 0x1c, 0x3d, 0x38, 0xe6, 0x46, 0x1a, 0x38,
    0x8a, 0x65, 0xdd, 0x37, 0xe1, 0x38, 0xa6, 0x37, 0x62, 0xb5, 0xb3, 0x37,
    0x11, 0xb4, 0x1b, 0x38, 0x83, 0x96, 0xe0, 0x37, 0x30, 0x6d, 0xf7, 0x37,
    0xc2, 0x7e, 0xa0, 0x37, 0x4f, 0x88, 0x0f, 0x38, 0x46, 0xe2, 0x0a, 0x38,
    0xdc, 0x4c, 0x20, 0x38, 0x89, 0x06, 0xb2, 0x37, 0x5c, 0x62, 0xfe, 0x37,
    0xe7, 0xcf, 0xc3, 0x37, 0xb1, 0x85, 0xf9, 0x37, 0x6d, 0xf6, 0xe9, 0x37,
    0xc4, 0xcd, 0xc5, 0x37, 0xa3, 0x46, 0xd7, 0x37, 0x4e, 0x6a, 0xe3, 0x37,
    0x7a, 0x66, 0x28, 0x38, 0x91, 0xbf, 0x29, 0x38, 0x38, 0x90, 0xfd, 0x37,
    0x6c, 0x5f, 0x08, 0x38, 0xdb, 0x45, 0xc1, 0x37, 0x50, 0x45, 0x14, 0x38,
    0x42, 0x8f, 0x1a, 0x38, 0xd7, 0x37, 0xa8, 0x37, 0x13, 0x00, 0x00, 0x00,
    0x74, 0x66, 0x6c, 0x2e, 0x70, 0x73, 0x65, 0x75, 0x64, 0x6f, 0x5f, 0x71,
    0x63, 0x6f, 0x6e, 0x73, 0x74, 0x31, 0x32, 0x00, 0x01, 0x00, 0x00, 0x00,
    0x3c, 0x00, 0x00, 0x00, 0x0a, 0xde, 0xff, 0xff, 0x00, 0x00, 0x00, 0x01,
    0x14, 0x00, 0x00, 0x00, 0xf8, 0x02, 0x00, 0x00, 0x13, 0x00, 0x00, 0x00,
    0x00, 0x00, 0x00, 0x09, 0x04, 0x03, 0x00, 0x00, 0xf4, 0xdd, 0xff, 0xff,
    0x08, 0x00, 0x00, 0x00, 0xec, 0x01, 0x00, 0x00, 0x3c, 0x00, 0x00, 0x00,
    0x00, 0x00, 0x00, 0x00, 0x00, 0x00, 0x00, 0x00, 0x00, 0x00, 0x00, 0x00,
    0x00, 0x00, 0x00, 0x00, 0x00, 0x00, 0x00, 0x00, 0x00, 0x00, 0x00, 0x00,
    0x00, 0x00, 0x00, 0x00, 0x00, 0x00, 0x00, 0x00, 0x00, 0x00, 0x00, 0x00,
    0x00, 0x00, 0x00, 0x00, 0x00, 0x00, 0x00, 0x00, 0x00, 0x00, 0x00, 0x00,
    0x00, 0x00, 0x00, 0x00, 0x00, 0x00, 0x00, 0x00, 0x00, 0x00, 0x00, 0x00,
    0x00, 0x00, 0x00, 0x00, 0x00, 0x00, 0x00, 0x00, 0x00, 0x00, 0x00, 0x00,
    0x00, 0x00, 0x00, 0x00, 0x00, 0x00, 0x00, 0x00, 0x00, 0x00, 0x00, 0x00,
    0x00, 0x00, 0x00, 0x00, 0x00, 0x00, 0x00, 0x00, 0x00, 0x00, 0x00, 0x00,
    0x00, 0x00, 0x00, 0x00, 0x00, 0x00, 0x00, 0x00, 0x00, 0x00, 0x00, 0x00,
    0x00, 0x00, 0x00, 0x00, 0x00, 0x00, 0x00, 0x00, 0x00, 0x00, 0x00, 0x00,
    0x00, 0x00, 0x00, 0x00, 0x00, 0x00, 0x00, 0x00, 0x00, 0x00, 0x00, 0x00,
    0x00, 0x00, 0x00, 0x00, 0x00, 0x00, 0x00, 0x00, 0x00, 0x00, 0x00, 0x00,
    0x00, 0x00, 0x00, 0x00, 0x00, 0x00, 0x00, 0x00, 0x00, 0x00, 0x00, 0x00,
    0x00, 0x00, 0x00, 0x00, 0x00, 0x00, 0x00, 0x00, 0x00, 0x00, 0x00, 0x00,
    0x00, 0x00, 0x00, 0x00, 0x00, 0x00, 0x00, 0x00, 0x00, 0x00, 0x00, 0x00,
    0x00, 0x00, 0x00, 0x00, 0x00, 0x00, 0x00, 0x00, 0x00, 0x00, 0x00, 0x00,
    0x00, 0x00, 0x00, 0x00, 0x00, 0x00, 0x00, 0x00, 0x00, 0x00, 0x00, 0x00,
    0x00, 0x00, 0x00, 0x00, 0x00, 0x00, 0x00, 0x00, 0x00, 0x00, 0x00, 0x00,
    0x00, 0x00, 0x00, 0x00, 0x00, 0x00, 0x00, 0x00, 0x00, 0x00, 0x00, 0x00,
    0x00, 0x00, 0x00, 0x00, 0x00, 0x00, 0x00, 0x00, 0x00, 0x00, 0x00, 0x00,
    0x00, 0x00, 0x00, 0x00, 0x00, 0x00, 0x00, 0x00, 0x00, 0x00, 0x00, 0x00,
    0x00, 0x00, 0x00, 0x00, 0x00, 0x00, 0x00, 0x00, 0x00, 0x00, 0x00, 0x00,
    0x00, 0x00, 0x00, 0x00, 0x00, 0x00, 0x00, 0x00, 0x00, 0x00, 0x00, 0x00,
    0x00, 0x00, 0x00, 0x00, 0x00, 0x00, 0x00, 0x00, 0x00, 0x00, 0x00, 0x00,
    0x00, 0x00, 0x00, 0x00, 0x00, 0x00, 0x00, 0x00, 0x00, 0x00, 0x00, 0x00,
    0x00, 0x00, 0x00, 0x00, 0x00, 0x00, 0x00, 0x00, 0x00, 0x00, 0x00, 0x00,
    0x00, 0x00, 0x00, 0x00, 0x00, 0x00, 0x00, 0x00, 0x00, 0x00, 0x00, 0x00,
    0x00, 0x00, 0x00, 0x00, 0x00, 0x00, 0x00, 0x00, 0x00, 0x00, 0x00, 0x00,
    0x00, 0x00, 0x00, 0x00, 0x00, 0x00, 0x00, 0x00, 0x00, 0x00, 0x00, 0x00,
    0x00, 0x00, 0x00, 0x00, 0x00, 0x00, 0x00, 0x00, 0x00, 0x00, 0x00, 0x00,
    0x00, 0x00, 0x00, 0x00, 0x00, 0x00, 0x00, 0x00, 0x00, 0x00, 0x00, 0x00,
    0x00, 0x00, 0x00, 0x00, 0x00, 0x00, 0x00, 0x00, 0x00, 0x00, 0x00, 0x00,
    0x00, 0x00, 0x00, 0x00, 0x00, 0x00, 0x00, 0x00, 0x00, 0x00, 0x00, 0x00,
    0x00, 0x00, 0x00, 0x00, 0x00, 0x00, 0x00, 0x00, 0x00, 0x00, 0x00, 0x00,
    0x00, 0x00, 0x00, 0x00, 0x00, 0x00, 0x00, 0x00, 0x00, 0x00, 0x00, 0x00,
    0x00, 0x00, 0x00, 0x00, 0x00, 0x00, 0x00, 0x00, 0x00, 0x00, 0x00, 0x00,
    0x00, 0x00, 0x00, 0x00, 0x00, 0x00, 0x00, 0x00, 0x00, 0x00, 0x00, 0x00,
    0x00, 0x00, 0x00, 0x00, 0x00, 0x00, 0x00, 0x00, 0x00, 0x00, 0x00, 0x00,
    0x00, 0x00, 0x00, 0x00, 0x00, 0x00, 0x00, 0x00, 0x00, 0x00, 0x00, 0x00,
    0x00, 0x00, 0x00, 0x00, 0x00, 0x00, 0x00, 0x00, 0x00, 0x00, 0x00, 0x00,
    0x00, 0x00, 0x00, 0x00, 0x3c, 0x00, 0x00, 0x00, 0x7d, 0x98, 0xc5, 0x3b,
    0xa7, 0x69, 0x12, 0x3c, 0xdb, 0xd6, 0x02, 0x3c, 0x7d, 0x7e, 0xe6, 0x3b,
    0x9c, 0xab, 0xae, 0x3b, 0x66, 0x54, 0xe8, 0x3b, 0x19, 0xae, 0x0a, 0x3c,
    0x27, 0x7d, 0xad, 0x3b, 0x29, 0x7b, 0xc0, 0x3b, 0x96, 0xf1, 0xb6, 0x3b,
    0xb9, 0x10, 0xa4, 0x3b, 0x9d, 0x52, 0x17, 0x3c, 0xe9, 0xbc, 0xd4, 0x3b,
    0x10, 0x6a, 0xf4, 0x3b, 0x0b, 0x2b, 0xfe, 0x3b, 0x20, 0xae, 0xc7, 0x3b,
    0xc4, 0x49, 0x10, 0x3c, 0x66, 0x16, 0xab, 0x3b, 0x49, 0x61, 0xba, 0x3b,
    0x86, 0xbd, 0xe2, 0x3b, 0x8d, 0x83, 0xed, 0x3b, 0xf9, 0x38, 0xbd, 0x3b,
    0x60, 0xe5, 0xdd, 0x3b, 0xff, 0xf3, 0xc1, 0x3b, 0xdd, 0x68, 0xdb, 0x3b,
    0xba, 0xab, 0xed, 0x3b, 0x79, 0x70, 0xcf, 0x3b, 0xa7, 0xeb, 0xe3, 0x3b,
    0xb4, 0x88, 0x15, 0x3c, 0x78, 0x4f, 0x00, 0x3c, 0xe3, 0xb1, 0x10, 0x3c,
    0x77, 0x7c, 0xda, 0x3b, 0x96, 0x68, 0x01, 0x3c, 0x0a, 0x53, 0xdc, 0x3b,
    0x90, 0xf3, 0xab, 0x3b, 0xd7, 0x88, 0x0d, 0x3c, 0x00, 0x13, 0x16, 0x3c,
    0x7e, 0x4a, 0xe4, 0x3b, 0xc6, 0xf9, 0xad, 0x3b, 0x9a, 0xe7, 0x0a, 0x3c,
    0x4a, 0x30, 0xe5, 0x3b, 0x91, 0xab, 0xe5, 0x3b, 0xf7, 0x75, 0xdc, 0x3b,
    0x62, 0x9b, 0x20, 0x3c, 0xb3, 0x3d, 0xa6, 0x3b, 0x75, 0xf4, 0x02, 0x3c,
    0x6f, 0xb3, 0xd9, 0x3b, 0x61, 0x85, 0xa3, 0x3b, 0xa7, 0x9b, 0x0e, 0x3c,
    0x88, 0xf4, 0x0e, 0x3c, 0x07, 0x7e, 0xc3, 0x3b, 0x95, 0xf1, 0xca, 0x3b,
    0x4b, 0x69, 0x04, 0x3c, 0x29, 0x8b, 0x12, 0x3c, 0xc9, 0x29, 0x1b, 0x3c,
    0x8f, 0x3a, 0xea, 0x3b, 0xc6, 0x7b, 0x96, 0x3b, 0xc4, 0xe1, 0xd6, 0x3b,
    0xb9, 0x42, 0xd2, 0x3b, 0x20, 0x30, 0xe3, 0x3b, 0x13, 0x00, 0x00, 0x00,
    0x74, 0x66, 0x6c, 0x2e, 0x70, 0x73, 0x65, 0x75, 0x64, 0x6f, 0x5f, 0x71,
    0x63, 0x6f, 0x6e, 0x73, 0x74, 0x31, 0x31, 0x00, 0x04, 0x00, 0x00, 0x00,
    0x3c, 0x00, 0x00, 0x00, 0x01, 0x00, 0x00, 0x00, 0x01, 0x00, 0x00, 0x00,
    0x3c, 0x00, 0x00, 0x00, 0x3a, 0xe1, 0xff, 0xff, 0x00, 0x00, 0x00, 0x01,
    0x14, 0x00, 0x00, 0x00, 0xf8, 0x02, 0x00, 0x00, 0x12, 0x00, 0x00, 0x00,
    0x00, 0x00, 0x00, 0x02, 0x04, 0x03, 0x00, 0x00, 0x24, 0xe1, 0xff, 0xff,
    0x08, 0x00, 0x00, 0x00, 0xec, 0x01, 0x00, 0x00, 0x3c, 0x00, 0x00, 0x00,
    0x00, 0x00, 0x00, 0x00, 0x00, 0x00, 0x00, 0x00, 0x00, 0x00, 0x00, 0x00,
    0x00, 0x00, 0x00, 0x00, 0x00, 0x00, 0x00, 0x00, 0x00, 0x00, 0x00, 0x00,
    0x00, 0x00, 0x00, 0x00, 0x00, 0x00, 0x00, 0x00, 0x00, 0x00, 0x00, 0x00,
    0x00, 0x00, 0x00, 0x00, 0x00, 0x00, 0x00, 0x00, 0x00, 0x00, 0x00, 0x00,
    0x00, 0x00, 0x00, 0x00, 0x00, 0x00, 0x00, 0x00, 0x00, 0x00, 0x00, 0x00,
    0x00, 0x00, 0x00, 0x00, 0x00, 0x00, 0x00, 0x00, 0x00, 0x00, 0x00, 0x00,
    0x00, 0x00, 0x00, 0x00, 0x00, 0x00, 0x00, 0x00, 0x00, 0x00, 0x00, 0x00,
    0x00, 0x00, 0x00, 0x00, 0x00, 0x00, 0x00, 0x00, 0x00, 0x00, 0x00, 0x00,
    0x00, 0x00, 0x00, 0x00, 0x00, 0x00, 0x00, 0x00, 0x00, 0x00, 0x00, 0x00,
    0x00, 0x00, 0x00, 0x00, 0x00, 0x00, 0x00, 0x00, 0x00, 0x00, 0x00, 0x00,
    0x00, 0x00, 0x00, 0x00, 0x00, 0x00, 0x00, 0x00, 0x00, 0x00, 0x00, 0x00,
    0x00, 0x00, 0x00, 0x00, 0x00, 0x00, 0x00, 0x00, 0x00, 0x00, 0x00, 0x00,
    0x00, 0x00, 0x00, 0x00, 0x00, 0x00, 0x00, 0x00, 0x00, 0x00, 0x00, 0x00,
    0x00, 0x00, 0x00, 0x00, 0x00, 0x00, 0x00, 0x00, 0x00, 0x00, 0x00, 0x00,
    0x00, 0x00, 0x00, 0x00, 0x00, 0x00, 0x00, 0x00, 0x00, 0x00, 0x00, 0x00,
    0x00, 0x00, 0x00, 0x00, 0x00, 0x00, 0x00, 0x00, 0x00, 0x00, 0x00, 0x00,
    0x00, 0x00, 0x00, 0x00, 0x00, 0x00, 0x00, 0x00, 0x00, 0x00, 0x00, 0x00,
    0x00, 0x00, 0x00, 0x00, 0x00, 0x00, 0x00, 0x00, 0x00, 0x00, 0x00, 0x00,
    0x00, 0x00, 0x00, 0x00, 0x00, 0x00, 0x00, 0x00, 0x00, 0x00, 0x00, 0x00,
    0x00, 0x00, 0x00, 0x00, 0x00, 0x00, 0x00, 0x00, 0x00, 0x00, 0x00, 0x00,
    0x00, 0x00, 0x00, 0x00, 0x00, 0x00, 0x00, 0x00, 0x00, 0x00, 0x00, 0x00,
    0x00, 0x00, 0x00, 0x00, 0x00, 0x00, 0x00, 0x00, 0x00, 0x00, 0x00, 0x00,
    0x00, 0x00, 0x00, 0x00, 0x00, 0x00, 0x00, 0x00, 0x00, 0x00, 0x00, 0x00,
    0x00, 0x00, 0x00, 0x00, 0x00, 0x00, 0x00, 0x00, 0x00, 0x00, 0x00, 0x00,
    0x00, 0x00, 0x00, 0x00, 0x00, 0x00, 0x00, 0x00, 0x00, 0x00, 0x00, 0x00,
    0x00, 0x00, 0x00, 0x00, 0x00, 0x00, 0x00, 0x00, 0x00, 0x00, 0x00, 0x00,
    0x00, 0x00, 0x00, 0x00, 0x00, 0x00, 0x00, 0x00, 0x00, 0x00, 0x00, 0x00,
    0x00, 0x00, 0x00, 0x00, 0x00, 0x00, 0x00, 0x00, 0x00, 0x00, 0x00, 0x00,
    0x00, 0x00, 0x00, 0x00, 0x00, 0x00, 0x00, 0x00, 0x00, 0x00, 0x00, 0x00,
    0x00, 0x00, 0x00, 0x00, 0x00, 0x00, 0x00, 0x00, 0x00, 0x00, 0x00, 0x00,
    0x00, 0x00, 0x00, 0x00, 0x00, 0x00, 0x00, 0x00, 0x00, 0x00, 0x00, 0x00,
    0x00, 0x00, 0x00, 0x00, 0x00, 0x00, 0x00, 0x00, 0x00, 0x00, 0x00, 0x00,
    0x00, 0x00, 0x00, 0x00, 0x00, 0x00, 0x00, 0x00, 0x00, 0x00, 0x00, 0x00,
    0x00, 0x00, 0x00, 0x00, 0x00, 0x00, 0x00, 0x00, 0x00, 0x00, 0x00, 0x00,
    0x00, 0x00, 0x00, 0x00, 0x00, 0x00, 0x00, 0x00, 0x00, 0x00, 0x00, 0x00,
    0x00, 0x00, 0x00, 0x00, 0x00, 0x00, 0x00, 0x00, 0x00, 0x00, 0x00, 0x00,
    0x00, 0x00, 0x00, 0x00, 0x00, 0x00, 0x00, 0x00, 0x00, 0x00, 0x00, 0x00,
    0x00, 0x00, 0x00, 0x00, 0x00, 0x00, 0x00, 0x00, 0x00, 0x00, 0x00, 0x00,
    0x00, 0x00, 0x00, 0x00, 0x00, 0x00, 0x00, 0x00, 0x00, 0x00, 0x00, 0x00,
    0x00, 0x00, 0x00, 0x00, 0x00, 0x00, 0x00, 0x00, 0x00, 0x00, 0x00, 0x00,
    0x00, 0x00, 0x00, 0x00, 0x3c, 0x00, 0x00, 0x00, 0xe0, 0x72, 0x06, 0x39,
    0xcb, 0x3e, 0x47, 0x39, 0x60, 0x0d, 0x32, 0x39, 0x67, 0xd5, 0x1c, 0x39,
    0x1a, 0xb3, 0xed, 0x38, 0x24, 0x15, 0x1e, 0x39, 0xec, 0xb8, 0x3c, 0x39,
    0x81, 0x17, 0xec, 0x38, 0xfa, 0xf7, 0x02, 0x39, 0x58, 0xf5, 0xf8, 0x38,
    0x8f, 0x44, 0xdf, 0x38, 0x53, 0xed, 0x4d, 0x39, 0x7c, 0xc0, 0x10, 0x39,
    0x24, 0x4e, 0x26, 0x39, 0x25, 0xf1, 0x2c, 0x39, 0xf9, 0xdd, 0x07, 0x39,
    0xa6, 0x5a, 0x44, 0x39, 0xeb, 0xd2, 0xe8, 0x38, 0x7b, 0xa2, 0xfd, 0x38,
    0x8a, 0x47, 0x1a, 0x39, 0x2a, 0x9c, 0x21, 0x39, 0x60, 0xc0, 0x00, 0x39,
    0xb6, 0xfb, 0x16, 0x39, 0x63, 0xf8, 0x03, 0x39, 0x9d, 0x4a, 0x15, 0x39,
    0x80, 0xb7, 0x21, 0x39, 0x88, 0x25, 0x0d, 0x39, 0x1d, 0x15, 0x1b, 0x39,
    0x2e, 0x7e, 0x4b, 0x39, 0x61, 0x9c, 0x2e, 0x39, 0x57, 0xe8, 0x44, 0x39,
    0xc3, 0xa9, 0x14, 0x39, 0xf0, 0x1a, 0x30, 0x39, 0xf4, 0xe9, 0x15, 0x39,
    0xe4, 0xff, 0xe9, 0x38, 0x5a, 0x9b, 0x40, 0x39, 0x61, 0x3a, 0x4c, 0x39,
    0xa5, 0x55, 0x1b, 0x39, 0x18, 0xc1, 0xec, 0x38, 0x2d, 0x07, 0x3d, 0x39,
    0x01, 0xf2, 0x1b, 0x39, 0xe3, 0x45, 0x1c, 0x39, 0xb8, 0x01, 0x16, 0x39,
    0xbf, 0x8f, 0x5a, 0x39, 0x84, 0x3a, 0xe2, 0x38, 0xa8, 0x35, 0x32, 0x39,
    0xfa, 0x20, 0x14, 0x39, 0xef, 0x86, 0xde, 0x38, 0x54, 0x11, 0x42, 0x39,
    0x48, 0x8a, 0x42, 0x39, 0x7e, 0x04, 0x05, 0x39, 0x70, 0x16, 0x0a, 0x39,
    0x08, 0x31, 0x34, 0x39, 0x65, 0x6c, 0x47, 0x39, 0x46, 0x27, 0x53, 0x39,
    0xef, 0x5f, 0x1f, 0x39, 0xf6, 0xc8, 0xcc, 0x38, 0xf0, 0x35, 0x12, 0x39,
    0xf8, 0x10, 0x0f, 0x39, 0x84, 0x95, 0x1a, 0x39, 0x13, 0x00, 0x00, 0x00,
    0x74, 0x66, 0x6c, 0x2e, 0x70, 0x73, 0x65, 0x75, 0x64, 0x6f, 0x5f, 0x71,
    0x63, 0x6f, 0x6e, 0x73, 0x74, 0x31, 0x30, 0x00, 0x01, 0x00, 0x00, 0x00,
    0x3c, 0x00, 0x00, 0x00, 0x5e, 0xe4, 0xff, 0xff, 0x00, 0x00, 0x00, 0x01,
    0x14, 0x00, 0x00, 0x00, 0xfc, 0x02, 0x00, 0x00, 0x11, 0x00, 0x00, 0x00,
    0x00, 0x00, 0x00, 0x09, 0x08, 0x03, 0x00, 0x00, 0x42, 0xf3, 0xff, 0xff,
    0x03, 0x00, 0x00, 0x00, 0x08, 0x00, 0x00, 0x00, 0xec, 0x01, 0x00, 0x00,
    0x3c, 0x00, 0x00, 0x00, 0x00, 0x00, 0x00, 0x00, 0x00, 0x00, 0x00, 0x00,
    0x00, 0x00, 0x00, 0x00, 0x00, 0x00, 0x00, 0x00, 0x00, 0x00, 0x00, 0x00,
    0x00, 0x00, 0x00, 0x00, 0x00, 0x00, 0x00, 0x00, 0x00, 0x00, 0x00, 0x00,
    0x00, 0x00, 0x00, 0x00, 0x00, 0x00, 0x00, 0x00, 0x00, 0x00, 0x00, 0x00,
    0x00, 0x00, 0x00, 0x00, 0x00, 0x00, 0x00, 0x00, 0x00, 0x00, 0x00, 0x00,
    0x00, 0x00, 0x00, 0x00, 0x00, 0x00, 0x00, 0x00, 0x00, 0x00, 0x00, 0x00,
    0x00, 0x00, 0x00, 0x00, 0x00, 0x00, 0x00, 0x00, 0x00, 0x00, 0x00, 0x00,
    0x00, 0x00, 0x00, 0x00, 0x00, 0x00, 0x00, 0x00, 0x00, 0x00, 0x00, 0x00,
    0x00, 0x00, 0x00, 0x00, 0x00, 0x00, 0x00, 0x00, 0x00, 0x00, 0x00, 0x00,
    0x00, 0x00, 0x00, 0x00, 0x00, 0x00, 0x00, 0x00, 0x00, 0x00, 0x00, 0x00,
    0x00, 0x00, 0x00, 0x00, 0x00, 0x00, 0x00, 0x00, 0x00, 0x00, 0x00, 0x00,
    0x00, 0x00, 0x00, 0x00, 0x00, 0x00, 0x00, 0x00, 0x00, 0x00, 0x00, 0x00,
    0x00, 0x00, 0x00, 0x00, 0x00, 0x00, 0x00, 0x00, 0x00, 0x00, 0x00, 0x00,
    0x00, 0x00, 0x00, 0x00, 0x00, 0x00, 0x00, 0x00, 0x00, 0x00, 0x00, 0x00,
    0x00, 0x00, 0x00, 0x00, 0x00, 0x00, 0x00, 0x00, 0x00, 0x00, 0x00, 0x00,
    0x00, 0x00, 0x00, 0x00, 0x00, 0x00, 0x00, 0x00, 0x00, 0x00, 0x00, 0x00,
    0x00, 0x00, 0x00, 0x00, 0x00, 0x00, 0x00, 0x00, 0x00, 0x00, 0x00, 0x00,
    0x00, 0x00, 0x00, 0x00, 0x00, 0x00, 0x00, 0x00, 0x00, 0x00, 0x00, 0x00,
    0x00, 0x00, 0x00, 0x00, 0x00, 0x00, 0x00, 0x00, 0x00, 0x00, 0x00, 0x00,
    0x00, 0x00, 0x00, 0x00, 0x00, 0x00, 0x00, 0x00, 0x00, 0x00, 0x00, 0x00,
    0x00, 0x00, 0x00, 0x00, 0x00, 0x00, 0x00, 0x00, 0x00, 0x00, 0x00, 0x00,
    0x00, 0x00, 0x00, 0x00, 0x00, 0x00, 0x00, 0x00, 0x00, 0x00, 0x00, 0x00,
    0x00, 0x00, 0x00, 0x00, 0x00, 0x00, 0x00, 0x00, 0x00, 0x00, 0x00, 0x00,
    0x00, 0x00, 0x00, 0x00, 0x00, 0x00, 0x00, 0x00, 0x00, 0x00, 0x00, 0x00,
    0x00, 0x00, 0x00, 0x00, 0x00, 0x00, 0x00, 0x00, 0x00, 0x00, 0x00, 0x00,
    0x00, 0x00, 0x00, 0x00, 0x00, 0x00, 0x00, 0x00, 0x00, 0x00, 0x00, 0x00,
    0x00, 0x00, 0x00, 0x00, 0x00, 0x00, 0x00, 0x00, 0x00, 0x00, 0x00, 0x00,
    0x00, 0x00, 0x00, 0x00, 0x00, 0x00, 0x00, 0x00, 0x00, 0x00, 0x00, 0x00,
    0x00, 0x00, 0x00, 0x00, 0x00, 0x00, 0x00, 0x00, 0x00, 0x00, 0x00, 0x00,
    0x00, 0x00, 0x00, 0x00, 0x00, 0x00, 0x00, 0x00, 0x00, 0x00, 0x00, 0x00,
    0x00, 0x00, 0x00, 0x00, 0x00, 0x00, 0x00, 0x00, 0x00, 0x00, 0x00, 0x00,
    0x00, 0x00, 0x00, 0x00, 0x00, 0x00, 0x00, 0x00, 0x00, 0x00, 0x00, 0x00,
    0x00, 0x00, 0x00, 0x00, 0x00, 0x00, 0x00, 0x00, 0x00, 0x00, 0x00, 0x00,
    0x00, 0x00, 0x00, 0x00, 0x00, 0x00, 0x00, 0x00, 0x00, 0x00, 0x00, 0x00,
    0x00, 0x00, 0x00, 0x00, 0x00, 0x00, 0x00, 0x00, 0x00, 0x00, 0x00, 0x00,
    0x00, 0x00, 0x00, 0x00, 0x00, 0x00, 0x00, 0x00, 0x00, 0x00, 0x00, 0x00,
    0x00, 0x00, 0x00, 0x00, 0x00, 0x00, 0x00, 0x00, 0x00, 0x00, 0x00, 0x00,
    0x00, 0x00, 0x00, 0x00, 0x00, 0x00, 0x00, 0x00, 0x00, 0x00, 0x00, 0x00,
    0x00, 0x00, 0x00, 0x00, 0x00, 0x00, 0x00, 0x00, 0x00, 0x00, 0x00, 0x00,
    0x00, 0x00, 0x00, 0x00, 0x00, 0x00, 0x00, 0x00, 0x00, 0x00, 0x00, 0x00,
    0x00, 0x00, 0x00, 0x00, 0x00, 0x00, 0x00, 0x00, 0x3c, 0x00, 0x00, 0x00,
    0x8a, 0x90, 0xa6, 0x3a, 0x27, 0x00, 0x7d, 0x3a, 0x27, 0xe8, 0x61, 0x3a,
    0xb6, 0x62, 0x99, 0x3a, 0xcf, 0x58, 0x90, 0x3a, 0x79, 0xa8, 0x4e, 0x3a,
    0x53, 0x97, 0xc9, 0x3a, 0x78, 0xb5, 0x2a, 0x3a, 0xba, 0x53, 0x6d, 0x3a,
    0x80, 0x8b, 0x05, 0x3b, 0xfe, 0x19, 0x03, 0x3b, 0xc2, 0x7d, 0xab, 0x3a,
    0x4b, 0x64, 0xd0, 0x3a, 0x51, 0x1d, 0xbf, 0x3a, 0xa8, 0xfb, 0x12, 0x3b,
    0xb3, 0x10, 0xd0, 0x3a, 0x06, 0x24, 0xdb, 0x3a, 0xbb, 0x3b, 0x81, 0x3a,
    0x49, 0xb3, 0x77, 0x3a, 0x57, 0x14, 0x87, 0x3a, 0x2e, 0xbb, 0x4e, 0x3a,
    0x0a, 0x57, 0x6c, 0x3a, 0x09, 0x16, 0x1e, 0x3a, 0x4b, 0xaf, 0xcf, 0x3a,
    0x48, 0x56, 0xe6, 0x3a, 0x99, 0x4b, 0x99, 0x3a, 0x38, 0x7d, 0xfd, 0x3a,
    0xbb, 0xbd, 0xfb, 0x3a, 0x16, 0x2a, 0xb0, 0x3a, 0x86, 0x3b, 0x4a, 0x3a,
    0x18, 0x3a, 0xd9, 0x3a, 0xcc, 0x72, 0xa3, 0x3a, 0xc3, 0x84, 0xc0, 0x3a,
    0xc7, 0xe4, 0x8c, 0x3a, 0xdc, 0x74, 0x75, 0x3a, 0xad, 0x74, 0xa8, 0x3a,
    0x0d, 0xe3, 0xde, 0x3a, 0xf5, 0x55, 0x78, 0x3a, 0xef, 0x58, 0x0f, 0x3b,
    0x45, 0x8d, 0xa5, 0x3a, 0xc9, 0x44, 0x7c, 0x3a, 0x85, 0x59, 0x30, 0x3b,
    0x31, 0x10, 0xa5, 0x3a, 0x06, 0x4d, 0xbc, 0x3a, 0x16, 0x2f, 0x45, 0x3b,
    0x97, 0x4a, 0x98, 0x3a, 0x0e, 0x8c, 0xbc, 0x3a, 0x8c, 0xc6, 0x86, 0x3a,
    0xdf, 0x0b, 0xb2, 0x3a, 0xfd, 0x73, 0x19, 0x3b, 0xdb, 0x0f, 0x89, 0x3a,
    0x19, 0x24, 0x91, 0x3a, 0xbb, 0x4a, 0x25, 0x3a, 0x80, 0xac, 0xb8, 0x3a,
    0x72, 0xff, 0x7b, 0x3a, 0x91, 0xf4, 0x8b, 0x3a, 0x4e, 0x17, 0xd7, 0x3a,
    0x7a, 0x34, 0x95, 0x3a, 0x46, 0xe7, 0x10, 0x3b, 0xb6, 0xf3, 0x24, 0x3b,
    0x12, 0x00, 0x00, 0x00, 0x74, 0x66, 0x6c, 0x2e, 0x70, 0x73, 0x65, 0x75,
    0x64, 0x6f, 0x5f, 0x71, 0x63, 0x6f, 0x6e, 0x73, 0x74, 0x39, 0x00, 0x00,
    0x04, 0x00, 0x00, 0x00, 0x01, 0x00, 0x00, 0x00, 0x0d, 0x00, 0x00, 0x00,
    0x01, 0x00, 0x00, 0x00, 0x3c, 0x00, 0x00, 0x00, 0x92, 0xe7, 0xff, 0xff,
    0x00, 0x00, 0x00, 0x01, 0x14, 0x00, 0x00, 0x00, 0xf4, 0x02, 0x00, 0x00,
    0x10, 0x00, 0x00, 0x00, 0x00, 0x00, 0x00, 0x02, 0x00, 0x03, 0x00, 0x00,
    0x7c, 0xe7, 0xff, 0xff, 0x08, 0x00, 0x00, 0x00, 0xe8, 0x01, 0x00, 0x00,
    0x3c, 0x00, 0x00, 0x00, 0x00, 0x00, 0x00, 0x00, 0x00, 0x00, 0x00, 0x00,
    0x00, 0x00, 0x00, 0x00, 0x00, 0x00, 0x00, 0x00, 0x00, 0x00, 0x00, 0x00,
    0x00, 0x00, 0x00, 0x00, 0x00, 0x00, 0x00, 0x00, 0x00, 0x00, 0x00, 0x00,
    0x00, 0x00, 0x00, 0x00, 0x00, 0x00, 0x00, 0x00, 0x00, 0x00, 0x00, 0x00,
    0x00, 0x00, 0x00, 0x00, 0x00, 0x00, 0x00, 0x00, 0x00, 0x00, 0x00, 0x00,
    0x00, 0x00, 0x00, 0x00, 0x00, 0x00, 0x00, 0x00, 0x00, 0x00, 0x00, 0x00,
    0x00, 0x00, 0x00, 0x00, 0x00, 0x00, 0x00, 0x00, 0x00, 0x00, 0x00, 0x00,
    0x00, 0x00, 0x00, 0x00, 0x00, 0x00, 0x00, 0x00, 0x00, 0x00, 0x00, 0x00,
    0x00, 0x00, 0x00, 0x00, 0x00, 0x00, 0x00, 0x00, 0x00, 0x00, 0x00, 0x00,
    0x00, 0x00, 0x00, 0x00, 0x00, 0x00, 0x00, 0x00, 0x00, 0x00, 0x00, 0x00,
    0x00, 0x00, 0x00, 0x00, 0x00, 0x00, 0x00, 0x00, 0x00, 0x00, 0x00, 0x00,
    0x00, 0x00, 0x00, 0x00, 0x00, 0x00, 0x00, 0x00, 0x00, 0x00, 0x00, 0x00,
    0x00, 0x00, 0x00, 0x00, 0x00, 0x00, 0x00, 0x00, 0x00, 0x00, 0x00, 0x00,
    0x00, 0x00, 0x00, 0x00, 0x00, 0x00, 0x00, 0x00, 0x00, 0x00, 0x00, 0x00,
    0x00, 0x00, 0x00, 0x00, 0x00, 0x00, 0x00, 0x00, 0x00, 0x00, 0x00, 0x00,
    0x00, 0x00, 0x00, 0x00, 0x00, 0x00, 0x00, 0x00, 0x00, 0x00, 0x00, 0x00,
    0x00, 0x00, 0x00, 0x00, 0x00, 0x00, 0x00, 0x00, 0x00, 0x00, 0x00, 0x00,
    0x00, 0x00, 0x00, 0x00, 0x00, 0x00, 0x00, 0x00, 0x00, 0x00, 0x00, 0x00,
    0x00, 0x00, 0x00, 0x00, 0x00, 0x00, 0x00, 0x00, 0x00, 0x00, 0x00, 0x00,
    0x00, 0x00, 0x00, 0x00, 0x00, 0x00, 0x00, 0x00, 0x00, 0x00, 0x00, 0x00,
    0x00, 0x00, 0x00, 0x00, 0x00, 0x00, 0x00, 0x00, 0x00, 0x00, 0x00, 0x00,
    0x00, 0x00, 0x00, 0x00, 0x00, 0x00, 0x00, 0x00, 0x00, 0x00, 0x00, 0x00,
    0x00, 0x00, 0x00, 0x00, 0x00, 0x00, 0x00, 0x00, 0x00, 0x00, 0x00, 0x00,
    0x00, 0x00, 0x00, 0x00, 0x00, 0x00, 0x00, 0x00, 0x00, 0x00, 0x00, 0x00,
    0x00, 0x00, 0x00, 0x00, 0x00, 0x00, 0x00, 0x00, 0x00, 0x00, 0x00, 0x00,
    0x00, 0x00, 0x00, 0x00, 0x00, 0x00, 0x00, 0x00, 0x00, 0x00, 0x00, 0x00,
    0x00, 0x00, 0x00, 0x00, 0x00, 0x00, 0x00, 0x00, 0x00, 0x00, 0x00, 0x00,
    0x00, 0x00, 0x00, 0x00, 0x00, 0x00, 0x00, 0x00, 0x00, 0x00, 0x00, 0x00,
    0x00, 0x00, 0x00, 0x00, 0x00, 0x00, 0x00, 0x00, 0x00, 0x00, 0x00, 0x00,
    0x00, 0x00, 0x00, 0x00, 0x00, 0x00, 0x00, 0x00, 0x00, 0x00, 0x00, 0x00,
    0x00, 0x00, 0x00, 0x00, 0x00, 0x00, 0x00, 0x00, 0x00, 0x00, 0x00, 0x00,
    0x00, 0x00, 0x00, 0x00, 0x00, 0x00, 0x00, 0x00, 0x00, 0x00, 0x00, 0x00,
    0x00, 0x00, 0x00, 0x00, 0x00, 0x00, 0x00, 0x00, 0x00, 0x00, 0x00, 0x00,
    0x00, 0x00, 0x00, 0x00, 0x00, 0x00, 0x00, 0x00, 0x00, 0x00, 0x00, 0x00,
    0x00, 0x00, 0x00, 0x00, 0x00, 0x00, 0x00, 0x00, 0x00, 0x00, 0x00, 0x00,
    0x00, 0x00, 0x00, 0x00, 0x00, 0x00, 0x00, 0x00, 0x00, 0x00, 0x00, 0x00,
    0x00, 0x00, 0x00, 0x00, 0x00, 0x00, 0x00, 0x00, 0x00, 0x00, 0x00, 0x00,
    0x00, 0x00, 0x00, 0x00, 0x00, 0x00, 0x00, 0x00, 0x00, 0x00, 0x00, 0x00,
    0x00, 0x00, 0x00, 0x00, 0x00, 0x00, 0x00, 0x00, 0x00, 0x00, 0x00, 0x00,
    0x00, 0x00, 0x00, 0x00, 0x00, 0x00, 0x00, 0x00, 0x00, 0x00, 0x00, 0x00,
    0x00, 0x00, 0x00, 0x00, 0x3c, 0x00, 0x00, 0x00, 0xbf, 0x10, 0x07, 0x38,
    0xc8, 0x27, 0xcd, 0x37, 0x75, 0x2f, 0xb7, 0x37, 0xe3, 0xc1, 0xf8, 0x37,
    0x41, 0x19, 0xea, 0x37, 0xa8, 0x93, 0xa7, 0x37, 0xd0, 0x77, 0x23, 0x38,
    0x0a, 0x6d, 0x8a, 0x37, 0x27, 0x72, 0xc0, 0x37, 0x89, 0x94, 0x58, 0x38,
    0x1a, 0x9e, 0x54, 0x38, 0x74, 0x0f, 0x0b, 0x38, 0x8b, 0xfb, 0x28, 0x38,
    0x00, 0xf9, 0x1a, 0x38, 0xb5, 0x5f, 0x6e, 0x38, 0xc2, 0xb7, 0x28, 0x38,
    0xe4, 0xb2, 0x31, 0x38, 0x77, 0x96, 0xd1, 0x37, 0x84, 0xdb, 0xc8, 0x37,
    0xa3, 0x11, 0xdb, 0x37, 0xd3, 0xa2, 0xa7, 0x37, 0x40, 0xa5, 0xbf, 0x37,
    0xb5, 0x30, 0x80, 0x37, 0xc6, 0x68, 0x28, 0x38, 0x1c, 0xc7, 0x3a, 0x38,
    0x67, 0x9c, 0xf8, 0x37, 0x33, 0x8d, 0x4d, 0x38, 0x56, 0x22, 0x4c, 0x38,
    0x8b, 0xd9, 0x0e, 0x38, 0xf6, 0xfc, 0xa3, 0x37, 0x9d, 0x25, 0x30, 0x38,
    0xdd, 0x89, 0x04, 0x38, 0x79, 0x1c, 0x1c, 0x38, 0x8d, 0x7f, 0xe4, 0x37,
    0xb8, 0x09, 0xc7, 0x37, 0x53, 0x99, 0x08, 0x38, 0x8f, 0xbc, 0x34, 0x38,
    0x6c, 0x5f, 0xc9, 0x37, 0x48, 0x7a, 0x68, 0x38, 0x81, 0x3e, 0x06, 0x38,
    0xd9, 0x8f, 0xcc, 0x37, 0x01, 0x00, 0x8f, 0x38, 0x15, 0xd9, 0x05, 0x38,
    0xec, 0xb0, 0x18, 0x38, 0xf0, 0xe4, 0x9f, 0x38, 0x98, 0xfb, 0xf6, 0x37,
    0x09, 0xe4, 0x18, 0x38, 0x79, 0x93, 0xda, 0x37, 0x37, 0x60, 0x10, 0x38,
    0xe9, 0xdd, 0x78, 0x38, 0xb6, 0x48, 0xde, 0x37, 0xf1, 0x62, 0xeb, 0x37,
    0x8d, 0x08, 0x86, 0x37, 0xfe, 0xbf, 0x15, 0x38, 0x9f, 0x57, 0xcc, 0x37,
    0xfb, 0xf9, 0xe2, 0x37, 0x3a, 0x6a, 0x2e, 0x38, 0x35, 0xfa, 0xf1, 0x37,
    0x4c, 0x00, 0x6b, 0x38, 0xfd, 0xc1, 0x85, 0x38, 0x12, 0x00, 0x00, 0x00,
    0x74, 0x66, 0x6c, 0x2e, 0x70, 0x73, 0x65, 0x75, 0x64, 0x6f, 0x5f, 0x71,
    0x63, 0x6f, 0x6e, 0x73, 0x74, 0x38, 0x00, 0x00, 0x01, 0x00, 0x00, 0x00,
    0x3c, 0x00, 0x00, 0x00, 0xb2, 0xea, 0xff, 0xff, 0x00, 0x00, 0x00, 0x01,
    0x14, 0x00, 0x00, 0x00, 0xf8, 0x02, 0x00, 0x00, 0x0f, 0x00, 0x00, 0x00,
    0x00, 0x00, 0x00, 0x09, 0x04, 0x03, 0x00, 0x00, 0x9c, 0xea, 0xff, 0xff,
    0x08, 0x00, 0x00, 0x00, 0xec, 0x01, 0x00, 0x00, 0x3c, 0x00, 0x00, 0x00,
    0x00, 0x00, 0x00, 0x00, 0x00, 0x00, 0x00, 0x00, 0x00, 0x00, 0x00, 0x00,
    0x00, 0x00, 0x00, 0x00, 0x00, 0x00, 0x00, 0x00, 0x00, 0x00, 0x00, 0x00,
    0x00, 0x00, 0x00, 0x00, 0x00, 0x00, 0x00, 0x00, 0x00, 0x00, 0x00, 0x00,
    0x00, 0x00, 0x00, 0x00, 0x00, 0x00, 0x00, 0x00, 0x00, 0x00, 0x00, 0x00,
    0x00, 0x00, 0x00, 0x00, 0x00, 0x00, 0x00, 0x00, 0x00, 0x00, 0x00, 0x00,
    0x00, 0x00, 0x00, 0x00, 0x00, 0x00, 0x00, 0x00, 0x00, 0x00, 0x00, 0x00,
    0x00, 0x00, 0x00, 0x00, 0x00, 0x00, 0x00, 0x00, 0x00, 0x00, 0x00, 0x00,
    0x00, 0x00, 0x00, 0x00, 0x00, 0x00, 0x00, 0x00, 0x00, 0x00, 0x00, 0x00,
    0x00, 0x00, 0x00, 0x00, 0x00, 0x00, 0x00, 0x00, 0x00, 0x00, 0x00, 0x00,
    0x00, 0x00, 0x00, 0x00, 0x00, 0x00, 0x00, 0x00, 0x00, 0x00, 0x00, 0x00,
    0x00, 0x00, 0x00, 0x00, 0x00, 0x00, 0x00, 0x00, 0x00, 0x00, 0x00, 0x00,
    0x00, 0x00, 0x00, 0x00, 0x00, 0x00, 0x00, 0x00, 0x00, 0x00, 0x00, 0x00,
    0x00, 0x00, 0x00, 0x00, 0x00, 0x00, 0x00, 0x00, 0x00, 0x00, 0x00, 0x00,
    0x00, 0x00, 0x00, 0x00, 0x00, 0x00, 0x00, 0x00, 0x00, 0x00, 0x00, 0x00,
    0x00, 0x00, 0x00, 0x00, 0x00, 0x00, 0x00, 0x00, 0x00, 0x00, 0x00, 0x00,
    0x00, 0x00, 0x00, 0x00, 0x00, 0x00, 0x00, 0x00, 0x00, 0x00, 0x00, 0x00,
    0x00, 0x00, 0x00, 0x00, 0x00, 0x00, 0x00, 0x00, 0x00, 0x00, 0x00, 0x00,
    0x00, 0x00, 0x00, 0x00, 0x00, 0x00, 0x00, 0x00, 0x00, 0x00, 0x00, 0x00,
    0x00, 0x00, 0x00, 0x00, 0x00, 0x00, 0x00, 0x00, 0x00, 0x00, 0x00, 0x00,
    0x00, 0x00, 0x00, 0x00, 0x00, 0x00, 0x00, 0x00, 0x00, 0x00, 0x00, 0x00,
    0x00, 0x00, 0x00, 0x00, 0x00, 0x00, 0x00, 0x00, 0x00, 0x00, 0x00, 0x00,
    0x00, 0x00, 0x00, 0x00, 0x00, 0x00, 0x00, 0x00, 0x00, 0x00, 0x00, 0x00,
    0x00, 0x00, 0x00, 0x00, 0x00, 0x00, 0x00, 0x00, 0x00, 0x00, 0x00, 0x00,
    0x00, 0x00, 0x00, 0x00, 0x00, 0x00, 0x00, 0x00, 0x00, 0x00, 0x00, 0x00,
    0x00, 0x00, 0x00, 0x00, 0x00, 0x00, 0x00, 0x00, 0x00, 0x00, 0x00, 0x00,
    0x00, 0x00, 0x00, 0x00, 0x00, 0x00, 0x00, 0x00, 0x00, 0x00, 0x00, 0x00,
    0x00, 0x00, 0x00, 0x00, 0x00, 0x00, 0x00, 0x00, 0x00, 0x00, 0x00, 0x00,
    0x00, 0x00, 0x00, 0x00, 0x00, 0x00, 0x00, 0x00, 0x00, 0x00, 0x00, 0x00,
    0x00, 0x00, 0x00, 0x00, 0x00, 0x00, 0x00, 0x00, 0x00, 0x00, 0x00, 0x00,
    0x00, 0x00, 0x00, 0x00, 0x00, 0x00, 0x00, 0x00, 0x00, 0x00, 0x00, 0x00,
    0x00, 0x00, 0x00, 0x00, 0x00, 0x00, 0x00, 0x00, 0x00, 0x00, 0x00, 0x00,
    0x00, 0x00, 0x00, 0x00, 0x00, 0x00, 0x00, 0x00, 0x00, 0x00, 0x00, 0x00,
    0x00, 0x00, 0x00, 0x00, 0x00, 0x00, 0x00, 0x00, 0x00, 0x00, 0x00, 0x00,
    0x00, 0x00, 0x00, 0x00, 0x00, 0x00, 0x00, 0x00, 0x00, 0x00, 0x00, 0x00,
    0x00, 0x00, 0x00, 0x00, 0x00, 0x00, 0x00, 0x00, 0x00, 0x00, 0x00, 0x00,
    0x00, 0x00, 0x00, 0x00, 0x00, 0x00, 0x00, 0x00, 0x00, 0x00, 0x00, 0x00,
    0x00, 0x00, 0x00, 0x00, 0x00, 0x00, 0x00, 0x00, 0x00, 0x00, 0x00, 0x00,
    0x00, 0x00, 0x00, 0x00, 0x00, 0x00, 0x00, 0x00, 0x00, 0x00, 0x00, 0x00,
    0x00, 0x00, 0x00, 0x00, 0x00, 0x00, 0x00, 0x00, 0x00, 0x00, 0x00, 0x00,
    0x00, 0x00, 0x00, 0x00, 0x00, 0x00, 0x00, 0x00, 0x00, 0x00, 0x00, 0x00,
    0x00, 0x00, 0x00, 0x00, 0x3c, 0x00, 0x00, 0x00, 0x10, 0xfb, 0xc1, 0x3b,
    0x56, 0xe0, 0x0e, 0x3c, 0xef, 0x1d, 0xb7, 0x3b, 0x8d, 0x19, 0xb8, 0x3b,
    0xac, 0x8a, 0xf5, 0x3b, 0x26, 0x33, 0x98, 0x3b, 0xd9, 0xa6, 0x9b, 0x3b,
    0xe8, 0x56, 0x06, 0x3c, 0x44, 0x4c, 0x29, 0x3c, 0x78, 0x88, 0x03, 0x3c,
    0xa7, 0x36, 0xa2, 0x3b, 0x43, 0xb6, 0xcb, 0x3b, 0x2e, 0x12, 0xce, 0x3b,
    0xe1, 0xe3, 0xeb, 0x3b, 0xdc, 0x3d, 0x09, 0x3c, 0xdf, 0x98, 0x0d, 0x3c,
    0x51, 0x24, 0xb3, 0x3b, 0x3c, 0xea, 0x14, 0x3c, 0xfc, 0x2a, 0xcf, 0x3b,
    0xdd, 0x02, 0xf6, 0x3b, 0x77, 0xd0, 0x02, 0x3c, 0xfe, 0x39, 0x19, 0x3c,
    0x9f, 0x3a, 0x0e, 0x3c, 0x99, 0x4f, 0xa3, 0x3b, 0xa0, 0x2c, 0x03, 0x3c,
    0x8b, 0x30, 0xcd, 0x3b, 0x84, 0x28, 0xca, 0x3b, 0xcb, 0xe6, 0xd6, 0x3b,
    0x6a, 0x49, 0x30, 0x3c, 0x8e, 0xf3, 0xf3, 0x3b, 0xcf, 0x6d, 0xea, 0x3b,
    0x3a, 0x31, 0xc5, 0x3b, 0x73, 0x99, 0xd1, 0x3b, 0x8b, 0x74, 0xc6, 0x3b,
    0x5e, 0x63, 0x89, 0x3b, 0x43, 0x41, 0x0c, 0x3c, 0x67, 0x94, 0xd5, 0x3b,
    0x60, 0x16, 0x99, 0x3b, 0x92, 0x93, 0xd0, 0x3b, 0x24, 0xc1, 0xe9, 0x3b,
    0xd2, 0x3a, 0xc5, 0x3b, 0xa6, 0x42, 0xb9, 0x3b, 0xcc, 0xf7, 0xf8, 0x3b,
    0xa2, 0x3f, 0x21, 0x3c, 0x94, 0xa0, 0xcd, 0x3b, 0xe3, 0xd3, 0x09, 0x3c,
    0x51, 0x3d, 0x13, 0x3c, 0xa8, 0xe8, 0x0b, 0x3c, 0x9d, 0xee, 0x11, 0x3c,
    0xf5, 0xfc, 0xab, 0x3b, 0x0e, 0xc9, 0xfe, 0x3b, 0x99, 0x94, 0x8f, 0x3b,
    0x44, 0x6b, 0x95, 0x3b, 0xbd, 0x83, 0xe7, 0x3b, 0x07, 0x3f, 0xcc, 0x3b,
    0xd0, 0x03, 0xc7, 0x3b, 0x71, 0x79, 0xe4, 0x3b, 0xfd, 0x14, 0xb2, 0x3b,
    0xf9, 0xc8, 0xf1, 0x3b, 0xd1, 0x6f, 0x0d, 0x3c, 0x12, 0x00, 0x00, 0x00,
    0x74, 0x66, 0x6c, 0x2e, 0x70, 0x73, 0x65, 0x75, 0x64, 0x6f, 0x5f, 0x71,
    0x63, 0x6f, 0x6e, 0x73, 0x74, 0x37, 0x00, 0x00, 0x04, 0x00, 0x00, 0x00,
    0x3c, 0x00, 0x00, 0x00, 0x01, 0x00, 0x00, 0x00, 0x01, 0x00, 0x00, 0x00,
    0x3c, 0x00, 0x00, 0x00, 0xe2, 0xed, 0xff, 0xff, 0x00, 0x00, 0x00, 0x01,
    0x14, 0x00, 0x00, 0x00, 0xf4, 0x02, 0x00, 0x00, 0x0e, 0x00, 0x00, 0x00,
    0x00, 0x00, 0x00, 0x02, 0x00, 0x03, 0x00, 0x00, 0xcc, 0xed, 0xff, 0xff,
    0x08, 0x00, 0x00, 0x00, 0xe8, 0x01, 0x00, 0x00, 0x3c, 0x00, 0x00, 0x00,
    0x00, 0x00, 0x00, 0x00, 0x00, 0x00, 0x00, 0x00, 0x00, 0x00, 0x00, 0x00,
    0x00, 0x00, 0x00, 0x00, 0x00, 0x00, 0x00, 0x00, 0x00, 0x00, 0x00, 0x00,
    0x00, 0x00, 0x00, 0x00, 0x00, 0x00, 0x00, 0x00, 0x00, 0x00, 0x00, 0x00,
    0x00, 0x00, 0x00, 0x00, 0x00, 0x00, 0x00, 0x00, 0x00, 0x00, 0x00, 0x00,
    0x00, 0x00, 0x00, 0x00, 0x00, 0x00, 0x00, 0x00, 0x00, 0x00, 0x00, 0x00,
    0x00, 0x00, 0x00, 0x00, 0x00, 0x00, 0x00, 0x00, 0x00, 0x00, 0x00, 0x00,
    0x00, 0x00, 0x00, 0x00, 0x00, 0x00, 0x00, 0x00, 0x00, 0x00, 0x00, 0x00,
    0x00, 0x00, 0x00, 0x00, 0x00, 0x00, 0x00, 0x00, 0x00, 0x00, 0x00, 0x00,
    0x00, 0x00, 0x00, 0x00, 0x00, 0x00, 0x00, 0x00, 0x00, 0x00, 0x00, 0x00,
    0x00, 0x00, 0x00, 0x00, 0x00, 0x00, 0x00, 0x00, 0x00, 0x00, 0x00, 0x00,
    0x00, 0x00, 0x00, 0x00, 0x00, 0x00, 0x00, 0x00, 0x00, 0x00, 0x00, 0x00,
    0x00, 0x00, 0x00, 0x00, 0x00, 0x00, 0x00, 0x00, 0x00, 0x00, 0x00, 0x00,
    0x00, 0x00, 0x00, 0x00, 0x00, 0x00, 0x00, 0x00, 0x00, 0x00, 0x00, 0x00,
    0x00, 0x00, 0x00, 0x00, 0x00, 0x00, 0x00, 0x00, 0x00, 0x00, 0x00, 0x00,
    0x00, 0x00, 0x00, 0x00, 0x00, 0x00, 0x00, 0x00, 0x00, 0x00, 0x00, 0x00,
    0x00, 0x00, 0x00, 0x00, 0x00, 0x00, 0x00, 0x00, 0x00, 0x00, 0x00, 0x00,
    0x00, 0x00, 0x00, 0x00, 0x00, 0x00, 0x00, 0x00, 0x00, 0x00, 0x00, 0x00,
    0x00, 0x00, 0x00, 0x00, 0x00, 0x00, 0x00, 0x00, 0x00, 0x00, 0x00, 0x00,
    0x00, 0x00, 0x00, 0x00, 0x00, 0x00, 0x00, 0x00, 0x00, 0x00, 0x00, 0x00,
    0x00, 0x00, 0x00, 0x00, 0x00, 0x00, 0x00, 0x00, 0x00, 0x00, 0x00, 0x00,
    0x00, 0x00, 0x00, 0x00, 0x00, 0x00, 0x00, 0x00, 0x00, 0x00, 0x00, 0x00,
    0x00, 0x00, 0x00, 0x00, 0x00, 0x00, 0x00, 0x00, 0x00, 0x00, 0x00, 0x00,
    0x00, 0x00, 0x00, 0x00, 0x00, 0x00, 0x00, 0x00, 0x00, 0x00, 0x00, 0x00,
    0x00, 0x00, 0x00, 0x00, 0x00, 0x00, 0x00, 0x00, 0x00, 0x00, 0x00, 0x00,
    0x00, 0x00, 0x00, 0x00, 0x00, 0x00, 0x00, 0x00, 0x00, 0x00, 0x00, 0x00,
    0x00, 0x00, 0x00, 0x00, 0x00, 0x00, 0x00, 0x00, 0x00, 0x00, 0x00, 0x00,
    0x00, 0x00, 0x00, 0x00, 0x00, 0x00, 0x00, 0x00, 0x00, 0x00, 0x00, 0x00,
    0x00, 0x00, 0x00, 0x00, 0x00, 0x00, 0x00, 0x00, 0x00, 0x00, 0x00, 0x00,
    0x00, 0x00, 0x00, 0x00, 0x00, 0x00, 0x00, 0x00, 0x00, 0x00, 0x00, 0x00,
    0x00, 0x00, 0x00, 0x00, 0x00, 0x00, 0x00, 0x00, 0x00, 0x00, 0x00, 0x00,
    0x00, 0x00, 0x00, 0x00, 0x00, 0x00, 0x00, 0x00, 0x00, 0x00, 0x00, 0x00,
    0x00, 0x00, 0x00, 0x00, 0x00, 0x00, 0x00, 0x00, 0x00, 0x00, 0x00, 0x00,
    0x00, 0x00, 0x00, 0x00, 0x00, 0x00, 0x00, 0x00, 0x00, 0x00, 0x00, 0x00,
    0x00, 0x00, 0x00, 0x00, 0x00, 0x00, 0x00, 0x00, 0x00, 0x00, 0x00, 0x00,
    0x00, 0x00, 0x00, 0x00, 0x00, 0x00, 0x00, 0x00, 0x00, 0x00, 0x00, 0x00,
    0x00, 0x00, 0x00, 0x00, 0x00, 0x00, 0x00, 0x00, 0x00, 0x00, 0x00, 0x00,
    0x00, 0x00, 0x00, 0x00, 0x00, 0x00, 0x00, 0x00, 0x00, 0x00, 0x00, 0x00,
    0x00, 0x00, 0x00, 0x00, 0x00, 0x00, 0x00, 0x00, 0x00, 0x00, 0x00, 0x00,
    0x00, 0x00, 0x00, 0x00, 0x00, 0x00, 0x00, 0x00, 0x00, 0x00, 0x00, 0x00,
    0x00, 0x00, 0x00, 0x00, 0x00, 0x00, 0x00, 0x00, 0x00, 0x00, 0x00, 0x00,
    0x3c, 0x00, 0x00, 0x00, 0xa1, 0x29, 0x23, 0x39, 0xc3, 0x5a, 0x70, 0x39,
    0x58, 0x06, 0x1a, 0x39, 0xfc, 0xd9, 0x1a, 0x39, 0x30, 0x88, 0x4e, 0x39,
    0xff, 0x04, 0x00, 0x39, 0x4d, 0xec, 0x02, 0x39, 0x4f, 0xfe, 0x61, 0x39,
    0xb6, 0x66, 0x8e, 0x39, 0xb6, 0x45, 0x5d, 0x39, 0x3b, 0x71, 0x08, 0x39,
    0x0b, 0x59, 0x2b, 0x39, 0x04, 0x55, 0x2d, 0x39, 0xef, 0x69, 0x46, 0x39,
    0x25, 0xe0, 0x66, 0x39, 0xe1, 0x33, 0x6e, 0x39, 0x65, 0xae, 0x16, 0x39,
    0x5b, 0x83, 0x7a, 0x39, 0x36, 0x41, 0x2e, 0x39, 0x49, 0xed, 0x4e, 0x39,
    0x2c, 0x10, 0x5c, 0x39, 0x14, 0xe2, 0x80, 0x39, 0xfc, 0x43, 0x6f, 0x39,
    0x8a, 0x5d, 0x09, 0x39, 0x35, 0xab, 0x5c, 0x39, 0x3a, 0x97, 0x2c, 0x39,
    0x7d, 0x0a, 0x2a, 0x39, 0x7b, 0xc2, 0x34, 0x39, 0x9d, 0x47, 0x94, 0x39,
    0xc0, 0x31, 0x4d, 0x39, 0x4b, 0x2f, 0x45, 0x39, 0x2c, 0xdd, 0x25, 0x39,
    0xc8, 0x4c, 0x30, 0x39, 0x20, 0xed, 0x26, 0x39, 0x3e, 0x1f, 0xe7, 0x38,
    0xd7, 0xf1, 0x6b, 0x39, 0xda, 0xa5, 0x33, 0x39, 0x1f, 0xc4, 0x00, 0x39,
    0x82, 0x70, 0x2f, 0x39, 0x0f, 0x9e, 0x44, 0x39, 0x3e, 0xe5, 0x25, 0x39,
    0xe2, 0xd3, 0x1b, 0x39, 0xf6, 0x69, 0x51, 0x39, 0x74, 0xa1, 0x87, 0x39,
    0x77, 0xf5, 0x2c, 0x39, 0x88, 0xdc, 0x67, 0x39, 0xcf, 0xb1, 0x77, 0x39,
    0xc9, 0x5c, 0x6b, 0x39, 0xc0, 0x7e, 0x75, 0x39, 0xfd, 0xa9, 0x10, 0x39,
    0x9f, 0x4e, 0x56, 0x39, 0x02, 0x8a, 0xf1, 0x38, 0x6c, 0x5c, 0xfb, 0x38,
    0xc1, 0xbb, 0x42, 0x39, 0x15, 0xcc, 0x2b, 0x39, 0xa2, 0x65, 0x27, 0x39,
    0x1b, 0x2d, 0x40, 0x39, 0x2d, 0xca, 0x15, 0x39, 0x47, 0x5f, 0x4b, 0x39,
    0xd1, 0xee, 0x6d, 0x39, 0x12, 0x00, 0x00, 0x00, 0x74, 0x66, 0x6c, 0x2e,
    0x70, 0x73, 0x65, 0x75, 0x64, 0x6f, 0x5f, 0x71, 0x63, 0x6f, 0x6e, 0x73,
    0x74, 0x36, 0x00, 0x00, 0x01, 0x00, 0x00, 0x00, 0x3c, 0x00, 0x00, 0x00,
    0x00, 0x00, 0x16, 0x00, 0x1e, 0x00, 0x18, 0x00, 0x17, 0x00, 0x10, 0x00,
    0x0c, 0x00, 0x08, 0x00, 0x00, 0x00, 0x00, 0x00, 0x00, 0x00, 0x07, 0x00,
    0x16, 0x00, 0x00, 0x00, 0x00, 0x00, 0x00, 0x01, 0x28, 0x00, 0x00, 0x00,
    0x10, 0x03, 0x00, 0x00, 0x0d, 0x00, 0x00, 0x00, 0x00, 0x00, 0x00, 0x09,
    0x1c, 0x03, 0x00, 0x00, 0x00, 0x00, 0x12, 0x00, 0x10, 0x00, 0x00, 0x00,
    0x00, 0x00, 0x0c, 0x00, 0x08, 0x00, 0x00, 0x00, 0x00, 0x00, 0x04, 0x00,
    0x12, 0x00, 0x00, 0x00, 0x03, 0x00, 0x00, 0x00, 0x08, 0x00, 0x00, 0x00,
    0xec, 0x01, 0x00, 0x00, 0x3c, 0x00, 0x00, 0x00, 0x00, 0x00, 0x00, 0x00,
    0x00, 0x00, 0x00, 0x00, 0x00, 0x00, 0x00, 0x00, 0x00, 0x00, 0x00, 0x00,
    0x00, 0x00, 0x00, 0x00, 0x00, 0x00, 0x00, 0x00, 0x00, 0x00, 0x00, 0x00,
    0x00, 0x00, 0x00, 0x00, 0x00, 0x00, 0x00, 0x00, 0x00, 0x00, 0x00, 0x00,
    0x00, 0x00, 0x00, 0x00, 0x00, 0x00, 0x00, 0x00, 0x00, 0x00, 0x00, 0x00,
    0x00, 0x00, 0x00, 0x00, 0x00, 0x00, 0x00, 0x00, 0x00, 0x00, 0x00, 0x00,
    0x00, 0x00, 0x00, 0x00, 0x00, 0x00, 0x00, 0x00, 0x00, 0x00, 0x00, 0x00,
    0x00, 0x00, 0x00, 0x00, 0x00, 0x00, 0x00, 0x00, 0x00, 0x00, 0x00, 0x00,
    0x00, 0x00, 0x00, 0x00, 0x00, 0x00, 0x00, 0x00, 0x00, 0x00, 0x00, 0x00,
    0x00, 0x00, 0x00, 0x00, 0x00, 0x00, 0x00, 0x00, 0x00, 0x00, 0x00, 0x00,
    0x00, 0x00, 0x00, 0x00, 0x00, 0x00, 0x00, 0x00, 0x00, 0x00, 0x00, 0x00,
    0x00, 0x00, 0x00, 0x00, 0x00, 0x00, 0x00, 0x00, 0x00, 0x00, 0x00, 0x00,
    0x00, 0x00, 0x00, 0x00, 0x00, 0x00, 0x00, 0x00, 0x00, 0x00, 0x00, 0x00,
    0x00, 0x00, 0x00, 0x00, 0x00, 0x00, 0x00, 0x00, 0x00, 0x00, 0x00, 0x00,
    0x00, 0x00, 0x00, 0x00, 0x00, 0x00, 0x00, 0x00, 0x00, 0x00, 0x00, 0x00,
    0x00, 0x00, 0x00, 0x00, 0x00, 0x00, 0x00, 0x00, 0x00, 0x00, 0x00, 0x00,
    0x00, 0x00, 0x00, 0x00, 0x00, 0x00, 0x00, 0x00, 0x00, 0x00, 0x00, 0x00,
    0x00, 0x00, 0x00, 0x00, 0x00, 0x00, 0x00, 0x00, 0x00, 0x00, 0x00, 0x00,
    0x00, 0x00, 0x00, 0x00, 0x00, 0x00, 0x00, 0x00, 0x00, 0x00, 0x00, 0x00,
    0x00, 0x00, 0x00, 0x00, 0x00, 0x00, 0x00, 0x00, 0x00, 0x00, 0x00, 0x00,
    0x00, 0x00, 0x00, 0x00, 0x00, 0x00, 0x00, 0x00, 0x00, 0x00, 0x00, 0x00,
    0x00, 0x00, 0x00, 0x00, 0x00, 0x00, 0x00, 0x00, 0x00, 0x00, 0x00, 0x00,
    0x00, 0x00, 0x00, 0x00, 0x00, 0x00, 0x00, 0x00, 0x00, 0x00, 0x00, 0x00,
    0x00, 0x00, 0x00, 0x00, 0x00, 0x00, 0x00, 0x00, 0x00, 0x00, 0x00, 0x00,
    0x00, 0x00, 0x00, 0x00, 0x00, 0x00, 0x00, 0x00, 0x00, 0x00, 0x00, 0x00,
    0x00, 0x00, 0x00, 0x00, 0x00, 0x00, 0x00, 0x00, 0x00, 0x00, 0x00, 0x00,
    0x00, 0x00, 0x00, 0x00, 0x00, 0x00, 0x00, 0x00, 0x00, 0x00, 0x00, 0x00,
    0x00, 0x00, 0x00, 0x00, 0x00, 0x00, 0x00, 0x00, 0x00, 0x00, 0x00, 0x00,
    0x00, 0x00, 0x00, 0x00, 0x00, 0x00, 0x00, 0x00, 0x00, 0x00, 0x00, 0x00,
    0x00, 0x00, 0x00, 0x00, 0x00, 0x00, 0x00, 0x00, 0x00, 0x00, 0x00, 0x00,
    0x00, 0x00, 0x00, 0x00, 0x00, 0x00, 0x00, 0x00, 0x00, 0x00, 0x00, 0x00,
    0x00, 0x00, 0x00, 0x00, 0x00, 0x00, 0x00, 0x00, 0x00, 0x00, 0x00, 0x00,
    0x00, 0x00, 0x00, 0x00, 0x00, 0x00, 0x00, 0x00, 0x00, 0x00, 0x00, 0x00,
    0x00, 0x00, 0x00, 0x00, 0x00, 0x00, 0x00, 0x00, 0x00, 0x00, 0x00, 0x00,
    0x00, 0x00, 0x00, 0x00, 0x00, 0x00, 0x00, 0x00, 0x00, 0x00, 0x00, 0x00,
    0x00, 0x00, 0x00, 0x00, 0x00, 0x00, 0x00, 0x00, 0x00, 0x00, 0x00, 0x00,
    0x00, 0x00, 0x00, 0x00, 0x00, 0x00, 0x00, 0x00, 0x00, 0x00, 0x00, 0x00,
    0x00, 0x00, 0x00, 0x00, 0x00, 0x00, 0x00, 0x00, 0x00, 0x00, 0x00, 0x00,
    0x00, 0x00, 0x00, 0x00, 0x00, 0x00, 0x00, 0x00, 0x00, 0x00, 0x00, 0x00,
    0x00, 0x00, 0x00, 0x00, 0x00, 0x00, 0x00, 0x00, 0x00, 0x00, 0x00, 0x00,
    0x00, 0x00, 0x00, 0x00, 0x00, 0x00, 0x00, 0x00, 0x00, 0x00, 0x00, 0x00,
    0x3c, 0x00, 0x00, 0x00, 0xd8, 0x49, 0x01, 0x3b, 0xa0, 0x16, 0xa5, 0x3a,
    0x94, 0x23, 0xe7, 0x3a, 0x00, 0x01, 0x6d, 0x3a, 0x79, 0x68, 0xa1, 0x3a,
    0xc2, 0xf0, 0xa2, 0x3a, 0x99, 0x05, 0x12, 0x3b, 0xbc, 0x3b, 0x18, 0x3b,
    0x03, 0x4f, 0xb5, 0x3a, 0x63, 0xc1, 0xa7, 0x3a, 0x17, 0x70, 0x8c, 0x3a,
    0x5b, 0x0d, 0x86, 0x3a, 0xf6, 0xf6, 0x6e, 0x3a, 0x0e, 0x85, 0x95, 0x3a,
    0xd1, 0x0d, 0x60, 0x3a, 0x41, 0x37, 0xfe, 0x3a, 0x24, 0x33, 0x24, 0x3b,
    0x3e, 0x58, 0xfd, 0x3a, 0xae, 0x17, 0x3b, 0x3a, 0x71, 0x88, 0xf0, 0x3a,
    0x6c, 0x5e, 0xd9, 0x3a, 0x77, 0xf5, 0x8d, 0x3a, 0x62, 0x7b, 0xc4, 0x3a,
    0x98, 0x7b, 0x30, 0x3a, 0xe7, 0x88, 0xa4, 0x3a, 0x0c, 0x37, 0x9b, 0x3a,
    0x23, 0x35, 0xab, 0x3a, 0x72, 0x93, 0x36, 0x3b, 0x71, 0x7f, 0x00, 0x3b,
    0x93, 0xb2, 0x7c, 0x3a, 0x57, 0xaa, 0x3f, 0x3a, 0x27, 0x19, 0x84, 0x3a,
    0x12, 0x81, 0x1b, 0x3a, 0x3d, 0xa8, 0xae, 0x3a, 0xde, 0xe1, 0x97, 0x3a,
    0x64, 0x7a, 0xba, 0x3a, 0x27, 0x62, 0xa3, 0x3a, 0x89, 0x4f, 0x97, 0x3a,
    0x0a, 0xd7, 0x6f, 0x3a, 0x3d, 0xde, 0x5a, 0x3a, 0xe5, 0xa9, 0xc1, 0x3a,
    0x57, 0xd9, 0x28, 0x3a, 0x29, 0x48, 0xa7, 0x3a, 0xcf, 0x89, 0x97, 0x3a,
    0x7b, 0xb2, 0x2b, 0x3a, 0x74, 0xfb, 0x60, 0x3a, 0x74, 0xe3, 0x97, 0x3a,
    0x7e, 0x5b, 0xbe, 0x3a, 0x86, 0xb3, 0x6c, 0x3a, 0xfc, 0x8c, 0xa6, 0x3a,
    0x0c, 0xb8, 0xb2, 0x3a, 0x2f, 0xaa, 0x3f, 0x3a, 0x03, 0x99, 0x10, 0x3b,
    0x93, 0x5c, 0x1d, 0x3b, 0xa3, 0x24, 0x42, 0x3a, 0xb6, 0x57, 0x8a, 0x3a,
    0xc5, 0x9d, 0x0c, 0x3a, 0x55, 0x55, 0xe7, 0x3a, 0xa9, 0xf9, 0xe4, 0x3a,
    0x27, 0x3e, 0xde, 0x3a, 0x12, 0x00, 0x00, 0x00, 0x74, 0x66, 0x6c, 0x2e,
    0x70, 0x73, 0x65, 0x75, 0x64, 0x6f, 0x5f, 0x71, 0x63, 0x6f, 0x6e, 0x73,
    0x74, 0x35, 0x00, 0x00, 0x04, 0x00, 0x00, 0x00, 0x01, 0x00, 0x00, 0x00,
    0x04, 0x00, 0x00, 0x00, 0x01, 0x00, 0x00, 0x00, 0x3c, 0x00, 0x00, 0x00,
    0x62, 0xf4, 0xff, 0xff, 0x00, 0x00, 0x00, 0x01, 0x14, 0x00, 0x00, 0x00,
    0xf4, 0x02, 0x00, 0x00, 0x0c, 0x00, 0x00, 0x00, 0x00, 0x00, 0x00, 0x02,
    0x00, 0x03, 0x00, 0x00, 0x4c, 0xf4, 0xff, 0xff, 0x08, 0x00, 0x00, 0x00,
    0xe8, 0x01, 0x00, 0x00, 0x3c, 0x00, 0x00, 0x00, 0x00, 0x00, 0x00, 0x00,
    0x00, 0x00, 0x00, 0x00, 0x00, 0x00, 0x00, 0x00, 0x00, 0x00, 0x00, 0x00,
    0x00, 0x00, 0x00, 0x00, 0x00, 0x00, 0x00, 0x00, 0x00, 0x00, 0x00, 0x00,
    0x00, 0x00, 0x00, 0x00, 0x00, 0x00, 0x00, 0x00, 0x00, 0x00, 0x00, 0x00,
    0x00, 0x00, 0x00, 0x00, 0x00, 0x00, 0x00, 0x00, 0x00, 0x00, 0x00, 0x00,
    0x00, 0x00, 0x00, 0x00, 0x00, 0x00, 0x00, 0x00, 0x00, 0x00, 0x00, 0x00,
    0x00, 0x00, 0x00, 0x00, 0x00, 0x00, 0x00, 0x00, 0x00, 0x00, 0x00, 0x00,
    0x00, 0x00, 0x00, 0x00, 0x00, 0x00, 0x00, 0x00, 0x00, 0x00, 0x00, 0x00,
    0x00, 0x00, 0x00, 0x00, 0x00, 0x00, 0x00, 0x00, 0x00, 0x00, 0x00, 0x00,
    0x00, 0x00, 0x00, 0x00, 0x00, 0x00, 0x00, 0x00, 0x00, 0x00, 0x00, 0x00,
    0x00, 0x00, 0x00, 0x00, 0x00, 0x00, 0x00, 0x00, 0x00, 0x00, 0x00, 0x00,
    0x00, 0x00, 0x00, 0x00, 0x00, 0x00, 0x00, 0x00, 0x00, 0x00, 0x00, 0x00,
    0x00, 0x00, 0x00, 0x00, 0x00, 0x00, 0x00, 0x00, 0x00, 0x00, 0x00, 0x00,
    0x00, 0x00, 0x00, 0x00, 0x00, 0x00, 0x00, 0x00, 0x00, 0x00, 0x00, 0x00,
    0x00, 0x00, 0x00, 0x00, 0x00, 0x00, 0x00, 0x00, 0x00, 0x00, 0x00, 0x00,
    0x00, 0x00, 0x00, 0x00, 0x00, 0x00, 0x00, 0x00, 0x00, 0x00, 0x00, 0x00,
    0x00, 0x00, 0x00, 0x00, 0x00, 0x00, 0x00, 0x00, 0x00, 0x00, 0x00, 0x00,
    0x00, 0x00, 0x00, 0x00, 0x00, 0x00, 0x00, 0x00, 0x00, 0x00, 0x00, 0x00,
    0x00, 0x00, 0x00, 0x00, 0x00, 0x00, 0x00, 0x00, 0x00, 0x00, 0x00, 0x00,
    0x00, 0x00, 0x00, 0x00, 0x00, 0x00, 0x00, 0x00, 0x00, 0x00, 0x00, 0x00,
    0x00, 0x00, 0x00, 0x00, 0x00, 0x00, 0x00, 0x00, 0x00, 0x00, 0x00, 0x00,
    0x00, 0x00, 0x00, 0x00, 0x00, 0x00, 0x00, 0x00, 0x00, 0x00, 0x00, 0x00,
    0x00, 0x00, 0x00, 0x00, 0x00, 0x00, 0x00, 0x00, 0x00, 0x00, 0x00, 0x00,
    0x00, 0x00, 0x00, 0x00, 0x00, 0x00, 0x00, 0x00, 0x00, 0x00, 0x00, 0x00,
    0x00, 0x00, 0x00, 0x00, 0x00, 0x00, 0x00, 0x00, 0x00, 0x00, 0x00, 0x00,
    0x00, 0x00, 0x00, 0x00, 0x00, 0x00, 0x00, 0x00, 0x00, 0x00, 0x00, 0x00,
    0x00, 0x00, 0x00, 0x00, 0x00, 0x00, 0x00, 0x00, 0x00, 0x00, 0x00, 0x00,
    0x00, 0x00, 0x00, 0x00, 0x00, 0x00, 0x00, 0x00, 0x00, 0x00, 0x00, 0x00,
    0x00, 0x00, 0x00, 0x00, 0x00, 0x00, 0x00, 0x00, 0x00, 0x00, 0x00, 0x00,
    0x00, 0x00, 0x00, 0x00, 0x00, 0x00, 0x00, 0x00, 0x00, 0x00, 0x00, 0x00,
    0x00, 0x00, 0x00, 0x00, 0x00, 0x00, 0x00, 0x00, 0x00, 0x00, 0x00, 0x00,
    0x00, 0x00, 0x00, 0x00, 0x00, 0x00, 0x00, 0x00, 0x00, 0x00, 0x00, 0x00,
    0x00, 0x00, 0x00, 0x00, 0x00, 0x00, 0x00, 0x00, 0x00, 0x00, 0x00, 0x00,
    0x00, 0x00, 0x00, 0x00, 0x00, 0x00, 0x00, 0x00, 0x00, 0x00, 0x00, 0x00,
    0x00, 0x00, 0x00, 0x00, 0x00, 0x00, 0x00, 0x00, 0x00, 0x00, 0x00, 0x00,
    0x00, 0x00, 0x00, 0x00, 0x00, 0x00, 0x00, 0x00, 0x00, 0x00, 0x00, 0x00,
    0x00, 0x00, 0x00, 0x00, 0x00, 0x00, 0x00, 0x00, 0x00, 0x00, 0x00, 0x00,
    0x00, 0x00, 0x00, 0x00, 0x00, 0x00, 0x00, 0x00, 0x00, 0x00, 0x00, 0x00,
    0x00, 0x00, 0x00, 0x00, 0x00, 0x00, 0x00, 0x00, 0x00, 0x00, 0x00, 0x00,
    0x00, 0x00, 0x00, 0x00, 0x00, 0x00, 0x00, 0x00, 0x00, 0x00, 0x00, 0x00,
    0x00, 0x00, 0x00, 0x00, 0x00, 0x00, 0x00, 0x00, 0x3c, 0x00, 0x00, 0x00,
    0xcb, 0x13, 0x21, 0x38, 0xf8, 0xad, 0xcd, 0x37, 0x36, 0xfc, 0x0f, 0x38,
    0x80, 0xa3, 0x93, 0x37, 0x2a, 0x18, 0xc9, 0x37, 0xe7, 0x00, 0xcb, 0x37,
    0xd1, 0xec, 0x35, 0x38, 0xee, 0xa9, 0x3d, 0x38, 0x53, 0xe3, 0xe1, 0x37,
    0x9b, 0x00, 0xd1, 0x37, 0xd4, 0xf7, 0xae, 0x37, 0x27, 0x03, 0xa7, 0x37,
    0x31, 0xdc, 0x94, 0x37, 0x72, 0x48, 0xba, 0x37, 0x59, 0x92, 0x8b, 0x37,
    0x53, 0x5c, 0x1e, 0x38, 0x8d, 0x92, 0x4c, 0x38, 0x67, 0xd1, 0x1d, 0x38,
    0x0e, 0x18, 0x69, 0x37, 0x4a, 0xd6, 0x15, 0x38, 0x42, 0x68, 0x07, 0x38,
    0xf1, 0xdc, 0xb0, 0x37, 0xc5, 0xca, 0xf4, 0x37, 0x26, 0xe0, 0x5b, 0x37,
    0x66, 0xfd, 0xcc, 0x37, 0xec, 0x60, 0xc1, 0x37, 0xa6, 0x4d, 0xd5, 0x37,
    0x87, 0x77, 0x63, 0x38, 0xa0, 0x17, 0x20, 0x38, 0x33, 0x6a, 0x9d, 0x37,
    0x8d, 0xca, 0x6e, 0x37, 0xf6, 0x93, 0xa4, 0x37, 0x25, 0xbd, 0x41, 0x37,
    0xe2, 0x99, 0xd9, 0x37, 0xf7, 0x39, 0xbd, 0x37, 0x17, 0x54, 0xe8, 0x37,
    0x2d, 0x8e, 0xcb, 0x37, 0xa7, 0x83, 0xbc, 0x37, 0xc7, 0x67, 0x95, 0x37,
    0x5a, 0x57, 0x88, 0x37, 0xe2, 0x47, 0xf1, 0x37, 0x64, 0x5d, 0x52, 0x37,
    0x92, 0x69, 0xd0, 0x37, 0x41, 0xcc, 0xbc, 0x37, 0xcf, 0xe9, 0x55, 0x37,
    0x62, 0x26, 0x8c, 0x37, 0xf1, 0x3b, 0xbd, 0x37, 0x5f, 0x29, 0xed, 0x37,
    0x3d, 0x73, 0x93, 0x37, 0x60, 0x80, 0xcf, 0x37, 0x5a, 0xa9, 0xde, 0x37,
    0x5b, 0xca, 0x6e, 0x37, 0x96, 0x26, 0x34, 0x38, 0x90, 0x0d, 0x44, 0x38,
    0xce, 0xe0, 0x71, 0x37, 0x91, 0x5b, 0xac, 0x37, 0xbd, 0x30, 0x2f, 0x37,
    0x34, 0x1b, 0x10, 0x38, 0x27, 0xa3, 0x0e, 0x38, 0x84, 0x71, 0x0a, 0x38,
    0x12, 0x00, 0x00, 0x00, 0x74, 0x66, 0x6c, 0x2e, 0x70, 0x73, 0x65, 0x75,
    0x64, 0x6f, 0x5f, 0x71, 0x63, 0x6f, 0x6e, 0x73, 0x74, 0x34, 0x00, 0x00,
    0x01, 0x00, 0x00, 0x00, 0x3c, 0x00, 0x00, 0x00, 0x82, 0xf7, 0xff, 0xff,
    0x00, 0x00, 0x00, 0x01, 0x14, 0x00, 0x00, 0x00, 0xf8, 0x02, 0x00, 0x00,
    0x0b, 0x00, 0x00, 0x00, 0x00, 0x00, 0x00, 0x09, 0x04, 0x03, 0x00, 0x00,
    0x6c, 0xf7, 0xff, 0xff, 0x08, 0x00, 0x00, 0x00, 0xec, 0x01, 0x00, 0x00,
    0x3c, 0x00, 0x00, 0x00, 0x00, 0x00, 0x00, 0x00, 0x00, 0x00, 0x00, 0x00,
    0x00, 0x00, 0x00, 0x00, 0x00, 0x00, 0x00, 0x00, 0x00, 0x00, 0x00, 0x00,
    0x00, 0x00, 0x00, 0x00, 0x00, 0x00, 0x00, 0x00, 0x00, 0x00, 0x00, 0x00,
    0x00, 0x00, 0x00, 0x00, 0x00, 0x00, 0x00, 0x00, 0x00, 0x00, 0x00, 0x00,
    0x00, 0x00, 0x00, 0x00, 0x00, 0x00, 0x00, 0x00, 0x00, 0x00, 0x00, 0x00,
    0x00, 0x00, 0x00, 0x00, 0x00, 0x00, 0x00, 0x00, 0x00, 0x00, 0x00, 0x00,
    0x00, 0x00, 0x00, 0x00, 0x00, 0x00, 0x00, 0x00, 0x00, 0x00, 0x00, 0x00,
    0x00, 0x00, 0x00, 0x00, 0x00, 0x00, 0x00, 0x00, 0x00, 0x00, 0x00, 0x00,
    0x00, 0x00, 0x00, 0x00, 0x00, 0x00, 0x00, 0x00, 0x00, 0x00, 0x00, 0x00,
    0x00, 0x00, 0x00, 0x00, 0x00, 0x00, 0x00, 0x00, 0x00, 0x00, 0x00, 0x00,
    0x00, 0x00, 0x00, 0x00, 0x00, 0x00, 0x00, 0x00, 0x00, 0x00, 0x00, 0x00,
    0x00, 0x00, 0x00, 0x00, 0x00, 0x00, 0x00, 0x00, 0x00, 0x00, 0x00, 0x00,
    0x00, 0x00, 0x00, 0x00, 0x00, 0x00, 0x00, 0x00, 0x00, 0x00, 0x00, 0x00,
    0x00, 0x00, 0x00, 0x00, 0x00, 0x00, 0x00, 0x00, 0x00, 0x00, 0x00, 0x00,
    0x00, 0x00, 0x00, 0x00, 0x00, 0x00, 0x00, 0x00, 0x00, 0x00, 0x00, 0x00,
    0x00, 0x00, 0x00, 0x00, 0x00, 0x00, 0x00, 0x00, 0x00, 0x00, 0x00, 0x00,
    0x00, 0x00, 0x00, 0x00, 0x00, 0x00, 0x00, 0x00, 0x00, 0x00, 0x00, 0x00,
    0x00, 0x00, 0x00, 0x00, 0x00, 0x00, 0x00, 0x00, 0x00, 0x00, 0x00, 0x00,
    0x00, 0x00, 0x00, 0x00, 0x00, 0x00, 0x00, 0x00, 0x00, 0x00, 0x00, 0x00,
    0x00, 0x00, 0x00, 0x00, 0x00, 0x00, 0x00, 0x00, 0x00, 0x00, 0x00, 0x00,
    0x00, 0x00, 0x00, 0x00, 0x00, 0x00, 0x00, 0x00, 0x00, 0x00, 0x00, 0x00,
    0x00, 0x00, 0x00, 0x00, 0x00, 0x00, 0x00, 0x00, 0x00, 0x00, 0x00, 0x00,
    0x00, 0x00, 0x00, 0x00, 0x00, 0x00, 0x00, 0x00, 0x00, 0x00, 0x00, 0x00,
    0x00, 0x00, 0x00, 0x00, 0x00, 0x00, 0x00, 0x00, 0x00, 0x00, 0x00, 0x00,
    0x00, 0x00, 0x00, 0x00, 0x00, 0x00, 0x00, 0x00, 0x00, 0x00, 0x00, 0x00,
    0x00, 0x00, 0x00, 0x00, 0x00, 0x00, 0x00, 0x00, 0x00, 0x00, 0x00, 0x00,
    0x00, 0x00, 0x00, 0x00, 0x00, 0x00, 0x00, 0x00, 0x00, 0x00, 0x00, 0x00,
    0x00, 0x00, 0x00, 0x00, 0x00, 0x00, 0x00, 0x00, 0x00, 0x00, 0x00, 0x00,
    0x00, 0x00, 0x00, 0x00, 0x00, 0x00, 0x00, 0x00, 0x00, 0x00, 0x00, 0x00,
    0x00, 0x00, 0x00, 0x00, 0x00, 0x00, 0x00, 0x00, 0x00, 0x00, 0x00, 0x00,
    0x00, 0x00, 0x00, 0x00, 0x00, 0x00, 0x00, 0x00, 0x00, 0x00, 0x00, 0x00,
    0x00, 0x00, 0x00, 0x00, 0x00, 0x00, 0x00, 0x00, 0x00, 0x00, 0x00, 0x00,
    0x00, 0x00, 0x00, 0x00, 0x00, 0x00, 0x00, 0x00, 0x00, 0x00, 0x00, 0x00,
    0x00, 0x00, 0x00, 0x00, 0x00, 0x00, 0x00, 0x00, 0x00, 0x00, 0x00, 0x00,
    0x00, 0x00, 0x00, 0x00, 0x00, 0x00, 0x00, 0x00, 0x00, 0x00, 0x00, 0x00,
    0x00, 0x00, 0x00, 0x00, 0x00, 0x00, 0x00, 0x00, 0x00, 0x00, 0x00, 0x00,
    0x00, 0x00, 0x00, 0x00, 0x00, 0x00, 0x00, 0x00, 0x00, 0x00, 0x00, 0x00,
    0x00, 0x00, 0x00, 0x00, 0x00, 0x00, 0x00, 0x00, 0x00, 0x00, 0x00, 0x00,
    0x00, 0x00, 0x00, 0x00, 0x00, 0x00, 0x00, 0x00, 0x00, 0x00, 0x00, 0x00,
    0x00, 0x00, 0x00, 0x00, 0x00, 0x00, 0x00, 0x00, 0x00, 0x00, 0x00, 0x00,
    0x00, 0x00, 0x00, 0x00, 0x00, 0x00, 0x00, 0x00, 0x3c, 0x00, 0x00, 0x00,
    0xbc, 0x0a, 0x01, 0x3c, 0x30, 0xfb, 0xe7, 0x3b, 0xf2, 0x1f, 0xff, 0x3b,
    0xd4, 0xcc, 0x4b, 0x3c, 0xf4, 0xeb, 0xf8, 0x3b, 0x65, 0xcf, 0x34, 0x3c,
    0xb6, 0xdb, 0xfb, 0x3b, 0x8a, 0x84, 0x37, 0x3c, 0xe4, 0x90, 0x1e, 0x3c,
    0x9a, 0x1b, 0x07, 0x3c, 0x7f, 0xce, 0x04, 0x3c, 0xc6, 0x00, 0x12, 0x3c,
    0x47, 0xf2, 0x0d, 0x3c, 0x7a, 0x12, 0x4a, 0x3c, 0x76, 0x82, 0xc5, 0x3b,
    0x39, 0xfb, 0x1e, 0x3c, 0xb4, 0x37, 0x2d, 0x3c, 0x45, 0x26, 0xd2, 0x3b,
    0xeb, 0x50, 0x0e, 0x3c, 0x4d, 0x01, 0x0e, 0x3c, 0xbb, 0xb9, 0x38, 0x3c,
    0x09, 0xe6, 0xe3, 0x3b, 0x4e, 0x9d, 0x45, 0x3c, 0xd2, 0x85, 0xf4, 0x3b,
    0x44, 0x65, 0x18, 0x3c, 0xbe, 0x8f, 0x3a, 0x3c, 0x90, 0x9e, 0xec, 0x3b,
    0xca, 0xa6, 0xd9, 0x3b, 0xb8, 0x1b, 0x3a, 0x3c, 0x05, 0x17, 0xff, 0x3b,
    0x63, 0x0f, 0x00, 0x3c, 0xdc, 0xf0, 0x05, 0x3c, 0xfa, 0x62, 0x39, 0x3c,
    0x78, 0xe9, 0xda, 0x3b, 0xa2, 0xb2, 0x86, 0x3c, 0x70, 0x26, 0xb6, 0x3b,
    0xfb, 0xbe, 0x64, 0x3c, 0xec, 0x12, 0xea, 0x3b, 0x3d, 0x5f, 0x09, 0x3c,
    0x08, 0xb3, 0x08, 0x3c, 0xc3, 0xeb, 0x22, 0x3c, 0x44, 0xa0, 0xf5, 0x3b,
    0x55, 0x65, 0x46, 0x3c, 0x36, 0xe1, 0x7a, 0x3c, 0x12, 0x2e, 0x39, 0x3c,
    0xe7, 0x26, 0xf7, 0x3b, 0x21, 0x66, 0x0a, 0x3c, 0x70, 0x85, 0xdb, 0x3b,
    0x3a, 0x73, 0xff, 0x3b, 0x0e, 0x72, 0xe8, 0x3b, 0x9c, 0x11, 0xe5, 0x3b,
    0x88, 0xe5, 0x16, 0x3c, 0x20, 0x76, 0xff, 0x3b, 0xa5, 0xec, 0x1b, 0x3c,
    0xf8, 0xa0, 0x02, 0x3c, 0xb0, 0xe7, 0xef, 0x3b, 0x1e, 0xdc, 0x67, 0x3c,
    0x80, 0xff, 0xe2, 0x3b, 0xea, 0xd1, 0x38, 0x3c, 0x85, 0xca, 0xfe, 0x3b,
    0x12, 0x00, 0x00, 0x00, 0x74, 0x66, 0x6c, 0x2e, 0x70, 0x73, 0x65, 0x75,
    0x64, 0x6f, 0x5f, 0x71, 0x63, 0x6f, 0x6e, 0x73, 0x74, 0x33, 0x00, 0x00,
    0x04, 0x00, 0x00, 0x00, 0x3c, 0x00, 0x00, 0x00, 0x01, 0x00, 0x00, 0x00,
    0x01, 0x00, 0x00, 0x00, 0x3c, 0x00, 0x00, 0x00, 0xb2, 0xfa, 0xff, 0xff,
    0x00, 0x00, 0x00, 0x01, 0x14, 0x00, 0x00, 0x00, 0xf4, 0x02, 0x00, 0x00,
    0x0a, 0x00, 0x00, 0x00, 0x00, 0x00, 0x00, 0x02, 0x00, 0x03, 0x00, 0x00,
    0x9c, 0xfa, 0xff, 0xff, 0x08, 0x00, 0x00, 0x00, 0xe8, 0x01, 0x00, 0x00,
    0x3c, 0x00, 0x00, 0x00, 0x00, 0x00, 0x00, 0x00, 0x00, 0x00, 0x00, 0x00,
    0x00, 0x00, 0x00, 0x00, 0x00, 0x00, 0x00, 0x00, 0x00, 0x00, 0x00, 0x00,
    0x00, 0x00, 0x00, 0x00, 0x00, 0x00, 0x00, 0x00, 0x00, 0x00, 0x00, 0x00,
    0x00, 0x00, 0x00, 0x00, 0x00, 0x00, 0x00, 0x00, 0x00, 0x00, 0x00, 0x00,
    0x00, 0x00, 0x00, 0x00, 0x00, 0x00, 0x00, 0x00, 0x00, 0x00, 0x00, 0x00,
    0x00, 0x00, 0x00, 0x00, 0x00, 0x00, 0x00, 0x00, 0x00, 0x00, 0x00, 0x00,
    0x00, 0x00, 0x00, 0x00, 0x00, 0x00, 0x00, 0x00, 0x00, 0x00, 0x00, 0x00,
    0x00, 0x00, 0x00, 0x00, 0x00, 0x00, 0x00, 0x00, 0x00, 0x00, 0x00, 0x00,
    0x00, 0x00, 0x00, 0x00, 0x00, 0x00, 0x00, 0x00, 0x00, 0x00, 0x00, 0x00,
    0x00, 0x00, 0x00, 0x00, 0x00, 0x00, 0x00, 0x00, 0x00, 0x00, 0x00, 0x00,
    0x00, 0x00, 0x00, 0x00, 0x00, 0x00, 0x00, 0x00, 0x00, 0x00, 0x00, 0x00,
    0x00, 0x00, 0x00, 0x00, 0x00, 0x00, 0x00, 0x00, 0x00, 0x00, 0x00, 0x00,
    0x00, 0x00, 0x00, 0x00, 0x00, 0x00, 0x00, 0x00, 0x00, 0x00, 0x00, 0x00,
    0x00, 0x00, 0x00, 0x00, 0x00, 0x00, 0x00, 0x00, 0x00, 0x00, 0x00, 0x00,
    0x00, 0x00, 0x00, 0x00, 0x00, 0x00, 0x00, 0x00, 0x00, 0x00, 0x00, 0x00,
    0x00, 0x00, 0x00, 0x00, 0x00, 0x00, 0x00, 0x00, 0x00, 0x00, 0x00, 0x00,
    0x00, 0x00, 0x00, 0x00, 0x00, 0x00, 0x00, 0x00, 0x00, 0x00, 0x00, 0x00,
    0x00, 0x00, 0x00, 0x00, 0x00, 0x00, 0x00, 0x00, 0x00, 0x00, 0x00, 0x00,
    0x00, 0x00, 0x00, 0x00, 0x00, 0x00, 0x00, 0x00, 0x00, 0x00, 0x00, 0x00,
    0x00, 0x00, 0x00, 0x00, 0x00, 0x00, 0x00, 0x00, 0x00, 0x00, 0x00, 0x00,
    0x00, 0x00, 0x00, 0x00, 0x00, 0x00, 0x00, 0x00, 0x00, 0x00, 0x00, 0x00,
    0x00, 0x00, 0x00, 0x00, 0x00, 0x00, 0x00, 0x00, 0x00, 0x00, 0x00, 0x00,
    0x00, 0x00, 0x00, 0x00, 0x00, 0x00, 0x00, 0x00, 0x00, 0x00, 0x00, 0x00,
    0x00, 0x00, 0x00, 0x00, 0x00, 0x00, 0x00, 0x00, 0x00, 0x00, 0x00, 0x00,
    0x00, 0x00, 0x00, 0x00, 0x00, 0x00, 0x00, 0x00, 0x00, 0x00, 0x00, 0x00,
    0x00, 0x00, 0x00, 0x00, 0x00, 0x00, 0x00, 0x00, 0x00, 0x00, 0x00, 0x00,
    0x00, 0x00, 0x00, 0x00, 0x00, 0x00, 0x00, 0x00, 0x00, 0x00, 0x00, 0x00,
    0x00, 0x00, 0x00, 0x00, 0x00, 0x00, 0x00, 0x00, 0x00, 0x00, 0x00, 0x00,
    0x00, 0x00, 0x00, 0x00, 0x00, 0x00, 0x00, 0x00, 0x00, 0x00, 0x00, 0x00,
    0x00, 0x00, 0x00, 0x00, 0x00, 0x00, 0x00, 0x00, 0x00, 0x00, 0x00, 0x00,
    0x00, 0x00, 0x00, 0x00, 0x00, 0x00, 0x00, 0x00, 0x00, 0x00, 0x00, 0x00,
    0x00, 0x00, 0x00, 0x00, 0x00, 0x00, 0x00, 0x00, 0x00, 0x00, 0x00, 0x00,
    0x00, 0x00, 0x00, 0x00, 0x00, 0x00, 0x00, 0x00, 0x00, 0x00, 0x00, 0x00,
    0x00, 0x00, 0x00, 0x00, 0x00, 0x00, 0x00, 0x00, 0x00, 0x00, 0x00, 0x00,
    0x00, 0x00, 0x00, 0x00, 0x00, 0x00, 0x00, 0x00, 0x00, 0x00, 0x00, 0x00,
    0x00, 0x00, 0x00, 0x00, 0x00, 0x00, 0x00, 0x00, 0x00, 0x00, 0x00, 0x00,
    0x00, 0x00, 0x00, 0x00, 0x00, 0x00, 0x00, 0x00, 0x00, 0x00, 0x00, 0x00,
    0x00, 0x00, 0x00, 0x00, 0x00, 0x00, 0x00, 0x00, 0x00, 0x00, 0x00, 0x00,
    0x00, 0x00, 0x00, 0x00, 0x00, 0x00, 0x00, 0x00, 0x00, 0x00, 0x00, 0x00,
    0x00, 0x00, 0x00, 0x00, 0x00, 0x00, 0x00, 0x00, 0x00, 0x00, 0x00, 0x00,
    0x00, 0x00, 0x00, 0x00, 0x3c, 0x00, 0x00, 0x00, 0x0b, 0x91, 0x0e, 0x39,
    0xb9, 0x25, 0x00, 0x39, 0x95, 0xee, 0x0c, 0x39, 0xf6, 0x28, 0x61, 0x39,
    0x5f, 0x81, 0x09, 0x39, 0xb0, 0xc2, 0x47, 0x39, 0xa5, 0x20, 0x0b, 0x39,
    0x7b, 0xc0, 0x4a, 0x39, 0x5b, 0x2f, 0x2f, 0x39, 0xa9, 0x44, 0x15, 0x39,
    0xd0, 0xb9, 0x12, 0x39, 0x29, 0x4e, 0x21, 0x39, 0xd3, 0xd2, 0x1c, 0x39,
    0x40, 0x40, 0x5f, 0x39, 0xd1, 0x35, 0xda, 0x38, 0xd5, 0xa4, 0x2f, 0x39,
    0x48, 0x5f, 0x3f, 0x39, 0xc3, 0x2c, 0xe8, 0x38, 0x62, 0x3b, 0x1d, 0x39,
    0x6c, 0xe3, 0x1c, 0x39, 0x14, 0x16, 0x4c, 0x39, 0xc1, 0xc8, 0xfb, 0x38,
    0x79, 0x53, 0x5a, 0x39, 0x4a, 0x13, 0x07, 0x39, 0x2c, 0x5e, 0x28, 0x39,
    0x5a, 0x1d, 0x4e, 0x39, 0xa2, 0xb5, 0x02, 0x39, 0x92, 0x76, 0xf0, 0x38,
    0x2a, 0x9d, 0x4d, 0x39, 0xa7, 0xe9, 0x0c, 0x39, 0x5a, 0x7b, 0x0d, 0x39,
    0x9c, 0xfa, 0x13, 0x39, 0x10, 0xd1, 0x4c, 0x39, 0x11, 0xdb, 0xf1, 0x38,
    0xb1, 0xd0, 0x94, 0x39, 0xaf, 0x3d, 0xc9, 0x38, 0x6f, 0xb8, 0x7c, 0x39,
    0xaa, 0x4d, 0x01, 0x39, 0x0d, 0xc5, 0x17, 0x39, 0xcb, 0x06, 0x17, 0x39,
    0x13, 0xff, 0x33, 0x39, 0x50, 0xaf, 0x07, 0x39, 0x77, 0x30, 0x5b, 0x39,
    0x44, 0x96, 0x8a, 0x39, 0x9c, 0x96, 0x4c, 0x39, 0x1a, 0x87, 0x08, 0x39,
    0x7e, 0xe7, 0x18, 0x39, 0x62, 0x87, 0xf2, 0x38, 0x96, 0x1c, 0x0d, 0x39,
    0x63, 0x67, 0x00, 0x39, 0xb9, 0x13, 0xfd, 0x38, 0x38, 0xb6, 0x26, 0x39,
    0x30, 0x1e, 0x0d, 0x39, 0x3b, 0x44, 0x2c, 0x39, 0xda, 0x51, 0x10, 0x39,
    0x46, 0x86, 0x04, 0x39, 0x8f, 0x14, 0x80, 0x39, 0x0e, 0xca, 0xfa, 0x38,
    0xcc, 0x30, 0x4c, 0x39, 0x65, 0xbf, 0x0c, 0x39, 0x12, 0x00, 0x00, 0x00,
    0x74, 0x66, 0x6c, 0x2e, 0x70, 0x73, 0x65, 0x75, 0x64, 0x6f, 0x5f, 0x71,
    0x63, 0x6f, 0x6e, 0x73, 0x74, 0x32, 0x00, 0x00, 0x01, 0x00, 0x00, 0x00,
    0x3c, 0x00, 0x00, 0x00, 0xd2, 0xfd, 0xff, 0xff, 0x00, 0x00, 0x00, 0x01,
    0x14, 0x00, 0x00, 0x00, 0x30, 0x00, 0x00, 0x00, 0x09, 0x00, 0x00, 0x00,
    0x00, 0x00, 0x00, 0x09, 0x3c, 0x00, 0x00, 0x00, 0xbc, 0xfd, 0xff, 0xff,
    0x08, 0x00, 0x00, 0x00, 0x10, 0x00, 0x00, 0x00, 0x01, 0x00, 0x00, 0x00,
    0x00, 0x00, 0x00, 0x00, 0x00, 0x00, 0x00, 0x00, 0x01, 0x00, 0x00, 0x00,
    0x7e, 0x48, 0x3b, 0x3b, 0x12, 0x00, 0x00, 0x00, 0x74, 0x66, 0x6c, 0x2e,
    0x70, 0x73, 0x65, 0x75, 0x64, 0x6f, 0x5f, 0x71, 0x63, 0x6f, 0x6e, 0x73,
    0x74, 0x31, 0x00, 0x00, 0x02, 0x00, 0x00, 0x00, 0x01, 0x00, 0x00, 0x00,
    0x2c, 0x01, 0x00, 0x00, 0x32, 0xfe, 0xff, 0xff, 0x00, 0x00, 0x00, 0x01,
    0x14, 0x00, 0x00, 0x00, 0x34, 0x00, 0x00, 0x00, 0x08, 0x00, 0x00, 0x00,
    0x00, 0x00, 0x00, 0x02, 0x40, 0x00, 0x00, 0x00, 0x1c, 0xfe, 0xff, 0xff,
    0x08, 0x00, 0x00, 0x00, 0x14, 0x00, 0x00, 0x00, 0x01, 0x00, 0x00, 0x00,
    0x00, 0x00, 0x00, 0x00, 0x00, 0x00, 0x00, 0x00, 0x00, 0x00, 0x00, 0x00,
    0x01, 0x00, 0x00, 0x00, 0xb9, 0x5a, 0x89, 0x38, 0x11, 0x00, 0x00, 0x00,
    0x74, 0x66, 0x6c, 0x2e, 0x70, 0x73, 0x65, 0x75, 0x64, 0x6f, 0x5f, 0x71,
    0x63, 0x6f, 0x6e, 0x73, 0x74, 0x00, 0x00, 0x00, 0x01, 0x00, 0x00, 0x00,
    0x01, 0x00, 0x00, 0x00, 0x92, 0xfe, 0xff, 0xff, 0x00, 0x00, 0x00, 0x01,
    0x14, 0x00, 0x00, 0x00, 0x14, 0x00, 0x00, 0x00, 0x07, 0x00, 0x00, 0x00,
    0x00, 0x00, 0x00, 0x02, 0x1c, 0x00, 0x00, 0x00, 0xd4, 0xfe, 0xff, 0xff,
    0x0f, 0x00, 0x00, 0x00, 0x61, 0x72, 0x69, 0x74, 0x68, 0x2e, 0x63, 0x6f,
    0x6e, 0x73, 0x74, 0x61, 0x6e, 0x74, 0x35, 0x00, 0x01, 0x00, 0x00, 0x00,
    0x04, 0x00, 0x00, 0x00, 0xce, 0xfe, 0xff, 0xff, 0x00, 0x00, 0x00, 0x01,
    0x14, 0x00, 0x00, 0x00, 0x14, 0x00, 0x00, 0x00, 0x06, 0x00, 0x00, 0x00,
    0x00, 0x00, 0x00, 0x02, 0x1c, 0x00, 0x00, 0x00, 0x10, 0xff, 0xff, 0xff,
    0x0f, 0x00, 0x00, 0x00, 0x61, 0x72, 0x69, 0x74, 0x68, 0x2e, 0x63, 0x6f,
    0x6e, 0x73, 0x74, 0x61, 0x6e, 0x74, 0x34, 0x00, 0x01, 0x00, 0x00, 0x00,
    0x04, 0x00, 0x00, 0x00, 0x0a, 0xff, 0xff, 0xff, 0x00, 0x00, 0x00, 0x01,
    0x14, 0x00, 0x00, 0x00, 0x14, 0x00, 0x00, 0x00, 0x05, 0x00, 0x00, 0x00,
    0x00, 0x00, 0x00, 0x02, 0x1c, 0x00, 0x00, 0x00, 0x4c, 0xff, 0xff, 0xff,
    0x0f, 0x00, 0x00, 0x00, 0x61, 0x72, 0x69, 0x74, 0x68, 0x2e, 0x63, 0x6f,
    0x6e, 0x73, 0x74, 0x61, 0x6e, 0x74, 0x33, 0x00, 0x01, 0x00, 0x00, 0x00,
    0x04, 0x00, 0x00, 0x00, 0x46, 0xff, 0xff, 0xff, 0x00, 0x00, 0x00, 0x01,
    0x14, 0x00, 0x00, 0x00, 0x14, 0x00, 0x00, 0x00, 0x04, 0x00, 0x00, 0x00,
    0x00, 0x00, 0x00, 0x02, 0x1c, 0x00, 0x00, 0x00, 0x88, 0xff, 0xff, 0xff,
    0x0f, 0x00, 0x00, 0x00, 0x61, 0x72, 0x69, 0x74, 0x68, 0x2e, 0x63, 0x6f,
    0x6e, 0x73, 0x74, 0x61, 0x6e, 0x74, 0x32, 0x00, 0x01, 0x00, 0x00, 0x00,
    0x04, 0x00, 0x00, 0x00, 0x82, 0xff, 0xff, 0xff, 0x00, 0x00, 0x00, 0x01,
    0x14, 0x00, 0x00, 0x00, 0x14, 0x00, 0x00, 0x00, 0x03, 0x00, 0x00, 0x00,
    0x00, 0x00, 0x00, 0x02, 0x1c, 0x00, 0x00, 0x00, 0xc4, 0xff, 0xff, 0xff,
    0x0f, 0x00, 0x00, 0x00, 0x61, 0x72, 0x69, 0x74, 0x68, 0x2e, 0x63, 0x6f,
    0x6e, 0x73, 0x74, 0x61, 0x6e, 0x74, 0x31, 0x00, 0x01, 0x00, 0x00, 0x00,
    0x02, 0x00, 0x00, 0x00, 0xbe, 0xff, 0xff, 0xff, 0x00, 0x00, 0x00, 0x01,
    0x18, 0x00, 0x00, 0x00, 0x18, 0x00, 0x00, 0x00, 0x02, 0x00, 0x00, 0x00,
    0x00, 0x00, 0x00, 0x02, 0x20, 0x00, 0x00, 0x00, 0x04, 0x00, 0x04, 0x00,
    0x04, 0x00, 0x00, 0x00, 0x0e, 0x00, 0x00, 0x00, 0x61, 0x72, 0x69, 0x74,
    0x68, 0x2e, 0x63, 0x6f, 0x6e, 0x73, 0x74, 0x61, 0x6e, 0x74, 0x00, 0x00,
    0x01, 0x00, 0x00, 0x00, 0x04, 0x00, 0x00, 0x00, 0x00, 0x00, 0x16, 0x00,
    0x1c, 0x00, 0x18, 0x00, 0x17, 0x00, 0x10, 0x00, 0x0c, 0x00, 0x08, 0x00,
    0x00, 0x00, 0x00, 0x00, 0x00, 0x00, 0x07, 0x00, 0x16, 0x00, 0x00, 0x00,
    0x00, 0x00, 0x00, 0x01, 0x20, 0x00, 0x00, 0x00, 0x3c, 0x00, 0x00, 0x00,
    0x01, 0x00, 0x00, 0x00, 0x00, 0x00, 0x00, 0x09, 0x54, 0x00, 0x00, 0x00,
    0x0c, 0x00, 0x0c, 0x00, 0x00, 0x00, 0x00, 0x00, 0x08, 0x00, 0x04, 0x00,
    0x0c, 0x00, 0x00, 0x00, 0x08, 0x00, 0x00, 0x00, 0x10, 0x00, 0x00, 0x00,
    0x01, 0x00, 0x00, 0x00, 0xff, 0xff, 0xff, 0xff, 0xff, 0xff, 0xff, 0xff,
    0x01, 0x00, 0x00, 0x00, 0x81, 0x80, 0x00, 0x3c, 0x1d, 0x00, 0x00, 0x00,
    0x73, 0x65, 0x72, 0x76, 0x69, 0x6e, 0x67, 0x5f, 0x64, 0x65, 0x66, 0x61,
    0x75, 0x6c, 0x74, 0x5f, 0x69, 0x6e, 0x70, 0x75, 0x74, 0x5f, 0x61, 0x75,
    0x64, 0x69, 0x6f, 0x3a, 0x30, 0x00, 0x00, 0x00, 0x03, 0x00, 0x00, 0x00,
    0x01, 0x00, 0x00, 0x00, 0x03, 0x00, 0x00, 0x00, 0x28, 0x00, 0x00, 0x00,
    0x0d, 0x00, 0x00, 0x00, 0xf4, 0x00, 0x00, 0x00, 0xd8, 0x00, 0x00, 0x00,
    0xc8, 0x00, 0x00, 0x00, 0xb8, 0x00, 0x00, 0x00, 0xa4, 0x00, 0x00, 0x00,
    0x88, 0x00, 0x00, 0x00, 0x78, 0x00, 0x00, 0x00, 0x64, 0x00, 0x00, 0x00,
    0x50, 0x00, 0x00, 0x00, 0x3c, 0x00, 0x00, 0x00, 0x28, 0x00, 0x00, 0x00,
    0x14, 0x00, 0x00, 0x00, 0x04, 0x00, 0x00, 0x00, 0x4c, 0xff, 0xff, 0xff,
    0x90, 0x00, 0x00, 0x00, 0x00, 0x00, 0x00, 0x7f, 0x98, 0xff, 0xff, 0xff,
    0x2d, 0x00, 0x00, 0x00, 0x02, 0x00, 0x00, 0x00, 0x00, 0x00, 0x00, 0x2d,
    0xa8, 0xff, 0xff, 0xff, 0x0e, 0x00, 0x00, 0x00, 0x02, 0x00, 0x00, 0x00,
    0x00, 0x00, 0x00, 0x0e, 0xb8, 0xff, 0xff, 0xff, 0x09, 0x00, 0x00, 0x00,
    0x04, 0x00, 0x00, 0x00, 0x00, 0x00, 0x00, 0x09, 0xc8, 0xff, 0xff, 0xff,
    0x04, 0x00, 0x00, 0x00, 0x03, 0x00, 0x00, 0x00, 0x00, 0x00, 0x00, 0x04,
    0xd8, 0xff, 0xff, 0xff, 0x03, 0x00, 0x00, 0x00, 0x03, 0x00, 0x00, 0x00,
    0x00, 0x00, 0x00, 0x03, 0xa8, 0xff, 0xff, 0xff, 0x72, 0x00, 0x00, 0x00,
    0x00, 0x00, 0x00, 0x72, 0xb4, 0xff, 0xff, 0xff, 0x02, 0x00, 0x00, 0x00,
    0x00, 0x00, 0x00, 0x02, 0x0c, 0x00, 0x10, 0x00, 0x0f, 0x00, 0x00, 0x00,
    0x08, 0x00, 0x04, 0x00, 0x0c, 0x00, 0x00, 0x00, 0x06, 0x00, 0x00, 0x00,
    0x02, 0x00, 0x00, 0x00, 0x00, 0x00, 0x00, 0x06, 0xdc, 0xff, 0xff, 0xff,
    0x16, 0x00, 0x00, 0x00, 0x00, 0x00, 0x00, 0x16, 0xe8, 0xff, 0xff, 0xff,
    0x8f, 0x00, 0x00, 0x00, 0x00, 0x00, 0x00, 0x7f, 0xf4, 0xff, 0xff, 0xff,
    0x8e, 0x00, 0x00, 0x00, 0x00, 0x00, 0x00, 0x7f, 0x0c, 0x00, 0x0c, 0x00,
    0x0b, 0x00, 0x00, 0x00, 0x00, 0x00, 0x04, 0x00, 0x0c, 0x00, 0x00, 0x00,
    0x81, 0x00, 0x00, 0x00, 0x00, 0x00, 0x00, 0x7f,
};

const size_t mww_model_data_size = 55472;
