// SPDX-License-Identifier: BSD-3-Clause
// Auto-generated by sof_mww_train.py — do not edit.

#include "mww_model_data.h"

alignas(16) const unsigned char mww_model_data[] = {
    0x20, 0x00, 0x00, 0x00, 0x54, 0x46, 0x4c, 0x33, 0x00, 0x00, 0x00, 0x00,
    0x14, 0x00, 0x20, 0x00, 0x1c, 0x00, 0x18, 0x00, 0x14, 0x00, 0x10, 0x00,
    0x0c, 0x00, 0x00, 0x00, 0x08, 0x00, 0x04, 0x00, 0x14, 0x00, 0x00, 0x00,
    0x1c, 0x00, 0x00, 0x00, 0x88, 0x00, 0x00, 0x00, 0x00, 0x01, 0x00, 0x00,
    0x70, 0x7a, 0x00, 0x00, 0x80, 0x7a, 0x00, 0x00, 0x74, 0xd7, 0x00, 0x00,
    0x03, 0x00, 0x00, 0x00, 0x01, 0x00, 0x00, 0x00, 0x04, 0x00, 0x00, 0x00,
    0x12, 0x75, 0xff, 0xff, 0x0c, 0x00, 0x00, 0x00, 0x1c, 0x00, 0x00, 0x00,
    0x3c, 0x00, 0x00, 0x00, 0x0f, 0x00, 0x00, 0x00, 0x73, 0x65, 0x72, 0x76,
    0x69, 0x6e, 0x67, 0x5f, 0x64, 0x65, 0x66, 0x61, 0x75, 0x6c, 0x74, 0x00,
    0x01, 0x00, 0x00, 0x00, 0x04, 0x00, 0x00, 0x00, 0x84, 0x73, 0xff, 0xff,
    0x45, 0x00, 0x00, 0x00, 0x04, 0x00, 0x00, 0x00, 0x08, 0x00, 0x00, 0x00,
    0x6f, 0x75, 0x74, 0x70, 0x75, 0x74, 0x5f, 0x31, 0x00, 0x00, 0x00, 0x00,
    0x01, 0x00, 0x00, 0x00, 0x04, 0x00, 0x00, 0x00, 0x4e, 0x73, 0xff, 0xff,
    0x04, 0x00, 0x00, 0x00, 0x0b, 0x00, 0x00, 0x00, 0x69, 0x6e, 0x70, 0x75,
    0x74, 0x5f, 0x61, 0x75, 0x64, 0x69, 0x6f, 0x00, 0x03, 0x00, 0x00, 0x00,
    0x54, 0x00, 0x00, 0x00, 0x2c, 0x00, 0x00, 0x00, 0x04, 0x00, 0x00, 0x00,
    0xd0, 0x73, 0xff, 0xff, 0x61, 0x00, 0x00, 0x00, 0x04, 0x00, 0x00, 0x00,
    0x13, 0x00, 0x00, 0x00, 0x43, 0x4f, 0x4e, 0x56, 0x45, 0x52, 0x53, 0x49,
    0x4f, 0x4e, 0x5f, 0x4d, 0x45, 0x54, 0x41, 0x44, 0x41, 0x54, 0x41, 0x00,
    0xf4, 0x73, 0xff, 0xff, 0x60, 0x00, 0x00, 0x00, 0x04, 0x00, 0x00, 0x00,
    0x13, 0x00, 0x00, 0x00, 0x6d, 0x69, 0x6e, 0x5f, 0x72, 0x75, 0x6e, 0x74,
    0x69, 0x6d, 0x65, 0x5f, 0x76, 0x65, 0x72, 0x73, 0x69, 0x6f, 0x6e, 0x00,
    0x18, 0x74, 0xff, 0xff, 0x5f, 0x00, 0x00, 0x00, 0x04, 0x00, 0x00, 0x00,
    0x13, 0x00, 0x00, 0x00, 0x6d, 0x69, 0x6e, 0x5f, 0x72, 0x75, 0x6e, 0x74,
    0x69, 0x6d, 0x65, 0x5f, 0x76, 0x65, 0x72, 0x73, 0x69, 0x6f, 0x6e, 0x00,
    0x62, 0x00, 0x00, 0x00, 0x6c, 0x79, 0x00, 0x00, 0x64, 0x79, 0x00, 0x00,
    0x44, 0x79, 0x00, 0x00, 0x2c, 0x79, 0x00, 0x00, 0x0c, 0x79, 0x00, 0x00,
    0xec, 0x78, 0x00, 0x00, 0xcc, 0x78, 0x00, 0x00, 0xac, 0x78, 0x00, 0x00,
    0x98, 0x78, 0x00, 0x00, 0x5c, 0x77, 0x00, 0x00, 0x5c, 0x76, 0x00, 0x00,
    0x3c, 0x68, 0x00, 0x00, 0x3c, 0x67, 0x00, 0x00, 0x3c, 0x66, 0x00, 0x00,
    0x3c, 0x65, 0x00, 0x00, 0x1c, 0x57, 0x00, 0x00, 0x1c, 0x56, 0x00, 0x00,
    0x00, 0x53, 0x00, 0x00, 0x00, 0x52, 0x00, 0x00, 0xe0, 0x43, 0x00, 0x00,
    0xe0, 0x42, 0x00, 0x00, 0xb4, 0x40, 0x00, 0x00, 0xb4, 0x3f, 0x00, 0x00,
    0x9c, 0x38, 0x00, 0x00, 0x14, 0x38, 0x00, 0x00, 0x6c, 0x37, 0x00, 0x00,
    0xe4, 0x36, 0x00, 0x00, 0x64, 0x1f, 0x00, 0x00, 0x5c, 0x1f, 0x00, 0x00,
    0x54, 0x1f, 0x00, 0x00, 0x4c, 0x1f, 0x00, 0x00, 0x44, 0x1f, 0x00, 0x00,
    0x3c, 0x1f, 0x00, 0x00, 0x34, 0x1f, 0x00, 0x00, 0x2c, 0x1f, 0x00, 0x00,
    0x24, 0x1f, 0x00, 0x00, 0x1c, 0x1f, 0x00, 0x00, 0x14, 0x1f, 0x00, 0x00,
    0x0c, 0x1f, 0x00, 0x00, 0x04, 0x1f, 0x00, 0x00, 0xfc, 0x1e, 0x00, 0x00,
    0xf4, 0x1e, 0x00, 0x00, 0xec, 0x1e, 0x00, 0x00, 0xe4, 0x1e, 0x00, 0x00,
    0xdc, 0x1e, 0x00, 0x00, 0xd4, 0x1e, 0x00, 0x00, 0xcc, 0x1e, 0x00, 0x00,
    0xc4, 0x1e, 0x00, 0x00, 0xbc, 0x1e, 0x00, 0x00, 0xb4, 0x1e, 0x00, 0x00,
    0xac, 0x1e, 0x00, 0x00, 0xa4, 0x1e, 0x00, 0x00, 0x9c, 0x1e, 0x00, 0x00,
    0x94, 0x1e, 0x00, 0x00, 0x8c, 0x1e, 0x00, 0x00, 0x84, 0x1e, 0x00, 0x00,
    0x7c, 0x1e, 0x00, 0x00, 0x74, 0x1e, 0x00, 0x00, 0x6c, 0x1e, 0x00, 0x00,
    0x64, 0x1e, 0x00, 0x00, 0x5c, 0x1e, 0x00, 0x00, 0x54, 0x1e, 0x00, 0x00,
    0x4c, 0x1e, 0x00, 0x00, 0x44, 0x1e, 0x00, 0x00, 0x3c, 0x1e, 0x00, 0x00,
    0x34, 0x1e, 0x00, 0x00, 0x2c, 0x1e, 0x00, 0x00, 0x24, 0x1e, 0x00, 0x00,
    0x1c, 0x1e, 0x00, 0x00, 0x14, 0x1e, 0x00, 0x00, 0x0c, 0x1e, 0x00, 0x00,
    0x04, 0x1e, 0x00, 0x00, 0xfc, 0x1d, 0x00, 0x00, 0xf4, 0x1d, 0x00, 0x00,
    0xec, 0x1d, 0x00, 0x00, 0xe4, 0x1d, 0x00, 0x00, 0xdc, 0x1d, 0x00, 0x00,
    0xd4, 0x1d, 0x00, 0x00, 0xcc, 0x1d, 0x00, 0x00, 0xc4, 0x1d, 0x00, 0x00,
    0xbc, 0x1d, 0x00, 0x00, 0xb4, 0x1d, 0x00, 0x00, 0xac, 0x1d, 0x00, 0x00,
    0x5c, 0x1c, 0x00, 0x00, 0x6c, 0x1a, 0x00, 0x00, 0xdc, 0x12, 0x00, 0x00,
    0x8c, 0x07, 0x00, 0x00, 0xac, 0x04, 0x00, 0x00, 0xdc, 0x00, 0x00, 0x00,
    0xd4, 0x00, 0x00, 0x00, 0xcc, 0x00, 0x00, 0x00, 0xc4, 0x00, 0x00, 0x00,
    0xbc, 0x00, 0x00, 0x00, 0xb4, 0x00, 0x00, 0x00, 0xac, 0x00, 0x00, 0x00,
    0x8c, 0x00, 0x00, 0x00, 0x6c, 0x00, 0x00, 0x00, 0x04, 0x00, 0x00, 0x00,
    0x6e, 0x75, 0xff, 0xff, 0x04, 0x00, 0x00, 0x00, 0x58, 0x00, 0x00, 0x00,
    0x0c, 0x00, 0x00, 0x00, 0x08, 0x00, 0x0e, 0x00, 0x08, 0x00, 0x04, 0x00,
    0x08, 0x00, 0x00, 0x00, 0x10, 0x00, 0x00, 0x00, 0x28, 0x00, 0x00, 0x00,
    0x00, 0x00, 0x06, 0x00, 0x08, 0x00, 0x04, 0x00, 0x06, 0x00, 0x00, 0x00,
    0x04, 0x00, 0x00, 0x00, 0x01, 0x00, 0x00, 0x00, 0xeb, 0x03, 0x00, 0x00,
    0x00, 0x00, 0x0a, 0x00, 0x10, 0x00, 0x0c, 0x00, 0x08, 0x00, 0x04, 0x00,
    0x0a, 0x00, 0x00, 0x00, 0x02, 0x00, 0x00, 0x00, 0x02, 0x00, 0x00, 0x00,
    0x04, 0x00, 0x00, 0x00, 0x06, 0x00, 0x00, 0x00, 0x32, 0x2e, 0x31, 0x36,
    0x2e, 0x31, 0x00, 0x00, 0xd2, 0x75, 0xff, 0xff, 0x04, 0x00, 0x00, 0x00,
    0x10, 0x00, 0x00, 0x00, 0x00, 0x00, 0x00, 0x00, 0x00, 0x00, 0x00, 0x00,
    0x00, 0x00, 0x00, 0x00, 0x00, 0x00, 0x00, 0x00, 0xee, 0x75, 0xff, 0xff,
    0x04, 0x00, 0x00, 0x00, 0x10, 0x00, 0x00, 0x00, 0x32, 0x2e, 0x36, 0x2e,
    0x30, 0x00, 0x00, 0x00, 0x00, 0x00, 0x00, 0x00, 0x00, 0x00, 0x00, 0x00,
    0x60, 0x2c, 0xff, 0xff, 0x64, 0x2c, 0xff, 0xff, 0x68, 0x2c, 0xff, 0xff,
    0x6c, 0x2c, 0xff, 0xff, 0x70, 0x2c, 0xff, 0xff, 0x74, 0x2c, 0xff, 0xff,
    0x22, 0x76, 0xff, 0xff, 0x04, 0x00, 0x00, 0x00, 0xc0, 0x03, 0x00, 0x00,
    0x00, 0x00, 0x00, 0x00, 0x00, 0x00, 0x00, 0x00, 0x00, 0x00, 0x00, 0x00,
    0x00, 0x00, 0x00, 0x00, 0x00, 0x00, 0x00, 0x00, 0x00, 0x00, 0x00, 0x00,
    0x00, 0x00, 0x00, 0x00, 0x00, 0x00, 0x00, 0x00, 0x00, 0x00, 0x00, 0x00,
    0x00, 0x00, 0x00, 0x00, 0x00, 0x00, 0x00, 0x00, 0x00, 0x00, 0x00, 0x00,
    0x00, 0x00, 0x00, 0x00, 0x00, 0x00, 0x00, 0x00, 0x00, 0x00, 0x00, 0x00,
    0x00, 0x00, 0x00, 0x00, 0x00, 0x00, 0x00, 0x00, 0x00, 0x00, 0x00, 0x00,
    0x00, 0x00, 0x00, 0x00, 0x00, 0x00, 0x00, 0x00, 0x00, 0x00, 0x00, 0x00,
    0x00, 0x00, 0x00, 0x00, 0x00, 0x00, 0x00, 0x00, 0x00, 0x00, 0x00, 0x00,
    0x00, 0x00, 0x00, 0x00, 0x00, 0x00, 0x00, 0x00, 0x00, 0x00, 0x00, 0x00,
    0x00, 0x00, 0x00, 0x00, 0x00, 0x00, 0x00, 0x00, 0x00, 0x00, 0x00, 0x00,
    0x00, 0x00, 0x00, 0x00, 0x00, 0x00, 0x00, 0x00, 0x00, 0x00, 0x00, 0x00,
    0x00, 0x00, 0x00, 0x00, 0x00, 0x00, 0x00, 0x00, 0x00, 0x00, 0x00, 0x00,
    0x00, 0x00, 0x00, 0x00, 0x00, 0x00, 0x00, 0x00, 0x00, 0x00, 0x00, 0x00,
    0x00, 0x00, 0x00, 0x00, 0x00, 0x00, 0x00, 0x00, 0x00, 0x00, 0x00, 0x00,
    0x00, 0x00, 0x00, 0x00, 0x00, 0x00, 0x00, 0x00, 0x00, 0x00, 0x00, 0x00,
    0x00, 0x00, 0x00, 0x00, 0x00, 0x00, 0x00, 0x00, 0x00, 0x00, 0x00, 0x00,
    0x00, 0x00, 0x00, 0x00, 0x00, 0x00, 0x00, 0x00, 0x00, 0x00, 0x00, 0x00,
    0x00, 0x00, 0x00, 0x00, 0x00, 0x00, 0x00, 0x00, 0x00, 0x00, 0x00, 0x00,
    0x00, 0x00, 0x00, 0x00, 0x00, 0x00, 0x00, 0x00, 0x00, 0x00, 0x00, 0x00,
    0x00, 0x00, 0x00, 0x00, 0x00, 0x00, 0x00, 0x00, 0x00, 0x00, 0x00, 0x00,
    0x00, 0x00, 0x00, 0x00, 0x00, 0x00, 0x00, 0x00, 0x00, 0x00, 0x00, 0x00,
    0x00, 0x00, 0x00, 0x00, 0x00, 0x00, 0x00, 0x00, 0x00, 0x00, 0x00, 0x00,
    0x00, 0x00, 0x00, 0x00, 0x00, 0x00, 0x00, 0x00, 0x00, 0x00, 0x00, 0x00,
    0x00, 0x00, 0x00, 0x00, 0x00, 0x00, 0x00, 0x00, 0x00, 0x00, 0x00, 0x00,
    0x00, 0x00, 0x00, 0x00, 0x00, 0x00, 0x00, 0x00, 0x00, 0x00, 0x00, 0x00,
    0x00, 0x00, 0x00, 0x00, 0x00, 0x00, 0x00, 0x00, 0x00, 0x00, 0x00, 0x00,
    0x00, 0x00, 0x00, 0x00, 0x00, 0x00, 0x00, 0x00, 0x00, 0x00, 0x00, 0x00,
    0x00, 0x00, 0x00, 0x00, 0x00, 0x00, 0x00, 0x00, 0x00, 0x00, 0x00, 0x00,
    0x00, 0x00, 0x00, 0x00, 0x00, 0x00, 0x00, 0x00, 0x00, 0x00, 0x00, 0x00,
    0x00, 0x00, 0x00, 0x00, 0x00, 0x00, 0x00, 0x00, 0x00, 0x00, 0x00, 0x00,
    0x00, 0x00, 0x00, 0x00, 0x00, 0x00, 0x00, 0x00, 0x00, 0x00, 0x00, 0x00,
    0x00, 0x00, 0x00, 0x00, 0x00, 0x00, 0x00, 0x00, 0x00, 0x00, 0x00, 0x00,
    0x00, 0x00, 0x00, 0x00, 0x00, 0x00, 0x00, 0x00, 0x00, 0x00, 0x00, 0x00,
    0x00, 0x00, 0x00, 0x00, 0x00, 0x00, 0x00, 0x00, 0x00, 0x00, 0x00, 0x00,
    0x00, 0x00, 0x00, 0x00, 0x00, 0x00, 0x00, 0x00, 0x00, 0x00, 0x00, 0x00,
    0x00, 0x00, 0x00, 0x00, 0x00, 0x00, 0x00, 0x00, 0x00, 0x00, 0x00, 0x00,
    0x00, 0x00, 0x00, 0x00, 0x00, 0x00, 0x00, 0x00, 0x00, 0x00, 0x00, 0x00,
    0x00, 0x00, 0x00, 0x00, 0x00, 0x00, 0x00, 0x00, 0x00, 0x00, 0x00, 0x00,
    0x00, 0x00, 0x00, 0x00, 0x00, 0x00, 0x00, 0x00, 0x00, 0x00, 0x00, 0x00,
    0x00, 0x00, 0x00, 0x00, 0x00, 0x00, 0x00, 0x00, 0x00, 0x00, 0x00, 0x00,
    0x00, 0x00, 0x00, 0x00, 0x00, 0x00, 0x00, 0x00, 0x00, 0x00, 0x00, 0x00,
    0x00, 0x00, 0x00, 0x00, 0x00, 0x00, 0x00, 0x00, 0x00, 0x00, 0x00, 0x00,
    0x00, 0x00, 0x00, 0x00, 0x00, 0x00, 0x00, 0x00, 0x00, 0x00, 0x00, 0x00,
    0x00, 0x00, 0x00, 0x00, 0x00, 0x00, 0x00, 0x00, 0x00, 0x00, 0x00, 0x00,
    0x00, 0x00, 0x00, 0x00, 0x00, 0x00, 0x00, 0x00, 0x00, 0x00, 0x00, 0x00,
    0x00, 0x00, 0x00, 0x00, 0x00, 0x00, 0x00, 0x00, 0x00, 0x00, 0x00, 0x00,
    0x00, 0x00, 0x00, 0x00, 0x00, 0x00, 0x00, 0x00, 0x00, 0x00, 0x00, 0x00,
    0x00, 0x00, 0x00, 0x00, 0x00, 0x00, 0x00, 0x00, 0x00, 0x00, 0x00, 0x00,
    0x00, 0x00, 0x00, 0x00, 0x00, 0x00, 0x00, 0x00, 0x00, 0x00, 0x00, 0x00,
    0x00, 0x00, 0x00, 0x00, 0x00, 0x00, 0x00, 0x00, 0x00, 0x00, 0x00, 0x00,
    0x00, 0x00, 0x00, 0x00, 0x00, 0x00, 0x00, 0x00, 0x00, 0x00, 0x00, 0x00,
    0x00, 0x00, 0x00, 0x00, 0x00, 0x00, 0x00, 0x00, 0x00, 0x00, 0x00, 0x00,
    0x00, 0x00, 0x00, 0x00, 0x00, 0x00, 0x00, 0x00, 0x00, 0x00, 0x00, 0x00,
    0x00, 0x00, 0x00, 0x00, 0x00, 0x00, 0x00, 0x00, 0x00, 0x00, 0x00, 0x00,
    0x00, 0x00, 0x00, 0x00, 0x00, 0x00, 0x00, 0x00, 0x00, 0x00, 0x00, 0x00,
    0x00, 0x00, 0x00, 0x00, 0x00, 0x00, 0x00, 0x00, 0x00, 0x00, 0x00, 0x00,
    0x00, 0x00, 0x00, 0x00, 0x00, 0x00, 0x00, 0x00, 0x00, 0x00, 0x00, 0x00,
    0x00, 0x00, 0x00, 0x00, 0x00, 0x00, 0x00, 0x00, 0x00, 0x00, 0x00, 0x00,
    0x00, 0x00, 0x00, 0x00, 0x00, 0x00, 0x00, 0x00, 0x00, 0x00, 0x00, 0x00,
    0x00, 0x00, 0x00, 0x00, 0x00, 0x00, 0x00, 0x00, 0x00, 0x00, 0x00, 0x00,
    0x00, 0x00, 0x00, 0x00, 0x00, 0x00, 0x00, 0x00, 0x00, 0x00, 0x00, 0x00,
    0x00, 0x00, 0x00, 0x00, 0x00, 0x00, 0x00, 0x00, 0x00, 0x00, 0x00, 0x00,
    0x00, 0x00, 0x00, 0x00, 0x00, 0x00, 0x00, 0x00, 0x00, 0x00, 0x00, 0x00,
    0x00, 0x00, 0x00, 0x00, 0x00, 0x00, 0x00, 0x00, 0x00, 0x00, 0x00, 0x00,
    0x00, 0x00, 0x00, 0x00, 0x00, 0x00, 0x00, 0x00, 0x00, 0x00, 0x00, 0x00,
    0x00, 0x00, 0x00, 0x00, 0x00, 0x00, 0x00, 0x00, 0x00, 0x00, 0x00, 0x00,
    0x00, 0x00, 0x00, 0x00, 0x00, 0x00, 0x00, 0x00, 0x00, 0x00, 0x00, 0x00,
    0x00, 0x00, 0x00, 0x00, 0x00, 0x00, 0x00, 0x00, 0x00, 0x00, 0x00, 0x00,
    0x00, 0x00, 0x00, 0x00, 0x00, 0x00, 0x00, 0x00, 0x00, 0x00, 0x00, 0x00,
    0x00, 0x00, 0x00, 0x00, 0x00, 0x00, 0x00, 0x00, 0x00, 0x00, 0x00, 0x00,
    0x00, 0x00, 0x00, 0x00, 0x00, 0x00, 0x00, 0x00, 0x00, 0x00, 0x00, 0x00,
    0x00, 0x00, 0x00, 0x00, 0x00, 0x00, 0x00, 0x00, 0x00, 0x00, 0x00, 0x00,
    0x00, 0x00, 0x00, 0x00, 0x00, 0x00, 0x00, 0x00, 0x00, 0x00, 0x00, 0x00,
    0x00, 0x00, 0x00, 0x00, 0x00, 0x00, 0x00, 0x00, 0x00, 0x00, 0x00, 0x00,
    0x00, 0x00, 0x00, 0x00, 0x00, 0x00, 0x00, 0x00, 0x00, 0x00, 0x00, 0x00,
    0x00, 0x00, 0x00, 0x00, 0x00, 0x00, 0x00, 0x00, 0x00, 0x00, 0x00, 0x00,
    0x00, 0x00, 0x00, 0x00, 0x00, 0x00, 0x00, 0x00, 0x00, 0x00, 0x00, 0x00,
    0x00, 0x00, 0x00, 0x00, 0x00, 0x00, 0x00, 0x00, 0x00, 0x00, 0x00, 0x00,
    0x00, 0x00, 0x00, 0x00, 0x00, 0x00, 0x00, 0x00, 0x00, 0x00, 0x00, 0x00,
    0x00, 0x00, 0x00, 0x00, 0x00, 0x00, 0x00, 0x00, 0x00, 0x00, 0x00, 0x00,
    0xee, 0x79, 0xff, 0xff, 0x04, 0x00, 0x00, 0x00, 0xd0, 0x02, 0x00, 0x00,
    0x00, 0x00, 0x00, 0x00, 0x00, 0x00, 0x00, 0x00, 0x00, 0x00, 0x00, 0x00,
    0x00, 0x00, 0x00, 0x00, 0x00, 0x00, 0x00, 0x00, 0x00, 0x00, 0x00, 0x00,
    0x00, 0x00, 0x00, 0x00, 0x00, 0x00, 0x00, 0x00, 0x00, 0x00, 0x00, 0x00,
    0x00, 0x00, 0x00, 0x00, 0x00, 0x00, 0x00, 0x00, 0x00, 0x00, 0x00, 0x00,
    0x00, 0x00, 0x00, 0x00, 0x00, 0x00, 0x00, 0x00, 0x00, 0x00, 0x00, 0x00,
    0x00, 0x00, 0x00, 0x00, 0x00, 0x00, 0x00, 0x00, 0x00, 0x00, 0x00, 0x00,
    0x00, 0x00, 0x00, 0x00, 0x00, 0x00, 0x00, 0x00, 0x00, 0x00, 0x00, 0x00,
    0x00, 0x00, 0x00, 0x00, 0x00, 0x00, 0x00, 0x00, 0x00, 0x00, 0x00, 0x00,
    0x00, 0x00, 0x00, 0x00, 0x00, 0x00, 0x00, 0x00, 0x00, 0x00, 0x00, 0x00,
    0x00, 0x00, 0x00, 0x00, 0x00, 0x00, 0x00, 0x00, 0x00, 0x00, 0x00, 0x00,
    0x00, 0x00, 0x00, 0x00, 0x00, 0x00, 0x00, 0x00, 0x00, 0x00, 0x00, 0x00,
    0x00, 0x00, 0x00, 0x00, 0x00, 0x00, 0x00, 0x00, 0x00, 0x00, 0x00, 0x00,
    0x00, 0x00, 0x00, 0x00, 0x00, 0x00, 0x00, 0x00, 0x00, 0x00, 0x00, 0x00,
    0x00, 0x00, 0x00, 0x00, 0x00, 0x00, 0x00, 0x00, 0x00, 0x00, 0x00, 0x00,
    0x00, 0x00, 0x00, 0x00, 0x00, 0x00, 0x00, 0x00, 0x00, 0x00, 0x00, 0x00,
    0x00, 0x00, 0x00, 0x00, 0x00, 0x00, 0x00, 0x00, 0x00, 0x00, 0x00, 0x00,
    0x00, 0x00, 0x00, 0x00, 0x00, 0x00, 0x00, 0x00, 0x00, 0x00, 0x00, 0x00,
    0x00, 0x00, 0x00, 0x00, 0x00, 0x00, 0x00, 0x00, 0x00, 0x00, 0x00, 0x00,
    0x00, 0x00, 0x00, 0x00, 0x00, 0x00, 0x00, 0x00, 0x00, 0x00, 0x00, 0x00,
    0x00, 0x00, 0x00, 0x00, 0x00, 0x00, 0x00, 0x00, 0x00, 0x00, 0x00, 0x00,
    0x00, 0x00, 0x00, 0x00, 0x00, 0x00, 0x00, 0x00, 0x00, 0x00, 0x00, 0x00,
    0x00, 0x00, 0x00, 0x00, 0x00, 0x00, 0x00, 0x00, 0x00, 0x00, 0x00, 0x00,
    0x00, 0x00, 0x00, 0x00, 0x00, 0x00, 0x00, 0x00, 0x00, 0x00, 0x00, 0x00,
    0x00, 0x00, 0x00, 0x00, 0x00, 0x00, 0x00, 0x00, 0x00, 0x00, 0x00, 0x00,
    0x00, 0x00, 0x00, 0x00, 0x00, 0x00, 0x00, 0x00, 0x00, 0x00, 0x00, 0x00,
    0x00, 0x00, 0x00, 0x00, 0x00, 0x00, 0x00, 0x00, 0x00, 0x00, 0x00, 0x00,
    0x00, 0x00, 0x00, 0x00, 0x00, 0x00, 0x00, 0x00, 0x00, 0x00, 0x00, 0x00,
    0x00, 0x00, 0x00, 0x00, 0x00, 0x00, 0x00, 0x00, 0x00, 0x00, 0x00, 0x00,
    0x00, 0x00, 0x00, 0x00, 0x00, 0x00, 0x00, 0x00, 0x00, 0x00, 0x00, 0x00,
    0x00, 0x00, 0x00, 0x00, 0x00, 0x00, 0x00, 0x00, 0x00, 0x00, 0x00, 0x00,
    0x00, 0x00, 0x00, 0x00, 0x00, 0x00, 0x00, 0x00, 0x00, 0x00, 0x00, 0x00,
    0x00, 0x00, 0x00, 0x00, 0x00, 0x00, 0x00, 0x00, 0x00, 0x00, 0x00, 0x00,
    0x00, 0x00, 0x00, 0x00, 0x00, 0x00, 0x00, 0x00, 0x00, 0x00, 0x00, 0x00,
    0x00, 0x00, 0x00, 0x00, 0x00, 0x00, 0x00, 0x00, 0x00, 0x00, 0x00, 0x00,
    0x00, 0x00, 0x00, 0x00, 0x00, 0x00, 0x00, 0x00, 0x00, 0x00, 0x00, 0x00,
    0x00, 0x00, 0x00, 0x00, 0x00, 0x00, 0x00, 0x00, 0x00, 0x00, 0x00, 0x00,
    0x00, 0x00, 0x00, 0x00, 0x00, 0x00, 0x00, 0x00, 0x00, 0x00, 0x00, 0x00,
    0x00, 0x00, 0x00, 0x00, 0x00, 0x00, 0x00, 0x00, 0x00, 0x00, 0x00, 0x00,
    0x00, 0x00, 0x00, 0x00, 0x00, 0x00, 0x00, 0x00, 0x00, 0x00, 0x00, 0x00,
    0x00, 0x00, 0x00, 0x00, 0x00, 0x00, 0x00, 0x00, 0x00, 0x00, 0x00, 0x00,
    0x00, 0x00, 0x00, 0x00, 0x00, 0x00, 0x00, 0x00, 0x00, 0x00, 0x00, 0x00,
    0x00, 0x00, 0x00, 0x00, 0x00, 0x00, 0x00, 0x00, 0x00, 0x00, 0x00, 0x00,
    0x00, 0x00, 0x00, 0x00, 0x00, 0x00, 0x00, 0x00, 0x00, 0x00, 0x00, 0x00,
    0x00, 0x00, 0x00, 0x00, 0x00, 0x00, 0x00, 0x00, 0x00, 0x00, 0x00, 0x00,
    0x00, 0x00, 0x00, 0x00, 0x00, 0x00, 0x00, 0x00, 0x00, 0x00, 0x00, 0x00,
    0x00, 0x00, 0x00, 0x00, 0x00, 0x00, 0x00, 0x00, 0x00, 0x00, 0x00, 0x00,
    0x00, 0x00, 0x00, 0x00, 0x00, 0x00, 0x00, 0x00, 0x00, 0x00, 0x00, 0x00,
    0x00, 0x00, 0x00, 0x00, 0x00, 0x00, 0x00, 0x00, 0x00, 0x00, 0x00, 0x00,
    0x00, 0x00, 0x00, 0x00, 0x00, 0x00, 0x00, 0x00, 0x00, 0x00, 0x00, 0x00,
    0x00, 0x00, 0x00, 0x00, 0x00, 0x00, 0x00, 0x00, 0x00, 0x00, 0x00, 0x00,
    0x00, 0x00, 0x00, 0x00, 0x00, 0x00, 0x00, 0x00, 0x00, 0x00, 0x00, 0x00,
    0x00, 0x00, 0x00, 0x00, 0x00, 0x00, 0x00, 0x00, 0x00, 0x00, 0x00, 0x00,
    0x00, 0x00, 0x00, 0x00, 0x00, 0x00, 0x00, 0x00, 0x00, 0x00, 0x00, 0x00,
    0x00, 0x00, 0x00, 0x00, 0x00, 0x00, 0x00, 0x00, 0x00, 0x00, 0x00, 0x00,
    0x00, 0x00, 0x00, 0x00, 0x00, 0x00, 0x00, 0x00, 0x00, 0x00, 0x00, 0x00,
    0x00, 0x00, 0x00, 0x00, 0x00, 0x00, 0x00, 0x00, 0x00, 0x00, 0x00, 0x00,
    0x00, 0x00, 0x00, 0x00, 0x00, 0x00, 0x00, 0x00, 0x00, 0x00, 0x00, 0x00,
    0x00, 0x00, 0x00, 0x00, 0x00, 0x00, 0x00, 0x00, 0x00, 0x00, 0x00, 0x00,
    0x00, 0x00, 0x00, 0x00, 0x00, 0x00, 0x00, 0x00, 0x00, 0x00, 0x00, 0x00,
    0x00, 0x00, 0x00, 0x00, 0x00, 0x00, 0x00, 0x00, 0x00, 0x00, 0x00, 0x00,
    0xca, 0x7c, 0xff, 0xff, 0x04, 0x00, 0x00, 0x00, 0x40, 0x0b, 0x00, 0x00,
    0x00, 0x00, 0x00, 0x00, 0x00, 0x00, 0x00, 0x00, 0x00, 0x00, 0x00, 0x00,
    0x00, 0x00, 0x00, 0x00, 0x00, 0x00, 0x00, 0x00, 0x00, 0x00, 0x00, 0x00,
    0x00, 0x00, 0x00, 0x00, 0x00, 0x00, 0x00, 0x00, 0x00, 0x00, 0x00, 0x00,
    0x00, 0x00, 0x00, 0x00, 0x00, 0x00, 0x00, 0x00, 0x00, 0x00, 0x00, 0x00,
    0x00, 0x00, 0x00, 0x00, 0x00, 0x00, 0x00, 0x00, 0x00, 0x00, 0x00, 0x00,
    0x00, 0x00, 0x00, 0x00, 0x00, 0x00, 0x00, 0x00, 0x00, 0x00, 0x00, 0x00,
    0x00, 0x00, 0x00, 0x00, 0x00, 0x00, 0x00, 0x00, 0x00, 0x00, 0x00, 0x00,
    0x00, 0x00, 0x00, 0x00, 0x00, 0x00, 0x00, 0x00, 0x00, 0x00, 0x00, 0x00,
    0x00, 0x00, 0x00, 0x00, 0x00, 0x00, 0x00, 0x00, 0x00, 0x00, 0x00, 0x00,
    0x00, 0x00, 0x00, 0x00, 0x00, 0x00, 0x00, 0x00, 0x00, 0x00, 0x00, 0x00,
    0x00, 0x00, 0x00, 0x00, 0x00, 0x00, 0x00, 0x00, 0x00, 0x00, 0x00, 0x00,
    0x00, 0x00, 0x00, 0x00, 0x00, 0x00, 0x00, 0x00, 0x00, 0x00, 0x00, 0x00,
    0x00, 0x00, 0x00, 0x00, 0x00, 0x00, 0x00, 0x00, 0x00, 0x00, 0x00, 0x00,
    0x00, 0x00, 0x00, 0x00, 0x00, 0x00, 0x00, 0x00, 0x00, 0x00, 0x00, 0x00,
    0x00, 0x00, 0x00, 0x00, 0x00, 0x00, 0x00, 0x00, 0x00, 0x00, 0x00, 0x00,
    0x00, 0x00, 0x00, 0x00, 0x00, 0x00, 0x00, 0x00, 0x00, 0x00, 0x00, 0x00,
    0x00, 0x00, 0x00, 0x00, 0x00, 0x00, 0x00, 0x00, 0x00, 0x00, 0x00, 0x00,
    0x00, 0x00, 0x00, 0x00, 0x00, 0x00, 0x00, 0x00, 0x00, 0x00, 0x00, 0x00,
    0x00, 0x00, 0x00, 0x00, 0x00, 0x00, 0x00, 0x00, 0x00, 0x00, 0x00, 0x00,
    0x00, 0x00, 0x00, 0x00, 0x00, 0x00, 0x00, 0x00, 0x00, 0x00, 0x00, 0x00,
    0x00, 0x00, 0x00, 0x00, 0x00, 0x00, 0x00, 0x00, 0x00, 0x00, 0x00, 0x00,
    0x00, 0x00, 0x00, 0x00, 0x00, 0x00, 0x00, 0x00, 0x00, 0x00, 0x00, 0x00,
    0x00, 0x00, 0x00, 0x00, 0x00, 0x00, 0x00, 0x00, 0x00, 0x00, 0x00, 0x00,
    0x00, 0x00, 0x00, 0x00, 0x00, 0x00, 0x00, 0x00, 0x00, 0x00, 0x00, 0x00,
    0x00, 0x00, 0x00, 0x00, 0x00, 0x00, 0x00, 0x00, 0x00, 0x00, 0x00, 0x00,
    0x00, 0x00, 0x00, 0x00, 0x00, 0x00, 0x00, 0x00, 0x00, 0x00, 0x00, 0x00,
    0x00, 0x00, 0x00, 0x00, 0x00, 0x00, 0x00, 0x00, 0x00, 0x00, 0x00, 0x00,
    0x00, 0x00, 0x00, 0x00, 0x00, 0x00, 0x00, 0x00, 0x00, 0x00, 0x00, 0x00,
    0x00, 0x00, 0x00, 0x00, 0x00, 0x00, 0x00, 0x00, 0x00, 0x00, 0x00, 0x00,
    0x00, 0x00, 0x00, 0x00, 0x00, 0x00, 0x00, 0x00, 0x00, 0x00, 0x00, 0x00,
    0x00, 0x00, 0x00, 0x00, 0x00, 0x00, 0x00, 0x00, 0x00, 0x00, 0x00, 0x00,
    0x00, 0x00, 0x00, 0x00, 0x00, 0x00, 0x00, 0x00, 0x00, 0x00, 0x00, 0x00,
    0x00, 0x00, 0x00, 0x00, 0x00, 0x00, 0x00, 0x00, 0x00, 0x00, 0x00, 0x00,
    0x00, 0x00, 0x00, 0x00, 0x00, 0x00, 0x00, 0x00, 0x00, 0x00, 0x00, 0x00,
    0x00, 0x00, 0x00, 0x00, 0x00, 0x00, 0x00, 0x00, 0x00, 0x00, 0x00, 0x00,
    0x00, 0x00, 0x00, 0x00, 0x00, 0x00, 0x00, 0x00, 0x00, 0x00, 0x00, 0x00,
    0x00, 0x00, 0x00, 0x00, 0x00, 0x00, 0x00, 0x00, 0x00, 0x00, 0x00, 0x00,
    0x00, 0x00, 0x00, 0x00, 0x00, 0x00, 0x00, 0x00, 0x00, 0x00, 0x00, 0x00,
    0x00, 0x00, 0x00, 0x00, 0x00, 0x00, 0x00, 0x00, 0x00, 0x00, 0x00, 0x00,
    0x00, 0x00, 0x00, 0x00, 0x00, 0x00, 0x00, 0x00, 0x00, 0x00, 0x00, 0x00,
    0x00, 0x00, 0x00, 0x00, 0x00, 0x00, 0x00, 0x00, 0x00, 0x00, 0x00, 0x00,
    0x00, 0x00, 0x00, 0x00, 0x00, 0x00, 0x00, 0x00, 0x00, 0x00, 0x00, 0x00,
    0x00, 0x00, 0x00, 0x00, 0x00, 0x00, 0x00, 0x00, 0x00, 0x00, 0x00, 0x00,
    0x00, 0x00, 0x00, 0x00, 0x00, 0x00, 0x00, 0x00, 0x00, 0x00, 0x00, 0x00,
    0x00, 0x00, 0x00, 0x00, 0x00, 0x00, 0x00, 0x00, 0x00, 0x00, 0x00, 0x00,
    0x00, 0x00, 0x00, 0x00, 0x00, 0x00, 0x00, 0x00, 0x00, 0x00, 0x00, 0x00,
    0x00, 0x00, 0x00, 0x00, 0x00, 0x00, 0x00, 0x00, 0x00, 0x00, 0x00, 0x00,
    0x00, 0x00, 0x00, 0x00, 0x00, 0x00, 0x00, 0x00, 0x00, 0x00, 0x00, 0x00,
    0x00, 0x00, 0x00, 0x00, 0x00, 0x00, 0x00, 0x00, 0x00, 0x00, 0x00, 0x00,
    0x00, 0x00, 0x00, 0x00, 0x00, 0x00, 0x00, 0x00, 0x00, 0x00, 0x00, 0x00,
    0x00, 0x00, 0x00, 0x00, 0x00, 0x00, 0x00, 0x00, 0x00, 0x00, 0x00, 0x00,
    0x00, 0x00, 0x00, 0x00, 0x00, 0x00, 0x00, 0x00, 0x00, 0x00, 0x00, 0x00,
    0x00, 0x00, 0x00, 0x00, 0x00, 0x00, 0x00, 0x00, 0x00, 0x00, 0x00, 0x00,
    0x00, 0x00, 0x00, 0x00, 0x00, 0x00, 0x00, 0x00, 0x00, 0x00, 0x00, 0x00,
    0x00, 0x00, 0x00, 0x00, 0x00, 0x00, 0x00, 0x00, 0x00, 0x00, 0x00, 0x00,
    0x00, 0x00, 0x00, 0x00, 0x00, 0x00, 0x00, 0x00, 0x00, 0x00, 0x00, 0x00,
    0x00, 0x00, 0x00, 0x00, 0x00, 0x00, 0x00, 0x00, 0x00, 0x00, 0x00, 0x00,
    0x00, 0x00, 0x00, 0x00, 0x00, 0x00, 0x00, 0x00, 0x00, 0x00, 0x00, 0x00,
    0x00, 0x00, 0x00, 0x00, 0x00, 0x00, 0x00, 0x00, 0x00, 0x00, 0x00, 0x00,
    0x00, 0x00, 0x00, 0x00, 0x00, 0x00, 0x00, 0x00, 0x00, 0x00, 0x00, 0x00,
    0x00, 0x00, 0x00, 0x00, 0x00, 0x00, 0x00, 0x00, 0x00, 0x00, 0x00, 0x00,
    0x00, 0x00, 0x00, 0x00, 0x00, 0x00, 0x00, 0x00, 0x00, 0x00, 0x00, 0x00,
    0x00, 0x00, 0x00, 0x00, 0x00, 0x00, 0x00, 0x00, 0x00, 0x00, 0x00, 0x00,
    0x00, 0x00, 0x00, 0x00, 0x00, 0x00, 0x00, 0x00, 0x00, 0x00, 0x00, 0x00,
    0x00, 0x00, 0x00, 0x00, 0x00, 0x00, 0x00, 0x00, 0x00, 0x00, 0x00, 0x00,
    0x00, 0x00, 0x00, 0x00, 0x00, 0x00, 0x00, 0x00, 0x00, 0x00, 0x00, 0x00,
    0x00, 0x00, 0x00, 0x00, 0x00, 0x00, 0x00, 0x00, 0x00, 0x00, 0x00, 0x00,
    0x00, 0x00, 0x00, 0x00, 0x00, 0x00, 0x00, 0x00, 0x00, 0x00, 0x00, 0x00,
    0x00, 0x00, 0x00, 0x00, 0x00, 0x00, 0x00, 0x00, 0x00, 0x00, 0x00, 0x00,
    0x00, 0x00, 0x00, 0x00, 0x00, 0x00, 0x00, 0x00, 0x00, 0x00, 0x00, 0x00,
    0x00, 0x00, 0x00, 0x00, 0x00, 0x00, 0x00, 0x00, 0x00, 0x00, 0x00, 0x00,
    0x00, 0x00, 0x00, 0x00, 0x00, 0x00, 0x00, 0x00, 0x00, 0x00, 0x00, 0x00,
    0x00, 0x00, 0x00, 0x00, 0x00, 0x00, 0x00, 0x00, 0x00, 0x00, 0x00, 0x00,
    0x00, 0x00, 0x00, 0x00, 0x00, 0x00, 0x00, 0x00, 0x00, 0x00, 0x00, 0x00,
    0x00, 0x00, 0x00, 0x00, 0x00, 0x00, 0x00, 0x00, 0x00, 0x00, 0x00, 0x00,
    0x00, 0x00, 0x00, 0x00, 0x00, 0x00, 0x00, 0x00, 0x00, 0x00, 0x00, 0x00,
    0x00, 0x00, 0x00, 0x00, 0x00, 0x00, 0x00, 0x00, 0x00, 0x00, 0x00, 0x00,
    0x00, 0x00, 0x00, 0x00, 0x00, 0x00, 0x00, 0x00, 0x00, 0x00, 0x00, 0x00,
    0x00, 0x00, 0x00, 0x00, 0x00, 0x00, 0x00, 0x00, 0x00, 0x00, 0x00, 0x00,
    0x00, 0x00, 0x00, 0x00, 0x00, 0x00, 0x00, 0x00, 0x00, 0x00, 0x00, 0x00,
    0x00, 0x00, 0x00, 0x00, 0x00, 0x00, 0x00, 0x00, 0x00, 0x00, 0x00, 0x00,
    0x00, 0x00, 0x00, 0x00, 0x00, 0x00, 0x00, 0x00, 0x00, 0x00, 0x00, 0x00,
    0x00, 0x00, 0x00, 0x00, 0x00, 0x00, 0x00, 0x00, 0x00, 0x00, 0x00, 0x00,
    0x00, 0x00, 0x00, 0x00, 0x00, 0x00, 0x00, 0x00, 0x00, 0x00, 0x00, 0x00,
    0x00, 0x00, 0x00, 0x00, 0x00, 0x00, 0x00, 0x00, 0x00, 0x00, 0x00, 0x00,
    0x00, 0x00, 0x00, 0x00, 0x00, 0x00, 0x00, 0x00, 0x00, 0x00, 0x00, 0x00,
    0x00, 0x00, 0x00, 0x00, 0x00, 0x00, 0x00, 0x00, 0x00, 0x00, 0x00, 0x00,
    0x00, 0x00, 0x00, 0x00, 0x00, 0x00, 0x00, 0x00, 0x00, 0x00, 0x00, 0x00,
    0x00, 0x00, 0x00, 0x00, 0x00, 0x00, 0x00, 0x00, 0x00, 0x00, 0x00, 0x00,
    0x00, 0x00, 0x00, 0x00, 0x00, 0x00, 0x00, 0x00, 0x00, 0x00, 0x00, 0x00,
    0x00, 0x00, 0x00, 0x00, 0x00, 0x00, 0x00, 0x00, 0x00, 0x00, 0x00, 0x00,
    0x00, 0x00, 0x00, 0x00, 0x00, 0x00, 0x00, 0x00, 0x00, 0x00, 0x00, 0x00,
    0x00, 0x00, 0x00, 0x00, 0x00, 0x00, 0x00, 0x00, 0x00, 0x00, 0x00, 0x00,
    0x00, 0x00, 0x00, 0x00, 0x00, 0x00, 0x00, 0x00, 0x00, 0x00, 0x00, 0x00,
    0x00, 0x00, 0x00, 0x00, 0x00, 0x00, 0x00, 0x00, 0x00, 0x00, 0x00, 0x00,
    0x00, 0x00, 0x00, 0x00, 0x00, 0x00, 0x00, 0x00, 0x00, 0x00, 0x00, 0x00,
    0x00, 0x00, 0x00, 0x00, 0x00, 0x00, 0x00, 0x00, 0x00, 0x00, 0x00, 0x00,
    0x00, 0x00, 0x00, 0x00, 0x00, 0x00, 0x00, 0x00, 0x00, 0x00, 0x00, 0x00,
    0x00, 0x00, 0x00, 0x00, 0x00, 0x00, 0x00, 0x00, 0x00, 0x00, 0x00, 0x00,
    0x00, 0x00, 0x00, 0x00, 0x00, 0x00, 0x00, 0x00, 0x00, 0x00, 0x00, 0x00,
    0x00, 0x00, 0x00, 0x00, 0x00, 0x00, 0x00, 0x00, 0x00, 0x00, 0x00, 0x00,
    0x00, 0x00, 0x00, 0x00, 0x00, 0x00, 0x00, 0x00, 0x00, 0x00, 0x00, 0x00,
    0x00, 0x00, 0x00, 0x00, 0x00, 0x00, 0x00, 0x00, 0x00, 0x00, 0x00, 0x00,
    0x00, 0x00, 0x00, 0x00, 0x00, 0x00, 0x00, 0x00, 0x00, 0x00, 0x00, 0x00,
    0x00, 0x00, 0x00, 0x00, 0x00, 0x00, 0x00, 0x00, 0x00, 0x00, 0x00, 0x00,
    0x00, 0x00, 0x00, 0x00, 0x00, 0x00, 0x00, 0x00, 0x00, 0x00, 0x00, 0x00,
    0x00, 0x00, 0x00, 0x00, 0x00, 0x00, 0x00, 0x00, 0x00, 0x00, 0x00, 0x00,
    0x00, 0x00, 0x00, 0x00, 0x00, 0x00, 0x00, 0x00, 0x00, 0x00, 0x00, 0x00,
    0x00, 0x00, 0x00, 0x00, 0x00, 0x00, 0x00, 0x00, 0x00, 0x00, 0x00, 0x00,
    0x00, 0x00, 0x00, 0x00, 0x00, 0x00, 0x00, 0x00, 0x00, 0x00, 0x00, 0x00,
    0x00, 0x00, 0x00, 0x00, 0x00, 0x00, 0x00, 0x00, 0x00, 0x00, 0x00, 0x00,
    0x00, 0x00, 0x00, 0x00, 0x00, 0x00, 0x00, 0x00, 0x00, 0x00, 0x00, 0x00,
    0x00, 0x00, 0x00, 0x00, 0x00, 0x00, 0x00, 0x00, 0x00, 0x00, 0x00, 0x00,
    0x00, 0x00, 0x00, 0x00, 0x00, 0x00, 0x00, 0x00, 0x00, 0x00, 0x00, 0x00,
    0x00, 0x00, 0x00, 0x00, 0x00, 0x00, 0x00, 0x00, 0x00, 0x00, 0x00, 0x00,
    0x00, 0x00, 0x00, 0x00, 0x00, 0x00, 0x00, 0x00, 0x00, 0x00, 0x00, 0x00,
    0x00, 0x00, 0x00, 0x00, 0x00, 0x00, 0x00, 0x00, 0x00, 0x00, 0x00, 0x00,
    0x00, 0x00, 0x00, 0x00, 0x00, 0x00, 0x00, 0x00, 0x00, 0x00, 0x00, 0x00,
    0x00, 0x00, 0x00, 0x00, 0x00, 0x00, 0x00, 0x00, 0x00, 0x00, 0x00, 0x00,
    0x00, 0x00, 0x00, 0x00, 0x00, 0x00, 0x00, 0x00, 0x00, 0x00, 0x00, 0x00,
    0x00, 0x00, 0x00, 0x00, 0x00, 0x00, 0x00, 0x00, 0x00, 0x00, 0x00, 0x00,
    0x00, 0x00, 0x00, 0x00, 0x00, 0x00, 0x00, 0x00, 0x00, 0x00, 0x00, 0x00,
    0x00, 0x00, 0x00, 0x00, 0x00, 0x00, 0x00, 0x00, 0x00, 0x00, 0x00, 0x00,
    0x00, 0x00, 0x00, 0x00, 0x00, 0x00, 0x00, 0x00, 0x00, 0x00, 0x00, 0x00,
    0x00, 0x00, 0x00, 0x00, 0x00, 0x00, 0x00, 0x00, 0x00, 0x00, 0x00, 0x00,
    0x00, 0x00, 0x00, 0x00, 0x00, 0x00, 0x00, 0x00, 0x00, 0x00, 0x00, 0x00,
    0x00, 0x00, 0x00, 0x00, 0x00, 0x00, 0x00, 0x00, 0x00, 0x00, 0x00, 0x00,
    0x00, 0x00, 0x00, 0x00, 0x00, 0x00, 0x00, 0x00, 0x00, 0x00, 0x00, 0x00,
    0x00, 0x00, 0x00, 0x00, 0x00, 0x00, 0x00, 0x00, 0x00, 0x00, 0x00, 0x00,
    0x00, 0x00, 0x00, 0x00, 0x00, 0x00, 0x00, 0x00, 0x00, 0x00, 0x00, 0x00,
    0x00, 0x00, 0x00, 0x00, 0x00, 0x00, 0x00, 0x00, 0x00, 0x00, 0x00, 0x00,
    0x00, 0x00, 0x00, 0x00, 0x00, 0x00, 0x00, 0x00, 0x00, 0x00, 0x00, 0x00,
    0x00, 0x00, 0x00, 0x00, 0x00, 0x00, 0x00, 0x00, 0x00, 0x00, 0x00, 0x00,
    0x00, 0x00, 0x00, 0x00, 0x00, 0x00, 0x00, 0x00, 0x00, 0x00, 0x00, 0x00,
    0x00, 0x00, 0x00, 0x00, 0x00, 0x00, 0x00, 0x00, 0x00, 0x00, 0x00, 0x00,
    0x00, 0x00, 0x00, 0x00, 0x00, 0x00, 0x00, 0x00, 0x00, 0x00, 0x00, 0x00,
    0x00, 0x00, 0x00, 0x00, 0x00, 0x00, 0x00, 0x00, 0x00, 0x00, 0x00, 0x00,
    0x00, 0x00, 0x00, 0x00, 0x00, 0x00, 0x00, 0x00, 0x00, 0x00, 0x00, 0x00,
    0x00, 0x00, 0x00, 0x00, 0x00, 0x00, 0x00, 0x00, 0x00, 0x00, 0x00, 0x00,
    0x00, 0x00, 0x00, 0x00, 0x00, 0x00, 0x00, 0x00, 0x00, 0x00, 0x00, 0x00,
    0x00, 0x00, 0x00, 0x00, 0x00, 0x00, 0x00, 0x00, 0x00, 0x00, 0x00, 0x00,
    0x00, 0x00, 0x00, 0x00, 0x00, 0x00, 0x00, 0x00, 0x00, 0x00, 0x00, 0x00,
    0x00, 0x00, 0x00, 0x00, 0x00, 0x00, 0x00, 0x00, 0x00, 0x00, 0x00, 0x00,
    0x00, 0x00, 0x00, 0x00, 0x00, 0x00, 0x00, 0x00, 0x00, 0x00, 0x00, 0x00,
    0x00, 0x00, 0x00, 0x00, 0x00, 0x00, 0x00, 0x00, 0x00, 0x00, 0x00, 0x00,
    0x00, 0x00, 0x00, 0x00, 0x00, 0x00, 0x00, 0x00, 0x00, 0x00, 0x00, 0x00,
    0x00, 0x00, 0x00, 0x00, 0x00, 0x00, 0x00, 0x00, 0x00, 0x00, 0x00, 0x00,
    0x00, 0x00, 0x00, 0x00, 0x00, 0x00, 0x00, 0x00, 0x00, 0x00, 0x00, 0x00,
    0x00, 0x00, 0x00, 0x00, 0x00, 0x00, 0x00, 0x00, 0x00, 0x00, 0x00, 0x00,
    0x00, 0x00, 0x00, 0x00, 0x00, 0x00, 0x00, 0x00, 0x00, 0x00, 0x00, 0x00,
    0x00, 0x00, 0x00, 0x00, 0x00, 0x00, 0x00, 0x00, 0x00, 0x00, 0x00, 0x00,
    0x00, 0x00, 0x00, 0x00, 0x00, 0x00, 0x00, 0x00, 0x00, 0x00, 0x00, 0x00,
    0x00, 0x00, 0x00, 0x00, 0x00, 0x00, 0x00, 0x00, 0x00, 0x00, 0x00, 0x00,
    0x00, 0x00, 0x00, 0x00, 0x00, 0x00, 0x00, 0x00, 0x00, 0x00, 0x00, 0x00,
    0x00, 0x00, 0x00, 0x00, 0x00, 0x00, 0x00, 0x00, 0x00, 0x00, 0x00, 0x00,
    0x00, 0x00, 0x00, 0x00, 0x00, 0x00, 0x00, 0x00, 0x00, 0x00, 0x00, 0x00,
    0x00, 0x00, 0x00, 0x00, 0x00, 0x00, 0x00, 0x00, 0x00, 0x00, 0x00, 0x00,
    0x00, 0x00, 0x00, 0x00, 0x00, 0x00, 0x00, 0x00, 0x00, 0x00, 0x00, 0x00,
    0x00, 0x00, 0x00, 0x00, 0x00, 0x00, 0x00, 0x00, 0x00, 0x00, 0x00, 0x00,
    0x00, 0x00, 0x00, 0x00, 0x00, 0x00, 0x00, 0x00, 0x00, 0x00, 0x00, 0x00,
    0x00, 0x00, 0x00, 0x00, 0x00, 0x00, 0x00, 0x00, 0x00, 0x00, 0x00, 0x00,
    0x00, 0x00, 0x00, 0x00, 0x00, 0x00, 0x00, 0x00, 0x00, 0x00, 0x00, 0x00,
    0x00, 0x00, 0x00, 0x00, 0x00, 0x00, 0x00, 0x00, 0x00, 0x00, 0x00, 0x00,
    0x00, 0x00, 0x00, 0x00, 0x00, 0x00, 0x00, 0x00, 0x00, 0x00, 0x00, 0x00,
    0x00, 0x00, 0x00, 0x00, 0x00, 0x00, 0x00, 0x00, 0x00, 0x00, 0x00, 0x00,
    0x00, 0x00, 0x00, 0x00, 0x00, 0x00, 0x00, 0x00, 0x00, 0x00, 0x00, 0x00,
    0x00, 0x00, 0x00, 0x00, 0x00, 0x00, 0x00, 0x00, 0x00, 0x00, 0x00, 0x00,
    0x00, 0x00, 0x00, 0x00, 0x00, 0x00, 0x00, 0x00, 0x00, 0x00, 0x00, 0x00,
    0x00, 0x00, 0x00, 0x00, 0x00, 0x00, 0x00, 0x00, 0x00, 0x00, 0x00, 0x00,
    0x00, 0x00, 0x00, 0x00, 0x00, 0x00, 0x00, 0x00, 0x00, 0x00, 0x00, 0x00,
    0x00, 0x00, 0x00, 0x00, 0x00, 0x00, 0x00, 0x00, 0x00, 0x00, 0x00, 0x00,
    0x00, 0x00, 0x00, 0x00, 0x00, 0x00, 0x00, 0x00, 0x00, 0x00, 0x00, 0x00,
    0x00, 0x00, 0x00, 0x00, 0x00, 0x00, 0x00, 0x00, 0x00, 0x00, 0x00, 0x00,
    0x00, 0x00, 0x00, 0x00, 0x00, 0x00, 0x00, 0x00, 0x00, 0x00, 0x00, 0x00,
    0x00, 0x00, 0x00, 0x00, 0x00, 0x00, 0x00, 0x00, 0x00, 0x00, 0x00, 0x00,
    0x00, 0x00, 0x00, 0x00, 0x00, 0x00, 0x00, 0x00, 0x00, 0x00, 0x00, 0x00,
    0x00, 0x00, 0x00, 0x00, 0x00, 0x00, 0x00, 0x00, 0x00, 0x00, 0x00, 0x00,
    0x00, 0x00, 0x00, 0x00, 0x00, 0x00, 0x00, 0x00, 0x00, 0x00, 0x00, 0x00,
    0x00, 0x00, 0x00, 0x00, 0x00, 0x00, 0x00, 0x00, 0x00, 0x00, 0x00, 0x00,
    0x00, 0x00, 0x00, 0x00, 0x00, 0x00, 0x00, 0x00, 0x00, 0x00, 0x00, 0x00,
    0x00, 0x00, 0x00, 0x00, 0x00, 0x00, 0x00, 0x00, 0x00, 0x00, 0x00, 0x00,
    0x00, 0x00, 0x00, 0x00, 0x00, 0x00, 0x00, 0x00, 0x00, 0x00, 0x00, 0x00,
    0x00, 0x00, 0x00, 0x00, 0x00, 0x00, 0x00, 0x00, 0x00, 0x00, 0x00, 0x00,
    0x00, 0x00, 0x00, 0x00, 0x00, 0x00, 0x00, 0x00, 0x00, 0x00, 0x00, 0x00,
    0x00, 0x00, 0x00, 0x00, 0x00, 0x00, 0x00, 0x00, 0x00, 0x00, 0x00, 0x00,
    0x00, 0x00, 0x00, 0x00, 0x00, 0x00, 0x00, 0x00, 0x00, 0x00, 0x00, 0x00,
    0x00, 0x00, 0x00, 0x00, 0x00, 0x00, 0x00, 0x00, 0x00, 0x00, 0x00, 0x00,
    0x00, 0x00, 0x00, 0x00, 0x00, 0x00, 0x00, 0x00, 0x00, 0x00, 0x00, 0x00,
    0x00, 0x00, 0x00, 0x00, 0x00, 0x00, 0x00, 0x00, 0x00, 0x00, 0x00, 0x00,
    0x00, 0x00, 0x00, 0x00, 0x00, 0x00, 0x00, 0x00, 0x00, 0x00, 0x00, 0x00,
    0x00, 0x00, 0x00, 0x00, 0x00, 0x00, 0x00, 0x00, 0x00, 0x00, 0x00, 0x00,
    0x00, 0x00, 0x00, 0x00, 0x00, 0x00, 0x00, 0x00, 0x00, 0x00, 0x00, 0x00,
    0x00, 0x00, 0x00, 0x00, 0x00, 0x00, 0x00, 0x00, 0x00, 0x00, 0x00, 0x00,
    0x00, 0x00, 0x00, 0x00, 0x00, 0x00, 0x00, 0x00, 0x00, 0x00, 0x00, 0x00,
    0x00, 0x00, 0x00, 0x00, 0x00, 0x00, 0x00, 0x00, 0x00, 0x00, 0x00, 0x00,
    0x00, 0x00, 0x00, 0x00, 0x00, 0x00, 0x00, 0x00, 0x00, 0x00, 0x00, 0x00,
    0x00, 0x00, 0x00, 0x00, 0x00, 0x00, 0x00, 0x00, 0x00, 0x00, 0x00, 0x00,
    0x00, 0x00, 0x00, 0x00, 0x00, 0x00, 0x00, 0x00, 0x00, 0x00, 0x00, 0x00,
    0x00, 0x00, 0x00, 0x00, 0x00, 0x00, 0x00, 0x00, 0x00, 0x00, 0x00, 0x00,
    0x00, 0x00, 0x00, 0x00, 0x00, 0x00, 0x00, 0x00, 0x00, 0x00, 0x00, 0x00,
    0x00, 0x00, 0x00, 0x00, 0x00, 0x00, 0x00, 0x00, 0x00, 0x00, 0x00, 0x00,
    0x00, 0x00, 0x00, 0x00, 0x00, 0x00, 0x00, 0x00, 0x00, 0x00, 0x00, 0x00,
    0x00, 0x00, 0x00, 0x00, 0x00, 0x00, 0x00, 0x00, 0x00, 0x00, 0x00, 0x00,
    0x00, 0x00, 0x00, 0x00, 0x00, 0x00, 0x00, 0x00, 0x00, 0x00, 0x00, 0x00,
    0x00, 0x00, 0x00, 0x00, 0x00, 0x00, 0x00, 0x00, 0x00, 0x00, 0x00, 0x00,
    0x00, 0x00, 0x00, 0x00, 0x00, 0x00, 0x00, 0x00, 0x00, 0x00, 0x00, 0x00,
    0x00, 0x00, 0x00, 0x00, 0x00, 0x00, 0x00, 0x00, 0x00, 0x00, 0x00, 0x00,
    0x00, 0x00, 0x00, 0x00, 0x00, 0x00, 0x00, 0x00, 0x00, 0x00, 0x00, 0x00,
    0x00, 0x00, 0x00, 0x00, 0x00, 0x00, 0x00, 0x00, 0x00, 0x00, 0x00, 0x00,
    0x00, 0x00, 0x00, 0x00, 0x00, 0x00, 0x00, 0x00, 0x00, 0x00, 0x00, 0x00,
    0x00, 0x00, 0x00, 0x00, 0x00, 0x00, 0x00, 0x00, 0x00, 0x00, 0x00, 0x00,
    0x00, 0x00, 0x00, 0x00, 0x00, 0x00, 0x00, 0x00, 0x00, 0x00, 0x00, 0x00,
    0x00, 0x00, 0x00, 0x00, 0x00, 0x00, 0x00, 0x00, 0x00, 0x00, 0x00, 0x00,
    0x00, 0x00, 0x00, 0x00, 0x00, 0x00, 0x00, 0x00, 0x00, 0x00, 0x00, 0x00,
    0x00, 0x00, 0x00, 0x00, 0x00, 0x00, 0x00, 0x00, 0x00, 0x00, 0x00, 0x00,
    0x00, 0x00, 0x00, 0x00, 0x00, 0x00, 0x00, 0x00, 0x00, 0x00, 0x00, 0x00,
    0x00, 0x00, 0x00, 0x00, 0x00, 0x00, 0x00, 0x00, 0x00, 0x00, 0x00, 0x00,
    0x00, 0x00, 0x00, 0x00, 0x00, 0x00, 0x00, 0x00, 0x00, 0x00, 0x00, 0x00,
    0x00, 0x00, 0x00, 0x00, 0x00, 0x00, 0x00, 0x00, 0x00, 0x00, 0x00, 0x00,
    0x00, 0x00, 0x00, 0x00, 0x00, 0x00, 0x00, 0x00, 0x00, 0x00, 0x00, 0x00,
    0x00, 0x00, 0x00, 0x00, 0x00, 0x00, 0x00, 0x00, 0x00, 0x00, 0x00, 0x00,
    0x00, 0x00, 0x00, 0x00, 0x00, 0x00, 0x00, 0x00, 0x00, 0x00, 0x00, 0x00,
    0x00, 0x00, 0x00, 0x00, 0x00, 0x00, 0x00, 0x00, 0x00, 0x00, 0x00, 0x00,
    0x00, 0x00, 0x00, 0x00, 0x00, 0x00, 0x00, 0x00, 0x00, 0x00, 0x00, 0x00,
    0x00, 0x00, 0x00, 0x00, 0x00, 0x00, 0x00, 0x00, 0x00, 0x00, 0x00, 0x00,
    0x00, 0x00, 0x00, 0x00, 0x00, 0x00, 0x00, 0x00, 0x00, 0x00, 0x00, 0x00,
    0x00, 0x00, 0x00, 0x00, 0x00, 0x00, 0x00, 0x00, 0x00, 0x00, 0x00, 0x00,
    0x00, 0x00, 0x00, 0x00, 0x00, 0x00, 0x00, 0x00, 0x00, 0x00, 0x00, 0x00,
    0x00, 0x00, 0x00, 0x00, 0x00, 0x00, 0x00, 0x00, 0x00, 0x00, 0x00, 0x00,
    0x00, 0x00, 0x00, 0x00, 0x00, 0x00, 0x00, 0x00, 0x00, 0x00, 0x00, 0x00,
    0x00, 0x00, 0x00, 0x00, 0x00, 0x00, 0x00, 0x00, 0x00, 0x00, 0x00, 0x00,
    0x00, 0x00, 0x00, 0x00, 0x00, 0x00, 0x00, 0x00, 0x00, 0x00, 0x00, 0x00,
    0x00, 0x00, 0x00, 0x00, 0x00, 0x00, 0x00, 0x00, 0x00, 0x00, 0x00, 0x00,
    0x00, 0x00, 0x00, 0x00, 0x00, 0x00, 0x00, 0x00, 0x00, 0x00, 0x00, 0x00,
    0x00, 0x00, 0x00, 0x00, 0x00, 0x00, 0x00, 0x00, 0x00, 0x00, 0x00, 0x00,
    0x00, 0x00, 0x00, 0x00, 0x00, 0x00, 0x00, 0x00, 0x00, 0x00, 0x00, 0x00,
    0x00, 0x00, 0x00, 0x00, 0x00, 0x00, 0x00, 0x00, 0x00, 0x00, 0x00, 0x00,
    0x00, 0x00, 0x00, 0x00, 0x00, 0x00, 0x00, 0x00, 0x00, 0x00, 0x00, 0x00,
    0x00, 0x00, 0x00, 0x00, 0x00, 0x00, 0x00, 0x00, 0x00, 0x00, 0x00, 0x00,
    0x00, 0x00, 0x00, 0x00, 0x00, 0x00, 0x00, 0x00, 0x00, 0x00, 0x00, 0x00,
    0x16, 0x88, 0xff, 0xff, 0x04, 0x00, 0x00, 0x00, 0x80, 0x07, 0x00, 0x00,
    0x00, 0x00, 0x00, 0x00, 0x00, 0x00, 0x00, 0x00, 0x00, 0x00, 0x00, 0x00,
    0x00, 0x00, 0x00, 0x00, 0x00, 0x00, 0x00, 0x00, 0x00, 0x00, 0x00, 0x00,
    0x00, 0x00, 0x00, 0x00, 0x00, 0x00, 0x00, 0x00, 0x00, 0x00, 0x00, 0x00,
    0x00, 0x00, 0x00, 0x00, 0x00, 0x00, 0x00, 0x00, 0x00, 0x00, 0x00, 0x00,
    0x00, 0x00, 0x00, 0x00, 0x00, 0x00, 0x00, 0x00, 0x00, 0x00, 0x00, 0x00,
    0x00, 0x00, 0x00, 0x00, 0x00, 0x00, 0x00, 0x00, 0x00, 0x00, 0x00, 0x00,
    0x00, 0x00, 0x00, 0x00, 0x00, 0x00, 0x00, 0x00, 0x00, 0x00, 0x00, 0x00,
    0x00, 0x00, 0x00, 0x00, 0x00, 0x00, 0x00, 0x00, 0x00, 0x00, 0x00, 0x00,
    0x00, 0x00, 0x00, 0x00, 0x00, 0x00, 0x00, 0x00, 0x00, 0x00, 0x00, 0x00,
    0x00, 0x00, 0x00, 0x00, 0x00, 0x00, 0x00, 0x00, 0x00, 0x00, 0x00, 0x00,
    0x00, 0x00, 0x00, 0x00, 0x00, 0x00, 0x00, 0x00, 0x00, 0x00, 0x00, 0x00,
    0x00, 0x00, 0x00, 0x00, 0x00, 0x00, 0x00, 0x00, 0x00, 0x00, 0x00, 0x00,
    0x00, 0x00, 0x00, 0x00, 0x00, 0x00, 0x00, 0x00, 0x00, 0x00, 0x00, 0x00,
    0x00, 0x00, 0x00, 0x00, 0x00, 0x00, 0x00, 0x00, 0x00, 0x00, 0x00, 0x00,
    0x00, 0x00, 0x00, 0x00, 0x00, 0x00, 0x00, 0x00, 0x00, 0x00, 0x00, 0x00,
    0x00, 0x00, 0x00, 0x00, 0x00, 0x00, 0x00, 0x00, 0x00, 0x00, 0x00, 0x00,
    0x00, 0x00, 0x00, 0x00, 0x00, 0x00, 0x00, 0x00, 0x00, 0x00, 0x00, 0x00,
    0x00, 0x00, 0x00, 0x00, 0x00, 0x00, 0x00, 0x00, 0x00, 0x00, 0x00, 0x00,
    0x00, 0x00, 0x00, 0x00, 0x00, 0x00, 0x00, 0x00, 0x00, 0x00, 0x00, 0x00,
    0x00, 0x00, 0x00, 0x00, 0x00, 0x00, 0x00, 0x00, 0x00, 0x00, 0x00, 0x00,
    0x00, 0x00, 0x00, 0x00, 0x00, 0x00, 0x00, 0x00, 0x00, 0x00, 0x00, 0x00,
    0x00, 0x00, 0x00, 0x00, 0x00, 0x00, 0x00, 0x00, 0x00, 0x00, 0x00, 0x00,
    0x00, 0x00, 0x00, 0x00, 0x00, 0x00, 0x00, 0x00, 0x00, 0x00, 0x00, 0x00,
    0x00, 0x00, 0x00, 0x00, 0x00, 0x00, 0x00, 0x00, 0x00, 0x00, 0x00, 0x00,
    0x00, 0x00, 0x00, 0x00, 0x00, 0x00, 0x00, 0x00, 0x00, 0x00, 0x00, 0x00,
    0x00, 0x00, 0x00, 0x00, 0x00, 0x00, 0x00, 0x00, 0x00, 0x00, 0x00, 0x00,
    0x00, 0x00, 0x00, 0x00, 0x00, 0x00, 0x00, 0x00, 0x00, 0x00, 0x00, 0x00,
    0x00, 0x00, 0x00, 0x00, 0x00, 0x00, 0x00, 0x00, 0x00, 0x00, 0x00, 0x00,
    0x00, 0x00, 0x00, 0x00, 0x00, 0x00, 0x00, 0x00, 0x00, 0x00, 0x00, 0x00,
    0x00, 0x00, 0x00, 0x00, 0x00, 0x00, 0x00, 0x00, 0x00, 0x00, 0x00, 0x00,
    0x00, 0x00, 0x00, 0x00, 0x00, 0x00, 0x00, 0x00, 0x00, 0x00, 0x00, 0x00,
    0x00, 0x00, 0x00, 0x00, 0x00, 0x00, 0x00, 0x00, 0x00, 0x00, 0x00, 0x00,
    0x00, 0x00, 0x00, 0x00, 0x00, 0x00, 0x00, 0x00, 0x00, 0x00, 0x00, 0x00,
    0x00, 0x00, 0x00, 0x00, 0x00, 0x00, 0x00, 0x00, 0x00, 0x00, 0x00, 0x00,
    0x00, 0x00, 0x00, 0x00, 0x00, 0x00, 0x00, 0x00, 0x00, 0x00, 0x00, 0x00,
    0x00, 0x00, 0x00, 0x00, 0x00, 0x00, 0x00, 0x00, 0x00, 0x00, 0x00, 0x00,
    0x00, 0x00, 0x00, 0x00, 0x00, 0x00, 0x00, 0x00, 0x00, 0x00, 0x00, 0x00,
    0x00, 0x00, 0x00, 0x00, 0x00, 0x00, 0x00, 0x00, 0x00, 0x00, 0x00, 0x00,
    0x00, 0x00, 0x00, 0x00, 0x00, 0x00, 0x00, 0x00, 0x00, 0x00, 0x00, 0x00,
    0x00, 0x00, 0x00, 0x00, 0x00, 0x00, 0x00, 0x00, 0x00, 0x00, 0x00, 0x00,
    0x00, 0x00, 0x00, 0x00, 0x00, 0x00, 0x00, 0x00, 0x00, 0x00, 0x00, 0x00,
    0x00, 0x00, 0x00, 0x00, 0x00, 0x00, 0x00, 0x00, 0x00, 0x00, 0x00, 0x00,
    0x00, 0x00, 0x00, 0x00, 0x00, 0x00, 0x00, 0x00, 0x00, 0x00, 0x00, 0x00,
    0x00, 0x00, 0x00, 0x00, 0x00, 0x00, 0x00, 0x00, 0x00, 0x00, 0x00, 0x00,
    0x00, 0x00, 0x00, 0x00, 0x00, 0x00, 0x00, 0x00, 0x00, 0x00, 0x00, 0x00,
    0x00, 0x00, 0x00, 0x00, 0x00, 0x00, 0x00, 0x00, 0x00, 0x00, 0x00, 0x00,
    0x00, 0x00, 0x00, 0x00, 0x00, 0x00, 0x00, 0x00, 0x00, 0x00, 0x00, 0x00,
    0x00, 0x00, 0x00, 0x00, 0x00, 0x00, 0x00, 0x00, 0x00, 0x00, 0x00, 0x00,
    0x00, 0x00, 0x00, 0x00, 0x00, 0x00, 0x00, 0x00, 0x00, 0x00, 0x00, 0x00,
    0x00, 0x00, 0x00, 0x00, 0x00, 0x00, 0x00, 0x00, 0x00, 0x00, 0x00, 0x00,
    0x00, 0x00, 0x00, 0x00, 0x00, 0x00, 0x00, 0x00, 0x00, 0x00, 0x00, 0x00,
    0x00, 0x00, 0x00, 0x00, 0x00, 0x00, 0x00, 0x00, 0x00, 0x00, 0x00, 0x00,
    0x00, 0x00, 0x00, 0x00, 0x00, 0x00, 0x00, 0x00, 0x00, 0x00, 0x00, 0x00,
    0x00, 0x00, 0x00, 0x00, 0x00, 0x00, 0x00, 0x00, 0x00, 0x00, 0x00, 0x00,
    0x00, 0x00, 0x00, 0x00, 0x00, 0x00, 0x00, 0x00, 0x00, 0x00, 0x00, 0x00,
    0x00, 0x00, 0x00, 0x00, 0x00, 0x00, 0x00, 0x00, 0x00, 0x00, 0x00, 0x00,
    0x00, 0x00, 0x00, 0x00, 0x00, 0x00, 0x00, 0x00, 0x00, 0x00, 0x00, 0x00,
    0x00, 0x00, 0x00, 0x00, 0x00, 0x00, 0x00, 0x00, 0x00, 0x00, 0x00, 0x00,
    0x00, 0x00, 0x00, 0x00, 0x00, 0x00, 0x00, 0x00, 0x00, 0x00, 0x00, 0x00,
    0x00, 0x00, 0x00, 0x00, 0x00, 0x00, 0x00, 0x00, 0x00, 0x00, 0x00, 0x00,
    0x00, 0x00, 0x00, 0x00, 0x00, 0x00, 0x00, 0x00, 0x00, 0x00, 0x00, 0x00,
    0x00, 0x00, 0x00, 0x00, 0x00, 0x00, 0x00, 0x00, 0x00, 0x00, 0x00, 0x00,
    0x00, 0x00, 0x00, 0x00, 0x00, 0x00, 0x00, 0x00, 0x00, 0x00, 0x00, 0x00,
    0x00, 0x00, 0x00, 0x00, 0x00, 0x00, 0x00, 0x00, 0x00, 0x00, 0x00, 0x00,
    0x00, 0x00, 0x00, 0x00, 0x00, 0x00, 0x00, 0x00, 0x00, 0x00, 0x00, 0x00,
    0x00, 0x00, 0x00, 0x00, 0x00, 0x00, 0x00, 0x00, 0x00, 0x00, 0x00, 0x00,
    0x00, 0x00, 0x00, 0x00, 0x00, 0x00, 0x00, 0x00, 0x00, 0x00, 0x00, 0x00,
    0x00, 0x00, 0x00, 0x00, 0x00, 0x00, 0x00, 0x00, 0x00, 0x00, 0x00, 0x00,
    0x00, 0x00, 0x00, 0x00, 0x00, 0x00, 0x00, 0x00, 0x00, 0x00, 0x00, 0x00,
    0x00, 0x00, 0x00, 0x00, 0x00, 0x00, 0x00, 0x00, 0x00, 0x00, 0x00, 0x00,
    0x00, 0x00, 0x00, 0x00, 0x00, 0x00, 0x00, 0x00, 0x00, 0x00, 0x00, 0x00,
    0x00, 0x00, 0x00, 0x00, 0x00, 0x00, 0x00, 0x00, 0x00, 0x00, 0x00, 0x00,
    0x00, 0x00, 0x00, 0x00, 0x00, 0x00, 0x00, 0x00, 0x00, 0x00, 0x00, 0x00,
    0x00, 0x00, 0x00, 0x00, 0x00, 0x00, 0x00, 0x00, 0x00, 0x00, 0x00, 0x00,
    0x00, 0x00, 0x00, 0x00, 0x00, 0x00, 0x00, 0x00, 0x00, 0x00, 0x00, 0x00,
    0x00, 0x00, 0x00, 0x00, 0x00, 0x00, 0x00, 0x00, 0x00, 0x00, 0x00, 0x00,
    0x00, 0x00, 0x00, 0x00, 0x00, 0x00, 0x00, 0x00, 0x00, 0x00, 0x00, 0x00,
    0x00, 0x00, 0x00, 0x00, 0x00, 0x00, 0x00, 0x00, 0x00, 0x00, 0x00, 0x00,
    0x00, 0x00, 0x00, 0x00, 0x00, 0x00, 0x00, 0x00, 0x00, 0x00, 0x00, 0x00,
    0x00, 0x00, 0x00, 0x00, 0x00, 0x00, 0x00, 0x00, 0x00, 0x00, 0x00, 0x00,
    0x00, 0x00, 0x00, 0x00, 0x00, 0x00, 0x00, 0x00, 0x00, 0x00, 0x00, 0x00,
    0x00, 0x00, 0x00, 0x00, 0x00, 0x00, 0x00, 0x00, 0x00, 0x00, 0x00, 0x00,
    0x00, 0x00, 0x00, 0x00, 0x00, 0x00, 0x00, 0x00, 0x00, 0x00, 0x00, 0x00,
    0x00, 0x00, 0x00, 0x00, 0x00, 0x00, 0x00, 0x00, 0x00, 0x00, 0x00, 0x00,
    0x00, 0x00, 0x00, 0x00, 0x00, 0x00, 0x00, 0x00, 0x00, 0x00, 0x00, 0x00,
    0x00, 0x00, 0x00, 0x00, 0x00, 0x00, 0x00, 0x00, 0x00, 0x00, 0x00, 0x00,
    0x00, 0x00, 0x00, 0x00, 0x00, 0x00, 0x00, 0x00, 0x00, 0x00, 0x00, 0x00,
    0x00, 0x00, 0x00, 0x00, 0x00, 0x00, 0x00, 0x00, 0x00, 0x00, 0x00, 0x00,
    0x00, 0x00, 0x00, 0x00, 0x00, 0x00, 0x00, 0x00, 0x00, 0x00, 0x00, 0x00,
    0x00, 0x00, 0x00, 0x00, 0x00, 0x00, 0x00, 0x00, 0x00, 0x00, 0x00, 0x00,
    0x00, 0x00, 0x00, 0x00, 0x00, 0x00, 0x00, 0x00, 0x00, 0x00, 0x00, 0x00,
    0x00, 0x00, 0x00, 0x00, 0x00, 0x00, 0x00, 0x00, 0x00, 0x00, 0x00, 0x00,
    0x00, 0x00, 0x00, 0x00, 0x00, 0x00, 0x00, 0x00, 0x00, 0x00, 0x00, 0x00,
    0x00, 0x00, 0x00, 0x00, 0x00, 0x00, 0x00, 0x00, 0x00, 0x00, 0x00, 0x00,
    0x00, 0x00, 0x00, 0x00, 0x00, 0x00, 0x00, 0x00, 0x00, 0x00, 0x00, 0x00,
    0x00, 0x00, 0x00, 0x00, 0x00, 0x00, 0x00, 0x00, 0x00, 0x00, 0x00, 0x00,
    0x00, 0x00, 0x00, 0x00, 0x00, 0x00, 0x00, 0x00, 0x00, 0x00, 0x00, 0x00,
    0x00, 0x00, 0x00, 0x00, 0x00, 0x00, 0x00, 0x00, 0x00, 0x00, 0x00, 0x00,
    0x00, 0x00, 0x00, 0x00, 0x00, 0x00, 0x00, 0x00, 0x00, 0x00, 0x00, 0x00,
    0x00, 0x00, 0x00, 0x00, 0x00, 0x00, 0x00, 0x00, 0x00, 0x00, 0x00, 0x00,
    0x00, 0x00, 0x00, 0x00, 0x00, 0x00, 0x00, 0x00, 0x00, 0x00, 0x00, 0x00,
    0x00, 0x00, 0x00, 0x00, 0x00, 0x00, 0x00, 0x00, 0x00, 0x00, 0x00, 0x00,
    0x00, 0x00, 0x00, 0x00, 0x00, 0x00, 0x00, 0x00, 0x00, 0x00, 0x00, 0x00,
    0x00, 0x00, 0x00, 0x00, 0x00, 0x00, 0x00, 0x00, 0x00, 0x00, 0x00, 0x00,
    0x00, 0x00, 0x00, 0x00, 0x00, 0x00, 0x00, 0x00, 0x00, 0x00, 0x00, 0x00,
    0x00, 0x00, 0x00, 0x00, 0x00, 0x00, 0x00, 0x00, 0x00, 0x00, 0x00, 0x00,
    0x00, 0x00, 0x00, 0x00, 0x00, 0x00, 0x00, 0x00, 0x00, 0x00, 0x00, 0x00,
    0x00, 0x00, 0x00, 0x00, 0x00, 0x00, 0x00, 0x00, 0x00, 0x00, 0x00, 0x00,
    0x00, 0x00, 0x00, 0x00, 0x00, 0x00, 0x00, 0x00, 0x00, 0x00, 0x00, 0x00,
    0x00, 0x00, 0x00, 0x00, 0x00, 0x00, 0x00, 0x00, 0x00, 0x00, 0x00, 0x00,
    0x00, 0x00, 0x00, 0x00, 0x00, 0x00, 0x00, 0x00, 0x00, 0x00, 0x00, 0x00,
    0x00, 0x00, 0x00, 0x00, 0x00, 0x00, 0x00, 0x00, 0x00, 0x00, 0x00, 0x00,
    0x00, 0x00, 0x00, 0x00, 0x00, 0x00, 0x00, 0x00, 0x00, 0x00, 0x00, 0x00,
    0x00, 0x00, 0x00, 0x00, 0x00, 0x00, 0x00, 0x00, 0x00, 0x00, 0x00, 0x00,
    0x00, 0x00, 0x00, 0x00, 0x00, 0x00, 0x00, 0x00, 0x00, 0x00, 0x00, 0x00,
    0x00, 0x00, 0x00, 0x00, 0x00, 0x00, 0x00, 0x00, 0x00, 0x00, 0x00, 0x00,
    0x00, 0x00, 0x00, 0x00, 0x00, 0x00, 0x00, 0x00, 0x00, 0x00, 0x00, 0x00,
    0x00, 0x00, 0x00, 0x00, 0x00, 0x00, 0x00, 0x00, 0x00, 0x00, 0x00, 0x00,
    0x00, 0x00, 0x00, 0x00, 0x00, 0x00, 0x00, 0x00, 0x00, 0x00, 0x00, 0x00,
    0x00, 0x00, 0x00, 0x00, 0x00, 0x00, 0x00, 0x00, 0x00, 0x00, 0x00, 0x00,
    0x00, 0x00, 0x00, 0x00, 0x00, 0x00, 0x00, 0x00, 0x00, 0x00, 0x00, 0x00,
    0x00, 0x00, 0x00, 0x00, 0x00, 0x00, 0x00, 0x00, 0x00, 0x00, 0x00, 0x00,
    0x00, 0x00, 0x00, 0x00, 0x00, 0x00, 0x00, 0x00, 0x00, 0x00, 0x00, 0x00,
    0x00, 0x00, 0x00, 0x00, 0x00, 0x00, 0x00, 0x00, 0x00, 0x00, 0x00, 0x00,
    0x00, 0x00, 0x00, 0x00, 0x00, 0x00, 0x00, 0x00, 0x00, 0x00, 0x00, 0x00,
    0x00, 0x00, 0x00, 0x00, 0x00, 0x00, 0x00, 0x00, 0x00, 0x00, 0x00, 0x00,
    0x00, 0x00, 0x00, 0x00, 0x00, 0x00, 0x00, 0x00, 0x00, 0x00, 0x00, 0x00,
    0x00, 0x00, 0x00, 0x00, 0x00, 0x00, 0x00, 0x00, 0x00, 0x00, 0x00, 0x00,
    0x00, 0x00, 0x00, 0x00, 0x00, 0x00, 0x00, 0x00, 0x00, 0x00, 0x00, 0x00,
    0x00, 0x00, 0x00, 0x00, 0x00, 0x00, 0x00, 0x00, 0x00, 0x00, 0x00, 0x00,
    0x00, 0x00, 0x00, 0x00, 0x00, 0x00, 0x00, 0x00, 0x00, 0x00, 0x00, 0x00,
    0x00, 0x00, 0x00, 0x00, 0x00, 0x00, 0x00, 0x00, 0x00, 0x00, 0x00, 0x00,
    0x00, 0x00, 0x00, 0x00, 0x00, 0x00, 0x00, 0x00, 0x00, 0x00, 0x00, 0x00,
    0x00, 0x00, 0x00, 0x00, 0x00, 0x00, 0x00, 0x00, 0x00, 0x00, 0x00, 0x00,
    0x00, 0x00, 0x00, 0x00, 0x00, 0x00, 0x00, 0x00, 0x00, 0x00, 0x00, 0x00,
    0x00, 0x00, 0x00, 0x00, 0x00, 0x00, 0x00, 0x00, 0x00, 0x00, 0x00, 0x00,
    0x00, 0x00, 0x00, 0x00, 0x00, 0x00, 0x00, 0x00, 0x00, 0x00, 0x00, 0x00,
    0x00, 0x00, 0x00, 0x00, 0x00, 0x00, 0x00, 0x00, 0x00, 0x00, 0x00, 0x00,
    0x00, 0x00, 0x00, 0x00, 0x00, 0x00, 0x00, 0x00, 0x00, 0x00, 0x00, 0x00,
    0x00, 0x00, 0x00, 0x00, 0x00, 0x00, 0x00, 0x00, 0x00, 0x00, 0x00, 0x00,
    0x00, 0x00, 0x00, 0x00, 0x00, 0x00, 0x00, 0x00, 0x00, 0x00, 0x00, 0x00,
    0x00, 0x00, 0x00, 0x00, 0x00, 0x00, 0x00, 0x00, 0x00, 0x00, 0x00, 0x00,
    0x00, 0x00, 0x00, 0x00, 0x00, 0x00, 0x00, 0x00, 0x00, 0x00, 0x00, 0x00,
    0x00, 0x00, 0x00, 0x00, 0x00, 0x00, 0x00, 0x00, 0x00, 0x00, 0x00, 0x00,
    0x00, 0x00, 0x00, 0x00, 0x00, 0x00, 0x00, 0x00, 0x00, 0x00, 0x00, 0x00,
    0x00, 0x00, 0x00, 0x00, 0x00, 0x00, 0x00, 0x00, 0x00, 0x00, 0x00, 0x00,
    0x00, 0x00, 0x00, 0x00, 0x00, 0x00, 0x00, 0x00, 0x00, 0x00, 0x00, 0x00,
    0x00, 0x00, 0x00, 0x00, 0x00, 0x00, 0x00, 0x00, 0x00, 0x00, 0x00, 0x00,
    0x00, 0x00, 0x00, 0x00, 0x00, 0x00, 0x00, 0x00, 0x00, 0x00, 0x00, 0x00,
    0x00, 0x00, 0x00, 0x00, 0x00, 0x00, 0x00, 0x00, 0x00, 0x00, 0x00, 0x00,
    0x00, 0x00, 0x00, 0x00, 0x00, 0x00, 0x00, 0x00, 0x00, 0x00, 0x00, 0x00,
    0x00, 0x00, 0x00, 0x00, 0x00, 0x00, 0x00, 0x00, 0x00, 0x00, 0x00, 0x00,
    0x00, 0x00, 0x00, 0x00, 0x00, 0x00, 0x00, 0x00, 0x00, 0x00, 0x00, 0x00,
    0x00, 0x00, 0x00, 0x00, 0x00, 0x00, 0x00, 0x00, 0x00, 0x00, 0x00, 0x00,
    0x00, 0x00, 0x00, 0x00, 0x00, 0x00, 0x00, 0x00, 0x00, 0x00, 0x00, 0x00,
    0x00, 0x00, 0x00, 0x00, 0x00, 0x00, 0x00, 0x00, 0x00, 0x00, 0x00, 0x00,
    0x00, 0x00, 0x00, 0x00, 0x00, 0x00, 0x00, 0x00, 0x00, 0x00, 0x00, 0x00,
    0x00, 0x00, 0x00, 0x00, 0x00, 0x00, 0x00, 0x00, 0x00, 0x00, 0x00, 0x00,
    0x00, 0x00, 0x00, 0x00, 0x00, 0x00, 0x00, 0x00, 0x00, 0x00, 0x00, 0x00,
    0x00, 0x00, 0x00, 0x00, 0x00, 0x00, 0x00, 0x00, 0x00, 0x00, 0x00, 0x00,
    0xa2, 0x8f, 0xff, 0xff, 0x04, 0x00, 0x00, 0x00, 0xe0, 0x01, 0x00, 0x00,
    0x00, 0x00, 0x00, 0x00, 0x00, 0x00, 0x00, 0x00, 0x00, 0x00, 0x00, 0x00,
    0x00, 0x00, 0x00, 0x00, 0x00, 0x00, 0x00, 0x00, 0x00, 0x00, 0x00, 0x00,
    0x00, 0x00, 0x00, 0x00, 0x00, 0x00, 0x00, 0x00, 0x00, 0x00, 0x00, 0x00,
    0x00, 0x00, 0x00, 0x00, 0x00, 0x00, 0x00, 0x00, 0x00, 0x00, 0x00, 0x00,
    0x00, 0x00, 0x00, 0x00, 0x00, 0x00, 0x00, 0x00, 0x00, 0x00, 0x00, 0x00,
    0x00, 0x00, 0x00, 0x00, 0x00, 0x00, 0x00, 0x00, 0x00, 0x00, 0x00, 0x00,
    0x00, 0x00, 0x00, 0x00, 0x00, 0x00, 0x00, 0x00, 0x00, 0x00, 0x00, 0x00,
    0x00, 0x00, 0x00, 0x00, 0x00, 0x00, 0x00, 0x00, 0x00, 0x00, 0x00, 0x00,
    0x00, 0x00, 0x00, 0x00, 0x00, 0x00, 0x00, 0x00, 0x00, 0x00, 0x00, 0x00,
    0x00, 0x00, 0x00, 0x00, 0x00, 0x00, 0x00, 0x00, 0x00, 0x00, 0x00, 0x00,
    0x00, 0x00, 0x00, 0x00, 0x00, 0x00, 0x00, 0x00, 0x00, 0x00, 0x00, 0x00,
    0x00, 0x00, 0x00, 0x00, 0x00, 0x00, 0x00, 0x00, 0x00, 0x00, 0x00, 0x00,
    0x00, 0x00, 0x00, 0x00, 0x00, 0x00, 0x00, 0x00, 0x00, 0x00, 0x00, 0x00,
    0x00, 0x00, 0x00, 0x00, 0x00, 0x00, 0x00, 0x00, 0x00, 0x00, 0x00, 0x00,
    0x00, 0x00, 0x00, 0x00, 0x00, 0x00, 0x00, 0x00, 0x00, 0x00, 0x00, 0x00,
    0x00, 0x00, 0x00, 0x00, 0x00, 0x00, 0x00, 0x00, 0x00, 0x00, 0x00, 0x00,
    0x00, 0x00, 0x00, 0x00, 0x00, 0x00, 0x00, 0x00, 0x00, 0x00, 0x00, 0x00,
    0x00, 0x00, 0x00, 0x00, 0x00, 0x00, 0x00, 0x00, 0x00, 0x00, 0x00, 0x00,
    0x00, 0x00, 0x00, 0x00, 0x00, 0x00, 0x00, 0x00, 0x00, 0x00, 0x00, 0x00,
    0x00, 0x00, 0x00, 0x00, 0x00, 0x00, 0x00, 0x00, 0x00, 0x00, 0x00, 0x00,
    0x00, 0x00, 0x00, 0x00, 0x00, 0x00, 0x00, 0x00, 0x00, 0x00, 0x00, 0x00,
    0x00, 0x00, 0x00, 0x00, 0x00, 0x00, 0x00, 0x00, 0x00, 0x00, 0x00, 0x00,
    0x00, 0x00, 0x00, 0x00, 0x00, 0x00, 0x00, 0x00, 0x00, 0x00, 0x00, 0x00,
    0x00, 0x00, 0x00, 0x00, 0x00, 0x00, 0x00, 0x00, 0x00, 0x00, 0x00, 0x00,
    0x00, 0x00, 0x00, 0x00, 0x00, 0x00, 0x00, 0x00, 0x00, 0x00, 0x00, 0x00,
    0x00, 0x00, 0x00, 0x00, 0x00, 0x00, 0x00, 0x00, 0x00, 0x00, 0x00, 0x00,
    0x00, 0x00, 0x00, 0x00, 0x00, 0x00, 0x00, 0x00, 0x00, 0x00, 0x00, 0x00,
    0x00, 0x00, 0x00, 0x00, 0x00, 0x00, 0x00, 0x00, 0x00, 0x00, 0x00, 0x00,
    0x00, 0x00, 0x00, 0x00, 0x00, 0x00, 0x00, 0x00, 0x00, 0x00, 0x00, 0x00,
    0x00, 0x00, 0x00, 0x00, 0x00, 0x00, 0x00, 0x00, 0x00, 0x00, 0x00, 0x00,
    0x00, 0x00, 0x00, 0x00, 0x00, 0x00, 0x00, 0x00, 0x00, 0x00, 0x00, 0x00,
    0x00, 0x00, 0x00, 0x00, 0x00, 0x00, 0x00, 0x00, 0x00, 0x00, 0x00, 0x00,
    0x00, 0x00, 0x00, 0x00, 0x00, 0x00, 0x00, 0x00, 0x00, 0x00, 0x00, 0x00,
    0x00, 0x00, 0x00, 0x00, 0x00, 0x00, 0x00, 0x00, 0x00, 0x00, 0x00, 0x00,
    0x00, 0x00, 0x00, 0x00, 0x00, 0x00, 0x00, 0x00, 0x00, 0x00, 0x00, 0x00,
    0x00, 0x00, 0x00, 0x00, 0x00, 0x00, 0x00, 0x00, 0x00, 0x00, 0x00, 0x00,
    0x00, 0x00, 0x00, 0x00, 0x00, 0x00, 0x00, 0x00, 0x00, 0x00, 0x00, 0x00,
    0x00, 0x00, 0x00, 0x00, 0x00, 0x00, 0x00, 0x00, 0x00, 0x00, 0x00, 0x00,
    0x00, 0x00, 0x00, 0x00, 0x00, 0x00, 0x00, 0x00, 0x00, 0x00, 0x00, 0x00,
    0x00, 0x00, 0x00, 0x00, 0x00, 0x00, 0x00, 0x00, 0x00, 0x00, 0x00, 0x00,
    0x8e, 0x91, 0xff, 0xff, 0x04, 0x00, 0x00, 0x00, 0x40, 0x01, 0x00, 0x00,
    0x00, 0x00, 0x00, 0x00, 0x00, 0x00, 0x00, 0x00, 0x00, 0x00, 0x00, 0x00,
    0x00, 0x00, 0x00, 0x00, 0x00, 0x00, 0x00, 0x00, 0x00, 0x00, 0x00, 0x00,
    0x00, 0x00, 0x00, 0x00, 0x00, 0x00, 0x00, 0x00, 0x00, 0x00, 0x00, 0x00,
    0x00, 0x00, 0x00, 0x00, 0x00, 0x00, 0x00, 0x00, 0x00, 0x00, 0x00, 0x00,
    0x00, 0x00, 0x00, 0x00, 0x00, 0x00, 0x00, 0x00, 0x00, 0x00, 0x00, 0x00,
    0x00, 0x00, 0x00, 0x00, 0x00, 0x00, 0x00, 0x00, 0x00, 0x00, 0x00, 0x00,
    0x00, 0x00, 0x00, 0x00, 0x00, 0x00, 0x00, 0x00, 0x00, 0x00, 0x00, 0x00,
    0x00, 0x00, 0x00, 0x00, 0x00, 0x00, 0x00, 0x00, 0x00, 0x00, 0x00, 0x00,
    0x00, 0x00, 0x00, 0x00, 0x00, 0x00, 0x00, 0x00, 0x00, 0x00, 0x00, 0x00,
    0x00, 0x00, 0x00, 0x00, 0x00, 0x00, 0x00, 0x00, 0x00, 0x00, 0x00, 0x00,
    0x00, 0x00, 0x00, 0x00, 0x00, 0x00, 0x00, 0x00, 0x00, 0x00, 0x00, 0x00,
    0x00, 0x00, 0x00, 0x00, 0x00, 0x00, 0x00, 0x00, 0x00, 0x00, 0x00, 0x00,
    0x00, 0x00, 0x00, 0x00, 0x00, 0x00, 0x00, 0x00, 0x00, 0x00, 0x00, 0x00,
    0x00, 0x00, 0x00, 0x00, 0x00, 0x00, 0x00, 0x00, 0x00, 0x00, 0x00, 0x00,
    0x00, 0x00, 0x00, 0x00, 0x00, 0x00, 0x00, 0x00, 0x00, 0x00, 0x00, 0x00,
    0x00, 0x00, 0x00, 0x00, 0x00, 0x00, 0x00, 0x00, 0x00, 0x00, 0x00, 0x00,
    0x00, 0x00, 0x00, 0x00, 0x00, 0x00, 0x00, 0x00, 0x00, 0x00, 0x00, 0x00,
    0x00, 0x00, 0x00, 0x00, 0x00, 0x00, 0x00, 0x00, 0x00, 0x00, 0x00, 0x00,
    0x00, 0x00, 0x00, 0x00, 0x00, 0x00, 0x00, 0x00, 0x00, 0x00, 0x00, 0x00,
    0x00, 0x00, 0x00, 0x00, 0x00, 0x00, 0x00, 0x00, 0x00, 0x00, 0x00, 0x00,
    0x00, 0x00, 0x00, 0x00, 0x00, 0x00, 0x00, 0x00, 0x00, 0x00, 0x00, 0x00,
    0x00, 0x00, 0x00, 0x00, 0x00, 0x00, 0x00, 0x00, 0x00, 0x00, 0x00, 0x00,
    0x00, 0x00, 0x00, 0x00, 0x00, 0x00, 0x00, 0x00, 0x00, 0x00, 0x00, 0x00,
    0x00, 0x00, 0x00, 0x00, 0x00, 0x00, 0x00, 0x00, 0x00, 0x00, 0x00, 0x00,
    0x00, 0x00, 0x00, 0x00, 0x00, 0x00, 0x00, 0x00, 0x00, 0x00, 0x00, 0x00,
    0x00, 0x00, 0x00, 0x00, 0x00, 0x00, 0x00, 0x00, 0x00, 0x00, 0x00, 0x00,
    0x00, 0x00, 0x00, 0x00, 0x00, 0x00, 0x00, 0x00, 0x30, 0x49, 0xff, 0xff,
    0x34, 0x49, 0xff, 0xff, 0x38, 0x49, 0xff, 0xff, 0x3c, 0x49, 0xff, 0xff,
    0x40, 0x49, 0xff, 0xff, 0x44, 0x49, 0xff, 0xff, 0x48, 0x49, 0xff, 0xff,
    0x4c, 0x49, 0xff, 0xff, 0x50, 0x49, 0xff, 0xff, 0x54, 0x49, 0xff, 0xff,
    0x58, 0x49, 0xff, 0xff, 0x5c, 0x49, 0xff, 0xff, 0x60, 0x49, 0xff, 0xff,
    0x64, 0x49, 0xff, 0xff, 0x68, 0x49, 0xff, 0xff, 0x6c, 0x49, 0xff, 0xff,
    0x70, 0x49, 0xff, 0xff, 0x74, 0x49, 0xff, 0xff, 0x78, 0x49, 0xff, 0xff,
    0x7c, 0x49, 0xff, 0xff, 0x80, 0x49, 0xff, 0xff, 0x84, 0x49, 0xff, 0xff,
    0x88, 0x49, 0xff, 0xff, 0x8c, 0x49, 0xff, 0xff, 0x90, 0x49, 0xff, 0xff,
    0x94, 0x49, 0xff, 0xff, 0x98, 0x49, 0xff, 0xff, 0x9c, 0x49, 0xff, 0xff,
    0xa0, 0x49, 0xff, 0xff, 0xa4, 0x49, 0xff, 0xff, 0xa8, 0x49, 0xff, 0xff,
    0xac, 0x49, 0xff, 0xff, 0xb0, 0x49, 0xff, 0xff, 0xb4, 0x49, 0xff, 0xff,
    0xb8, 0x49, 0xff, 0xff, 0xbc, 0x49, 0xff, 0xff, 0xc0, 0x49, 0xff, 0xff,
    0xc4, 0x49, 0xff, 0xff, 0xc8, 0x49, 0xff, 0xff, 0xcc, 0x49, 0xff, 0xff,
    0xd0, 0x49, 0xff, 0xff, 0xd4, 0x49, 0xff, 0xff, 0xd8, 0x49, 0xff, 0xff,
    0xdc, 0x49, 0xff, 0xff, 0xe0, 0x49, 0xff, 0xff, 0xe4, 0x49, 0xff, 0xff,
    0xe8, 0x49, 0xff, 0xff, 0xec, 0x49, 0xff, 0xff, 0xf0, 0x49, 0xff, 0xff,
    0xf4, 0x49, 0xff, 0xff, 0xf8, 0x49, 0xff, 0xff, 0xfc, 0x49, 0xff, 0xff,
    0x00, 0x4a, 0xff, 0xff, 0x04, 0x4a, 0xff, 0xff, 0x08, 0x4a, 0xff, 0xff,
    0xb6, 0x93, 0xff, 0xff, 0x04, 0x00, 0x00, 0x00, 0x70, 0x17, 0x00, 0x00,
    0x61, 0x02, 0xb0, 0xc9, 0xf3, 0xd8, 0x56, 0x38, 0xeb, 0xfd, 0xf6, 0xbc,
    0xf9, 0x14, 0xba, 0xba, 0xf0, 0xf7, 0x14, 0x02, 0xef, 0xf2, 0x0b, 0xe0,
    0x13, 0xd2, 0x0c, 0xa8, 0x1f, 0xf2, 0x00, 0x24, 0x01, 0xba, 0xf3, 0xd1,
    0xcd, 0x8e, 0xc8, 0x19, 0x3d, 0x1c, 0xfa, 0xce, 0x20, 0x51, 0x46, 0x2a,
    0x22, 0xbd, 0xa7, 0x06, 0xf1, 0x2d, 0xf3, 0x08, 0x11, 0x00, 0x47, 0x06,
    0x05, 0x17, 0xda, 0x21, 0xd2, 0xe0, 0xb5, 0xbe, 0xc3, 0x19, 0xbf, 0xfc,
    0xc7, 0xb9, 0x00, 0xe4, 0x2c, 0xab, 0x0a, 0x06, 0x23, 0x0a, 0xdd, 0xd2,
    0x07, 0x18, 0x7f, 0x60, 0x1e, 0xd6, 0xa1, 0x00, 0x18, 0x33, 0xb6, 0xf6,
    0x25, 0x32, 0x1b, 0x55, 0x73, 0x6b, 0x15, 0xe5, 0xc7, 0x20, 0xfe, 0x25,
    0xb3, 0xb2, 0xc6, 0x00, 0xfd, 0x1d, 0xfd, 0xcb, 0xbb, 0xbf, 0xbb, 0x36,
    0x44, 0xca, 0x01, 0xed, 0xfa, 0x75, 0x58, 0x79, 0xec, 0xce, 0xb5, 0x09,
    0xf6, 0xd7, 0x07, 0xbf, 0x3c, 0x2f, 0xf3, 0x06, 0x6e, 0x2b, 0x24, 0xdf,
    0xbe, 0xb2, 0x13, 0x06, 0xf8, 0xdc, 0x2c, 0x08, 0xf4, 0xf4, 0x18, 0x0f,
    0x17, 0x9a, 0x0e, 0xe5, 0x1e, 0xc7, 0xcb, 0xe1, 0x02, 0x64, 0x56, 0x55,
    0x20, 0xeb, 0xf8, 0xc3, 0x26, 0x33, 0x23, 0xb0, 0x23, 0xd1, 0x3e, 0x5f,
    0x33, 0x0b, 0x0f, 0x2e, 0x08, 0x0b, 0xb0, 0x23, 0x25, 0xf8, 0xda, 0x1f,
    0xe2, 0xd7, 0x0d, 0xd7, 0xf4, 0x8a, 0xc9, 0xfd, 0xe4, 0x39, 0x09, 0x41,
    0x05, 0xfa, 0x3e, 0x27, 0x10, 0xc4, 0xee, 0x12, 0x06, 0xd3, 0xac, 0xe6,
    0xc4, 0x9c, 0xfc, 0xeb, 0xf7, 0x38, 0xf6, 0x0e, 0x4c, 0x0a, 0x10, 0x33,
    0xe4, 0xc8, 0x21, 0x27, 0xeb, 0xf8, 0x21, 0xcf, 0xd9, 0x15, 0xd1, 0xfe,
    0x1d, 0xcb, 0xc5, 0x06, 0xf6, 0xd7, 0x12, 0x2d, 0xcd, 0xd0, 0xd9, 0x0c,
    0x01, 0xe9, 0x0e, 0xfe, 0xfa, 0x04, 0x98, 0xaf, 0x07, 0xed, 0x1d, 0x31,
    0x63, 0x18, 0xeb, 0xef, 0x1a, 0xfd, 0xcc, 0x13, 0xdc, 0x1c, 0x3b, 0xe1,
    0xf4, 0xbe, 0x22, 0x15, 0xc8, 0x06, 0xb2, 0xea, 0x25, 0xd0, 0xd5, 0x18,
    0x0b, 0xab, 0xeb, 0xf5, 0xd2, 0xae, 0xe7, 0x81, 0xc4, 0xb2, 0xbd, 0x97,
    0xdd, 0xf2, 0x02, 0xf1, 0x20, 0x5c, 0x30, 0x34, 0x41, 0x37, 0xec, 0xe6,
    0xc9, 0xe3, 0x1a, 0x1f, 0x01, 0xea, 0xc3, 0xc4, 0xbc, 0xc1, 0xb1, 0xb3,
    0xf8, 0x06, 0x13, 0xab, 0xa0, 0xe5, 0xd2, 0xae, 0xc8, 0xc1, 0xfd, 0xbb,
    0xb5, 0xcb, 0xef, 0xef, 0xac, 0xfa, 0x39, 0x13, 0x55, 0x25, 0x10, 0x2d,
    0x3c, 0xf9, 0x1b, 0x0d, 0xae, 0xe0, 0xd1, 0xc6, 0xc9, 0xc0, 0xe4, 0xb1,
    0xc6, 0xeb, 0x98, 0xcb, 0xd8, 0x17, 0x22, 0xda, 0x07, 0xbe, 0x23, 0xe8,
    0xc7, 0xd1, 0x04, 0xb4, 0xe2, 0xdd, 0x9b, 0xf0, 0xc3, 0xe6, 0xd9, 0x30,
    0xfa, 0x4c, 0xee, 0x26, 0x32, 0xc6, 0x1f, 0x01, 0x18, 0x04, 0x12, 0x0a,
    0xf4, 0xe0, 0xee, 0xe3, 0xf1, 0x1e, 0xdf, 0xda, 0xe2, 0x25, 0x23, 0x0b,
    0x40, 0xfc, 0x4d, 0x25, 0x34, 0x56, 0x10, 0x28, 0x24, 0xf1, 0xf7, 0x04,
    0x15, 0xd7, 0x02, 0x05, 0xeb, 0x16, 0xf5, 0x21, 0xe2, 0x0d, 0x02, 0x2f,
    0xec, 0x0b, 0x14, 0x26, 0x0e, 0x1a, 0x01, 0x3c, 0xd7, 0x0d, 0xcd, 0x17,
    0x0b, 0xf8, 0x1a, 0x06, 0x26, 0xfe, 0x3a, 0x40, 0x7f, 0x58, 0x4b, 0x2c,
    0xe9, 0x18, 0xd8, 0xe7, 0xff, 0x08, 0x0c, 0xe8, 0x03, 0xd3, 0x03, 0x11,
    0xe5, 0x17, 0xf5, 0xfd, 0x2c, 0x0c, 0x0a, 0x0b, 0xea, 0x08, 0x1f, 0x1e,
    0xc8, 0x0c, 0xec, 0xdc, 0xfe, 0xe5, 0x15, 0xfe, 0x3a, 0x2f, 0x01, 0x03,
    0x4c, 0x29, 0x50, 0x0f, 0x2b, 0xec, 0xd6, 0x08, 0xe3, 0xf0, 0xfc, 0x0c,
    0xcd, 0xe8, 0xef, 0xe0, 0xdf, 0xec, 0x20, 0x1a, 0x1a, 0xe9, 0xed, 0x06,
    0x2a, 0x19, 0xf3, 0x0d, 0xce, 0x03, 0xcb, 0x0e, 0x24, 0xf9, 0xdc, 0xfe,
    0xfd, 0x03, 0x0e, 0x1c, 0x4e, 0x43, 0x4e, 0x15, 0xda, 0x0f, 0xd1, 0xeb,
    0xdc, 0x05, 0xf5, 0xd7, 0xdd, 0xf1, 0xd6, 0xf7, 0x01, 0x00, 0xe6, 0x00,
    0x07, 0xd5, 0xe6, 0x12, 0x0e, 0x0b, 0xf1, 0x24, 0xd7, 0xf0, 0xcd, 0xfb,
    0x1d, 0xeb, 0x13, 0xf0, 0xdb, 0xe8, 0x1e, 0xdc, 0x35, 0x27, 0x2c, 0x19,
    0xd6, 0xc7, 0x05, 0xcd, 0x0b, 0xbe, 0xf1, 0xf1, 0xee, 0xd2, 0xec, 0xed,
    0xc4, 0xb9, 0xdb, 0x03, 0xd7, 0xce, 0xf6, 0x00, 0xe7, 0x13, 0xce, 0x12,
    0x86, 0x86, 0xc9, 0xb8, 0x0e, 0xcb, 0xe7, 0xd0, 0x0f, 0xbb, 0xb4, 0xc7,
    0xea, 0xe4, 0x06, 0x14, 0xa2, 0xed, 0xa5, 0xbf, 0xf1, 0xb6, 0x34, 0xd5,
    0x29, 0x43, 0x00, 0x09, 0xdc, 0xc3, 0xf5, 0x11, 0x04, 0x12, 0xc3, 0x1d,
    0xf7, 0x4b, 0x00, 0x1d, 0x9c, 0xbe, 0xd0, 0xd5, 0xfe, 0xae, 0xdd, 0x81,
    0xf7, 0x9f, 0x2e, 0xbe, 0xd4, 0x27, 0xa3, 0xc5, 0xec, 0xc4, 0x0c, 0xe1,
    0x05, 0x13, 0x22, 0x33, 0x0f, 0xf8, 0x36, 0xd7, 0x18, 0x28, 0xbf, 0x05,
    0xba, 0xab, 0xb5, 0xc0, 0x16, 0x27, 0xd3, 0xbd, 0x89, 0xe9, 0x9d, 0x12,
    0x01, 0xa6, 0x0e, 0xe9, 0x9b, 0x0f, 0xe4, 0x26, 0x25, 0xa6, 0xdf, 0xdd,
    0xc1, 0x99, 0xc0, 0xb7, 0xbf, 0x0e, 0xe2, 0x07, 0xd1, 0x2a, 0x2e, 0xe8,
    0xe6, 0xb8, 0xd0, 0xbb, 0x2d, 0xe0, 0x08, 0xe7, 0x2c, 0x31, 0x25, 0x10,
    0xc5, 0xc8, 0x28, 0xd8, 0x21, 0xff, 0xe7, 0xb2, 0xb9, 0x34, 0xcd, 0xee,
    0xeb, 0xe7, 0xf0, 0x11, 0x24, 0x0c, 0xcf, 0xe4, 0xf8, 0x38, 0x47, 0x12,
    0xf8, 0xf7, 0xd0, 0xe3, 0xc9, 0x14, 0xb7, 0xf8, 0x37, 0x3b, 0x36, 0x31,
    0x38, 0x11, 0xd9, 0x00, 0xe2, 0xd7, 0x35, 0x37, 0x2a, 0x05, 0xef, 0xeb,
    0xc0, 0x22, 0x34, 0x06, 0x34, 0x04, 0x16, 0xb4, 0xef, 0xe1, 0x01, 0x3e,
    0xd1, 0xd4, 0xe0, 0xd4, 0xc9, 0x21, 0x31, 0x10, 0x1c, 0xcc, 0xd2, 0xcc,
    0x2c, 0x48, 0x3a, 0xec, 0xe6, 0x2b, 0x42, 0x07, 0xa9, 0xdc, 0xd9, 0x3a,
    0x47, 0x62, 0x2e, 0x3d, 0x16, 0xeb, 0x10, 0x15, 0x40, 0x46, 0x2b, 0x19,
    0xbd, 0xec, 0x45, 0x37, 0x20, 0x4e, 0x19, 0x1f, 0xda, 0x19, 0xfd, 0x3d,
    0x0f, 0x40, 0x04, 0x1c, 0xd7, 0x13, 0xf3, 0x2f, 0x09, 0xfc, 0x1a, 0xf5,
    0x0b, 0x35, 0x08, 0xf1, 0x4c, 0x17, 0x04, 0x1e, 0x2e, 0xf9, 0x10, 0x1d,
    0x3b, 0x3b, 0x3e, 0x07, 0xdb, 0xe7, 0xef, 0x00, 0x24, 0x69, 0xf6, 0xdd,
    0xd8, 0xf7, 0xda, 0x0e, 0x09, 0x06, 0xd7, 0x37, 0x2a, 0xe6, 0xdb, 0x12,
    0x0a, 0xc0, 0x29, 0x05, 0xd4, 0x30, 0x39, 0x1a, 0x4d, 0xe4, 0xf9, 0xd9,
    0xe6, 0xa7, 0xdd, 0xf7, 0x64, 0x31, 0x0f, 0xd7, 0xb1, 0xf4, 0xc0, 0xd2,
    0xfd, 0x31, 0x24, 0x2a, 0x25, 0xcc, 0xd2, 0x34, 0xe1, 0xb1, 0x00, 0xd0,
    0xdf, 0x99, 0xc5, 0xee, 0x2e, 0xdb, 0xb7, 0x0b, 0x19, 0x1b, 0xf4, 0x26,
    0x03, 0x19, 0xd5, 0xd9, 0x81, 0x9e, 0xce, 0x27, 0xf3, 0x35, 0xe6, 0xb5,
    0xd7, 0xc3, 0xea, 0xd5, 0xe8, 0xf5, 0x25, 0x1c, 0xf7, 0x18, 0xc5, 0xd7,
    0x3a, 0xc4, 0xad, 0x0a, 0x0d, 0xf3, 0xb0, 0xd5, 0xe8, 0x0f, 0x12, 0xe9,
    0x59, 0x3b, 0xe6, 0x40, 0xeb, 0x19, 0x10, 0xd4, 0x9f, 0xad, 0xbe, 0xd9,
    0x21, 0xde, 0x19, 0x16, 0xd1, 0xbd, 0xf0, 0xf3, 0xf0, 0x0f, 0x28, 0xfa,
    0x11, 0x28, 0xe8, 0x51, 0x33, 0xf4, 0xc6, 0xe1, 0x0e, 0x11, 0xf5, 0x3a,
    0x40, 0x15, 0x1b, 0xcd, 0xe6, 0xaf, 0xd3, 0xa3, 0xdd, 0x81, 0xee, 0xc4,
    0xe0, 0x05, 0xe5, 0xef, 0xf9, 0xa6, 0xbd, 0xb1, 0xf8, 0xd8, 0xb2, 0xb0,
    0xc1, 0xd3, 0xd2, 0xe8, 0xde, 0xec, 0x19, 0xe8, 0xe9, 0xca, 0x03, 0x1f,
    0xf6, 0x20, 0xae, 0x05, 0xc9, 0xef, 0x0f, 0x11, 0xfe, 0xf0, 0xb3, 0xe2,
    0xd8, 0xd8, 0xb6, 0xbd, 0x35, 0xdf, 0x02, 0xf5, 0xdb, 0x11, 0xe6, 0x2b,
    0x23, 0xd9, 0x3a, 0xe7, 0xfa, 0xf7, 0x23, 0xe3, 0x06, 0xe6, 0x1e, 0x1b,
    0x01, 0x29, 0xec, 0xe3, 0x02, 0xdc, 0x26, 0x03, 0x37, 0xe9, 0x17, 0x25,
    0xdd, 0x1f, 0x1b, 0x00, 0xee, 0xd8, 0xd2, 0xf4, 0x1c, 0x0f, 0x37, 0xfa,
    0xec, 0xe6, 0xff, 0x17, 0x3d, 0x48, 0xea, 0x1d, 0x52, 0x15, 0xd6, 0xde,
    0xf7, 0xf4, 0xcd, 0xcc, 0xed, 0x0b, 0x42, 0x2f, 0x29, 0xe4, 0xef, 0xe2,
    0x20, 0x04, 0xf3, 0x11, 0x36, 0xfa, 0x16, 0xdc, 0x07, 0xda, 0x35, 0xe8,
    0x27, 0x2e, 0x41, 0x35, 0x4f, 0x43, 0x39, 0x53, 0x1c, 0x11, 0x1d, 0x46,
    0x41, 0x12, 0x1c, 0xfa, 0xf8, 0x18, 0xe1, 0x46, 0x4e, 0xf4, 0xf7, 0x06,
    0xe9, 0x09, 0x16, 0x00, 0x0d, 0xe9, 0x57, 0xed, 0x11, 0xf3, 0xe9, 0x29,
    0x45, 0xf7, 0xea, 0xf9, 0x1c, 0x04, 0x28, 0x0a, 0xf6, 0x1b, 0xf2, 0x62,
    0x5f, 0x54, 0xf8, 0x18, 0x35, 0x29, 0x0c, 0x3a, 0x54, 0x22, 0x44, 0x28,
    0xf5, 0x40, 0xe1, 0x19, 0x12, 0x5c, 0x0a, 0x5f, 0x56, 0xfb, 0x05, 0x12,
    0x1e, 0xdf, 0xe0, 0x2f, 0xfa, 0x33, 0x34, 0x61, 0x35, 0xee, 0xd1, 0x0b,
    0xed, 0xee, 0xd7, 0x0e, 0x44, 0x05, 0xd8, 0x0d, 0x1b, 0xeb, 0x02, 0x21,
    0xf5, 0xcb, 0x0c, 0xf3, 0x09, 0xe7, 0x24, 0x04, 0x0a, 0x0e, 0xed, 0xed,
    0xf7, 0xa9, 0xb4, 0x9e, 0xd3, 0x00, 0x1c, 0xcd, 0x07, 0x34, 0x33, 0xf1,
    0x4e, 0x3a, 0xf7, 0x38, 0x16, 0x18, 0xca, 0x4b, 0x0a, 0xef, 0x1b, 0xfd,
    0xf8, 0x37, 0x29, 0x22, 0x1a, 0xba, 0x11, 0xb6, 0xdd, 0xe8, 0xec, 0xc7,
    0x27, 0x01, 0xc3, 0xfb, 0x87, 0xa4, 0xaa, 0xb1, 0xfe, 0x2d, 0xd0, 0x23,
    0xe7, 0x41, 0x30, 0x31, 0xfb, 0xe6, 0xdf, 0x01, 0xcd, 0xc5, 0xdb, 0x2c,
    0x0d, 0x13, 0x22, 0x06, 0xd3, 0x16, 0xda, 0x17, 0x06, 0xb1, 0xc6, 0xcb,
    0x3b, 0x1c, 0xc0, 0x32, 0xc5, 0x16, 0xe8, 0x0e, 0xc5, 0x8a, 0xb1, 0xe4,
    0xd3, 0x15, 0xeb, 0x15, 0xc7, 0xfd, 0xef, 0x4b, 0xdd, 0x3a, 0x12, 0xf4,
    0x26, 0x22, 0xae, 0x32, 0xd9, 0xd6, 0x49, 0x03, 0x0d, 0xe3, 0xe2, 0x26,
    0xc7, 0xd6, 0x26, 0xb6, 0xc8, 0xda, 0x1b, 0x37, 0xf9, 0xb9, 0xd0, 0xe6,
    0x81, 0xd0, 0xd7, 0xaa, 0xe5, 0xa5, 0xe7, 0xbf, 0x02, 0xca, 0x45, 0x13,
    0x3a, 0x12, 0x13, 0xd3, 0x18, 0xf3, 0xdb, 0xb9, 0x20, 0x39, 0xe4, 0xf0,
    0xfb, 0xb0, 0xc2, 0x0d, 0xe9, 0x19, 0xf7, 0xcc, 0x0d, 0xc1, 0xc1, 0x0f,
    0xd9, 0x05, 0xe7, 0xfb, 0xb1, 0x9a, 0x02, 0xb3, 0x0a, 0x0a, 0x2a, 0x11,
    0xcf, 0xca, 0xf6, 0xd4, 0xbf, 0xd8, 0xc1, 0x14, 0xcb, 0xec, 0xdc, 0xc4,
    0xd8, 0xd6, 0xc6, 0x10, 0xcf, 0xd9, 0x11, 0x1b, 0x23, 0xed, 0x29, 0x01,
    0xf9, 0x14, 0xec, 0xf9, 0xe9, 0x0b, 0x08, 0x0e, 0x0d, 0xdd, 0x13, 0xd5,
    0xf8, 0x28, 0x34, 0xf7, 0x02, 0xe7, 0xf7, 0xe0, 0x13, 0xf7, 0x16, 0x0a,
    0x03, 0xe2, 0x15, 0xf0, 0xe1, 0x1a, 0xe3, 0xe5, 0xbb, 0x03, 0xec, 0x3a,
    0x34, 0x28, 0xf9, 0x2d, 0xf7, 0x20, 0x01, 0xe1, 0xcf, 0x0b, 0x07, 0xf8,
    0x04, 0x2c, 0x29, 0x07, 0xed, 0x37, 0xed, 0xf4, 0x0b, 0x0c, 0x14, 0x0f,
    0xcd, 0x1d, 0x05, 0xf6, 0xed, 0xe0, 0xdc, 0xfd, 0xfa, 0x07, 0xd8, 0x18,
    0xe2, 0x04, 0x3e, 0x1a, 0x67, 0x63, 0x47, 0x08, 0x1d, 0x38, 0x4a, 0xf0,
    0x28, 0x42, 0xf0, 0x0a, 0x25, 0x1c, 0x23, 0xfe, 0x02, 0x07, 0x19, 0xe6,
    0xfb, 0x15, 0x2b, 0x0a, 0xf1, 0x28, 0x12, 0xe4, 0xf5, 0xeb, 0xe6, 0x22,
    0x1f, 0x33, 0x21, 0x1f, 0xf5, 0xfb, 0x22, 0x1e, 0x29, 0x7f, 0x5a, 0x46,
    0x1e, 0x5c, 0x39, 0x3d, 0x48, 0x22, 0x46, 0x08, 0x2f, 0x1b, 0x4e, 0x50,
    0x29, 0xf9, 0x31, 0x03, 0x0c, 0xe6, 0x26, 0xf0, 0x17, 0x2c, 0xec, 0x1d,
    0x12, 0x26, 0xed, 0x03, 0x1d, 0xdf, 0xe9, 0x01, 0xf0, 0xf4, 0x14, 0x08,
    0x45, 0x36, 0x11, 0xe6, 0x34, 0x07, 0x32, 0x25, 0xf8, 0x09, 0x52, 0x04,
    0xf6, 0x41, 0x43, 0x18, 0xc1, 0xd9, 0xe3, 0xd2, 0xa6, 0xaa, 0x20, 0xfd,
    0xd5, 0xbd, 0xc1, 0x00, 0xd2, 0x22, 0x19, 0xdd, 0xd5, 0x2c, 0x0a, 0x11,
    0x04, 0xd7, 0xa5, 0xab, 0xad, 0xc9, 0xc3, 0xec, 0x97, 0xff, 0xa5, 0xef,
    0x9f, 0xdc, 0xc8, 0xe9, 0xcb, 0xd7, 0xdd, 0xbf, 0xa4, 0xb3, 0x9e, 0xf5,
    0xc8, 0x13, 0xe7, 0xe6, 0xd6, 0x39, 0xe7, 0x3f, 0x14, 0xf3, 0x21, 0xf9,
    0x2f, 0x12, 0x5c, 0xcf, 0xff, 0xfb, 0xdf, 0xc6, 0xb9, 0x0e, 0xe5, 0x1b,
    0xb9, 0x27, 0x05, 0xe3, 0x25, 0x27, 0x21, 0x21, 0xef, 0x3e, 0x1f, 0x1b,
    0x81, 0xb8, 0xdf, 0xc6, 0x0e, 0x13, 0xd8, 0xe8, 0x29, 0xf4, 0x2d, 0x23,
    0x27, 0xe7, 0x32, 0x03, 0x0a, 0x05, 0x19, 0xec, 0x19, 0x26, 0x01, 0x15,
    0xc9, 0xbf, 0xdf, 0xca, 0x38, 0x26, 0x1a, 0x3b, 0xda, 0x2e, 0x3d, 0x2b,
    0x4d, 0x65, 0x1f, 0x39, 0xd0, 0x92, 0xa0, 0xae, 0xf5, 0x35, 0x11, 0xbc,
    0xd8, 0xca, 0xc1, 0x30, 0xfb, 0xc6, 0x0d, 0xdf, 0xfa, 0xe9, 0x42, 0x50,
    0x56, 0xed, 0xf3, 0x4a, 0xe7, 0x33, 0x55, 0x50, 0x42, 0x51, 0x48, 0x2c,
    0x08, 0x31, 0x62, 0x53, 0x6f, 0x15, 0x72, 0x04, 0xf5, 0xb7, 0xd5, 0x13,
    0xbd, 0xe4, 0x16, 0x13, 0x13, 0x1f, 0xdd, 0x08, 0x1f, 0x0f, 0x43, 0x37,
    0x38, 0x17, 0xdd, 0xe7, 0x0c, 0xfa, 0xe6, 0x4e, 0xdc, 0xfe, 0x25, 0x19,
    0x02, 0x5d, 0xe9, 0x00, 0x69, 0x23, 0x11, 0x16, 0x0b, 0x46, 0x52, 0x23,
    0x27, 0xc9, 0x21, 0x18, 0xc5, 0x20, 0xbb, 0xef, 0xd5, 0x11, 0x2e, 0xf3,
    0xe8, 0x34, 0x2c, 0xc5, 0xc0, 0x11, 0xe5, 0xdf, 0xc7, 0xfd, 0x20, 0x13,
    0xde, 0x3b, 0xda, 0xed, 0xf6, 0xff, 0x06, 0x0b, 0xc3, 0x01, 0x2b, 0x17,
    0x02, 0x3a, 0x00, 0x4f, 0xfe, 0x1d, 0x48, 0x23, 0xd8, 0x1c, 0xe8, 0xe6,
    0xfd, 0x1d, 0xf1, 0x3a, 0xe1, 0x18, 0x48, 0xd9, 0xe5, 0x15, 0xc9, 0x10,
    0xb8, 0xc7, 0x0f, 0xd7, 0x04, 0x1f, 0x35, 0x35, 0x16, 0xe4, 0xf2, 0xd2,
    0x1b, 0x27, 0x17, 0x34, 0x0d, 0x53, 0x0b, 0x57, 0xf6, 0x1a, 0xfa, 0x11,
    0xdc, 0x32, 0xd6, 0x03, 0xe0, 0x29, 0x10, 0x08, 0xfc, 0x40, 0x20, 0x4d,
    0x06, 0x23, 0xde, 0x0c, 0x28, 0x02, 0xf9, 0x18, 0xf7, 0x0e, 0x28, 0xda,
    0x05, 0x10, 0x2d, 0x1d, 0xe9, 0x37, 0x26, 0x42, 0x2c, 0x6f, 0x6b, 0x16,
    0x0a, 0x5a, 0x5b, 0xf9, 0x13, 0xfb, 0x25, 0xca, 0xc9, 0x44, 0x33, 0x32,
    0x43, 0x64, 0x20, 0xe9, 0x19, 0xd4, 0x15, 0x08, 0x00, 0xf4, 0x24, 0x05,
    0x03, 0x0d, 0xda, 0xdd, 0x1a, 0xf6, 0x31, 0x14, 0xf5, 0x4b, 0x24, 0xff,
    0x51, 0x58, 0x52, 0x19, 0x0c, 0x52, 0x0b, 0x35, 0x46, 0x22, 0x30, 0xf5,
    0x47, 0x2c, 0x19, 0x15, 0x28, 0x2e, 0x26, 0x6a, 0x58, 0x3e, 0x1c, 0x35,
    0x2a, 0xfd, 0xf6, 0x29, 0x52, 0x13, 0x32, 0x04, 0x36, 0xee, 0x5e, 0x09,
    0x23, 0x6c, 0x36, 0x76, 0x5c, 0x22, 0x0e, 0x7f, 0x0f, 0x46, 0x2d, 0x33,
    0xda, 0x1d, 0xd9, 0xf8, 0xea, 0xf7, 0xee, 0x17, 0x41, 0x13, 0x49, 0xd6,
    0xbb, 0xf4, 0x9d, 0x36, 0x1c, 0x36, 0x37, 0xfd, 0xf9, 0x01, 0xcc, 0x51,
    0xd5, 0xe9, 0xd9, 0xf5, 0xf9, 0xca, 0x07, 0xf6, 0xc4, 0x33, 0x44, 0x0c,
    0xd0, 0x55, 0x55, 0xf4, 0x2f, 0xff, 0x2b, 0x22, 0xd9, 0xb0, 0xe0, 0xb6,
    0xcf, 0x10, 0x07, 0xe0, 0xb6, 0x99, 0xb4, 0xef, 0xd0, 0xdf, 0x2b, 0x31,
    0x11, 0x1b, 0x09, 0xfe, 0x10, 0xff, 0xe4, 0xc0, 0x10, 0xa0, 0x1b, 0xdb,
    0xc4, 0xc0, 0xe5, 0xc5, 0x4a, 0x53, 0x3a, 0xd8, 0xa6, 0xe4, 0x0d, 0x82,
    0xb8, 0xd3, 0x88, 0xe6, 0xca, 0x19, 0xb5, 0xe4, 0xaf, 0x06, 0xe3, 0x19,
    0xc1, 0xd9, 0xe9, 0x2d, 0xef, 0x03, 0xc0, 0xcb, 0xfa, 0x0d, 0xca, 0xc0,
    0xb7, 0xa0, 0xe2, 0xcc, 0xf2, 0xc5, 0xcb, 0x16, 0x47, 0x38, 0xda, 0xde,
    0xc7, 0xb6, 0xe0, 0xff, 0xde, 0xb7, 0xd8, 0x0c, 0xe7, 0x07, 0x1d, 0x2c,
    0x1e, 0x3b, 0x19, 0xcf, 0xee, 0x17, 0x1f, 0x69, 0x21, 0xfe, 0x6b, 0x0a,
    0x06, 0xef, 0xfd, 0x0b, 0x4e, 0xfa, 0xfe, 0x1d, 0xde, 0xe2, 0x44, 0x5e,
    0x30, 0x27, 0xe6, 0x50, 0xe9, 0x3d, 0x46, 0x20, 0xfa, 0xb3, 0xf3, 0x5b,
    0x0b, 0x36, 0x1d, 0x6b, 0x7c, 0x5b, 0x76, 0x65, 0x4d, 0x52, 0x28, 0x65,
    0x7a, 0x26, 0x7f, 0x54, 0x3d, 0x7d, 0x4f, 0x59, 0x31, 0xdf, 0x55, 0x68,
    0x4e, 0x0f, 0x04, 0x1c, 0x1c, 0x4b, 0x31, 0xfa, 0x1b, 0x15, 0x1f, 0xf2,
    0x27, 0x39, 0xef, 0x03, 0xf8, 0x12, 0x12, 0xda, 0x38, 0x32, 0x06, 0x21,
    0x11, 0x21, 0xc8, 0xdb, 0xc7, 0xf3, 0xf8, 0xf9, 0x08, 0xbd, 0xf9, 0xf1,
    0xdd, 0xca, 0x08, 0xb9, 0xed, 0xbf, 0xb9, 0x21, 0x16, 0xf3, 0x09, 0xec,
    0x37, 0x62, 0x24, 0x08, 0x6c, 0x2c, 0x1f, 0x4c, 0x3d, 0x1c, 0x0b, 0x46,
    0x56, 0x32, 0x0d, 0x06, 0x07, 0xfd, 0x1d, 0x26, 0x36, 0x03, 0x09, 0xd4,
    0x2f, 0x05, 0x0b, 0xfa, 0xe4, 0xe6, 0x15, 0x38, 0x2e, 0xf2, 0xc2, 0x1a,
    0xfd, 0xed, 0x09, 0x18, 0x1c, 0x09, 0x61, 0x6a, 0x7f, 0x0d, 0x59, 0x3b,
    0xf5, 0x4c, 0x43, 0x53, 0x12, 0xfd, 0x04, 0x28, 0xec, 0x13, 0x3e, 0x18,
    0xee, 0xf9, 0x1d, 0x27, 0xf4, 0x03, 0x42, 0xe0, 0x30, 0x0f, 0x21, 0x21,
    0x17, 0xdd, 0xc9, 0x24, 0x3c, 0x22, 0xd5, 0x07, 0x1d, 0x26, 0x12, 0x26,
    0x74, 0x22, 0x16, 0x1f, 0xfc, 0x07, 0xef, 0x26, 0xef, 0x07, 0x39, 0xd5,
    0xf4, 0x0c, 0x1e, 0xe7, 0x34, 0xde, 0xf9, 0x15, 0x18, 0x00, 0x10, 0xec,
    0x0d, 0x4d, 0x48, 0x3f, 0xfe, 0xd6, 0x02, 0xf2, 0xe0, 0x13, 0xc6, 0x0b,
    0x21, 0x2d, 0x20, 0x0b, 0x1b, 0x57, 0x40, 0x0c, 0x01, 0x0a, 0xf8, 0xea,
    0xf4, 0x34, 0xd0, 0x0d, 0xe1, 0xea, 0xf0, 0xf9, 0xdc, 0x18, 0x08, 0x16,
    0xd7, 0x45, 0x43, 0x0e, 0x26, 0x1c, 0x65, 0x47, 0x3d, 0x06, 0xd2, 0x18,
    0x28, 0x21, 0x20, 0x07, 0xea, 0xfb, 0xb8, 0xe8, 0x26, 0x3c, 0x07, 0x29,
    0x22, 0x7f, 0x3d, 0x17, 0x37, 0x11, 0xff, 0xcd, 0x01, 0xfe, 0xfe, 0xdb,
    0xc5, 0xff, 0xd9, 0x01, 0x09, 0x4e, 0x02, 0x29, 0xe9, 0x26, 0xdd, 0x09,
    0xe8, 0x4a, 0x24, 0x1b, 0xfe, 0x3e, 0x3f, 0x01, 0x2b, 0xe4, 0x04, 0x29,
    0xe5, 0x2c, 0x51, 0x3e, 0x1c, 0x76, 0x45, 0x55, 0x66, 0xf5, 0x2a, 0x2a,
    0xcc, 0x1d, 0x0d, 0x1e, 0x41, 0xfa, 0x21, 0xf1, 0x12, 0xeb, 0xe2, 0x0d,
    0x13, 0xda, 0xd4, 0x46, 0x50, 0xfe, 0x00, 0xe0, 0xf1, 0xff, 0xd9, 0x4a,
    0xe4, 0x1c, 0xbb, 0xf8, 0x39, 0x42, 0x71, 0xfb, 0x5d, 0x13, 0x79, 0x4d,
    0x4c, 0xdb, 0xfe, 0xbb, 0x18, 0x1c, 0xcf, 0xe1, 0x01, 0x08, 0x0a, 0x0a,
    0x49, 0x1f, 0xfd, 0x46, 0x32, 0x1c, 0x16, 0x0c, 0x0a, 0x18, 0x18, 0x0e,
    0xc0, 0xe1, 0xfd, 0x19, 0x01, 0x21, 0xdd, 0xd7, 0x14, 0xff, 0x5a, 0x49,
    0xf8, 0x44, 0x34, 0x2e, 0xf8, 0xec, 0xfd, 0xdc, 0xed, 0xbe, 0x29, 0x01,
    0x00, 0x27, 0x0d, 0xd9, 0x25, 0x4d, 0x56, 0x3c, 0x23, 0xe8, 0x23, 0xf9,
    0x3d, 0x44, 0x31, 0xe6, 0x29, 0x40, 0xc3, 0x34, 0xff, 0xae, 0xc2, 0xc7,
    0xf2, 0x07, 0xfe, 0x1e, 0xee, 0x05, 0x54, 0x0e, 0x02, 0xe6, 0xe6, 0xdd,
    0xb3, 0xa4, 0xb7, 0xe1, 0x34, 0xdc, 0xf2, 0x36, 0xe9, 0x31, 0x19, 0x2f,
    0x11, 0x10, 0xf7, 0xc8, 0x42, 0x13, 0xfa, 0xe7, 0xb1, 0x14, 0xfe, 0xd9,
    0xca, 0xc2, 0xba, 0xaf, 0xce, 0xc1, 0x08, 0x2b, 0xed, 0x2b, 0xf0, 0x08,
    0x3d, 0x11, 0x51, 0x2f, 0xf7, 0xfa, 0xb5, 0xca, 0x00, 0x1f, 0x17, 0x10,
    0x16, 0x0a, 0x08, 0x43, 0x23, 0x17, 0x0b, 0xd9, 0xee, 0x1c, 0x50, 0x0c,
    0xe5, 0xff, 0xb7, 0xf0, 0xca, 0x15, 0xe2, 0x0d, 0x9d, 0xba, 0xe1, 0xee,
    0x31, 0xee, 0x19, 0x2e, 0x23, 0x3e, 0x23, 0xcb, 0xbc, 0xed, 0xd4, 0xf0,
    0x20, 0xf5, 0x23, 0x39, 0xec, 0xcc, 0x42, 0x1a, 0x28, 0x1f, 0x14, 0xf3,
    0x3c, 0x2c, 0xef, 0x2b, 0x07, 0xc7, 0x81, 0xd6, 0xe7, 0xbd, 0x07, 0xad,
    0x06, 0xd9, 0x1d, 0xe4, 0x40, 0x30, 0xf2, 0x20, 0x3c, 0xff, 0x29, 0xe9,
    0x03, 0xbf, 0x05, 0xd3, 0xa9, 0x04, 0x1a, 0xdf, 0x01, 0xd5, 0xfb, 0xdd,
    0x26, 0xd6, 0xfd, 0xf0, 0xd3, 0x02, 0x0a, 0xf7, 0xce, 0xd1, 0xe2, 0xb6,
    0xea, 0xd0, 0xea, 0xb9, 0xbf, 0xeb, 0xd8, 0x00, 0xdb, 0xdd, 0x10, 0x4c,
    0x32, 0x21, 0x34, 0xca, 0x06, 0x02, 0x8b, 0xf2, 0xdd, 0x0b, 0xae, 0x07,
    0xbe, 0xbb, 0x2c, 0xf7, 0xd6, 0xec, 0xce, 0xc3, 0x16, 0xed, 0xee, 0x9b,
    0x90, 0xed, 0xee, 0x87, 0xc5, 0xc8, 0x03, 0xe6, 0xc5, 0x24, 0xdb, 0xeb,
    0x4e, 0x18, 0xf3, 0x55, 0xe6, 0x27, 0x26, 0xff, 0xfd, 0xd5, 0xe5, 0xdc,
    0xdf, 0xbd, 0xb5, 0x27, 0xcd, 0xd4, 0xdf, 0xbc, 0xbf, 0x03, 0xe6, 0xd8,
    0xb8, 0xd6, 0xd3, 0xc7, 0xfd, 0xbf, 0xb8, 0xea, 0xab, 0xca, 0xf3, 0x10,
    0x0f, 0xd9, 0xb4, 0xd0, 0x1f, 0xcf, 0x0f, 0xe4, 0x3d, 0xcf, 0x32, 0x33,
    0xd9, 0xc4, 0xad, 0xd9, 0xcd, 0xad, 0xcf, 0x12, 0xaf, 0xed, 0xc7, 0xe5,
    0xfd, 0xb0, 0xf1, 0xf4, 0x03, 0xbe, 0xb6, 0xba, 0x4b, 0x1a, 0xf7, 0x20,
    0x08, 0xee, 0xf7, 0xc6, 0xf4, 0x13, 0xe1, 0xb5, 0xed, 0xce, 0x05, 0xee,
    0x3b, 0x43, 0x1e, 0x4b, 0xfc, 0x24, 0xe5, 0xfc, 0x9f, 0xac, 0x15, 0xf4,
    0xf8, 0x28, 0x27, 0x1c, 0xc1, 0xe8, 0xff, 0xcc, 0xd1, 0xbd, 0xda, 0xcd,
    0x26, 0x03, 0x0f, 0xfd, 0xf2, 0x2e, 0xd3, 0xeb, 0x16, 0xb4, 0xd9, 0xc4,
    0xf8, 0xf4, 0x07, 0xd7, 0x1d, 0x11, 0x0b, 0x25, 0x11, 0xf3, 0xde, 0xcc,
    0x02, 0xef, 0x02, 0xe8, 0xf8, 0xda, 0x2b, 0xfd, 0x01, 0x0d, 0x23, 0xd4,
    0xb0, 0x9d, 0xdf, 0x10, 0x3b, 0xad, 0xfa, 0x1d, 0xdb, 0x39, 0x30, 0x22,
    0xd3, 0xe4, 0xd9, 0xe3, 0xc7, 0x25, 0x32, 0x43, 0xf8, 0x53, 0x4f, 0x5e,
    0xfe, 0x40, 0x04, 0xed, 0xac, 0xe8, 0xd6, 0x14, 0x13, 0x29, 0x31, 0xb8,
    0x21, 0x28, 0x01, 0x12, 0x16, 0xa3, 0xa4, 0xb1, 0xe9, 0xbd, 0x50, 0xff,
    0x24, 0x3d, 0xfa, 0x10, 0x0f, 0xe1, 0xe0, 0xfb, 0xc8, 0xdc, 0xf0, 0x0d,
    0x57, 0x4c, 0x17, 0x4d, 0x24, 0x2f, 0x1c, 0xe1, 0xd5, 0xbd, 0x0f, 0x12,
    0xe0, 0xe5, 0x37, 0x10, 0x2b, 0x21, 0x3c, 0x21, 0xd1, 0xdb, 0x81, 0xa7,
    0x00, 0xcc, 0xeb, 0x1f, 0xf5, 0xbb, 0xc7, 0xdb, 0x07, 0xc3, 0xc0, 0x02,
    0xc0, 0xd9, 0xd5, 0x32, 0xed, 0x16, 0x34, 0x0b, 0x2f, 0xe9, 0x1d, 0x10,
    0x3f, 0x1c, 0x54, 0xef, 0x23, 0x36, 0x40, 0x29, 0xec, 0xec, 0x33, 0x3d,
    0xe5, 0xff, 0x3a, 0x2a, 0xfe, 0xda, 0x1f, 0xff, 0xe3, 0x1c, 0xf9, 0xfe,
    0xc2, 0x05, 0xef, 0xd4, 0xed, 0x00, 0x02, 0x2b, 0x02, 0x12, 0xfc, 0x14,
    0x14, 0x12, 0xea, 0x01, 0x20, 0x23, 0x19, 0xf3, 0xd9, 0xf0, 0x39, 0x29,
    0x03, 0x11, 0x26, 0x01, 0x25, 0x1b, 0xeb, 0x50, 0x07, 0x32, 0xec, 0x17,
    0x17, 0xe4, 0x04, 0xd5, 0xed, 0xdb, 0xf5, 0xf1, 0xd3, 0x03, 0xf0, 0x21,
    0x5c, 0x38, 0x22, 0x0a, 0xed, 0x17, 0xf1, 0xcc, 0xee, 0xed, 0x26, 0xf7,
    0xcc, 0xf4, 0xf6, 0xff, 0xef, 0xe4, 0x1c, 0x37, 0x0a, 0x1c, 0xf8, 0x35,
    0x24, 0x00, 0x2e, 0x27, 0x19, 0x0d, 0xf7, 0x25, 0x17, 0xfb, 0xfb, 0x1e,
    0x0a, 0x2a, 0x37, 0x63, 0x51, 0x1f, 0x16, 0x40, 0x0e, 0xdc, 0xcd, 0xaa,
    0xae, 0xec, 0xc7, 0xfd, 0xc3, 0xf2, 0x17, 0xfc, 0xed, 0xdd, 0xe9, 0x00,
    0x2c, 0xd2, 0x10, 0x24, 0xec, 0x0a, 0x07, 0xe8, 0x11, 0xfd, 0x01, 0x20,
    0xf8, 0xeb, 0xe2, 0x3d, 0x2e, 0x54, 0x42, 0x3e, 0x12, 0x4a, 0x0b, 0x2c,
    0xe4, 0x02, 0xcf, 0xc6, 0x81, 0xa5, 0xfc, 0x08, 0xdd, 0xd7, 0x08, 0xf7,
    0xde, 0x08, 0x24, 0xfb, 0xe6, 0xd1, 0xd7, 0x22, 0x25, 0x1d, 0x0d, 0x91,
    0xc7, 0xc5, 0x13, 0xbf, 0x01, 0xcb, 0xaf, 0x04, 0xf8, 0x0a, 0x26, 0x29,
    0x44, 0x0b, 0x69, 0x5d, 0xf4, 0x56, 0x38, 0x58, 0x70, 0x3e, 0x33, 0x4e,
    0x00, 0x1c, 0x26, 0x14, 0x0d, 0x2f, 0xf8, 0x61, 0xe2, 0x64, 0x73, 0x7b,
    0xb4, 0xde, 0xf3, 0xba, 0x95, 0x2b, 0xfb, 0x0c, 0xb2, 0xe8, 0x2f, 0xf9,
    0xd5, 0x1f, 0xb6, 0x07, 0xc6, 0x12, 0x20, 0xf3, 0xc8, 0x27, 0x0a, 0x23,
    0x03, 0x14, 0xea, 0xe5, 0xe9, 0x4e, 0x15, 0x2d, 0xd5, 0xf0, 0x47, 0x45,
    0x07, 0x34, 0xcb, 0x3b, 0xf9, 0x98, 0x11, 0xce, 0xc4, 0xe0, 0xe5, 0xe7,
    0x28, 0xe4, 0xfe, 0xaa, 0x02, 0xf1, 0xa7, 0xc0, 0x31, 0x23, 0x25, 0x02,
    0xcf, 0xb1, 0xe9, 0xfb, 0x04, 0x13, 0xb5, 0x0f, 0x29, 0xc9, 0x38, 0x41,
    0xcb, 0xea, 0x2c, 0xb7, 0xf8, 0x0e, 0xba, 0xec, 0xa5, 0x9b, 0xdd, 0x90,
    0x95, 0xb0, 0xf3, 0xad, 0xf4, 0x3d, 0xae, 0xfc, 0xc2, 0x0c, 0xd3, 0xcb,
    0xe1, 0x31, 0xd6, 0xfb, 0xf8, 0x9f, 0xa0, 0x01, 0xcc, 0x08, 0xb2, 0x2d,
    0xf9, 0xbf, 0xf0, 0xba, 0xe0, 0x31, 0xdc, 0x2a, 0xb5, 0x95, 0x21, 0xd9,
    0xfa, 0xc9, 0x05, 0xe3, 0x81, 0xf7, 0xb6, 0x10, 0xc2, 0x1b, 0x39, 0xbb,
    0xdd, 0x29, 0xf7, 0xe1, 0x28, 0xb2, 0xe3, 0xd2, 0x19, 0xbe, 0xce, 0x94,
    0xfd, 0xa2, 0x13, 0xcb, 0xe2, 0xb4, 0xc5, 0xef, 0x13, 0xb9, 0xdb, 0xf4,
    0xe3, 0x02, 0x26, 0xb2, 0x11, 0xe3, 0xd7, 0xfe, 0xb9, 0x0c, 0x02, 0xf2,
    0x00, 0x28, 0xf1, 0xfa, 0xa7, 0xfc, 0xc5, 0x42, 0x64, 0x4e, 0x31, 0x1d,
    0x3a, 0xe8, 0xd1, 0xff, 0x13, 0xf2, 0x24, 0x3e, 0x1e, 0x20, 0xfc, 0x30,
    0x3a, 0x1e, 0xe8, 0xe0, 0xfc, 0xd1, 0x19, 0xf4, 0xe9, 0xef, 0x1c, 0x09,
    0xe3, 0x25, 0x07, 0x30, 0xf9, 0xec, 0xf4, 0x14, 0xce, 0xfd, 0xf5, 0x2a,
    0x33, 0x21, 0x09, 0x49, 0x09, 0x28, 0xde, 0xf8, 0x0b, 0xdb, 0x45, 0xf2,
    0x00, 0xff, 0x49, 0xfb, 0x47, 0x03, 0x10, 0xe2, 0xfa, 0xb2, 0x11, 0x04,
    0x02, 0xb6, 0xdb, 0xdf, 0xe1, 0x3a, 0x5d, 0x30, 0xdd, 0x33, 0xf8, 0xde,
    0xef, 0x24, 0xdf, 0x43, 0x14, 0x15, 0x38, 0x65, 0x33, 0xea, 0x19, 0x03,
    0x03, 0xd9, 0x28, 0xf6, 0xcb, 0xda, 0xf2, 0xf4, 0xe5, 0x00, 0x41, 0x22,
    0xe8, 0xb6, 0x0e, 0x1d, 0xe2, 0xd9, 0xff, 0x04, 0xff, 0x49, 0x44, 0x2b,
    0xe0, 0x2f, 0xb9, 0xf8, 0x09, 0x05, 0x1c, 0x35, 0x5b, 0x35, 0x33, 0x53,
    0x17, 0x33, 0xce, 0xd1, 0xb7, 0x00, 0xe9, 0xe8, 0x15, 0x1e, 0x30, 0x33,
    0x04, 0xe3, 0x2c, 0x2f, 0xc2, 0xb3, 0xd9, 0x04, 0x02, 0xca, 0xdc, 0xce,
    0xee, 0x4f, 0x1c, 0x28, 0xf8, 0xda, 0x0d, 0x18, 0x1f, 0x19, 0x29, 0x34,
    0xfb, 0x19, 0x35, 0x1e, 0x31, 0x2d, 0xcf, 0xf0, 0xae, 0xb6, 0xf7, 0xea,
    0xdd, 0xfd, 0x14, 0x0c, 0xeb, 0x19, 0xe9, 0xff, 0xc0, 0x81, 0xb8, 0xda,
    0xec, 0xe3, 0x24, 0xfa, 0xfc, 0x20, 0xd6, 0xc6, 0xfb, 0xcc, 0xec, 0x02,
    0xec, 0xf8, 0xd2, 0x99, 0xac, 0xd9, 0xaf, 0xa7, 0xf3, 0x0d, 0x53, 0x21,
    0x21, 0x06, 0xfb, 0x1f, 0x34, 0xed, 0x16, 0x14, 0x1f, 0xd9, 0xf7, 0x07,
    0x2b, 0xf9, 0xec, 0x1d, 0xd1, 0x2e, 0x16, 0x0f, 0x0e, 0xe3, 0x27, 0xec,
    0xd8, 0x02, 0x0b, 0xd1, 0xd8, 0x03, 0xad, 0xf4, 0xde, 0xd6, 0x81, 0xe4,
    0x05, 0x1a, 0x1e, 0x51, 0x26, 0x0e, 0xda, 0xdd, 0xe2, 0xe4, 0x34, 0xe3,
    0x21, 0xf3, 0x32, 0x3d, 0xe8, 0xf8, 0xea, 0x10, 0xe8, 0x01, 0xe3, 0xf5,
    0xd4, 0x20, 0x19, 0xeb, 0xf5, 0xbb, 0xea, 0xe1, 0x1d, 0xd9, 0xaa, 0xa2,
    0xdc, 0xa9, 0x8c, 0xa8, 0xea, 0xf8, 0x31, 0x45, 0x34, 0x0a, 0x38, 0x15,
    0xd8, 0xe1, 0xe0, 0xc8, 0xe1, 0x0b, 0xd5, 0x0f, 0x2f, 0x29, 0x2c, 0xfe,
    0xe9, 0xdc, 0xfa, 0xfe, 0x1e, 0x17, 0xc7, 0xfc, 0xda, 0x0b, 0xbc, 0xc4,
    0x1b, 0xc4, 0xbe, 0xa8, 0xe5, 0xc3, 0xad, 0xe3, 0xd7, 0x19, 0xe1, 0xfa,
    0x15, 0x0d, 0x0e, 0x2e, 0x19, 0xd2, 0xea, 0x1b, 0x1c, 0x0e, 0xd8, 0x1e,
    0xe5, 0x0e, 0xd4, 0xe6, 0xc8, 0xe8, 0x1b, 0xcc, 0xeb, 0xe2, 0xe7, 0xc5,
    0xe4, 0xe5, 0xcf, 0xf5, 0x20, 0x2d, 0xd8, 0xc9, 0xcb, 0xb9, 0xc6, 0xe5,
    0xf2, 0xe5, 0x03, 0x29, 0x03, 0xf1, 0xdf, 0xd8, 0xeb, 0xdd, 0xc4, 0xe2,
    0x00, 0xff, 0x1e, 0xf3, 0x1d, 0x09, 0xc6, 0xea, 0x12, 0xb6, 0x8c, 0x01,
    0xc2, 0xb2, 0xea, 0x93, 0xfa, 0x9c, 0x13, 0xbf, 0xbd, 0xa9, 0xca, 0x1d,
    0xb6, 0xb1, 0xb9, 0x8c, 0xd1, 0x0f, 0xda, 0x00, 0x3a, 0xea, 0x03, 0x4a,
    0x2b, 0xd0, 0xd9, 0x35, 0xd3, 0xf1, 0xf3, 0xf1, 0xe2, 0xe9, 0x15, 0x31,
    0x0f, 0xfd, 0x05, 0xae, 0xbc, 0xee, 0x0b, 0xe4, 0xa2, 0xf5, 0xcb, 0xea,
    0x92, 0xba, 0x25, 0xca, 0x28, 0xd9, 0xf2, 0x15, 0x38, 0x45, 0x55, 0x38,
    0x42, 0x72, 0x27, 0x3d, 0xd3, 0x38, 0xe9, 0x4a, 0xe0, 0x47, 0xfd, 0xe4,
    0xf9, 0x1a, 0xe7, 0x54, 0xe6, 0xdf, 0xd7, 0xbc, 0xf3, 0x0b, 0xf9, 0xfe,
    0xd0, 0xcd, 0xcd, 0xe5, 0xc9, 0x17, 0x25, 0x49, 0xca, 0x0c, 0x38, 0x0c,
    0x40, 0x0b, 0x1a, 0xf6, 0x63, 0x7f, 0xfd, 0xeb, 0x57, 0x48, 0x50, 0x46,
    0xcb, 0x50, 0x4b, 0x12, 0x40, 0xea, 0xdc, 0x08, 0x32, 0x0e, 0xab, 0xea,
    0xf5, 0xd4, 0xe3, 0x06, 0xc8, 0x39, 0x1d, 0xbc, 0x0d, 0xc5, 0x3e, 0x2b,
    0x49, 0xd4, 0x2b, 0x1f, 0xe1, 0x47, 0x33, 0x49, 0x77, 0x31, 0xff, 0x2c,
    0xfb, 0x4a, 0xd9, 0xdb, 0x12, 0xeb, 0x2b, 0x13, 0x01, 0x55, 0x3a, 0x0d,
    0xca, 0x29, 0xd0, 0x1a, 0xfc, 0xd9, 0xa4, 0xe9, 0xf9, 0xd8, 0xdd, 0x21,
    0xe8, 0xa3, 0xe1, 0x03, 0x0d, 0x1a, 0xc5, 0x41, 0xec, 0xbe, 0x0f, 0x27,
    0xf5, 0x61, 0x48, 0x05, 0x5b, 0x4b, 0xf1, 0xde, 0x23, 0x2b, 0x06, 0xdc,
    0x3b, 0xe2, 0x2b, 0x36, 0xfe, 0x1e, 0x0b, 0x20, 0x00, 0x05, 0x32, 0x28,
    0x20, 0x2b, 0x6e, 0xf7, 0x0b, 0xff, 0x05, 0xcb, 0x19, 0xfe, 0x29, 0x13,
    0xc5, 0xa6, 0xec, 0xdc, 0x25, 0x37, 0x2a, 0x0b, 0xfc, 0xd9, 0x07, 0xc0,
    0xc6, 0x5c, 0x09, 0xad, 0x27, 0xe0, 0x09, 0x0b, 0xcc, 0x2b, 0x5f, 0x52,
    0x42, 0x1a, 0xd1, 0x40, 0x44, 0x5a, 0x06, 0xf3, 0x48, 0x00, 0xd5, 0x49,
    0xba, 0x03, 0xe5, 0x1d, 0xa4, 0x93, 0xda, 0xcf, 0xee, 0x1d, 0xdd, 0xe9,
    0x15, 0xd9, 0xc7, 0x2e, 0xe8, 0x39, 0x42, 0x30, 0x02, 0xd0, 0x1e, 0xae,
    0x1b, 0x4a, 0xdf, 0x1f, 0x19, 0x32, 0x1d, 0xe7, 0xf7, 0x2a, 0x6e, 0x59,
    0x45, 0xed, 0xef, 0xfe, 0x39, 0x20, 0xd3, 0xc7, 0xc5, 0xeb, 0xc5, 0x0c,
    0x1b, 0xca, 0xea, 0xce, 0xfc, 0x10, 0xfa, 0xb9, 0xdd, 0x2a, 0xfc, 0xae,
    0x24, 0xdf, 0x10, 0xfa, 0xf8, 0x22, 0x0c, 0x1c, 0x42, 0x04, 0xb8, 0x3b,
    0x22, 0xeb, 0x37, 0x57, 0x25, 0xce, 0x0e, 0xcb, 0xb3, 0xd7, 0x22, 0x9e,
    0xc6, 0xdf, 0xc0, 0xea, 0x0f, 0x00, 0xd6, 0x01, 0xa5, 0xd8, 0xca, 0xfb,
    0x02, 0x05, 0x05, 0xba, 0x0e, 0x32, 0xc8, 0xf7, 0xc5, 0x24, 0xf1, 0x38,
    0xd3, 0xc4, 0xc2, 0xc1, 0xeb, 0x50, 0x1e, 0x46, 0xc2, 0xf6, 0x23, 0xd1,
    0xcb, 0x22, 0xd2, 0x96, 0x81, 0x85, 0xe4, 0xb8, 0x93, 0x16, 0xd3, 0x03,
    0x9c, 0xe1, 0x9f, 0xdf, 0xc3, 0x01, 0xcf, 0xfa, 0xca, 0x16, 0x4b, 0x12,
    0xc3, 0x2e, 0x0a, 0xf5, 0x0c, 0x46, 0x58, 0x6d, 0x12, 0x44, 0x37, 0xef,
    0x1a, 0x60, 0x42, 0xc8, 0xf9, 0x00, 0xf1, 0x0e, 0xcd, 0x29, 0xf5, 0xca,
    0x0f, 0x05, 0x1c, 0xea, 0x46, 0x5b, 0x42, 0x40, 0x0f, 0x0d, 0x1b, 0x4d,
    0x40, 0x13, 0x3b, 0x32, 0x28, 0x2b, 0xe7, 0x42, 0xd2, 0x43, 0xf4, 0x45,
    0x0b, 0x1c, 0x24, 0xe4, 0x53, 0x2f, 0x2f, 0xd6, 0x29, 0xb9, 0x3e, 0xeb,
    0x4c, 0x0b, 0xd6, 0xc2, 0xd1, 0x02, 0xf6, 0x3d, 0x48, 0xbe, 0x38, 0xed,
    0x17, 0x12, 0xf4, 0xf9, 0xd6, 0xfd, 0x3b, 0x1d, 0x1e, 0x4a, 0xe7, 0xd1,
    0x2c, 0xdd, 0xf0, 0xfc, 0x00, 0xc6, 0xea, 0x21, 0x11, 0x09, 0xc8, 0xd3,
    0xdc, 0x92, 0x93, 0x0c, 0xf2, 0x10, 0xb7, 0xa5, 0x93, 0xbf, 0x10, 0x10,
    0xcb, 0xa4, 0xcb, 0xfd, 0xdf, 0x9c, 0xe5, 0xcc, 0xf7, 0xa1, 0xf1, 0xb9,
    0x29, 0x15, 0x37, 0x2a, 0x09, 0x2e, 0xa4, 0x05, 0xd2, 0x87, 0xf2, 0x09,
    0x19, 0xd7, 0x24, 0x98, 0xbd, 0xa0, 0xe4, 0xd4, 0xb7, 0xbc, 0xda, 0xb9,
    0x91, 0x16, 0x9b, 0xbf, 0x13, 0x9a, 0x81, 0xce, 0xd9, 0xef, 0x1c, 0x1f,
    0xf5, 0x14, 0x04, 0xdf, 0x6a, 0x62, 0x4e, 0xdb, 0xeb, 0xc0, 0xb3, 0xb0,
    0xc6, 0xda, 0x09, 0xfc, 0x39, 0xf0, 0xc8, 0xd1, 0xf7, 0xc3, 0x0b, 0xd1,
    0xf5, 0x30, 0x2f, 0x07, 0x05, 0xfe, 0xb9, 0x09, 0xeb, 0xd1, 0xda, 0xcb,
    0xb5, 0x20, 0x29, 0xd9, 0xf5, 0x50, 0x29, 0x4f, 0xf4, 0x46, 0x26, 0x24,
    0x33, 0x14, 0xc8, 0x4b, 0x19, 0x41, 0x7f, 0x2c, 0x5e, 0x36, 0xef, 0x35,
    0xf8, 0x21, 0xdd, 0xd0, 0xe4, 0x35, 0xfb, 0xfc, 0x35, 0x02, 0x29, 0x14,
    0x43, 0x22, 0x0f, 0x0e, 0x09, 0xd6, 0xc6, 0x0c, 0x25, 0xe1, 0xf5, 0xc5,
    0xc4, 0x27, 0xe1, 0x0e, 0x3c, 0x34, 0xca, 0x29, 0x24, 0x64, 0x1f, 0x30,
    0x3e, 0x62, 0x43, 0xf1, 0x2f, 0x02, 0xee, 0x03, 0xd9, 0x08, 0x3d, 0xe0,
    0xe0, 0x2f, 0xd1, 0x03, 0x40, 0x31, 0x02, 0x24, 0xe1, 0x37, 0xc7, 0x31,
    0x31, 0x14, 0xc5, 0xf7, 0xd4, 0x00, 0x07, 0x2d, 0xf1, 0x0e, 0xdc, 0x0e,
    0x18, 0x1d, 0x62, 0xf5, 0x00, 0xef, 0x52, 0x17, 0xd2, 0xd4, 0xe4, 0xc7,
    0xe8, 0xb3, 0xc8, 0x1d, 0xf0, 0x06, 0x1f, 0x09, 0xe7, 0xf1, 0xcb, 0xe6,
    0xe8, 0x0e, 0x9a, 0xcc, 0xf4, 0x3e, 0xb8, 0xf4, 0x00, 0x48, 0xb4, 0x19,
    0x23, 0xa6, 0xb4, 0x09, 0x02, 0x16, 0x2e, 0x05, 0x2d, 0x0e, 0xd6, 0xc9,
    0x19, 0xcf, 0xc1, 0x14, 0xb8, 0xcc, 0xb7, 0xd3, 0xdb, 0xe5, 0x19, 0xd4,
    0xa6, 0xfe, 0xe1, 0xf9, 0xf2, 0xd0, 0xd0, 0xd3, 0xf0, 0x47, 0xcb, 0xc1,
    0x0d, 0x34, 0xba, 0xea, 0x0a, 0xb6, 0xc0, 0xd8, 0x08, 0xda, 0x4c, 0x1b,
    0x00, 0xe3, 0x2d, 0xe6, 0x0a, 0x10, 0x10, 0xe7, 0xd8, 0xdf, 0xef, 0xa1,
    0x04, 0x24, 0xf1, 0xb0, 0xa0, 0xec, 0xaf, 0x93, 0xf9, 0x00, 0x92, 0xda,
    0xd8, 0x40, 0xe0, 0xa3, 0xa6, 0x0d, 0xca, 0xc4, 0x91, 0x89, 0x01, 0x37,
    0x14, 0x2f, 0x00, 0xf9, 0x34, 0xc2, 0x31, 0xd7, 0xd9, 0xf5, 0xfa, 0x41,
    0xcf, 0xc8, 0x1c, 0x36, 0xb3, 0xbb, 0xb2, 0x1f, 0x4b, 0x1d, 0xee, 0xba,
    0xb8, 0x44, 0x3b, 0x4f, 0x5b, 0xd1, 0x3a, 0x4a, 0x0b, 0x22, 0xb0, 0xd6,
    0xea, 0xf0, 0x1f, 0x35, 0xa5, 0x0a, 0xe3, 0xb9, 0xf6, 0x01, 0xb3, 0x08,
    0x2f, 0xae, 0x20, 0x15, 0x33, 0xac, 0xb5, 0x0f, 0x25, 0x0a, 0x4c, 0x68,
    0x0c, 0x5c, 0x62, 0x60, 0xfe, 0x0b, 0x36, 0x0b, 0x30, 0xcd, 0x7a, 0x7c,
    0xf0, 0x96, 0xbb, 0x9f, 0xd5, 0x08, 0x17, 0xa8, 0xf3, 0xac, 0xaf, 0x09,
    0xb7, 0x22, 0xda, 0xc7, 0x3a, 0x08, 0xd6, 0xa3, 0x2d, 0xc7, 0xeb, 0xbb,
    0xb2, 0x3a, 0x3d, 0x4b, 0xb0, 0xd6, 0x33, 0x47, 0xe7, 0x4b, 0x46, 0xd7,
    0x2d, 0xd0, 0x4b, 0x49, 0xb5, 0x34, 0x81, 0xcc, 0xa9, 0xa3, 0x2e, 0xe5,
    0x31, 0x07, 0x0a, 0xa8, 0x31, 0x31, 0xc1, 0xdb, 0xe1, 0x05, 0xcb, 0x05,
    0xe4, 0x3a, 0x9b, 0xec, 0x21, 0x47, 0x3c, 0x2c, 0xb8, 0x0d, 0xb8, 0x12,
    0xd0, 0xf4, 0x0e, 0xc3, 0x49, 0x3b, 0x26, 0x74, 0x34, 0x8b, 0x0c, 0xb3,
    0xa9, 0xd2, 0x9c, 0x9e, 0x8a, 0xaf, 0x9f, 0xa2, 0x11, 0x89, 0x87, 0xca,
    0xd8, 0x89, 0x0a, 0x86, 0xd4, 0xdb, 0xb9, 0x2c, 0xe3, 0x1f, 0x0d, 0xef,
    0xc1, 0xf4, 0x1f, 0xcc, 0x3e, 0x9a, 0x15, 0xa1, 0x2a, 0xc4, 0x07, 0x45,
    0x18, 0xa9, 0x0f, 0x0b, 0xe4, 0x31, 0x67, 0x39, 0x40, 0x50, 0x3f, 0xfa,
    0x69, 0x2f, 0x54, 0x35, 0x5e, 0x55, 0x3c, 0xe1, 0xe4, 0x23, 0x59, 0x0a,
    0x28, 0x36, 0x1f, 0x30, 0x06, 0x4b, 0x79, 0x39, 0x03, 0xd4, 0x4b, 0x7e,
    0xe5, 0x51, 0x04, 0x2d, 0xb4, 0x21, 0x2f, 0xda, 0xfd, 0xf3, 0x58, 0x45,
    0x0b, 0x29, 0xe5, 0xeb, 0x3f, 0x20, 0x5a, 0x33, 0xef, 0xe3, 0x39, 0xf2,
    0xf9, 0x1c, 0x78, 0x04, 0x4a, 0x2e, 0x00, 0x50, 0x4e, 0xfd, 0x3e, 0x55,
    0xc5, 0xfa, 0xd2, 0x25, 0x40, 0xf2, 0xd9, 0x08, 0x1d, 0xdc, 0x2b, 0xd2,
    0x4f, 0x57, 0xeb, 0xdc, 0xd7, 0xfd, 0x59, 0xf0, 0x30, 0x04, 0x7f, 0x66,
    0x01, 0xef, 0x14, 0x1e, 0x53, 0xc7, 0xff, 0xdc, 0xb8, 0xf1, 0x43, 0xee,
    0xf3, 0x21, 0x46, 0xcd, 0x1f, 0xd9, 0xde, 0xf7, 0x1a, 0xb7, 0x18, 0x0b,
    0xc1, 0xdd, 0xf8, 0x29, 0x2d, 0xe0, 0x50, 0xcc, 0xe3, 0xa4, 0x17, 0xd1,
    0x24, 0xde, 0x43, 0x40, 0xea, 0xf6, 0xea, 0xdd, 0x26, 0xac, 0x22, 0x14,
    0xb6, 0x8c, 0xc9, 0xc5, 0xb5, 0x82, 0x0c, 0xae, 0x91, 0xa5, 0xe0, 0xab,
    0x96, 0xba, 0xce, 0xf6, 0xd1, 0x22, 0x40, 0x4b, 0x46, 0x0f, 0x4e, 0x39,
    0xce, 0xb6, 0xfc, 0xba, 0x58, 0x3a, 0x52, 0x22, 0xcf, 0xb9, 0xc3, 0x22,
    0xa7, 0xaf, 0x9f, 0xde, 0xc3, 0x9b, 0xc2, 0xa0, 0x8a, 0xd7, 0xb5, 0xcc,
    0x99, 0xbf, 0xa6, 0xf7, 0x89, 0x82, 0x81, 0x9e, 0xde, 0x19, 0xbc, 0xf0,
    0xd6, 0xfb, 0x00, 0x39, 0x4f, 0xe9, 0x40, 0x15, 0x0a, 0x1e, 0x17, 0x1c,
    0x2c, 0xd2, 0x24, 0x14, 0x28, 0xfe, 0x22, 0x14, 0x34, 0x15, 0x37, 0xe8,
    0x27, 0x38, 0x34, 0x46, 0x2c, 0xee, 0x0d, 0x30, 0xda, 0x0f, 0x08, 0x49,
    0xe4, 0xe5, 0xb4, 0xd5, 0xcf, 0xf7, 0xc8, 0x54, 0xe9, 0xeb, 0x58, 0x3f,
    0x55, 0x0c, 0x33, 0x44, 0x2f, 0xb0, 0x3d, 0xf5, 0x02, 0xd0, 0x35, 0xf7,
    0x18, 0xd9, 0x49, 0x5f, 0xea, 0x5d, 0x2b, 0x30, 0xe8, 0xca, 0xe7, 0x13,
    0x0d, 0x16, 0x1c, 0x48, 0xbf, 0x04, 0xd2, 0xf4, 0x24, 0xf7, 0x14, 0x22,
    0x59, 0xe6, 0xe2, 0x07, 0x26, 0x0f, 0x33, 0xf7, 0xf0, 0xb9, 0xc3, 0xd8,
    0xfd, 0x07, 0x11, 0x00, 0xaa, 0x10, 0x29, 0x29, 0xd7, 0xf2, 0x05, 0xfe,
    0xef, 0xee, 0xc4, 0x22, 0xcd, 0x1c, 0xbd, 0x11, 0x0e, 0x42, 0xda, 0xe8,
    0x3d, 0x2b, 0x4f, 0x46, 0x53, 0xdc, 0x40, 0x56, 0x0f, 0x08, 0x3b, 0xfd,
    0xd4, 0xcb, 0x31, 0xfa, 0xde, 0xf7, 0xc8, 0xf3, 0xbb, 0xd9, 0x0b, 0x2c,
    0xe6, 0xe9, 0xb4, 0x90, 0xbc, 0xb4, 0x05, 0x1d, 0x0d, 0xc0, 0x06, 0xeb,
    0x2b, 0x6a, 0x0e, 0x41, 0xec, 0x50, 0x23, 0x25, 0x54, 0xd7, 0x01, 0x04,
    0x22, 0x1d, 0x10, 0xe0, 0x03, 0xd6, 0xcd, 0xef, 0x02, 0xb9, 0xd3, 0x99,
    0x81, 0xfc, 0xe0, 0xfb, 0xde, 0xff, 0xa5, 0x91, 0xd5, 0x99, 0x8b, 0xc4,
    0xe1, 0xb1, 0x07, 0xc7, 0x9d, 0x33, 0x10, 0xda, 0x18, 0x2b, 0xe7, 0xf0,
    0xee, 0x66, 0x26, 0x2b, 0xce, 0xd7, 0xd2, 0xc6, 0xe1, 0xab, 0xf0, 0x12,
    0x94, 0xb1, 0xc8, 0xba, 0x19, 0x36, 0x34, 0xbd, 0x1c, 0x1e, 0xd4, 0x0a,
    0xf4, 0x33, 0xb2, 0xd9, 0x0a, 0x0c, 0xc5, 0xe3, 0xb5, 0x14, 0xfd, 0xec,
    0x23, 0x07, 0xdc, 0xe5, 0x3e, 0x35, 0x36, 0x36, 0xd7, 0x18, 0xc4, 0x0e,
    0xf9, 0xce, 0xba, 0xfe, 0xa2, 0xe0, 0x20, 0x12, 0x17, 0xf6, 0x18, 0x02,
    0xc1, 0xda, 0x46, 0xbd, 0xb7, 0xf0, 0xe2, 0x06, 0xdb, 0xfd, 0xcb, 0x02,
    0x8d, 0xfe, 0x6b, 0x4b, 0x08, 0xe0, 0xe5, 0xcc, 0x51, 0x74, 0x79, 0xdf,
    0xe8, 0x3f, 0xd8, 0x2b, 0xb2, 0xad, 0xf1, 0x0d, 0xf3, 0xf9, 0xe9, 0x21,
    0xe8, 0x20, 0xd1, 0xfb, 0xc1, 0x33, 0x21, 0xc0, 0x08, 0xc0, 0x01, 0x2e,
    0xdc, 0xe4, 0x0f, 0xa6, 0xae, 0xde, 0x2b, 0x55, 0x56, 0xeb, 0xa6, 0xfe,
    0x36, 0x2d, 0x79, 0x26, 0xc7, 0xc0, 0xc0, 0x08, 0xac, 0x01, 0xdb, 0xde,
    0x9a, 0xe1, 0xae, 0xc0, 0x01, 0x43, 0xd4, 0xb1, 0x29, 0xc1, 0x06, 0xc4,
    0x13, 0xde, 0xeb, 0xf9, 0xe0, 0x23, 0xfb, 0xec, 0x27, 0xf8, 0x71, 0xd8,
    0xcf, 0xd1, 0xe8, 0xdf, 0x3a, 0x11, 0x7f, 0xd1, 0xcd, 0x3f, 0xdc, 0xe6,
    0x2c, 0xcd, 0xc9, 0xcc, 0x90, 0x99, 0xb1, 0x2c, 0x39, 0x22, 0xb5, 0xf1,
    0xb4, 0x30, 0xd1, 0x23, 0x24, 0xd9, 0x1a, 0xd6, 0x21, 0x5e, 0x11, 0xc2,
    0x9a, 0x1e, 0xde, 0xa7, 0xc0, 0xf6, 0x07, 0xbd, 0x03, 0x09, 0xf5, 0xb3,
    0x8f, 0xdc, 0xcf, 0xc2, 0x93, 0xb9, 0xaa, 0x31, 0xc6, 0x0b, 0xf4, 0x3a,
    0x9b, 0x15, 0xa0, 0x0c, 0xdb, 0xeb, 0xdf, 0x1f, 0xb3, 0x2b, 0xec, 0xbe,
    0xc7, 0xd1, 0xb6, 0xdf, 0x1b, 0x13, 0xda, 0x82, 0xf5, 0x06, 0x54, 0x47,
    0xaf, 0x08, 0xf4, 0xea, 0xb6, 0xf6, 0xb9, 0xd7, 0xbc, 0xff, 0x02, 0x44,
    0x27, 0x56, 0xf2, 0x12, 0xf3, 0xc6, 0xfc, 0xe2, 0xf6, 0x00, 0x03, 0xc1,
    0xd0, 0xf7, 0x09, 0x05, 0xc5, 0xf5, 0xec, 0xde, 0xe4, 0xf1, 0x3f, 0xe5,
    0x39, 0x07, 0x0a, 0xea, 0xd4, 0x1f, 0xef, 0xfb, 0xb2, 0xcc, 0xa4, 0xab,
    0xd6, 0x1c, 0x44, 0x0e, 0x13, 0x5f, 0x75, 0x56, 0xeb, 0xbc, 0xdc, 0xec,
    0x1b, 0xfa, 0xf1, 0xc7, 0xdd, 0xc6, 0xd6, 0x3b, 0xdb, 0x9a, 0xd1, 0x1c,
    0x27, 0xbf, 0x4a, 0x46, 0x5e, 0x78, 0x72, 0xfe, 0xec, 0x26, 0xc3, 0x20,
    0xc1, 0xb5, 0xb9, 0xe9, 0x9b, 0xc4, 0x1f, 0x69, 0x4a, 0x5e, 0xe9, 0x1f,
    0xf1, 0x3d, 0xee, 0xfe, 0x0d, 0xf7, 0xdd, 0x0c, 0x2e, 0x1d, 0x3b, 0x17,
    0xa9, 0xab, 0xbe, 0xf6, 0xfd, 0x2d, 0x2f, 0x3f, 0xc8, 0x05, 0x7f, 0x54,
    0xb7, 0x17, 0x19, 0xc8, 0x36, 0xb3, 0xc6, 0xdf, 0xc5, 0xfd, 0xc7, 0x1e,
    0x60, 0x67, 0x08, 0xf8, 0xf7, 0xbb, 0x9f, 0xf4, 0xf8, 0xd2, 0x50, 0xf2,
    0xf6, 0xe8, 0x1d, 0xdb, 0xe1, 0xd1, 0xef, 0x17, 0x5c, 0x13, 0xbd, 0xb6,
    0xdc, 0x3e, 0x43, 0x79, 0x0b, 0x01, 0x16, 0xd9, 0x5f, 0x5c, 0x42, 0xe8,
    0xf9, 0x2d, 0x53, 0x1d, 0x2a, 0x65, 0x3c, 0xd7, 0x10, 0xb5, 0x51, 0x4f,
    0x6f, 0x25, 0xd3, 0x00, 0xf9, 0x23, 0xd1, 0x37, 0xd3, 0xf2, 0x51, 0xf9,
    0x70, 0xca, 0xba, 0x2d, 0x37, 0xa7, 0xd6, 0x23, 0x1c, 0x04, 0xec, 0x05,
    0x10, 0x36, 0xfa, 0xd0, 0xfe, 0xe2, 0x40, 0xe5, 0x10, 0x19, 0x5d, 0xbe,
    0xbf, 0x22, 0x1d, 0x57, 0xe3, 0x36, 0x29, 0x5b, 0xdb, 0x4c, 0x53, 0x34,
    0x56, 0xa0, 0x3a, 0x0d, 0x40, 0xca, 0x88, 0x24, 0xd3, 0x41, 0xf8, 0x46,
    0xa9, 0x9f, 0xa8, 0x28, 0xff, 0x30, 0x42, 0xd5, 0x45, 0xbe, 0xcc, 0x1a,
    0xa9, 0x10, 0x10, 0x02, 0xe9, 0xb1, 0xbc, 0xe2, 0xc9, 0x1b, 0xea, 0x43,
    0xd2, 0x0c, 0x01, 0xca, 0x21, 0xac, 0x21, 0x35, 0x08, 0x32, 0xc6, 0xfb,
    0x9e, 0x0c, 0x06, 0xcf, 0xbf, 0xfa, 0xf3, 0x16, 0x54, 0x4a, 0x15, 0xdd,
    0x38, 0x10, 0xc5, 0xd4, 0xbe, 0xd6, 0xc5, 0x16, 0x9f, 0x81, 0xca, 0x43,
    0x19, 0x90, 0xe1, 0x40, 0xcf, 0x11, 0xf9, 0xbb, 0x23, 0xdb, 0x9b, 0xcc,
    0x01, 0xf4, 0xd8, 0xe7, 0x07, 0xbe, 0xef, 0x1b, 0x98, 0xb6, 0xd2, 0x09,
    0x2b, 0xce, 0x47, 0xf4, 0xdd, 0x44, 0x3b, 0xc7, 0x43, 0xfe, 0x45, 0x32,
    0x9c, 0xa5, 0xa6, 0x1d, 0xb9, 0xc2, 0x03, 0xec, 0x0c, 0x24, 0xd0, 0xd0,
    0x2c, 0xca, 0xba, 0x41, 0xe3, 0xff, 0x1e, 0x3a, 0xda, 0x04, 0x02, 0x64,
    0x57, 0xf5, 0x3e, 0x50, 0x57, 0x5f, 0x07, 0x1a, 0xcd, 0xc3, 0x04, 0xef,
    0xf6, 0xf8, 0xe1, 0x3f, 0x5c, 0x54, 0x77, 0x58, 0x7f, 0x26, 0x46, 0xe9,
    0x11, 0xde, 0x14, 0x25, 0xe3, 0xf6, 0x23, 0xf0, 0xf0, 0xb6, 0xe1, 0x1e,
    0x0f, 0x1b, 0x07, 0x2d, 0xee, 0x21, 0xd3, 0x1b, 0x3e, 0x3a, 0xd1, 0x11,
    0xb3, 0xd1, 0x11, 0xb8, 0xd6, 0xa9, 0xec, 0x28, 0xee, 0xfb, 0x7f, 0xf7,
    0x45, 0x4d, 0xfd, 0x26, 0xdf, 0xde, 0xd1, 0xd6, 0xfb, 0xdb, 0xcd, 0xd3,
    0x18, 0xd2, 0xfc, 0x2d, 0xbd, 0x1b, 0x25, 0x3a, 0xd2, 0x1d, 0x24, 0x0d,
    0x08, 0xf1, 0x1b, 0xde, 0x04, 0xee, 0x04, 0x93, 0xf6, 0xec, 0x8d, 0xe4,
    0x0e, 0xfb, 0x0e, 0x47, 0xdb, 0x1f, 0x14, 0xc3, 0xce, 0xf5, 0xdc, 0xcd,
    0x1f, 0x02, 0xc8, 0xe6, 0xe7, 0xe3, 0xce, 0xd2, 0xc3, 0xaf, 0xbd, 0xf5,
    0xf0, 0xa8, 0x09, 0x09, 0x06, 0xf7, 0x1e, 0x05, 0xd4, 0xe6, 0xbb, 0xe1,
    0xd9, 0x93, 0x87, 0xa6, 0xb4, 0xc6, 0x0b, 0xb7, 0x0e, 0xe8, 0xe9, 0xa9,
    0x86, 0x9f, 0xcd, 0xe3, 0xd0, 0xe7, 0x05, 0xbd, 0xd2, 0xe2, 0xf2, 0xee,
    0xba, 0xcd, 0x08, 0xcb, 0xe5, 0xf4, 0xe4, 0x18, 0xde, 0x3d, 0x0d, 0xc6,
    0x28, 0xe6, 0xcb, 0xb6, 0xb2, 0xb9, 0xd9, 0xb0, 0xa6, 0xd7, 0x0c, 0x10,
    0x97, 0xf2, 0x00, 0xff, 0xb0, 0xf2, 0xf4, 0xb4, 0x0e, 0x36, 0xcc, 0xd4,
    0x32, 0xab, 0xff, 0xff, 0x04, 0x00, 0x00, 0x00, 0x78, 0x00, 0x00, 0x00,
    0xc9, 0xa0, 0xfe, 0xff, 0x30, 0x3e, 0xff, 0xff, 0xd6, 0x2f, 0x00, 0x00,
    0xb1, 0x7f, 0xff, 0xff, 0x31, 0xc2, 0xff, 0xff, 0x44, 0xd7, 0x00, 0x00,
    0xf1, 0xe3, 0xfd, 0xff, 0x50, 0xcd, 0x01, 0x00, 0x4d, 0x50, 0x01, 0x00,
    0x89, 0xf9, 0x02, 0x00, 0xa4, 0x4c, 0x00, 0x00, 0x95, 0xc8, 0x00, 0x00,
    0x78, 0x7f, 0x01, 0x00, 0xcb, 0x3d, 0xff, 0xff, 0x20, 0xaa, 0xfe, 0xff,
    0xfe, 0x73, 0x00, 0x00, 0x8d, 0xb0, 0xff, 0xff, 0xf1, 0x14, 0x00, 0x00,
    0xa3, 0x1f, 0xff, 0xff, 0x9d, 0x4f, 0x01, 0x00, 0x31, 0xb6, 0xfe, 0xff,
    0xac, 0x38, 0xff, 0xff, 0xb6, 0xe2, 0xfe, 0xff, 0x91, 0x57, 0x00, 0x00,
    0x4a, 0x32, 0xff, 0xff, 0xb2, 0x9a, 0xff, 0xff, 0x81, 0xba, 0xfe, 0xff,
    0xc0, 0x6c, 0xfe, 0xff, 0xc7, 0xc5, 0xff, 0xff, 0x04, 0x63, 0xfe, 0xff,
    0xb6, 0xab, 0xff, 0xff, 0x04, 0x00, 0x00, 0x00, 0x96, 0x00, 0x00, 0x00,
    0xee, 0x81, 0xba, 0xe5, 0xb1, 0x19, 0xc7, 0xdd, 0xf6, 0x7f, 0xcf, 0x81,
    0x25, 0xbc, 0x8d, 0xae, 0xd7, 0x81, 0xa9, 0xe9, 0xb0, 0xc9, 0x3b, 0x81,
    0x7f, 0x4b, 0xcd, 0x6c, 0xef, 0x81, 0xe2, 0x8f, 0x7f, 0x81, 0x81, 0xa0,
    0xc3, 0x9a, 0x9d, 0x37, 0xba, 0x41, 0x8b, 0xd5, 0x93, 0x81, 0x7f, 0xa1,
    0x28, 0x34, 0xae, 0xbf, 0xc4, 0x30, 0xb7, 0xbc, 0xcd, 0xb6, 0x3e, 0x41,
    0x17, 0x0e, 0x68, 0x7b, 0x79, 0x2d, 0x0c, 0x82, 0xf5, 0x6d, 0x2f, 0x2e,
    0xe4, 0x10, 0x46, 0xf9, 0x2f, 0xd0, 0xb7, 0x77, 0x7f, 0x7d, 0x5f, 0x2d,
    0x83, 0x81, 0x7f, 0xa4, 0x81, 0x17, 0x84, 0x59, 0xf4, 0x28, 0x35, 0x7f,
    0xd6, 0x7f, 0x7f, 0xaf, 0x7f, 0x49, 0x81, 0x45, 0x02, 0x60, 0x1e, 0x70,
    0x09, 0xf0, 0xb0, 0x74, 0xc8, 0xd8, 0x35, 0x63, 0xb0, 0x76, 0xdd, 0xe2,
    0x81, 0x74, 0xf0, 0xf7, 0x19, 0xbe, 0x7f, 0x6c, 0xd4, 0x82, 0xd2, 0xba,
    0x0f, 0x7f, 0x7f, 0x52, 0xe1, 0x72, 0x81, 0x81, 0x9d, 0x81, 0x81, 0xe9,
    0x13, 0x02, 0xcf, 0x81, 0x27, 0x51, 0x00, 0x00, 0x5a, 0xac, 0xff, 0xff,
    0x04, 0x00, 0x00, 0x00, 0x78, 0x00, 0x00, 0x00, 0x14, 0x01, 0x00, 0x00,
    0xd7, 0xff, 0xff, 0xff, 0x1f, 0xff, 0xff, 0xff, 0x0d, 0x02, 0x00, 0x00,
    0xda, 0xff, 0xff, 0xff, 0x96, 0xfc, 0xff, 0xff, 0x81, 0x00, 0x00, 0x00,
    0x13, 0xff, 0xff, 0xff, 0x6e, 0x00, 0x00, 0x00, 0xfa, 0xfd, 0xff, 0xff,
    0x59, 0xff, 0xff, 0xff, 0x96, 0xfe, 0xff, 0xff, 0xc8, 0xff, 0xff, 0xff,
    0x4a, 0xff, 0xff, 0xff, 0xc2, 0xfd, 0xff, 0xff, 0x0a, 0x01, 0x00, 0x00,
    0xdf, 0x00, 0x00, 0x00, 0x0c, 0x01, 0x00, 0x00, 0x17, 0x01, 0x00, 0x00,
    0xb7, 0xfd, 0xff, 0xff, 0x81, 0x00, 0x00, 0x00, 0x99, 0x00, 0x00, 0x00,
    0x9d, 0xff, 0xff, 0xff, 0x52, 0x02, 0x00, 0x00, 0x40, 0x00, 0x00, 0x00,
    0x21, 0xfe, 0xff, 0xff, 0xb7, 0x02, 0x00, 0x00, 0xa3, 0xfd, 0xff, 0xff,
    0x85, 0xfe, 0xff, 0xff, 0x81, 0xff, 0xff, 0xff, 0xde, 0xac, 0xff, 0xff,
    0x04, 0x00, 0x00, 0x00, 0x08, 0x07, 0x00, 0x00, 0x10, 0xd7, 0x7b, 0xdc,
    0x3f, 0xf4, 0xf3, 0xb7, 0x02, 0x53, 0xec, 0x0f, 0x17, 0x7f, 0xc9, 0x82,
    0xca, 0x03, 0x36, 0x87, 0x12, 0x1a, 0xe0, 0x35, 0xc4, 0x25, 0xf6, 0x08,
    0xee, 0xe7, 0x12, 0xc0, 0x2a, 0xfb, 0x01, 0x1c, 0xea, 0xec, 0xed, 0xe7,
    0x8b, 0x7f, 0xf3, 0x16, 0xc4, 0xa5, 0x57, 0xe4, 0x30, 0xf3, 0x37, 0xa7,
    0x3d, 0x2a, 0x43, 0x27, 0x21, 0xb5, 0x0e, 0x11, 0x81, 0x20, 0x5d, 0xe9,
    0x2d, 0xcc, 0xc0, 0xd7, 0x00, 0xe7, 0x16, 0xeb, 0x03, 0x57, 0x72, 0xa1,
    0x49, 0x31, 0x07, 0xad, 0x22, 0x57, 0xf6, 0xfa, 0xad, 0x1e, 0xee, 0x9c,
    0x33, 0xd6, 0x41, 0xff, 0x9a, 0x5e, 0xe4, 0x07, 0x56, 0x48, 0xd0, 0x55,
    0x0c, 0xba, 0xd7, 0xa8, 0x00, 0xf3, 0x09, 0x56, 0xec, 0x0b, 0x40, 0x91,
    0x43, 0xb4, 0x45, 0x78, 0xdf, 0x1d, 0x39, 0x81, 0x45, 0xf1, 0x5c, 0x37,
    0x5f, 0xf1, 0xcf, 0xd2, 0xa3, 0x66, 0x1a, 0xcd, 0x0b, 0x7b, 0x78, 0x54,
    0xa6, 0xe1, 0xcd, 0x2b, 0xd6, 0x7a, 0x29, 0x59, 0xf0, 0x81, 0x42, 0x0e,
    0x0b, 0xed, 0xf7, 0xdb, 0x86, 0xe9, 0xdc, 0xad, 0xf0, 0x45, 0xf8, 0x9d,
    0xd9, 0x18, 0x27, 0x17, 0x4b, 0x5a, 0x31, 0x71, 0x7d, 0xa9, 0xff, 0x81,
    0xfd, 0x3f, 0x62, 0x65, 0xd5, 0xce, 0xb9, 0x0d, 0x35, 0x02, 0x63, 0x33,
    0x54, 0x45, 0xc6, 0x24, 0xf5, 0x11, 0x08, 0xad, 0xbb, 0x59, 0x61, 0x99,
    0xfd, 0x18, 0xfe, 0xdb, 0x5c, 0x7f, 0x48, 0x1c, 0xd7, 0xb1, 0xf8, 0xc6,
    0xb0, 0xfb, 0x7f, 0x9a, 0xcd, 0xf0, 0xef, 0xa3, 0x95, 0x29, 0xfd, 0x01,
    0x93, 0x05, 0xdd, 0xfc, 0xf3, 0x9b, 0x01, 0x17, 0xe6, 0xec, 0x54, 0xda,
    0x3a, 0xdb, 0xd9, 0x3b, 0x36, 0xb6, 0x5d, 0x8f, 0xf3, 0x3e, 0x55, 0x2a,
    0x75, 0x3e, 0x7f, 0x55, 0x4a, 0x85, 0x65, 0xba, 0x78, 0x25, 0x58, 0xec,
    0x2b, 0x99, 0xae, 0xc6, 0x16, 0xe7, 0xff, 0xed, 0xf6, 0x40, 0xdd, 0xb5,
    0xcc, 0x38, 0x68, 0xba, 0x54, 0x05, 0x22, 0xac, 0x2f, 0xa2, 0xbe, 0x2f,
    0xf3, 0x21, 0x53, 0xe2, 0x16, 0x63, 0x70, 0x4b, 0xfd, 0x5a, 0xf5, 0x24,
    0x1d, 0x07, 0x3d, 0x4f, 0xd0, 0x72, 0x30, 0x81, 0x07, 0x7f, 0x0f, 0x37,
    0x52, 0x19, 0xe4, 0x17, 0x4b, 0xe0, 0x04, 0xf9, 0x4c, 0x94, 0xc9, 0xc6,
    0xb7, 0xc4, 0xbb, 0x25, 0xea, 0xc4, 0x18, 0x24, 0x11, 0x55, 0xf6, 0xfb,
    0x28, 0xb0, 0xf9, 0x7f, 0xe1, 0xe7, 0x05, 0xf1, 0xcc, 0x15, 0xf7, 0xbc,
    0xde, 0x2d, 0x20, 0xd1, 0xbe, 0xc9, 0xcf, 0xba, 0x15, 0x37, 0xb1, 0x1e,
    0x97, 0xd2, 0x6b, 0x51, 0xdc, 0x40, 0xa7, 0x05, 0x81, 0x0e, 0x66, 0x2c,
    0x4c, 0xdd, 0x2e, 0x7b, 0x3c, 0xb3, 0xfe, 0xcf, 0xa1, 0xad, 0x28, 0xb9,
    0xbd, 0x00, 0x26, 0xca, 0x2e, 0x0e, 0xa3, 0x75, 0xd4, 0xf3, 0xfb, 0x04,
    0xee, 0x1e, 0x33, 0xdc, 0xe0, 0xe6, 0x36, 0xf0, 0x81, 0x3d, 0x90, 0xcc,
    0xe5, 0x9e, 0x1f, 0x09, 0x44, 0x4c, 0x45, 0x45, 0x5c, 0xd1, 0xb3, 0xc1,
    0x27, 0xa8, 0xfa, 0x16, 0x94, 0xbd, 0x41, 0x4c, 0x0d, 0x8c, 0x3b, 0x3f,
    0x17, 0x20, 0x41, 0x13, 0xbb, 0x3c, 0xf3, 0xd2, 0x07, 0xc2, 0xb5, 0x27,
    0xd6, 0xa7, 0x0e, 0xdd, 0x09, 0x81, 0xbc, 0xad, 0x26, 0x93, 0x15, 0x31,
    0x1a, 0xb6, 0x10, 0xeb, 0xf1, 0x69, 0x3d, 0x4a, 0x9f, 0xe9, 0xc3, 0x20,
    0x08, 0xc2, 0xf6, 0xf6, 0xc9, 0x81, 0xd3, 0xef, 0x11, 0xfb, 0x2d, 0xb8,
    0x09, 0xfa, 0xb3, 0x0f, 0xfb, 0xcd, 0x0a, 0xcd, 0x60, 0xc4, 0x4d, 0x1f,
    0xf1, 0x93, 0xa9, 0x69, 0xfb, 0x4a, 0x47, 0xff, 0xbe, 0x7f, 0x4f, 0x31,
    0x15, 0x99, 0xf7, 0xfd, 0x23, 0x6a, 0x99, 0x14, 0xbf, 0x06, 0x0f, 0x7f,
    0x55, 0x51, 0x17, 0xcd, 0x81, 0xae, 0x6f, 0x23, 0x10, 0xfb, 0x55, 0x96,
    0x3d, 0xe0, 0x19, 0x30, 0xd1, 0xf6, 0xba, 0xda, 0xdf, 0xd8, 0x52, 0x3c,
    0xf3, 0x7e, 0x65, 0x53, 0x28, 0x6d, 0xf3, 0x0d, 0xca, 0xd0, 0x05, 0xe0,
    0x19, 0x19, 0x6c, 0x9e, 0x19, 0x1a, 0x7d, 0x90, 0x38, 0x00, 0x6e, 0x11,
    0x13, 0x39, 0x58, 0x2d, 0x07, 0x2c, 0xb8, 0xe4, 0xe5, 0xb9, 0x21, 0xd9,
    0xf5, 0x7f, 0x9f, 0xfa, 0x25, 0xef, 0xd7, 0x0a, 0xe6, 0x32, 0xe1, 0x11,
    0x70, 0xd1, 0xf8, 0xc7, 0x7f, 0x04, 0x92, 0x0c, 0x33, 0x1f, 0x02, 0x33,
    0x52, 0x27, 0xf8, 0xec, 0x00, 0x0c, 0xf3, 0x46, 0xe0, 0xc4, 0x7f, 0xdb,
    0x2e, 0xeb, 0x26, 0xe1, 0x48, 0x39, 0x12, 0x4e, 0xf5, 0x28, 0x07, 0xc3,
    0xe4, 0xa9, 0x3f, 0xc4, 0x05, 0x03, 0xb8, 0x2a, 0x2c, 0x3a, 0xd5, 0xec,
    0xd4, 0x3f, 0xe1, 0xdb, 0x18, 0xc9, 0xc4, 0xbd, 0x98, 0x64, 0x28, 0xc8,
    0xd9, 0x1a, 0xd4, 0x9f, 0x66, 0x50, 0xf3, 0x26, 0xd0, 0xfb, 0xaf, 0xfe,
    0xbd, 0xb9, 0x7f, 0x7e, 0x45, 0x36, 0x18, 0xed, 0x44, 0xc6, 0xc4, 0x01,
    0x4d, 0x02, 0xdc, 0xd4, 0x1c, 0xd8, 0x07, 0x57, 0xba, 0xa5, 0xd9, 0x15,
    0xa6, 0x38, 0x81, 0x4f, 0x34, 0x63, 0x2b, 0xa0, 0x0a, 0xcf, 0x40, 0xbd,
    0xfe, 0xd9, 0x45, 0xea, 0x2d, 0xbc, 0xd2, 0xd1, 0xab, 0xb6, 0xd9, 0x4b,
    0xce, 0x4f, 0xcd, 0xa9, 0xa3, 0x81, 0x15, 0x48, 0x1e, 0xb8, 0xeb, 0x45,
    0xc4, 0xec, 0x24, 0x6d, 0xb3, 0x35, 0x40, 0x35, 0xc4, 0xb7, 0xa7, 0xc7,
    0x8e, 0x00, 0x90, 0xf7, 0xde, 0xda, 0x4d, 0x27, 0xef, 0x28, 0x7f, 0x48,
    0x27, 0x39, 0x03, 0x3d, 0x48, 0x4e, 0x06, 0x69, 0xe8, 0xd4, 0x9e, 0xf9,
    0x33, 0x25, 0x4c, 0xf0, 0x04, 0x75, 0xc3, 0x70, 0x9d, 0xdc, 0x32, 0x2b,
    0xe8, 0xc2, 0x5f, 0xa0, 0x81, 0x58, 0x15, 0xfe, 0xb1, 0x8a, 0xee, 0x5e,
    0xd2, 0x51, 0xa5, 0x25, 0xbf, 0xe3, 0x32, 0xed, 0x6f, 0xa7, 0xcb, 0x3a,
    0x0a, 0x2d, 0x8f, 0x7f, 0x74, 0x4c, 0x06, 0x25, 0xf3, 0xe8, 0x2d, 0x22,
    0x9b, 0xcb, 0x11, 0x9a, 0x52, 0x44, 0x5b, 0xc7, 0xfb, 0x2d, 0x31, 0x52,
    0xcf, 0xbe, 0x53, 0xae, 0x08, 0xff, 0xe3, 0x27, 0xee, 0x4b, 0xaf, 0xd1,
    0x1e, 0xc9, 0x02, 0x81, 0xc3, 0xf0, 0x4d, 0x83, 0xe0, 0xe7, 0x46, 0x19,
    0x33, 0x37, 0x1b, 0xd2, 0x3a, 0x22, 0x05, 0x9b, 0x29, 0x11, 0xdc, 0x31,
    0x26, 0x02, 0x4a, 0xa0, 0xd6, 0x1f, 0xfc, 0xc7, 0x52, 0x3e, 0x12, 0x81,
    0x11, 0xe5, 0xe1, 0x08, 0x2d, 0x03, 0xe1, 0x35, 0xff, 0xe4, 0x36, 0xe7,
    0xed, 0x52, 0x89, 0x93, 0x2e, 0x5c, 0xae, 0xf0, 0x7f, 0x73, 0xc8, 0x64,
    0x03, 0xc3, 0x35, 0xd6, 0xb2, 0x1b, 0x34, 0x1b, 0x2a, 0x3a, 0xf0, 0xbf,
    0x33, 0x8d, 0x20, 0x3e, 0xdc, 0x14, 0x45, 0x14, 0xcd, 0x34, 0x24, 0x47,
    0xdb, 0xca, 0x39, 0x2f, 0x2c, 0xbd, 0x06, 0x2e, 0xbd, 0xda, 0x33, 0xe1,
    0xc2, 0x65, 0x7f, 0xd9, 0xe0, 0xd1, 0xb7, 0x37, 0x4d, 0x5d, 0x3c, 0xea,
    0xe8, 0xd8, 0xd0, 0x16, 0x81, 0x07, 0xa8, 0x0d, 0x2c, 0xc3, 0xb9, 0x32,
    0xf9, 0x49, 0xc3, 0x67, 0x5b, 0xe2, 0x33, 0x1c, 0xd1, 0x1b, 0xe8, 0xae,
    0x07, 0x15, 0x72, 0x5f, 0x14, 0x42, 0xfc, 0x43, 0x24, 0xc3, 0x81, 0x7e,
    0x5a, 0x2b, 0xa2, 0x04, 0x37, 0xb9, 0xdf, 0xb4, 0x00, 0xeb, 0x44, 0x09,
    0xaa, 0xab, 0x42, 0x25, 0x53, 0xd6, 0x06, 0x72, 0xc2, 0xc1, 0xc7, 0xe0,
    0xfe, 0x05, 0xae, 0x99, 0xee, 0xbd, 0xb0, 0xbb, 0xc2, 0x52, 0xdc, 0xdb,
    0xea, 0x45, 0xf6, 0x81, 0x9f, 0x3b, 0xb6, 0xff, 0xfa, 0x33, 0xe8, 0x14,
    0xff, 0x42, 0xc4, 0xa4, 0xd3, 0xee, 0x22, 0xda, 0xcb, 0x25, 0x8b, 0xb6,
    0x9b, 0xcb, 0x5a, 0xb1, 0x97, 0x66, 0xd1, 0x10, 0x44, 0x97, 0x5c, 0xe3,
    0x28, 0x61, 0xf4, 0xd6, 0x7b, 0xb7, 0x7f, 0x00, 0x3f, 0xad, 0xeb, 0x9f,
    0xf4, 0x8f, 0xb4, 0x09, 0x81, 0x19, 0xc2, 0x09, 0x10, 0xd0, 0x04, 0x2a,
    0xb2, 0x53, 0x34, 0xf2, 0x15, 0x35, 0x13, 0x25, 0x42, 0x55, 0x1a, 0xaf,
    0x4b, 0x0d, 0xf6, 0x25, 0x30, 0x31, 0xf6, 0xc7, 0x2b, 0x1c, 0x11, 0xd0,
    0xcb, 0xcb, 0x4a, 0xa6, 0x00, 0x36, 0x58, 0xc1, 0x9e, 0x62, 0x90, 0x00,
    0x3a, 0x98, 0xe1, 0x1c, 0x81, 0xcd, 0x4a, 0xc2, 0x24, 0x60, 0xc2, 0x16,
    0xa3, 0x61, 0xf8, 0xe6, 0xd5, 0x44, 0xf2, 0xcb, 0x59, 0x9b, 0x07, 0x18,
    0x17, 0xd6, 0xc1, 0x2a, 0x38, 0x6f, 0xf8, 0xd9, 0xb7, 0x0d, 0x63, 0x24,
    0x09, 0xb5, 0x61, 0x7f, 0xee, 0x5f, 0x29, 0xa7, 0xc3, 0xbd, 0x4f, 0xdc,
    0x0c, 0x2e, 0xf4, 0x8f, 0x32, 0x57, 0xc7, 0x65, 0x02, 0x3c, 0x33, 0xba,
    0x7f, 0x3f, 0xc6, 0xc9, 0x31, 0xc0, 0xa5, 0xe2, 0xc4, 0x0b, 0x0e, 0x13,
    0xf1, 0x6f, 0xb2, 0xbf, 0xbc, 0xd5, 0x4e, 0xbf, 0xcb, 0xfa, 0x45, 0x26,
    0xbb, 0xbb, 0x1f, 0xcf, 0xd6, 0x7f, 0xfd, 0x46, 0x1f, 0x0e, 0x4b, 0xfa,
    0x6a, 0xde, 0xcf, 0x33, 0x0b, 0xb8, 0xc9, 0xec, 0xd3, 0x50, 0x4e, 0x81,
    0xfc, 0x33, 0x47, 0xc7, 0x37, 0xb8, 0x29, 0x7c, 0xab, 0x17, 0x77, 0x82,
    0xca, 0x15, 0x4c, 0x10, 0x58, 0xbf, 0xbf, 0x45, 0xb4, 0xf7, 0x17, 0x2e,
    0xd2, 0xe1, 0x99, 0x44, 0xc1, 0x70, 0x79, 0xc2, 0x2e, 0x29, 0xeb, 0x81,
    0x16, 0xf6, 0x62, 0xd6, 0xc2, 0x02, 0xa7, 0xc2, 0xb3, 0xd9, 0x55, 0xee,
    0x41, 0xff, 0xb8, 0xdd, 0x26, 0x06, 0xff, 0xd6, 0xf3, 0x7f, 0xd0, 0xf1,
    0x67, 0x1d, 0x0e, 0x81, 0xe5, 0x33, 0x1a, 0x09, 0x14, 0x4f, 0x47, 0x29,
    0x44, 0xb9, 0xd4, 0xed, 0xec, 0x48, 0xc2, 0x7e, 0x09, 0x30, 0x0c, 0x1c,
    0x08, 0x0b, 0xff, 0x19, 0x29, 0x23, 0x47, 0xce, 0xe5, 0x2a, 0xe6, 0xfc,
    0xdc, 0xe6, 0xf2, 0xe3, 0xfa, 0x1a, 0x06, 0xe0, 0x2c, 0xc0, 0x25, 0x7f,
    0x1d, 0x08, 0xe8, 0xcf, 0x33, 0xe4, 0xc6, 0xe7, 0x05, 0x00, 0x4e, 0x7f,
    0xc4, 0x30, 0x46, 0x0f, 0x0d, 0xc6, 0xf4, 0xf0, 0xee, 0x23, 0xc9, 0x2d,
    0xbd, 0x23, 0xfd, 0x0d, 0x0a, 0xa9, 0x92, 0x4d, 0x5e, 0x0f, 0xde, 0x0f,
    0xd5, 0x52, 0x23, 0xd8, 0x8a, 0xb9, 0x4e, 0x63, 0xbf, 0x39, 0x9b, 0xbe,
    0xfd, 0xf2, 0x2c, 0xaa, 0x56, 0x5b, 0x6d, 0xf4, 0xd5, 0x7f, 0xcb, 0x08,
    0xb6, 0xc7, 0x02, 0xfa, 0xf5, 0x5d, 0xfd, 0x00, 0xc5, 0xf3, 0x29, 0xc0,
    0x5b, 0x08, 0x3e, 0xd5, 0x71, 0xe6, 0x68, 0xa1, 0xee, 0x2b, 0x4d, 0xec,
    0xeb, 0xca, 0x13, 0xf3, 0x69, 0x17, 0x4f, 0x13, 0x81, 0x9a, 0x5d, 0x64,
    0xcf, 0x31, 0x2b, 0x30, 0x88, 0x27, 0x01, 0x19, 0x02, 0xf3, 0x04, 0x3b,
    0xe0, 0xef, 0xf0, 0x40, 0x38, 0x31, 0x0a, 0x6f, 0xfa, 0xed, 0xe2, 0x81,
    0x26, 0xb6, 0x66, 0xe7, 0xe7, 0xf6, 0x3a, 0xa3, 0x78, 0xec, 0x0e, 0x41,
    0x1d, 0x43, 0x19, 0xae, 0x7f, 0xf4, 0xf5, 0xc5, 0xe5, 0x46, 0x4b, 0xfb,
    0x2b, 0xf2, 0x13, 0xf1, 0x36, 0xbb, 0xf7, 0xfa, 0x16, 0x10, 0x3d, 0x24,
    0xe9, 0xd4, 0x1b, 0x7f, 0xa6, 0x1c, 0x1e, 0x45, 0xbe, 0xe2, 0xe7, 0xbd,
    0x0e, 0xaa, 0x26, 0x57, 0xc4, 0x1b, 0xd8, 0x03, 0xd3, 0xe7, 0x1f, 0xde,
    0xcb, 0xe5, 0xdf, 0x0e, 0x38, 0xbf, 0x5d, 0x32, 0x1b, 0xec, 0x06, 0xa9,
    0xce, 0xef, 0x11, 0xbf, 0xf5, 0x0e, 0x81, 0x2e, 0xe9, 0xe5, 0x3e, 0xa4,
    0xde, 0x35, 0xee, 0x21, 0xe1, 0xa5, 0xca, 0x0e, 0x44, 0x1f, 0xf4, 0x1b,
    0xf0, 0xfc, 0xa8, 0x57, 0x75, 0xd4, 0x08, 0x3c, 0x53, 0xb6, 0xd3, 0x19,
    0x4c, 0xc8, 0x20, 0x7f, 0x68, 0x07, 0xb0, 0x1a, 0xeb, 0xb3, 0x33, 0x32,
    0x33, 0xcb, 0xc2, 0xe1, 0xf0, 0x3b, 0xed, 0xcd, 0xcd, 0x7f, 0xbe, 0xee,
    0xf1, 0x05, 0x2a, 0x09, 0x25, 0x01, 0x40, 0x41, 0x5f, 0xb4, 0xf9, 0x79,
    0x90, 0x07, 0xfa, 0xf7, 0x22, 0xaf, 0xd1, 0x29, 0x38, 0xdc, 0x44, 0xae,
    0x59, 0xe6, 0xc7, 0x0a, 0x84, 0xb8, 0x84, 0x05, 0x4a, 0x7f, 0xc2, 0xb7,
    0xfe, 0x13, 0x0e, 0xae, 0x40, 0xf1, 0xa1, 0xa8, 0xb0, 0x59, 0xce, 0x05,
    0x4d, 0xa2, 0x2d, 0x2b, 0xaa, 0xa2, 0xba, 0xf1, 0xf7, 0xee, 0x95, 0x50,
    0x3f, 0x2f, 0x41, 0x81, 0xdc, 0x41, 0xf6, 0x4f, 0x0f, 0x13, 0xcc, 0x1a,
    0x45, 0xe3, 0x0a, 0x0c, 0xde, 0xe4, 0x23, 0x51, 0x20, 0x0c, 0x4c, 0x93,
    0x0d, 0x2d, 0x4c, 0x6e, 0x81, 0x02, 0x21, 0x14, 0x27, 0x0e, 0xaf, 0x6a,
    0x1b, 0x4d, 0x4d, 0xed, 0xa2, 0x19, 0x99, 0xaa, 0xa5, 0xfd, 0x3a, 0x0d,
    0xaa, 0x04, 0xd2, 0xb2, 0x2f, 0xe7, 0x58, 0x48, 0x17, 0xd7, 0x96, 0xec,
    0x61, 0x28, 0x04, 0xe6, 0x29, 0x7b, 0xd0, 0x55, 0xab, 0xe8, 0x1f, 0xc2,
    0xd8, 0x81, 0xca, 0x58, 0xd0, 0x08, 0x4b, 0xbe, 0xc6, 0x12, 0x05, 0xc7,
    0x35, 0x56, 0xcc, 0xef, 0xf5, 0xc2, 0xa3, 0x7f, 0x13, 0x23, 0x3b, 0x3e,
    0xdc, 0xeb, 0x4d, 0x9a, 0x22, 0xbd, 0xd8, 0xf7, 0xc5, 0x31, 0xbb, 0x04,
    0xbb, 0x9f, 0x73, 0x29, 0xe5, 0x12, 0x38, 0x30, 0xff, 0x4b, 0x5b, 0x10,
    0x3c, 0x37, 0x3f, 0x59, 0x35, 0xbc, 0x25, 0x13, 0x2a, 0xe5, 0xb0, 0xca,
    0x12, 0x28, 0xe5, 0xcb, 0x51, 0x7f, 0x74, 0x2a, 0xdf, 0xb4, 0x3e, 0xbd,
    0xc8, 0x6d, 0x5c, 0x33, 0x2b, 0xe9, 0x2f, 0x29, 0xfc, 0x05, 0x7f, 0xe8,
    0xe8, 0xff, 0xac, 0xdc, 0x6a, 0xe2, 0x31, 0xf5, 0xf1, 0x29, 0x35, 0xfd,
    0xc9, 0xe9, 0xbd, 0x3d, 0x14, 0x30, 0x68, 0x64, 0xf2, 0xb3, 0xff, 0xff,
    0x04, 0x00, 0x00, 0x00, 0xf0, 0x00, 0x00, 0x00, 0x50, 0xfa, 0xff, 0xff,
    0x2b, 0x04, 0x00, 0x00, 0xae, 0xed, 0xff, 0xff, 0x26, 0x11, 0x00, 0x00,
    0xb3, 0xf4, 0xff, 0xff, 0x68, 0x06, 0x00, 0x00, 0x3d, 0xf7, 0xff, 0xff,
    0xf1, 0x10, 0x00, 0x00, 0xd9, 0xfe, 0xff, 0xff, 0xd7, 0x07, 0x00, 0x00,
    0x64, 0x06, 0x00, 0x00, 0xa9, 0xfd, 0xff, 0xff, 0x64, 0xf4, 0xff, 0xff,
    0x3c, 0x01, 0x00, 0x00, 0x8e, 0xfc, 0xff, 0xff, 0xcd, 0x01, 0x00, 0x00,
    0xee, 0xfd, 0xff, 0xff, 0x3b, 0x0e, 0x00, 0x00, 0x2e, 0xfd, 0xff, 0xff,
    0xe4, 0xfc, 0xff, 0xff, 0x92, 0xf6, 0xff, 0xff, 0xbf, 0xf8, 0xff, 0xff,
    0x62, 0x09, 0x00, 0x00, 0x7b, 0xfc, 0xff, 0xff, 0xd5, 0x04, 0x00, 0x00,
    0x26, 0x05, 0x00, 0x00, 0x05, 0x13, 0x00, 0x00, 0x83, 0x0e, 0x00, 0x00,
    0x33, 0x04, 0x00, 0x00, 0xba, 0xf6, 0xff, 0xff, 0xaa, 0xfc, 0xff, 0xff,
    0xfe, 0xfa, 0xff, 0xff, 0xa5, 0x12, 0x00, 0x00, 0x24, 0xff, 0xff, 0xff,
    0xf6, 0x09, 0x00, 0x00, 0x6a, 0x03, 0x00, 0x00, 0x0f, 0xf2, 0xff, 0xff,
    0x6b, 0xff, 0xff, 0xff, 0xb8, 0xf0, 0xff, 0xff, 0x18, 0x01, 0x00, 0x00,
    0x98, 0xfc, 0xff, 0xff, 0xd8, 0x02, 0x00, 0x00, 0x3e, 0xfb, 0xff, 0xff,
    0x76, 0xfd, 0xff, 0xff, 0xf3, 0xf7, 0xff, 0xff, 0xa3, 0x05, 0x00, 0x00,
    0x51, 0xff, 0xff, 0xff, 0xb9, 0x01, 0x00, 0x00, 0x4d, 0x09, 0x00, 0x00,
    0x52, 0x01, 0x00, 0x00, 0x17, 0xff, 0xff, 0xff, 0xf0, 0xf7, 0xff, 0xff,
    0x1c, 0x09, 0x00, 0x00, 0xb5, 0xfd, 0xff, 0xff, 0x5d, 0x00, 0x00, 0x00,
    0x97, 0x09, 0x00, 0x00, 0xe7, 0xff, 0xff, 0xff, 0x6b, 0xfb, 0xff, 0xff,
    0xa3, 0x00, 0x00, 0x00, 0x05, 0x09, 0x00, 0x00, 0xee, 0xb4, 0xff, 0xff,
    0x04, 0x00, 0x00, 0x00, 0x1c, 0x02, 0x00, 0x00, 0xeb, 0xdb, 0xf1, 0x98,
    0xc0, 0x05, 0x7f, 0x42, 0x55, 0x61, 0x5d, 0x58, 0xf4, 0xdd, 0x13, 0x9a,
    0xec, 0x9d, 0xda, 0x16, 0x4a, 0x4e, 0xfb, 0xfb, 0x50, 0x33, 0xc2, 0x24,
    0x59, 0x01, 0xa5, 0xdc, 0x7b, 0xd7, 0x07, 0x99, 0x65, 0x7f, 0x1d, 0x81,
    0x81, 0xfb, 0xa9, 0x0b, 0xd2, 0xb2, 0xb8, 0xff, 0x01, 0x7f, 0x21, 0xa0,
    0x1d, 0x85, 0x0b, 0x1d, 0x9b, 0x35, 0xa4, 0x55, 0x81, 0x36, 0x71, 0xe1,
    0x0c, 0xc9, 0x7e, 0xc2, 0x5e, 0x7f, 0x14, 0xbb, 0x4b, 0x69, 0xb3, 0xd3,
    0x0b, 0x07, 0x48, 0xae, 0x52, 0x3c, 0x95, 0x77, 0x62, 0x23, 0x1b, 0x39,
    0x3b, 0x2d, 0x81, 0x1b, 0x18, 0xe6, 0x5c, 0xa7, 0x38, 0x64, 0xda, 0x52,
    0x43, 0xf7, 0xd0, 0x64, 0x6b, 0x84, 0xd3, 0xd4, 0x14, 0x67, 0x7f, 0x82,
    0xf8, 0x15, 0x8f, 0x08, 0xd1, 0x1e, 0xf5, 0x7f, 0xec, 0x3c, 0x76, 0x53,
    0x1f, 0x74, 0x35, 0x13, 0x57, 0x18, 0x23, 0xd9, 0x31, 0x43, 0x2f, 0xf6,
    0x20, 0xbf, 0xf9, 0x06, 0x61, 0xeb, 0xcf, 0x1c, 0xb0, 0x81, 0x0b, 0x37,
    0xed, 0xdb, 0x04, 0x22, 0xee, 0x7f, 0x60, 0x1a, 0xe2, 0x5b, 0xe8, 0x67,
    0xa7, 0xd8, 0xb3, 0x7f, 0x0c, 0x86, 0x81, 0x39, 0x71, 0x3f, 0xf8, 0x2a,
    0x9c, 0x3d, 0xbd, 0x37, 0xbc, 0x81, 0xb4, 0x63, 0x94, 0x81, 0xf1, 0x59,
    0x5a, 0x5a, 0xff, 0xfc, 0x18, 0x3e, 0xc0, 0x5d, 0x03, 0x0f, 0xd1, 0x3e,
    0xbf, 0x3d, 0xa6, 0x5c, 0xe3, 0x8e, 0x81, 0xa5, 0x41, 0x9c, 0xa7, 0xf5,
    0x81, 0x19, 0x62, 0x4b, 0x75, 0x31, 0x75, 0x81, 0xc3, 0x5e, 0xa4, 0x2d,
    0x55, 0xe7, 0xf7, 0x7a, 0x7f, 0xd8, 0xa0, 0xce, 0x59, 0xfe, 0xc4, 0x7f,
    0x1e, 0x72, 0x71, 0xe2, 0x81, 0xc8, 0xe1, 0x1b, 0xda, 0x90, 0xb7, 0x26,
    0xce, 0x7f, 0x37, 0x0d, 0x8d, 0x23, 0x81, 0xf8, 0xba, 0x81, 0xe0, 0x7f,
    0xee, 0x81, 0xcb, 0x7f, 0x93, 0x1d, 0x12, 0x81, 0x0e, 0x22, 0x16, 0xf2,
    0xf6, 0xba, 0xcc, 0x5d, 0x09, 0xeb, 0xc7, 0xc8, 0x3d, 0xec, 0xae, 0x1f,
    0x6e, 0xbb, 0x22, 0x61, 0x17, 0xd4, 0x0e, 0x2a, 0x11, 0xca, 0x2c, 0x29,
    0xb0, 0x81, 0x1d, 0xbf, 0x92, 0xfb, 0x7f, 0xfe, 0xe2, 0x4f, 0xdb, 0x49,
    0xbb, 0x67, 0x36, 0x03, 0x81, 0x25, 0xc4, 0x0e, 0xae, 0x75, 0x81, 0x29,
    0x7f, 0x44, 0x7f, 0xfb, 0x81, 0x7f, 0x16, 0xc0, 0x1a, 0xcc, 0x34, 0x10,
    0x33, 0xc3, 0x33, 0x33, 0x07, 0x03, 0xd8, 0x35, 0x33, 0x34, 0xbb, 0x0c,
    0xdf, 0xea, 0x7f, 0xe1, 0x95, 0x74, 0xbc, 0x13, 0x47, 0xb8, 0xf3, 0xfb,
    0x81, 0xe1, 0x4c, 0xbe, 0x20, 0x29, 0x69, 0x5e, 0x27, 0x71, 0xe9, 0xc8,
    0x81, 0x2c, 0x24, 0xd9, 0xca, 0xd9, 0xf5, 0x20, 0x13, 0xd0, 0xcb, 0x34,
    0xcb, 0x24, 0x42, 0xaa, 0x95, 0x69, 0x08, 0xfa, 0x0c, 0x99, 0xe6, 0xe6,
    0x06, 0x87, 0x48, 0xbe, 0xd2, 0x01, 0x81, 0xea, 0x4e, 0xee, 0xf3, 0x31,
    0x2f, 0xcd, 0x28, 0xfc, 0xca, 0x7f, 0x9b, 0x09, 0x7f, 0x85, 0x42, 0x0c,
    0xc4, 0x76, 0x3b, 0xc5, 0x18, 0x3b, 0x39, 0xfe, 0xee, 0xc5, 0x2e, 0x7f,
    0x81, 0x2c, 0x24, 0xa8, 0x74, 0x1d, 0x3c, 0xda, 0x7f, 0xae, 0xe3, 0xcd,
    0x34, 0xd3, 0xe4, 0x83, 0xa6, 0xeb, 0xf5, 0xa5, 0x81, 0x6d, 0x13, 0x04,
    0xef, 0xa4, 0x07, 0xb8, 0x7f, 0x2c, 0x45, 0x8c, 0xc8, 0x46, 0x7f, 0xd8,
    0x3f, 0x81, 0x55, 0xd8, 0xef, 0xe5, 0xef, 0x05, 0x4f, 0x8f, 0xb1, 0x45,
    0xd8, 0x61, 0xc8, 0x3c, 0xe8, 0xe6, 0xd3, 0xef, 0xe9, 0xbe, 0x7f, 0x2d,
    0xad, 0x2c, 0x27, 0x81, 0xa1, 0xc7, 0x53, 0x81, 0x41, 0x1f, 0x6f, 0xc1,
    0x2d, 0x5e, 0x0f, 0xb3, 0xb1, 0xa8, 0x0b, 0x1d, 0xc5, 0xc6, 0x7f, 0x81,
    0xa5, 0x81, 0xf3, 0x81, 0x79, 0x45, 0x59, 0x0c, 0x7f, 0xfd, 0x67, 0x94,
    0x89, 0xb1, 0x24, 0x40, 0xe1, 0xbd, 0x21, 0x81, 0xc8, 0xe7, 0x2a, 0x30,
    0x98, 0x05, 0x81, 0x7f, 0x15, 0x34, 0xcb, 0xd0, 0x16, 0xb7, 0xff, 0xff,
    0x04, 0x00, 0x00, 0x00, 0xf0, 0x00, 0x00, 0x00, 0xa1, 0xff, 0xff, 0xff,
    0x59, 0x00, 0x00, 0x00, 0x87, 0xff, 0xff, 0xff, 0xad, 0xff, 0xff, 0xff,
    0xe2, 0x00, 0x00, 0x00, 0xe8, 0xff, 0xff, 0xff, 0x12, 0x00, 0x00, 0x00,
    0x01, 0x00, 0x00, 0x00, 0x47, 0xff, 0xff, 0xff, 0x04, 0x00, 0x00, 0x00,
    0x94, 0xff, 0xff, 0xff, 0xbb, 0xff, 0xff, 0xff, 0xf5, 0x00, 0x00, 0x00,
    0x1f, 0x00, 0x00, 0x00, 0xff, 0x01, 0x00, 0x00, 0x9c, 0xff, 0xff, 0xff,
    0xba, 0xff, 0xff, 0xff, 0x2b, 0x00, 0x00, 0x00, 0xaf, 0xff, 0xff, 0xff,
    0xb2, 0x00, 0x00, 0x00, 0x30, 0x00, 0x00, 0x00, 0x06, 0x00, 0x00, 0x00,
    0x49, 0x00, 0x00, 0x00, 0xe7, 0xff, 0xff, 0xff, 0x40, 0x00, 0x00, 0x00,
    0x9c, 0xff, 0xff, 0xff, 0x78, 0x00, 0x00, 0x00, 0x8e, 0xff, 0xff, 0xff,
    0x60, 0x00, 0x00, 0x00, 0x11, 0x00, 0x00, 0x00, 0x59, 0x00, 0x00, 0x00,
    0xa1, 0x00, 0x00, 0x00, 0x27, 0x00, 0x00, 0x00, 0xf7, 0xff, 0xff, 0xff,
    0xd1, 0x00, 0x00, 0x00, 0x4e, 0x00, 0x00, 0x00, 0xe6, 0xfe, 0xff, 0xff,
    0x65, 0xff, 0xff, 0xff, 0x53, 0x00, 0x00, 0x00, 0xf6, 0xff, 0xff, 0xff,
    0x93, 0x00, 0x00, 0x00, 0x47, 0xff, 0xff, 0xff, 0xb8, 0xff, 0xff, 0xff,
    0xd2, 0x00, 0x00, 0x00, 0x82, 0x00, 0x00, 0x00, 0xf2, 0x00, 0x00, 0x00,
    0x76, 0xff, 0xff, 0xff, 0xbf, 0xff, 0xff, 0xff, 0x0f, 0x00, 0x00, 0x00,
    0x12, 0x00, 0x00, 0x00, 0x6c, 0x00, 0x00, 0x00, 0x58, 0x00, 0x00, 0x00,
    0x6f, 0xfe, 0xff, 0xff, 0x95, 0x00, 0x00, 0x00, 0x08, 0x00, 0x00, 0x00,
    0x4a, 0x00, 0x00, 0x00, 0xaf, 0x00, 0x00, 0x00, 0x47, 0xff, 0xff, 0xff,
    0x02, 0x01, 0x00, 0x00, 0x80, 0x00, 0x00, 0x00, 0x12, 0xb8, 0xff, 0xff,
    0x04, 0x00, 0x00, 0x00, 0x10, 0x0e, 0x00, 0x00, 0xda, 0x97, 0x43, 0xc6,
    0xb6, 0x0f, 0xd1, 0x03, 0xb0, 0x3a, 0xff, 0xe3, 0xe8, 0xd3, 0x3f, 0xaa,
    0x1a, 0xc3, 0x2a, 0x77, 0xdf, 0xc9, 0xc1, 0xbc, 0xb8, 0xdc, 0x34, 0x31,
    0xd6, 0x48, 0x2d, 0x23, 0x47, 0xa5, 0x19, 0x81, 0x51, 0x50, 0x29, 0xf6,
    0xcb, 0x1e, 0xe9, 0x64, 0xe0, 0xd2, 0xdc, 0xda, 0xf0, 0xd5, 0x41, 0xe9,
    0x0b, 0x58, 0x40, 0x37, 0xe7, 0x09, 0xe7, 0x34, 0x25, 0xd8, 0x1e, 0x29,
    0xcf, 0x73, 0x3c, 0x55, 0x27, 0xd2, 0xa7, 0xc8, 0x32, 0x1e, 0x4b, 0xc9,
    0xf8, 0x3e, 0xe9, 0x01, 0x2b, 0xf9, 0xf9, 0x24, 0x20, 0x34, 0x15, 0xa5,
    0xcc, 0x0e, 0xf3, 0xc5, 0xec, 0x17, 0xfd, 0xfc, 0xed, 0x0e, 0x5c, 0x33,
    0xc9, 0xdc, 0x20, 0x50, 0xb4, 0x61, 0x3d, 0x28, 0xab, 0x81, 0x24, 0x33,
    0x8c, 0xe5, 0x65, 0xb4, 0x4a, 0xd1, 0xfa, 0x05, 0x0e, 0x81, 0xd0, 0xdc,
    0x08, 0x35, 0xfc, 0xcc, 0xe0, 0x38, 0xf9, 0xb0, 0x3a, 0x44, 0xda, 0xf4,
    0xa7, 0xc1, 0x35, 0x42, 0x25, 0x23, 0x11, 0xcc, 0xf4, 0x45, 0xfc, 0x22,
    0xc4, 0xbf, 0xab, 0xc6, 0xb7, 0xf7, 0x10, 0x29, 0x4a, 0xb6, 0xe0, 0xce,
    0xd6, 0xac, 0xc8, 0x0f, 0xbf, 0x2a, 0xd6, 0xfa, 0x9b, 0x4a, 0x2e, 0x31,
    0xc9, 0xee, 0xc8, 0xd6, 0xe9, 0xb1, 0x33, 0x21, 0xe7, 0xda, 0xad, 0x57,
    0x2b, 0x1d, 0x23, 0x35, 0x4d, 0x3f, 0xdb, 0xd6, 0xd5, 0xf2, 0x56, 0x2d,
    0x39, 0xcd, 0xe1, 0x8d, 0x9c, 0x11, 0xcf, 0x18, 0xb3, 0xca, 0xe4, 0x13,
    0xb5, 0x13, 0xbb, 0xbe, 0xc1, 0xc7, 0x5a, 0x07, 0xb3, 0x2f, 0x3c, 0x50,
    0x41, 0x4f, 0x5a, 0xf2, 0x43, 0xa7, 0x81, 0xf0, 0x9d, 0x33, 0xc7, 0xff,
    0x9c, 0xe6, 0xf6, 0x3b, 0x43, 0x2a, 0x9b, 0x7d, 0x1a, 0x5a, 0xe3, 0x9a,
    0xc8, 0xe9, 0xcb, 0xf4, 0x13, 0x8d, 0xf6, 0x2b, 0x9d, 0xae, 0xdf, 0xea,
    0xd9, 0xf9, 0xea, 0xc6, 0xa8, 0xfa, 0x0d, 0x2b, 0xb7, 0xa2, 0x41, 0xcf,
    0x53, 0x12, 0xf7, 0xef, 0xd7, 0x07, 0x6a, 0x81, 0xfa, 0xd6, 0xd0, 0x74,
    0xef, 0xf1, 0xc8, 0x17, 0xfe, 0x4a, 0xd5, 0xa4, 0xb5, 0xbc, 0xfd, 0x56,
    0x20, 0x27, 0x06, 0xd4, 0x2b, 0x38, 0x34, 0xb5, 0x37, 0x36, 0x20, 0xde,
    0x6f, 0x44, 0xf6, 0xd1, 0x71, 0xc5, 0x7f, 0xb1, 0xf9, 0x15, 0x63, 0x2d,
    0xc2, 0x0d, 0x30, 0x4a, 0x2f, 0xf8, 0x4e, 0xf2, 0x3f, 0xa5, 0x0d, 0x8e,
    0x08, 0x1d, 0x1d, 0x5a, 0x3f, 0xf7, 0xb9, 0xf7, 0x38, 0xe0, 0x1d, 0x1f,
    0xb8, 0xe1, 0x26, 0x29, 0x4c, 0xdf, 0xa4, 0x5a, 0xbc, 0x35, 0x50, 0xbf,
    0xbd, 0xc1, 0x77, 0xe8, 0x2c, 0xb7, 0xb4, 0x25, 0xed, 0xf3, 0xbc, 0xc0,
    0x29, 0xcd, 0x31, 0xf6, 0x81, 0xaa, 0x3f, 0x00, 0xed, 0x51, 0x01, 0xa4,
    0xab, 0xc5, 0x00, 0xf6, 0xa7, 0xa9, 0x5e, 0x30, 0xcd, 0xfa, 0x2e, 0xc3,
    0xaa, 0x69, 0xb3, 0x26, 0x13, 0xcf, 0xe5, 0x38, 0x33, 0x16, 0x2c, 0xd6,
    0x45, 0xd1, 0x5a, 0xcd, 0x5f, 0x6a, 0xe6, 0xfc, 0x57, 0xf0, 0x8e, 0x10,
    0xe1, 0x39, 0xd6, 0xec, 0xf9, 0x09, 0xd9, 0xc3, 0x01, 0x6e, 0x73, 0xc2,
    0xeb, 0x47, 0xdb, 0xad, 0x07, 0xd1, 0xd2, 0x23, 0x63, 0xa7, 0xc5, 0x20,
    0x1b, 0x0c, 0xe7, 0x0a, 0x56, 0x1c, 0xda, 0xf2, 0xa5, 0x11, 0xef, 0xe5,
    0x1e, 0xdb, 0x0b, 0x32, 0x69, 0xe6, 0xe1, 0x0d, 0x13, 0x81, 0x78, 0x01,
    0xf9, 0xe8, 0xb5, 0x5d, 0xb0, 0xe2, 0x1a, 0x24, 0xfe, 0xf5, 0x14, 0xcd,
    0x21, 0x9b, 0x00, 0xfa, 0xe5, 0xe1, 0x40, 0x95, 0xee, 0xfa, 0xaa, 0x8b,
    0xf5, 0xed, 0xb5, 0xf1, 0xf1, 0xeb, 0x59, 0x7d, 0xdc, 0xfb, 0xb9, 0x11,
    0x4f, 0xf7, 0x81, 0x05, 0xae, 0xd4, 0x27, 0x16, 0xf7, 0xf0, 0xa0, 0x66,
    0x27, 0xb3, 0xda, 0x9d, 0xb3, 0x32, 0xfe, 0xcd, 0x68, 0x33, 0x75, 0x69,
    0x40, 0x3a, 0xb6, 0x9a, 0xd3, 0xb2, 0x56, 0xd6, 0x58, 0x43, 0x57, 0xbd,
    0xda, 0xcb, 0x04, 0x0d, 0xcc, 0x0d, 0x87, 0xb2, 0x96, 0x10, 0x0a, 0x61,
    0x4b, 0x7f, 0x61, 0x4d, 0x1f, 0xa9, 0x7d, 0xfb, 0x35, 0x0e, 0x55, 0xcd,
    0x22, 0x02, 0x38, 0x15, 0x78, 0x0a, 0x2b, 0x47, 0xf8, 0x43, 0x41, 0x07,
    0x65, 0xd2, 0x48, 0x2d, 0xbe, 0xd7, 0xc2, 0xf1, 0x06, 0x1f, 0x09, 0xce,
    0xbe, 0xe3, 0xf6, 0x7a, 0x04, 0x0a, 0xd1, 0x0f, 0x17, 0x4a, 0x05, 0xed,
    0xc0, 0x3d, 0x4d, 0x19, 0x14, 0x13, 0x18, 0x3b, 0xe0, 0xb6, 0xee, 0x37,
    0x0c, 0xed, 0x3b, 0x22, 0xf3, 0x51, 0x30, 0xc1, 0xda, 0xd2, 0xc4, 0xeb,
    0xf4, 0x0d, 0x1a, 0xf1, 0x15, 0x0b, 0xde, 0xdf, 0x14, 0xe5, 0xed, 0xf0,
    0x4c, 0x13, 0xa5, 0x08, 0x16, 0xc8, 0x44, 0xad, 0x31, 0x06, 0x1c, 0xe6,
    0xe8, 0x0a, 0xbd, 0x1c, 0x42, 0x16, 0xe5, 0xb3, 0x1e, 0xc8, 0xb9, 0xe1,
    0x7f, 0x1e, 0xda, 0xd5, 0x07, 0xb8, 0x23, 0x45, 0x29, 0x47, 0xed, 0xd8,
    0x11, 0x38, 0xfd, 0x3b, 0xc8, 0xf4, 0x5a, 0xb8, 0xca, 0xe3, 0x3a, 0x34,
    0x16, 0x1e, 0xab, 0x35, 0x33, 0x39, 0x11, 0xfe, 0xd6, 0xe2, 0xd1, 0xbf,
    0x0f, 0x09, 0xdf, 0x47, 0xc6, 0xda, 0xe3, 0x22, 0xf0, 0xe1, 0x5a, 0x1c,
    0x23, 0xcd, 0x28, 0x29, 0x04, 0x47, 0xc9, 0x18, 0x0f, 0x10, 0x12, 0x7f,
    0x9b, 0xa3, 0xce, 0x25, 0x41, 0x3a, 0xdc, 0x14, 0x33, 0x15, 0x36, 0x30,
    0xf8, 0xf1, 0x81, 0x2c, 0x64, 0xab, 0x0f, 0x23, 0xfe, 0x17, 0xef, 0x00,
    0x1a, 0xc5, 0x53, 0xcc, 0x9d, 0x52, 0x00, 0x2b, 0x07, 0xbc, 0x26, 0xf6,
    0xd7, 0x82, 0x0d, 0xe2, 0x19, 0x06, 0x1c, 0x28, 0xaf, 0xb5, 0x7b, 0xc3,
    0xaf, 0xc8, 0x88, 0xa0, 0x16, 0x5d, 0x12, 0x33, 0xf2, 0x12, 0x0a, 0x39,
    0xeb, 0x2a, 0xfe, 0xd0, 0x04, 0xc5, 0x32, 0x18, 0xe5, 0xb8, 0xad, 0xe3,
    0x67, 0xdc, 0x1e, 0xeb, 0xb4, 0x98, 0x01, 0xcd, 0xab, 0xdb, 0x40, 0x11,
    0xca, 0xfe, 0x06, 0x1a, 0xde, 0x0a, 0xd3, 0xd1, 0x5d, 0x02, 0xee, 0x21,
    0xbc, 0x1d, 0x32, 0xa1, 0x46, 0xd9, 0xf6, 0x98, 0xef, 0xda, 0xf7, 0xef,
    0x44, 0xf7, 0x3f, 0x81, 0xb2, 0x16, 0xbb, 0x33, 0x81, 0x17, 0xa1, 0x0a,
    0x19, 0xbd, 0xc9, 0xa0, 0x4c, 0xc6, 0x53, 0xd3, 0xdd, 0x4e, 0x42, 0xa4,
    0x50, 0x73, 0x57, 0x52, 0xc5, 0x0f, 0x81, 0x2f, 0x14, 0x1a, 0x14, 0x2d,
    0xee, 0x3f, 0xee, 0xc1, 0xe3, 0x55, 0x84, 0x51, 0x11, 0x39, 0x70, 0x5d,
    0x92, 0x25, 0xb0, 0xa2, 0xc7, 0x79, 0xa5, 0xfd, 0x1f, 0x70, 0x32, 0x73,
    0x72, 0xf7, 0xf5, 0xab, 0x4a, 0x21, 0x93, 0xe9, 0x03, 0xd1, 0x07, 0xca,
    0x82, 0x32, 0x6d, 0x4d, 0x21, 0x35, 0x05, 0x6a, 0xf0, 0x9a, 0x04, 0x18,
    0x0b, 0xe7, 0xe6, 0xd2, 0xc6, 0x13, 0x7c, 0x1d, 0xd9, 0xaf, 0x54, 0xd0,
    0xa0, 0x18, 0x2b, 0x48, 0x63, 0xc1, 0xf0, 0xd7, 0x4a, 0x20, 0x27, 0xc8,
    0x20, 0xe6, 0xc4, 0x78, 0x39, 0xee, 0x06, 0x81, 0x54, 0xab, 0x49, 0xf8,
    0xa7, 0xac, 0xb6, 0x4b, 0x1e, 0x36, 0x11, 0xad, 0x8b, 0x90, 0xba, 0xe6,
    0x27, 0x90, 0x3f, 0x0a, 0x72, 0xc4, 0xe6, 0x90, 0x1f, 0x1f, 0x13, 0x6e,
    0x49, 0xd7, 0x5a, 0x42, 0x14, 0xe4, 0x26, 0x4d, 0xea, 0xe8, 0xfc, 0xe0,
    0xc6, 0x24, 0x81, 0xf7, 0x15, 0x35, 0x61, 0xea, 0x3e, 0xea, 0xc7, 0x0a,
    0x66, 0xc5, 0x3f, 0xb9, 0xa4, 0xe5, 0x38, 0xdd, 0x47, 0x53, 0x5f, 0x0c,
    0x03, 0xc1, 0xa3, 0x23, 0xd1, 0x58, 0x4d, 0x2f, 0x5c, 0x0f, 0xc3, 0x81,
    0x4c, 0x46, 0x08, 0x13, 0x1d, 0x5d, 0xf7, 0x4f, 0x2f, 0x12, 0x81, 0xfb,
    0xf9, 0xec, 0x15, 0xc9, 0x26, 0x02, 0x76, 0xd8, 0xc3, 0x18, 0x14, 0x10,
    0xd6, 0x0f, 0x16, 0xef, 0xe5, 0x0a, 0x3f, 0x0e, 0xef, 0xdf, 0x26, 0xdc,
    0xe2, 0x17, 0xe8, 0x04, 0x2a, 0xfc, 0x1b, 0xc3, 0xcc, 0x14, 0xb4, 0xd0,
    0x11, 0xe3, 0x20, 0xc8, 0xe5, 0x22, 0x26, 0xbd, 0xbf, 0x04, 0xd4, 0xbf,
    0x13, 0x1a, 0xc0, 0x47, 0x21, 0xcf, 0x04, 0xdb, 0xd5, 0x2d, 0xf5, 0x9a,
    0x4a, 0x6f, 0x8b, 0x48, 0xef, 0x9e, 0xc1, 0xbd, 0x35, 0x2b, 0xb8, 0xef,
    0x04, 0x6d, 0x0f, 0x7f, 0xe2, 0x49, 0xc8, 0xba, 0x08, 0xba, 0xe2, 0x95,
    0x21, 0xc7, 0x2a, 0xcc, 0xbe, 0xfb, 0x00, 0xf8, 0xe1, 0xc7, 0xfa, 0x0a,
    0x29, 0xab, 0xed, 0x07, 0xea, 0xd2, 0x22, 0x41, 0x25, 0xa9, 0x51, 0x79,
    0xab, 0xaa, 0x47, 0x5a, 0x34, 0x60, 0xc3, 0xd5, 0x35, 0xe2, 0x2e, 0xf8,
    0x36, 0xd5, 0xd9, 0x30, 0xf0, 0xfb, 0xdd, 0x38, 0x11, 0xd3, 0xe2, 0x3e,
    0xeb, 0x3d, 0xe7, 0x01, 0xf5, 0xdb, 0x7f, 0xed, 0x01, 0x1b, 0x64, 0xeb,
    0x0a, 0xc4, 0xff, 0xc2, 0x0d, 0xed, 0x06, 0xc8, 0xe3, 0xe5, 0xb5, 0xc6,
    0x2c, 0xdd, 0x26, 0xcc, 0x2d, 0xca, 0xc8, 0x3e, 0xd6, 0x0c, 0xf5, 0xd5,
    0xf3, 0xfa, 0x03, 0xf3, 0xee, 0xa8, 0x4a, 0xb1, 0x24, 0x60, 0xca, 0x8f,
    0x1e, 0x81, 0xee, 0xdf, 0x2c, 0x10, 0x21, 0xbf, 0x2e, 0x2a, 0xd0, 0xb8,
    0xc9, 0xc9, 0xe8, 0x5a, 0xa4, 0x3d, 0x01, 0x1f, 0x3a, 0x05, 0x02, 0xf7,
    0xca, 0x47, 0xb1, 0xcd, 0xb6, 0xd7, 0x21, 0x1a, 0x39, 0xeb, 0xb3, 0xfb,
    0xcf, 0x0e, 0x5d, 0xa9, 0xaf, 0x33, 0x50, 0xb0, 0xc9, 0xaa, 0x60, 0xc7,
    0x50, 0xe5, 0x93, 0xe8, 0x94, 0xf3, 0x17, 0x07, 0xb8, 0xbf, 0xdc, 0x13,
    0x91, 0xd1, 0x5d, 0xee, 0xbe, 0xff, 0xe1, 0x2e, 0xbe, 0xf7, 0x06, 0xe8,
    0xda, 0x15, 0x12, 0x3f, 0x4a, 0xeb, 0x1f, 0xea, 0x2e, 0xf9, 0xe6, 0xe7,
    0x51, 0x42, 0x0d, 0xfc, 0xc9, 0xc0, 0x09, 0x36, 0x25, 0xef, 0x1c, 0x2d,
    0x08, 0x6f, 0x43, 0xcf, 0x43, 0x16, 0xdd, 0x81, 0x5a, 0xfc, 0xef, 0xb5,
    0x35, 0xf8, 0xfe, 0x16, 0x4f, 0xe8, 0x10, 0x47, 0xfe, 0x13, 0xbf, 0x03,
    0x2e, 0x24, 0x9f, 0xfb, 0xdc, 0xc8, 0xa4, 0x03, 0xd5, 0x4c, 0xc4, 0x06,
    0xfa, 0x6c, 0xd9, 0x3f, 0x2b, 0x56, 0x43, 0x45, 0x33, 0xdb, 0x24, 0x9a,
    0xdb, 0x59, 0xc6, 0x81, 0xf5, 0xe9, 0x09, 0xe0, 0xb1, 0x04, 0xee, 0x27,
    0x28, 0x0e, 0x18, 0xc5, 0xe9, 0x5c, 0xf3, 0x42, 0xe2, 0xb4, 0xb7, 0xe6,
    0xfb, 0xe8, 0x11, 0x0e, 0xe0, 0xf1, 0x13, 0xa1, 0xea, 0x81, 0xc1, 0xb2,
    0xf2, 0xed, 0xc2, 0xf5, 0xfa, 0x1d, 0xdc, 0x17, 0xd7, 0xd4, 0x08, 0x43,
    0xff, 0xd4, 0xdc, 0xc8, 0x01, 0x19, 0xfd, 0xd2, 0xf7, 0x00, 0xc6, 0x2a,
    0x1f, 0x05, 0x2b, 0xe3, 0xf5, 0xc4, 0xdb, 0x35, 0x23, 0x22, 0x2e, 0xdb,
    0x14, 0xf6, 0x1a, 0x2c, 0x07, 0xb8, 0x18, 0xf5, 0xf8, 0xd4, 0xcd, 0x0d,
    0xc2, 0xe0, 0x27, 0x11, 0x08, 0xae, 0xdf, 0xd4, 0x51, 0x02, 0x7f, 0xe4,
    0xe7, 0x21, 0x2e, 0xff, 0xa6, 0x98, 0x1e, 0x75, 0x0b, 0xe1, 0x47, 0xc9,
    0xf0, 0xfb, 0x1b, 0xfc, 0x5e, 0xef, 0x01, 0xe7, 0x83, 0x13, 0x30, 0xf2,
    0xbd, 0xcc, 0xf2, 0x0a, 0xe6, 0xc3, 0x39, 0x39, 0x29, 0xa9, 0x6b, 0x30,
    0xb0, 0xff, 0xb0, 0xea, 0x02, 0x50, 0x96, 0x01, 0x35, 0xd8, 0xa9, 0x25,
    0xee, 0x19, 0x3c, 0xc2, 0xf9, 0x0f, 0x43, 0xf2, 0xdd, 0xfe, 0xd5, 0xdc,
    0xb8, 0xee, 0x34, 0x04, 0xef, 0x30, 0xed, 0xdc, 0x0d, 0xe1, 0x1f, 0xcf,
    0x05, 0x93, 0x27, 0xbc, 0xbd, 0xfd, 0xc5, 0xed, 0x3d, 0xe8, 0xad, 0x3f,
    0xf1, 0xdc, 0xce, 0xef, 0x95, 0xb9, 0x44, 0x27, 0x55, 0x36, 0x44, 0xda,
    0x3c, 0x46, 0xf1, 0xf9, 0x08, 0xf5, 0xd1, 0xfb, 0x23, 0xd7, 0xe1, 0x10,
    0x41, 0xe7, 0x0b, 0x1f, 0x7f, 0x0d, 0xc2, 0xba, 0x35, 0xe0, 0x15, 0x0e,
    0x0e, 0x00, 0xc6, 0x02, 0xff, 0xd7, 0xc1, 0xdd, 0x41, 0x20, 0x02, 0x3b,
    0x07, 0x02, 0x81, 0xb1, 0x41, 0x0d, 0xff, 0xa8, 0xdf, 0xed, 0xd5, 0xa9,
    0xa0, 0x50, 0xeb, 0x36, 0xb5, 0xe8, 0xd5, 0x7f, 0x2f, 0xca, 0x2b, 0xc3,
    0xc4, 0x1c, 0x14, 0x40, 0x35, 0xfa, 0x42, 0x17, 0x14, 0xaa, 0xb4, 0x1b,
    0x60, 0x50, 0x34, 0x08, 0xbe, 0x1d, 0x9b, 0x44, 0x50, 0xc3, 0xd2, 0xbc,
    0x39, 0xfe, 0x27, 0xfa, 0xce, 0xd1, 0x1d, 0x55, 0x0f, 0xc9, 0x44, 0xcb,
    0xbc, 0x2f, 0x1e, 0xe5, 0x61, 0xf1, 0x32, 0xc0, 0x19, 0x19, 0x4b, 0x81,
    0xd7, 0x34, 0xe9, 0x26, 0xf4, 0x19, 0x53, 0xb8, 0x08, 0x09, 0x37, 0x3b,
    0xbe, 0xab, 0x1e, 0x32, 0xde, 0xe9, 0x35, 0x26, 0x9a, 0xb5, 0x43, 0xe2,
    0xf3, 0x08, 0x28, 0xf2, 0x39, 0xd4, 0xd5, 0x9b, 0x3a, 0xc1, 0x3c, 0xde,
    0xce, 0x02, 0x3b, 0x06, 0x18, 0x69, 0x93, 0x37, 0x0c, 0xb1, 0xc7, 0x3e,
    0xf1, 0x09, 0x27, 0x8c, 0xe6, 0xc1, 0xbd, 0xf8, 0xec, 0xf3, 0xcd, 0x08,
    0x23, 0xa5, 0x4d, 0xc8, 0xf3, 0xd5, 0x6b, 0x98, 0xd1, 0x7f, 0xda, 0xd5,
    0xe5, 0xf9, 0xf5, 0x0b, 0xb4, 0xdb, 0xa3, 0x07, 0x25, 0x65, 0x42, 0xa4,
    0x2a, 0x49, 0x30, 0xe8, 0xbb, 0xea, 0xc3, 0xe7, 0x37, 0x34, 0xc0, 0x2d,
    0xe9, 0x61, 0xc5, 0x14, 0xcd, 0xf6, 0x7f, 0x48, 0x03, 0x0e, 0xe2, 0x1f,
    0x4e, 0xba, 0x4d, 0xf8, 0xb9, 0xd0, 0xef, 0x0f, 0x92, 0xa8, 0x1f, 0x2f,
    0x25, 0xfe, 0xed, 0xe0, 0x7c, 0x5e, 0x99, 0xd9, 0xfa, 0xfd, 0x1f, 0x0b,
    0x16, 0xda, 0xfd, 0x0a, 0x0c, 0xde, 0x3e, 0xc1, 0xef, 0xf0, 0x0b, 0x1d,
    0xb6, 0x12, 0x24, 0xf0, 0xf7, 0x1a, 0x17, 0x14, 0x6a, 0xe8, 0x3e, 0x3a,
    0x58, 0x35, 0x29, 0xc0, 0x7f, 0x16, 0x50, 0x2e, 0x62, 0x11, 0xa8, 0xd7,
    0x2b, 0xc3, 0xbc, 0xce, 0x2f, 0x97, 0xb8, 0xd8, 0x2c, 0x19, 0x03, 0x04,
    0xe2, 0xb8, 0xb4, 0x4b, 0x42, 0xe3, 0xcb, 0x15, 0x3c, 0x2c, 0xc2, 0x29,
    0x42, 0x2a, 0xc0, 0x31, 0x2d, 0x32, 0xdd, 0xd6, 0x05, 0x72, 0x21, 0x4b,
    0x17, 0xe2, 0x13, 0x20, 0x0a, 0x06, 0x8c, 0x0b, 0xf6, 0xea, 0xe7, 0xc4,
    0xc7, 0x17, 0x2f, 0x30, 0x2b, 0x28, 0xdf, 0xcc, 0x1f, 0x3a, 0xf7, 0x16,
    0xff, 0xc8, 0x46, 0x81, 0xd1, 0x10, 0x05, 0xd7, 0xe8, 0x00, 0x25, 0x1a,
    0xdc, 0xfd, 0x36, 0xd0, 0x0b, 0x04, 0x07, 0x1c, 0xfc, 0x3c, 0xff, 0x11,
    0xfb, 0xe1, 0x1b, 0x2f, 0x09, 0x12, 0x32, 0xd0, 0xc4, 0x58, 0x1b, 0xcb,
    0x0e, 0x47, 0xca, 0xd9, 0xd2, 0xf0, 0x3b, 0x13, 0xf6, 0x1c, 0x0f, 0xbf,
    0x12, 0xe0, 0xcd, 0x18, 0xbc, 0x21, 0xfc, 0xe5, 0xd8, 0x45, 0xcf, 0xe6,
    0x25, 0xf0, 0x21, 0x7f, 0x11, 0x20, 0x05, 0xea, 0x25, 0xbe, 0x12, 0xe3,
    0xe7, 0xc5, 0x14, 0x61, 0xd1, 0x14, 0x2d, 0xd2, 0x19, 0x1e, 0x43, 0xc9,
    0xb7, 0x23, 0xc4, 0x13, 0x35, 0x1b, 0x00, 0xe8, 0x39, 0xbd, 0xc8, 0x65,
    0xd2, 0xe1, 0xf5, 0xe0, 0x41, 0x26, 0x2f, 0x2c, 0xa6, 0xbf, 0x0d, 0xde,
    0xc7, 0x49, 0x48, 0x46, 0xdf, 0x14, 0x10, 0x69, 0xc4, 0xd3, 0xb2, 0x1b,
    0xe0, 0x25, 0x4c, 0x81, 0xb0, 0xf9, 0x10, 0xe2, 0xab, 0xfe, 0x9f, 0x04,
    0xcd, 0x28, 0x4e, 0xec, 0x35, 0x10, 0x3b, 0x90, 0xd0, 0x5d, 0x03, 0xf5,
    0x0d, 0x08, 0xec, 0xdd, 0xff, 0xcc, 0x03, 0xcc, 0xb3, 0xff, 0x17, 0xa9,
    0xe7, 0x31, 0x9e, 0x58, 0x18, 0xc2, 0x03, 0x14, 0xdb, 0xe4, 0xaa, 0xff,
    0x5d, 0x9e, 0x36, 0x07, 0xce, 0x03, 0xf8, 0xa5, 0xeb, 0x01, 0x1b, 0xdf,
    0x81, 0x17, 0x22, 0x69, 0xe9, 0xfc, 0x38, 0x8d, 0xf8, 0xc1, 0x3a, 0xe3,
    0x26, 0xa3, 0xab, 0xa2, 0x36, 0x1d, 0x48, 0x6e, 0x62, 0xe9, 0xee, 0xc7,
    0xf0, 0xe9, 0x99, 0xf3, 0x32, 0xc6, 0xf2, 0x9c, 0x23, 0xf3, 0xcb, 0x03,
    0x08, 0xe1, 0xda, 0x5a, 0x0c, 0xd3, 0x39, 0xf8, 0x4c, 0xc5, 0xea, 0x46,
    0x28, 0x02, 0xf2, 0x03, 0xf2, 0xa3, 0xe3, 0x17, 0x11, 0xfb, 0x07, 0x20,
    0x35, 0xf8, 0x0e, 0x0e, 0xc9, 0xae, 0xed, 0xf7, 0x0a, 0xfa, 0x3d, 0xa4,
    0x0f, 0xdd, 0xd1, 0xb8, 0xd9, 0xcf, 0x19, 0xac, 0xc7, 0xcd, 0xe8, 0x28,
    0x0a, 0xb0, 0xfc, 0x14, 0xf1, 0x19, 0xc2, 0x2b, 0xbb, 0xf5, 0xa7, 0xd0,
    0x15, 0x0f, 0xf9, 0x00, 0x05, 0x42, 0x18, 0x81, 0x28, 0xac, 0x72, 0xeb,
    0xbd, 0x3c, 0x2e, 0xe9, 0x0d, 0x76, 0xa4, 0xc8, 0xfc, 0x5b, 0xcd, 0xc2,
    0xb6, 0xf6, 0x52, 0xfb, 0x93, 0x4e, 0x40, 0x14, 0xb2, 0x03, 0x06, 0x6b,
    0x6c, 0x22, 0x72, 0x03, 0xb0, 0xaa, 0xc6, 0x8d, 0x15, 0x11, 0xdb, 0x1b,
    0x3c, 0x74, 0x61, 0xcc, 0xe0, 0x38, 0xea, 0x37, 0x59, 0x3a, 0x4f, 0x46,
    0xf3, 0xf2, 0xd6, 0xf1, 0xca, 0x0b, 0x21, 0x7f, 0x4c, 0x33, 0x12, 0xc6,
    0xe9, 0xea, 0x0e, 0xd5, 0x47, 0xd1, 0x5d, 0xe8, 0x32, 0xd6, 0x51, 0xc4,
    0xda, 0xed, 0xf9, 0x5a, 0xb5, 0x2b, 0x0b, 0x23, 0xd6, 0x41, 0xac, 0x45,
    0x24, 0x45, 0xc6, 0xc1, 0x04, 0x09, 0xc1, 0x0f, 0xfa, 0x2f, 0x5b, 0xbc,
    0xa1, 0x62, 0x31, 0xcb, 0x04, 0xff, 0x4e, 0xc7, 0x12, 0x0c, 0x7f, 0x8e,
    0xd7, 0x0d, 0x10, 0xe6, 0x0d, 0x61, 0x1f, 0x29, 0x2e, 0x17, 0xeb, 0xf8,
    0xa3, 0xed, 0x59, 0x96, 0xfd, 0xfc, 0x35, 0xe4, 0xe4, 0xa5, 0xe7, 0x1e,
    0x3b, 0xe1, 0x32, 0x39, 0xd8, 0xb3, 0x8d, 0xfb, 0xe1, 0xc8, 0xfc, 0x3c,
    0xc7, 0x06, 0xda, 0x71, 0x13, 0x3f, 0x39, 0x0c, 0xf7, 0xfb, 0x14, 0xa9,
    0xbc, 0x51, 0x9d, 0xe5, 0xcc, 0xf0, 0x48, 0xef, 0x1f, 0xb3, 0x0d, 0xc4,
    0xdc, 0x7f, 0xfe, 0xd3, 0x15, 0x81, 0xf0, 0x25, 0xef, 0x28, 0xcf, 0xa6,
    0x56, 0xaa, 0x8f, 0xd6, 0x13, 0x3d, 0x2c, 0xf6, 0xa7, 0x3a, 0x3f, 0xc8,
    0xe2, 0xb8, 0xc5, 0xf7, 0xf2, 0x10, 0xec, 0x3f, 0x62, 0x16, 0x1a, 0x43,
    0xdd, 0xf6, 0x5f, 0xcf, 0x17, 0xf0, 0xcb, 0x62, 0x10, 0x12, 0xbd, 0x03,
    0x08, 0x4d, 0x32, 0x12, 0x46, 0x1d, 0x7f, 0xc2, 0x18, 0x46, 0x33, 0x05,
    0x2c, 0x19, 0xca, 0x2c, 0x41, 0x1f, 0xcd, 0x23, 0x3a, 0x0b, 0xf0, 0x3d,
    0x02, 0x1b, 0xdc, 0x8a, 0x0e, 0xc4, 0x2b, 0xf1, 0xe7, 0xd4, 0xf5, 0xf7,
    0x24, 0x0b, 0x25, 0xbb, 0x22, 0x10, 0xda, 0xfc, 0xee, 0x0a, 0x3b, 0x81,
    0x1e, 0x1c, 0x16, 0x58, 0xf1, 0x22, 0x01, 0x31, 0xc0, 0xfa, 0xe5, 0xfb,
    0x36, 0x03, 0x23, 0xe7, 0x34, 0xba, 0xf1, 0x3a, 0x1c, 0x29, 0xee, 0xff,
    0xd3, 0x0c, 0x30, 0x15, 0xd0, 0xcf, 0xd0, 0xba, 0xb6, 0x53, 0xf0, 0xfc,
    0x34, 0xa7, 0xd9, 0xa4, 0xa4, 0xff, 0xae, 0x5f, 0xf4, 0x17, 0x42, 0xb7,
    0x1e, 0x10, 0x9e, 0x4b, 0x30, 0xef, 0xde, 0xfc, 0xda, 0xdf, 0xb5, 0xfb,
    0xa4, 0xaf, 0x20, 0x87, 0xaa, 0xf5, 0x55, 0x48, 0xf5, 0x2b, 0x27, 0xf5,
    0xbf, 0x48, 0xc5, 0x43, 0xdb, 0xc4, 0x4c, 0x9a, 0x2c, 0x0d, 0xac, 0x15,
    0x51, 0x5a, 0xdf, 0xc6, 0xfc, 0x0b, 0x7f, 0x55, 0x29, 0x5e, 0xc5, 0x3e,
    0xe3, 0x1a, 0x0f, 0xe0, 0x5b, 0x58, 0x2c, 0xfa, 0x7f, 0xf1, 0xac, 0xe6,
    0x45, 0x9d, 0x6d, 0xa4, 0xcb, 0xfc, 0x08, 0xdd, 0x2f, 0x8b, 0x17, 0x11,
    0x28, 0xa6, 0xe9, 0x30, 0x1e, 0xc1, 0x69, 0x9e, 0x0b, 0x58, 0xa3, 0xde,
    0xe1, 0x37, 0xab, 0xac, 0xe1, 0xf8, 0xd3, 0x1a, 0x74, 0xef, 0x89, 0xe0,
    0x09, 0x77, 0x09, 0x6a, 0x58, 0xe7, 0xa5, 0x07, 0xb9, 0x31, 0xb8, 0x25,
    0xed, 0x3d, 0xc4, 0x16, 0x0b, 0xfe, 0x1c, 0x12, 0xcd, 0xce, 0x98, 0x1a,
    0xc3, 0x30, 0xcf, 0xf0, 0x33, 0x32, 0x2f, 0xc8, 0x3c, 0x57, 0x4e, 0xa6,
    0xd2, 0xb6, 0x1e, 0x57, 0xdf, 0xe8, 0x46, 0x31, 0xe7, 0xf5, 0xdb, 0xb0,
    0xf9, 0x51, 0xfd, 0x31, 0x58, 0x76, 0x03, 0xf0, 0x7f, 0x3b, 0x59, 0x09,
    0x23, 0xd9, 0x36, 0x60, 0x5a, 0x28, 0x54, 0x6b, 0x0a, 0x67, 0xa6, 0x48,
    0xd3, 0xb8, 0x5c, 0xe6, 0x28, 0x41, 0x9e, 0x23, 0x58, 0x50, 0xb9, 0x3c,
    0xc8, 0x99, 0xec, 0xa1, 0xd5, 0xce, 0x34, 0x9b, 0x07, 0x32, 0xdd, 0x3b,
    0x48, 0xb1, 0xab, 0xd8, 0xd6, 0xac, 0x12, 0x55, 0x2b, 0xe6, 0xb6, 0xf6,
    0x5c, 0x2d, 0xcc, 0x2e, 0x03, 0xb1, 0xea, 0x12, 0xf0, 0x64, 0xcf, 0xa2,
    0xf6, 0xcf, 0xec, 0xf9, 0x16, 0x54, 0xb7, 0x7f, 0xff, 0x14, 0xc8, 0x40,
    0x3e, 0x26, 0x81, 0x27, 0x06, 0x04, 0x24, 0x4f, 0xf8, 0xe6, 0xad, 0xea,
    0xd2, 0x01, 0xc7, 0xa0, 0x89, 0xed, 0xdc, 0xdc, 0x34, 0x17, 0x2b, 0x20,
    0xdd, 0xb2, 0x08, 0x01, 0xf3, 0x25, 0xe5, 0x0e, 0x24, 0xde, 0x1f, 0x40,
    0xb0, 0x23, 0xde, 0xee, 0xbd, 0x2a, 0x79, 0xda, 0xfc, 0x2a, 0x44, 0xeb,
    0x5c, 0x27, 0xab, 0x0b, 0xd0, 0xeb, 0xb5, 0x9c, 0x46, 0x42, 0xb3, 0x58,
    0xc3, 0x00, 0x41, 0xe0, 0xc8, 0xa0, 0x1b, 0x19, 0x15, 0x7f, 0xea, 0x4f,
    0xbc, 0xdf, 0x24, 0x2f, 0x95, 0x46, 0xf7, 0xc1, 0xa9, 0x1b, 0x9a, 0x97,
    0x21, 0xcc, 0xfe, 0x17, 0xd1, 0x27, 0x18, 0xbb, 0x30, 0x1f, 0xf6, 0xca,
    0xf9, 0x23, 0x1c, 0xe0, 0xc6, 0xff, 0xf1, 0xe8, 0x72, 0xea, 0xba, 0xcd,
    0xb0, 0x53, 0xc2, 0x0c, 0xc6, 0xf7, 0x5a, 0x2b, 0xff, 0x53, 0x23, 0x18,
    0xf8, 0xab, 0x0c, 0x1e, 0x50, 0xd9, 0xaa, 0xf5, 0x18, 0xa0, 0xd0, 0xe9,
    0x52, 0xe5, 0xde, 0xc6, 0x32, 0x1b, 0xda, 0xfe, 0x07, 0xcc, 0x2e, 0xad,
    0x4c, 0xe0, 0x17, 0xd1, 0x1f, 0xaa, 0x77, 0x66, 0x37, 0x81, 0xc4, 0xc4,
    0xd0, 0x23, 0xa7, 0xd2, 0xfa, 0x10, 0x0e, 0xde, 0x61, 0x6f, 0x58, 0x9e,
    0xfb, 0xbf, 0xdf, 0xf8, 0x1a, 0x98, 0xa1, 0xc5, 0x61, 0xde, 0xae, 0xee,
    0xf6, 0x20, 0x64, 0xd7, 0x21, 0xb7, 0xe5, 0xcf, 0xd3, 0x37, 0xfe, 0x5b,
    0x14, 0xc5, 0x35, 0x66, 0xc1, 0xfb, 0xa9, 0x13, 0x64, 0x5e, 0x3b, 0x33,
    0xb7, 0x38, 0x60, 0x65, 0x2a, 0x34, 0xe4, 0x35, 0xca, 0xa6, 0xe8, 0xab,
    0xe3, 0x7f, 0x68, 0x21, 0x3f, 0xf6, 0xbc, 0x04, 0x3b, 0xe7, 0xca, 0x5e,
    0xd4, 0x41, 0x15, 0x51, 0x17, 0xfa, 0x2b, 0x19, 0x12, 0x2e, 0xb7, 0x16,
    0x3f, 0x60, 0x23, 0x1b, 0x11, 0xf8, 0x4a, 0xe4, 0xd9, 0x28, 0x1f, 0x20,
    0x34, 0x29, 0x95, 0x7f, 0x5d, 0x1a, 0x11, 0xcd, 0x0c, 0xb5, 0x0e, 0xfd,
    0x25, 0xf9, 0xdf, 0xd6, 0xea, 0xc4, 0xb8, 0xd8, 0x1a, 0x40, 0x02, 0x05,
    0xf0, 0xc8, 0xf3, 0x29, 0x5e, 0x18, 0x41, 0xc4, 0xda, 0xb6, 0x46, 0xf2,
    0xac, 0xfc, 0xaa, 0xe5, 0x08, 0x2f, 0xcb, 0xff, 0x08, 0x32, 0x24, 0xe3,
    0xfe, 0xe9, 0xd1, 0x25, 0x4c, 0x23, 0x10, 0xf1, 0xc9, 0xac, 0x3e, 0xaf,
    0x10, 0xf9, 0xed, 0xf9, 0xf0, 0x09, 0x03, 0x6b, 0xd2, 0xc7, 0xea, 0x11,
    0xfd, 0x3c, 0xf0, 0xfa, 0x3a, 0xa4, 0xf3, 0xe2, 0x41, 0x1a, 0x1a, 0xe4,
    0xba, 0x7f, 0x30, 0xd5, 0x19, 0xdd, 0x56, 0x0c, 0xe6, 0x14, 0x1b, 0x26,
    0x33, 0xba, 0x03, 0x72, 0xd2, 0xd1, 0x3d, 0xc3, 0xfb, 0xbd, 0x15, 0xe4,
    0x16, 0x1a, 0x0d, 0xd8, 0x19, 0xd4, 0xf0, 0x12, 0xe6, 0xb5, 0x2b, 0x17,
    0x1b, 0x0f, 0x2c, 0xae, 0x05, 0x34, 0xd0, 0xc9, 0x0e, 0x29, 0xd1, 0x81,
    0xdd, 0x0d, 0xe8, 0x2f, 0x47, 0x10, 0x43, 0xe7, 0xce, 0x2b, 0xe6, 0x0f,
    0xf5, 0xfb, 0x12, 0xc1, 0x21, 0x28, 0x05, 0xe6, 0x0c, 0xdb, 0x1d, 0xf5,
    0xf5, 0xd0, 0x2b, 0xfc, 0xd5, 0xd0, 0x89, 0xcb, 0xc5, 0xc5, 0x0d, 0xe8,
    0xf8, 0xbc, 0x0f, 0x20, 0xc2, 0xae, 0xa6, 0xe6, 0x25, 0xbf, 0x41, 0xc4,
    0xfb, 0x08, 0xec, 0x43, 0xb0, 0xe2, 0x12, 0xdc, 0x3c, 0xc7, 0xdf, 0x50,
    0x8d, 0xd4, 0x53, 0x42, 0x28, 0x11, 0xc3, 0x6f, 0xd2, 0xa7, 0x16, 0xd1,
    0x1d, 0x33, 0x36, 0xfc, 0x1f, 0x24, 0x48, 0x81, 0xbe, 0x99, 0xca, 0x51,
    0xa9, 0x28, 0xf9, 0x44, 0x45, 0xb7, 0x45, 0x0d, 0x06, 0x19, 0xc8, 0xd2,
    0xc5, 0x01, 0xaa, 0x9f, 0x96, 0xf7, 0xec, 0x30, 0xbb, 0xbe, 0xb5, 0xe7,
    0x08, 0x50, 0x81, 0x61, 0xdf, 0x09, 0x14, 0xac, 0xe5, 0x1e, 0xd6, 0xb9,
    0xc0, 0x3f, 0x44, 0xb1, 0x6d, 0xb9, 0xe4, 0x56, 0x59, 0x11, 0xa1, 0x07,
    0x7b, 0x39, 0x16, 0xb0, 0x69, 0xf4, 0x55, 0xf4, 0xeb, 0xf3, 0x41, 0x1f,
    0x30, 0xa0, 0x37, 0x08, 0x3a, 0x3b, 0xdb, 0xca, 0x5c, 0xd3, 0x08, 0x22,
    0x41, 0x2b, 0x90, 0xd6, 0xd7, 0xb1, 0x52, 0xfa, 0xb1, 0xf4, 0x39, 0x0e,
    0xd6, 0xe4, 0x5d, 0xb8, 0xb8, 0xf9, 0x35, 0x4b, 0xea, 0xb7, 0x33, 0x2a,
    0x3d, 0xac, 0x67, 0xdc, 0x2a, 0x6d, 0xbb, 0xfa, 0x0c, 0xef, 0x7e, 0x2b,
    0x0d, 0x07, 0xef, 0x9f, 0xcb, 0xdd, 0x21, 0x16, 0xc9, 0xd6, 0x92, 0x7f,
    0xc8, 0xe2, 0x3a, 0x13, 0x36, 0x24, 0xd1, 0x19, 0x2f, 0x38, 0xa2, 0xe5,
    0x16, 0xac, 0xd0, 0x6e, 0x6f, 0xf0, 0x64, 0x0c, 0xdb, 0x06, 0x68, 0x1a,
    0x81, 0x24, 0x07, 0x71, 0x75, 0x0a, 0x2e, 0x2f, 0xd8, 0xb9, 0xb5, 0x2c,
    0x57, 0x2b, 0xea, 0x50, 0x44, 0xcb, 0xf4, 0xc8, 0x3d, 0xd3, 0x39, 0xd0,
    0xd8, 0x1c, 0x05, 0x24, 0x07, 0x2a, 0x3d, 0x17, 0x41, 0xac, 0xc7, 0xed,
    0xae, 0x12, 0xfc, 0x24, 0x2a, 0x4b, 0x88, 0x10, 0xcd, 0xd3, 0x48, 0x0d,
    0x36, 0x0c, 0xa5, 0x36, 0x02, 0x18, 0xe2, 0x5e, 0x99, 0xd9, 0xe5, 0xe1,
    0xc6, 0xa6, 0x0a, 0x56, 0x7f, 0x24, 0xd3, 0x61, 0x2f, 0x20, 0xca, 0xfa,
    0x64, 0xf9, 0xc5, 0x0b, 0x53, 0xdb, 0x97, 0xfa, 0xbd, 0x20, 0x33, 0xb1,
    0xce, 0xe6, 0x26, 0x54, 0x21, 0xa8, 0xfb, 0x45, 0xca, 0x9f, 0x17, 0x72,
    0xb6, 0xeb, 0xca, 0xae, 0xc7, 0x19, 0x38, 0xe4, 0x10, 0x33, 0xec, 0x65,
    0x1e, 0x11, 0x55, 0xd3, 0x5e, 0xb6, 0x7c, 0xb3, 0xe8, 0xf4, 0x41, 0x98,
    0xf6, 0x12, 0x31, 0x1b, 0x7e, 0x87, 0x15, 0x17, 0xb4, 0xf1, 0x52, 0xab,
    0x76, 0xd9, 0x10, 0x7f, 0x61, 0x3b, 0x02, 0x0f, 0xa3, 0xc4, 0x07, 0xd2,
    0x0b, 0xdd, 0xcf, 0x32, 0x11, 0xb3, 0xe8, 0x25, 0x41, 0x53, 0x0f, 0xbc,
    0x16, 0x07, 0xfe, 0x5e, 0x3f, 0xaf, 0xa5, 0xb0, 0x76, 0xb6, 0x17, 0x54,
    0x0f, 0x0a, 0x89, 0x81, 0x3b, 0xa7, 0xac, 0x72, 0x26, 0xe7, 0x3d, 0x38,
    0x26, 0xe6, 0xc5, 0x33, 0x4e, 0xec, 0x3b, 0x26, 0xea, 0xc0, 0x65, 0x8e,
    0x3f, 0x42, 0xb6, 0xf0, 0x61, 0x08, 0x3a, 0xb2, 0x4c, 0xba, 0xee, 0x23,
    0xf7, 0xd0, 0xba, 0x2a, 0x34, 0x06, 0x08, 0xd0, 0x35, 0xe4, 0xde, 0x3b,
    0xfb, 0xe1, 0x41, 0x01, 0x1a, 0xd2, 0xc5, 0x91, 0xff, 0xe3, 0x35, 0xe3,
    0xbc, 0xfb, 0x57, 0x63, 0xbe, 0x1e, 0xfc, 0x7d, 0x0e, 0x5f, 0x09, 0x61,
    0x22, 0xee, 0xe7, 0x4f, 0xd2, 0x1b, 0x26, 0xd8, 0x25, 0x21, 0x06, 0xf5,
    0x68, 0x0e, 0xeb, 0xc4, 0x10, 0xe3, 0x43, 0x7f, 0x56, 0x1b, 0xeb, 0xe1,
    0xd5, 0x18, 0x14, 0xd8, 0xc8, 0xc9, 0x15, 0x15, 0xf2, 0x32, 0x45, 0xab,
    0x65, 0xe6, 0xf0, 0x23, 0x3d, 0xc4, 0xc8, 0xf2, 0x2e, 0xc6, 0xff, 0xff,
    0x04, 0x00, 0x00, 0x00, 0xf0, 0x00, 0x00, 0x00, 0x87, 0xea, 0xff, 0xff,
    0x17, 0xf2, 0xff, 0xff, 0xb7, 0xf5, 0xff, 0xff, 0x0d, 0xe9, 0xff, 0xff,
    0xc7, 0x0a, 0x00, 0x00, 0x25, 0xfc, 0xff, 0xff, 0x87, 0xfd, 0xff, 0xff,
    0xc0, 0x04, 0x00, 0x00, 0x43, 0x0e, 0x00, 0x00, 0xd2, 0xe1, 0xff, 0xff,
    0xd4, 0xf0, 0xff, 0xff, 0xf1, 0xf9, 0xff, 0xff, 0xee, 0x09, 0x00, 0x00,
    0xff, 0x0e, 0x00, 0x00, 0xe2, 0xe0, 0xff, 0xff, 0x31, 0x0c, 0x00, 0x00,
    0x8f, 0xfa, 0xff, 0xff, 0x45, 0x05, 0x00, 0x00, 0x1d, 0x00, 0x00, 0x00,
    0x5e, 0x09, 0x00, 0x00, 0x20, 0x18, 0x00, 0x00, 0x2c, 0x05, 0x00, 0x00,
    0xf1, 0x17, 0x00, 0x00, 0x7f, 0x03, 0x00, 0x00, 0xf3, 0xfb, 0xff, 0xff,
    0x97, 0x03, 0x00, 0x00, 0xdf, 0x09, 0x00, 0x00, 0xea, 0x06, 0x00, 0x00,
    0xe3, 0xe3, 0xff, 0xff, 0x00, 0xf1, 0xff, 0xff, 0xfd, 0xed, 0xff, 0xff,
    0x6e, 0xef, 0xff, 0xff, 0x3e, 0xfd, 0xff, 0xff, 0x9a, 0xe7, 0xff, 0xff,
    0x1e, 0xf9, 0xff, 0xff, 0x14, 0x07, 0x00, 0x00, 0xbc, 0xec, 0xff, 0xff,
    0xeb, 0x11, 0x00, 0x00, 0x67, 0xf6, 0xff, 0xff, 0xc7, 0x1a, 0x00, 0x00,
    0xc5, 0xfe, 0xff, 0xff, 0xdd, 0x06, 0x00, 0x00, 0x48, 0xe6, 0xff, 0xff,
    0xf6, 0x01, 0x00, 0x00, 0x8f, 0xf3, 0xff, 0xff, 0xaf, 0x12, 0x00, 0x00,
    0x24, 0xe9, 0xff, 0xff, 0x2e, 0x0d, 0x00, 0x00, 0x8c, 0xf9, 0xff, 0xff,
    0xe7, 0xf3, 0xff, 0xff, 0x8b, 0x1a, 0x00, 0x00, 0x9a, 0xf7, 0xff, 0xff,
    0xcf, 0x06, 0x00, 0x00, 0x6e, 0x17, 0x00, 0x00, 0x07, 0x09, 0x00, 0x00,
    0xe2, 0x16, 0x00, 0x00, 0xd6, 0xfe, 0xff, 0xff, 0x1c, 0xf9, 0xff, 0xff,
    0xe8, 0x06, 0x00, 0x00, 0xfa, 0x08, 0x00, 0x00, 0x2a, 0xc7, 0xff, 0xff,
    0x04, 0x00, 0x00, 0x00, 0x0c, 0x03, 0x00, 0x00, 0xc1, 0x02, 0xb1, 0xe5,
    0x54, 0x1c, 0xe1, 0x1a, 0x81, 0x81, 0x7f, 0x66, 0x7f, 0xa1, 0x2c, 0xdf,
    0x81, 0x11, 0x41, 0x2f, 0x53, 0xf7, 0x10, 0xec, 0xca, 0x0a, 0x05, 0x39,
    0xb3, 0x7f, 0x7f, 0xe6, 0x20, 0x81, 0xd3, 0x4f, 0x0d, 0x2a, 0xcd, 0x92,
    0xbb, 0x10, 0x0c, 0xfc, 0x2d, 0x07, 0xc3, 0x8b, 0x69, 0x7f, 0x52, 0xf3,
    0x6b, 0x9a, 0x81, 0xfa, 0xf9, 0x22, 0x50, 0x19, 0xe5, 0x09, 0x9c, 0x33,
    0x74, 0x10, 0xe2, 0xcb, 0xc3, 0x9a, 0x33, 0x4e, 0x11, 0xfe, 0x6f, 0x1b,
    0xf6, 0x3c, 0x4a, 0x79, 0x42, 0x12, 0xe2, 0x02, 0xb5, 0x11, 0x9e, 0xf4,
    0x81, 0x47, 0x58, 0xae, 0xfe, 0xcc, 0xdc, 0x7f, 0xd9, 0x73, 0x15, 0xe3,
    0xfd, 0xc1, 0x5b, 0x1f, 0x14, 0x1f, 0xe0, 0xd7, 0x52, 0xe6, 0x7f, 0x78,
    0x0a, 0x9b, 0xa3, 0xe8, 0xf9, 0x7f, 0x5c, 0xc7, 0xff, 0xe5, 0x3a, 0xfc,
    0x7f, 0x39, 0x28, 0x0a, 0x35, 0xc4, 0x5d, 0x46, 0x13, 0x7f, 0xe7, 0x1b,
    0xb1, 0x0d, 0x50, 0x7f, 0xce, 0x64, 0xda, 0x2e, 0x72, 0xf9, 0xbb, 0x04,
    0xc7, 0x73, 0x1f, 0xd0, 0x23, 0xeb, 0xe6, 0x4a, 0x9d, 0x7f, 0x5c, 0xb9,
    0xdf, 0xcb, 0x13, 0xe1, 0x41, 0xd4, 0x7f, 0xcf, 0x0a, 0xf4, 0x33, 0x38,
    0x34, 0xda, 0xe7, 0xeb, 0xa5, 0x4a, 0x42, 0x0b, 0xd5, 0x2a, 0xe7, 0xf8,
    0xa7, 0x22, 0xce, 0x6b, 0x07, 0xed, 0xfe, 0x02, 0x3b, 0x0d, 0xe0, 0xdd,
    0xef, 0x02, 0x1f, 0x1f, 0x20, 0x40, 0xe1, 0x0d, 0xe7, 0xf9, 0x31, 0xce,
    0xec, 0xa8, 0x49, 0xc1, 0xcf, 0xe6, 0x4e, 0x5e, 0xcf, 0x72, 0x31, 0x81,
    0x11, 0xe4, 0x21, 0xec, 0x41, 0x81, 0xf7, 0xb2, 0x6f, 0x05, 0x60, 0x13,
    0x35, 0xfc, 0xe3, 0x73, 0xff, 0x33, 0x00, 0x0b, 0x22, 0x17, 0x31, 0xc0,
    0xd6, 0x34, 0xee, 0x61, 0x2e, 0xf0, 0xfa, 0x23, 0x2d, 0xdd, 0x26, 0x45,
    0x1f, 0x9f, 0x3b, 0x97, 0xb8, 0x7b, 0xae, 0xd6, 0xe9, 0xda, 0x2d, 0xba,
    0xb9, 0x52, 0xf9, 0xd5, 0x81, 0xa9, 0x40, 0x25, 0xcc, 0x65, 0x9f, 0xea,
    0xe8, 0x04, 0x7f, 0xd2, 0x1a, 0xa1, 0xe2, 0x4b, 0x7f, 0x2c, 0x4e, 0x2d,
    0xd8, 0xc2, 0xb0, 0x6d, 0xf8, 0xef, 0xed, 0x05, 0x7f, 0x05, 0xe0, 0xd5,
    0xac, 0xec, 0x7f, 0x33, 0xed, 0xe0, 0xc5, 0x1c, 0x24, 0xbb, 0x15, 0x51,
    0xf0, 0xef, 0xa7, 0x22, 0xe1, 0x13, 0x99, 0x02, 0x55, 0x0a, 0x06, 0xe7,
    0xc1, 0x5b, 0x2c, 0xa4, 0xf4, 0xa3, 0x2a, 0x2e, 0x8e, 0x2c, 0xc2, 0xcc,
    0x1b, 0xc8, 0x05, 0x09, 0x0c, 0xbb, 0xf3, 0x36, 0x26, 0xdf, 0x5c, 0xee,
    0xe5, 0x27, 0xd8, 0xf2, 0x81, 0x0d, 0xa6, 0xed, 0xde, 0x0a, 0x81, 0x15,
    0xf4, 0x26, 0x9a, 0xf7, 0xb7, 0xed, 0x22, 0x7f, 0xd9, 0x9d, 0x3e, 0x53,
    0xd5, 0xfc, 0xfe, 0xf6, 0x48, 0x61, 0x96, 0xff, 0x2a, 0x16, 0xd1, 0xd2,
    0xde, 0x25, 0x0f, 0xad, 0x43, 0xb4, 0x72, 0x5d, 0x81, 0x44, 0xb2, 0x66,
    0x2d, 0x25, 0x21, 0x25, 0x21, 0xfa, 0x7f, 0x7f, 0x78, 0x17, 0xea, 0x1e,
    0x1e, 0x7f, 0xb3, 0xf3, 0xe9, 0xf1, 0xb2, 0xab, 0x49, 0x15, 0xc7, 0xa1,
    0x8b, 0x10, 0xda, 0x81, 0x34, 0xc6, 0xb3, 0x2a, 0x2d, 0xbe, 0xdd, 0xf7,
    0xf8, 0xe1, 0x69, 0xd8, 0x66, 0x7f, 0x81, 0xdf, 0xb3, 0x0d, 0xcf, 0xc8,
    0xd8, 0x00, 0x3e, 0x96, 0xba, 0xbc, 0xe9, 0x5e, 0x90, 0x4d, 0x0f, 0x13,
    0x0b, 0xca, 0x01, 0x1f, 0x2e, 0xf8, 0x21, 0x05, 0x34, 0x41, 0x07, 0x36,
    0xe1, 0xd2, 0xcf, 0x7f, 0x4a, 0xdd, 0xb4, 0xbd, 0x2a, 0x1e, 0x11, 0xf7,
    0x12, 0x17, 0xf6, 0xac, 0xc3, 0xe3, 0xcb, 0x14, 0x2a, 0x15, 0x7f, 0xf3,
    0xdb, 0xe0, 0x29, 0xd1, 0x7f, 0x6a, 0xc5, 0x81, 0x89, 0x15, 0x06, 0xb3,
    0xde, 0x5c, 0x4a, 0x81, 0xef, 0xba, 0x81, 0xf5, 0x81, 0xce, 0x94, 0x81,
    0xf0, 0x37, 0x5c, 0x60, 0x12, 0xf5, 0xa1, 0xde, 0x73, 0xdb, 0x27, 0x0e,
    0x7f, 0xb4, 0xb9, 0x5c, 0xe9, 0x3c, 0xfa, 0x42, 0x75, 0x1c, 0xc3, 0x06,
    0xcc, 0xd9, 0x1d, 0xae, 0x20, 0xd0, 0xe9, 0x62, 0x3a, 0xc9, 0x1a, 0x0e,
    0x20, 0xd3, 0xa3, 0x3a, 0xe1, 0x30, 0xe5, 0x48, 0xfb, 0xe5, 0x06, 0x9c,
    0xe7, 0xb7, 0x4b, 0xa9, 0x35, 0xa2, 0x22, 0xc9, 0xaa, 0xae, 0xaf, 0x9e,
    0x00, 0xdb, 0x1b, 0x7f, 0x6c, 0x09, 0xdf, 0xda, 0x07, 0xbf, 0x24, 0x1c,
    0x54, 0xaf, 0xea, 0x2b, 0xb5, 0x5e, 0xc0, 0xe2, 0xe3, 0x27, 0xd6, 0x54,
    0x1d, 0x31, 0xed, 0xc5, 0x3b, 0xd0, 0x3b, 0x77, 0xfc, 0x0a, 0xf3, 0x30,
    0x5e, 0x99, 0xa4, 0x4d, 0xd8, 0x3e, 0xa0, 0x4b, 0x81, 0xe2, 0x7f, 0xdf,
    0xd6, 0xc2, 0xfa, 0xf8, 0x3e, 0xaf, 0x4e, 0xe9, 0xaf, 0x09, 0xd4, 0x1a,
    0x26, 0x81, 0xd2, 0x33, 0x07, 0x01, 0xdf, 0x4f, 0x24, 0x1c, 0x05, 0x3c,
    0xb9, 0xe1, 0xf0, 0x1c, 0x6a, 0x3c, 0xf8, 0x81, 0xea, 0x60, 0x37, 0x75,
    0x6a, 0x30, 0xb2, 0x0b, 0x08, 0xe3, 0xf6, 0x78, 0xca, 0x36, 0x57, 0x7f,
    0xe3, 0x81, 0xa1, 0x08, 0x18, 0x0f, 0xcc, 0xf9, 0x51, 0xa1, 0xfe, 0xe1,
    0x0b, 0xf2, 0x33, 0xdd, 0xe2, 0xaf, 0xf4, 0x07, 0xf4, 0xbb, 0x81, 0xe1,
    0x51, 0x12, 0x12, 0x6b, 0xa3, 0xe1, 0x39, 0x33, 0xfa, 0xf3, 0x16, 0x33,
    0xd7, 0x4a, 0x26, 0xe0, 0x3b, 0x6c, 0xe6, 0xea, 0xd2, 0x7f, 0x2a, 0x7f,
    0x4b, 0x7f, 0xee, 0xbd, 0x55, 0xc6, 0xf4, 0x59, 0xff, 0x21, 0xd6, 0x4c,
    0x12, 0x85, 0x81, 0x60, 0xdc, 0x63, 0x41, 0xda, 0xfc, 0x81, 0x50, 0x81,
    0xdf, 0x51, 0x32, 0x6f, 0x17, 0x03, 0x47, 0xd1, 0xf7, 0xb5, 0x9b, 0x74,
    0x7f, 0x03, 0xf8, 0x4e, 0x81, 0xee, 0xfb, 0xd8, 0xad, 0x2f, 0x37, 0x7f,
    0x08, 0x34, 0x01, 0xa6, 0xb4, 0x66, 0x81, 0x82, 0x42, 0xca, 0xff, 0xff,
    0x04, 0x00, 0x00, 0x00, 0xf0, 0x00, 0x00, 0x00, 0xe6, 0xff, 0xff, 0xff,
    0x9c, 0xff, 0xff, 0xff, 0xce, 0xff, 0xff, 0xff, 0xe4, 0xff, 0xff, 0xff,
    0x19, 0x00, 0x00, 0x00, 0x38, 0x00, 0x00, 0x00, 0xdc, 0xff, 0xff, 0xff,
    0xa6, 0xff, 0xff, 0xff, 0x09, 0x00, 0x00, 0x00, 0xe9, 0xff, 0xff, 0xff,
    0x48, 0x00, 0x00, 0x00, 0xd9, 0xff, 0xff, 0xff, 0x32, 0x00, 0x00, 0x00,
    0x3d, 0x00, 0x00, 0x00, 0x55, 0x00, 0x00, 0x00, 0xcd, 0xff, 0xff, 0xff,
    0xc6, 0xff, 0xff, 0xff, 0x54, 0x00, 0x00, 0x00, 0xd1, 0xff, 0xff, 0xff,
    0xd4, 0xff, 0xff, 0xff, 0x3d, 0x00, 0x00, 0x00, 0xba, 0xff, 0xff, 0xff,
    0x14, 0x00, 0x00, 0x00, 0xbf, 0xff, 0xff, 0xff, 0x84, 0x00, 0x00, 0x00,
    0x13, 0x00, 0x00, 0x00, 0x1d, 0x00, 0x00, 0x00, 0x39, 0x00, 0x00, 0x00,
    0x65, 0x00, 0x00, 0x00, 0x4a, 0x00, 0x00, 0x00, 0xed, 0xff, 0xff, 0xff,
    0x16, 0x00, 0x00, 0x00, 0xc5, 0xff, 0xff, 0xff, 0x2f, 0x00, 0x00, 0x00,
    0x44, 0x00, 0x00, 0x00, 0x32, 0x00, 0x00, 0x00, 0x21, 0x00, 0x00, 0x00,
    0xf8, 0xff, 0xff, 0xff, 0xe2, 0xff, 0xff, 0xff, 0x9c, 0xff, 0xff, 0xff,
    0x03, 0x00, 0x00, 0x00, 0x19, 0x00, 0x00, 0x00, 0x6a, 0x00, 0x00, 0x00,
    0xdd, 0xff, 0xff, 0xff, 0xdf, 0xff, 0xff, 0xff, 0x97, 0xff, 0xff, 0xff,
    0x3c, 0x00, 0x00, 0x00, 0x7f, 0xff, 0xff, 0xff, 0x2d, 0x00, 0x00, 0x00,
    0xb3, 0xff, 0xff, 0xff, 0xdf, 0xff, 0xff, 0xff, 0x37, 0x00, 0x00, 0x00,
    0x81, 0xff, 0xff, 0xff, 0x3d, 0x00, 0x00, 0x00, 0x42, 0xff, 0xff, 0xff,
    0x03, 0x00, 0x00, 0x00, 0x9d, 0x00, 0x00, 0x00, 0xa9, 0xff, 0xff, 0xff,
    0xc3, 0xff, 0xff, 0xff, 0x9e, 0xff, 0xff, 0xff, 0x3e, 0xcb, 0xff, 0xff,
    0x04, 0x00, 0x00, 0x00, 0x10, 0x0e, 0x00, 0x00, 0xca, 0xd7, 0x41, 0x47,
    0xde, 0xb8, 0xae, 0x1e, 0xe4, 0x1a, 0x1c, 0x2b, 0x2d, 0xb4, 0x4b, 0x0b,
    0x2c, 0x1f, 0xf4, 0xf7, 0xd8, 0x30, 0xf4, 0x40, 0x12, 0x09, 0x60, 0xfe,
    0x51, 0xd8, 0x59, 0x07, 0x17, 0x08, 0x37, 0xb4, 0x6e, 0x25, 0xab, 0xdf,
    0x3e, 0x06, 0xab, 0x3f, 0xd0, 0xee, 0x9f, 0x0f, 0x52, 0xdc, 0x10, 0x69,
    0x02, 0xf7, 0x7f, 0xd7, 0x75, 0xdb, 0x1f, 0xba, 0xd6, 0x42, 0xbd, 0xea,
    0xdf, 0x09, 0xe5, 0xb2, 0x3c, 0x81, 0x0a, 0x1c, 0xc3, 0xf4, 0xc7, 0x18,
    0xf8, 0xaf, 0x18, 0xf3, 0x02, 0xd7, 0x03, 0xb0, 0xc9, 0xb3, 0xcd, 0xfd,
    0x1d, 0xc0, 0x0f, 0xf9, 0x5a, 0xc2, 0xf3, 0x32, 0x0a, 0xf9, 0xcf, 0xf5,
    0x09, 0x1e, 0x08, 0x37, 0xf1, 0x06, 0xa3, 0xf0, 0xe7, 0x9c, 0x26, 0xb7,
    0x0b, 0x51, 0xf6, 0xb8, 0xf3, 0xec, 0xb6, 0xfc, 0x1e, 0x43, 0x17, 0x0a,
    0x4e, 0xe2, 0x28, 0x11, 0xf2, 0x2a, 0x12, 0x33, 0xd5, 0x2f, 0xe9, 0x53,
    0x34, 0xc1, 0xc6, 0x33, 0xf5, 0xe0, 0x7f, 0xbc, 0xb0, 0xdd, 0x00, 0x16,
    0x91, 0xb4, 0xd6, 0xd4, 0x2a, 0xbc, 0x3d, 0xa0, 0xa5, 0x38, 0x07, 0x26,
    0xf7, 0x0a, 0x0d, 0xa8, 0x42, 0x2e, 0x13, 0x01, 0xba, 0xe1, 0x03, 0x20,
    0xdf, 0xf1, 0xd7, 0x62, 0x30, 0x00, 0xf3, 0x09, 0x03, 0xdb, 0xc7, 0xda,
    0xff, 0xf9, 0x09, 0xb2, 0xdc, 0x81, 0xed, 0x54, 0x1e, 0xa3, 0x09, 0x3e,
    0x11, 0xc1, 0x0b, 0xdb, 0x19, 0xa2, 0xe6, 0xe3, 0xea, 0xf0, 0xe4, 0xe1,
    0xe1, 0x08, 0x40, 0xd3, 0x0b, 0xf6, 0xed, 0xee, 0xc6, 0x30, 0x24, 0x23,
    0x58, 0x18, 0x0b, 0x20, 0x0b, 0xd3, 0x1c, 0x12, 0xf8, 0x38, 0x1a, 0x3f,
    0x0a, 0x03, 0x13, 0xda, 0xfb, 0x60, 0x08, 0xff, 0x28, 0x94, 0x58, 0xbf,
    0xf8, 0xf7, 0xbd, 0x4b, 0x9a, 0x42, 0x1e, 0x0e, 0x9f, 0x7b, 0x32, 0xda,
    0xd6, 0x16, 0x4b, 0x5b, 0x25, 0x77, 0xd6, 0x3d, 0x25, 0x4f, 0x03, 0xdc,
    0x59, 0x5f, 0x47, 0x54, 0x1c, 0x7d, 0xe7, 0x50, 0xea, 0x4b, 0xd0, 0x9b,
    0xd9, 0xb3, 0x1a, 0x76, 0xaa, 0x50, 0xcd, 0xc8, 0xcb, 0xf2, 0x60, 0x7f,
    0xb4, 0x96, 0xbc, 0xf7, 0x5e, 0x60, 0x23, 0x4c, 0x70, 0x0b, 0x04, 0x60,
    0x73, 0x16, 0x27, 0x29, 0x13, 0x03, 0x22, 0x39, 0x1e, 0xd7, 0x59, 0xdb,
    0xcd, 0xfc, 0x0c, 0x5a, 0xed, 0xf8, 0xcf, 0xda, 0x1c, 0xe5, 0xed, 0x1f,
    0x28, 0x16, 0xe5, 0x00, 0xe6, 0x1d, 0x47, 0xed, 0x29, 0xa5, 0xfd, 0x49,
    0xef, 0xee, 0xe0, 0x02, 0x81, 0xec, 0x26, 0x4a, 0x04, 0xbe, 0x94, 0x2e,
    0xef, 0x0c, 0x44, 0xe4, 0x3e, 0xab, 0x25, 0x1f, 0x70, 0x95, 0x5e, 0xf0,
    0xc1, 0x2b, 0x35, 0x70, 0xc5, 0x2d, 0xf4, 0xd5, 0x5d, 0xdf, 0xb4, 0x7a,
    0x18, 0x42, 0xa9, 0x47, 0xef, 0x74, 0xaa, 0x47, 0x04, 0x4b, 0xfe, 0x53,
    0x8c, 0x74, 0x16, 0x24, 0xc4, 0x40, 0xe2, 0xef, 0x2f, 0x5f, 0x9e, 0xf6,
    0xb7, 0xc9, 0xf3, 0x7e, 0xc0, 0x7f, 0xc5, 0x45, 0xb7, 0x46, 0xcc, 0xb6,
    0x1f, 0xe7, 0xdf, 0x2e, 0xc4, 0xc8, 0x0d, 0xe0, 0xe1, 0x0f, 0xd9, 0x3b,
    0x99, 0xcd, 0x51, 0xcf, 0xe3, 0xe0, 0x29, 0xc8, 0xb6, 0x0e, 0x41, 0xe5,
    0x24, 0xcd, 0x92, 0xc8, 0x18, 0x96, 0xfa, 0x41, 0x10, 0x34, 0x17, 0xda,
    0x9b, 0x67, 0x39, 0xc7, 0xd8, 0xeb, 0x2c, 0x54, 0x01, 0x1b, 0x5e, 0x1c,
    0x64, 0x34, 0x0a, 0xb1, 0x1e, 0x37, 0xc2, 0x1d, 0x02, 0x97, 0x03, 0x56,
    0x14, 0x56, 0x23, 0xcd, 0x1c, 0xf1, 0x1f, 0x7f, 0x99, 0x10, 0x10, 0xf7,
    0xdb, 0x16, 0xf9, 0x13, 0x1a, 0x5a, 0xc2, 0xad, 0x66, 0x07, 0xed, 0xcd,
    0xe4, 0x6c, 0xb2, 0xb7, 0x18, 0xaa, 0x05, 0xea, 0x3e, 0xbe, 0x06, 0xd5,
    0xc6, 0x50, 0x18, 0xdc, 0x19, 0x16, 0x2a, 0xfb, 0x3f, 0xcf, 0xc6, 0x4c,
    0xd9, 0x02, 0xdc, 0x16, 0xd7, 0x53, 0xdc, 0x58, 0xc3, 0x4b, 0x86, 0xed,
    0xe9, 0x16, 0x35, 0x1b, 0x7f, 0xd0, 0x24, 0xbc, 0xe6, 0x2d, 0xcf, 0xe2,
    0x06, 0x3a, 0x07, 0x48, 0x0b, 0xda, 0x35, 0xc5, 0x45, 0x16, 0xdd, 0x1d,
    0xbf, 0x03, 0x18, 0x29, 0x7f, 0x0f, 0x38, 0x39, 0xfc, 0x26, 0x65, 0xef,
    0x41, 0x2c, 0xc6, 0x18, 0x0b, 0x39, 0xcc, 0xec, 0x07, 0x3e, 0xd2, 0x1e,
    0xd1, 0xe1, 0xdf, 0x3d, 0x10, 0xc9, 0x44, 0xe4, 0x51, 0x16, 0x4c, 0x26,
    0x2b, 0xef, 0x1b, 0xe1, 0xae, 0xe6, 0x23, 0xbc, 0xd6, 0x19, 0xa0, 0x08,
    0xe4, 0x03, 0x3b, 0xae, 0x39, 0xaf, 0x2d, 0x05, 0x2a, 0x9e, 0x3b, 0xf5,
    0xd6, 0xd7, 0xf2, 0xf7, 0x30, 0x26, 0xba, 0xe2, 0x06, 0x22, 0xe3, 0xf8,
    0x81, 0xa2, 0xcc, 0xae, 0x73, 0x88, 0xde, 0x57, 0xe9, 0xe7, 0xec, 0xe2,
    0xed, 0x0b, 0x2f, 0xf1, 0x28, 0x08, 0xb4, 0xd0, 0xb0, 0xe7, 0x20, 0x35,
    0x0b, 0xe9, 0x14, 0x0d, 0xf5, 0x24, 0x96, 0xf0, 0xf5, 0xc4, 0xb7, 0x57,
    0x19, 0xb6, 0xee, 0xe9, 0x18, 0x2f, 0xf2, 0x2c, 0x27, 0x6e, 0x6b, 0xd0,
    0xdf, 0xcb, 0x12, 0x96, 0x65, 0xca, 0x03, 0x03, 0xc1, 0xf8, 0xd8, 0x4e,
    0xbc, 0xdc, 0x08, 0xe8, 0x9f, 0x1f, 0x4f, 0xf2, 0xba, 0x15, 0x5f, 0x54,
    0xa9, 0x31, 0xcf, 0xfa, 0x8c, 0x10, 0x66, 0xf9, 0x04, 0x81, 0x13, 0xd8,
    0x16, 0x09, 0xf4, 0xc7, 0xa5, 0x93, 0xcd, 0x8c, 0xcf, 0xee, 0xbb, 0xea,
    0xb7, 0x31, 0x18, 0xbc, 0x97, 0xfc, 0x4e, 0xbb, 0x32, 0xa1, 0x7f, 0x1b,
    0x33, 0xd7, 0xe4, 0xe0, 0x4e, 0x42, 0x36, 0x31, 0xd2, 0xb1, 0x21, 0xa1,
    0xa6, 0x3a, 0x9f, 0x17, 0x13, 0xe7, 0x6d, 0x57, 0x34, 0xd3, 0xc2, 0x3b,
    0x02, 0x6c, 0x17, 0x3f, 0x39, 0xf8, 0x6e, 0x39, 0xa7, 0x4e, 0x7f, 0x07,
    0xdb, 0x30, 0xd8, 0xc2, 0x35, 0xff, 0xe7, 0xf0, 0x42, 0x36, 0xd2, 0x30,
    0x12, 0x04, 0x16, 0x46, 0x34, 0x15, 0xc1, 0x2c, 0xf4, 0xce, 0xb3, 0xad,
    0x1c, 0x47, 0x22, 0xcf, 0x32, 0xf0, 0x13, 0xf9, 0xf0, 0x87, 0xcc, 0xff,
    0xd7, 0x11, 0x1d, 0x67, 0xfa, 0xdf, 0x9f, 0x81, 0x03, 0x3c, 0xde, 0x56,
    0xb8, 0x34, 0x26, 0x5d, 0x9a, 0x09, 0xc9, 0xc9, 0x66, 0x40, 0x25, 0xdd,
    0x57, 0x56, 0x3e, 0x1c, 0x1a, 0xba, 0x2a, 0xf2, 0xa4, 0x7f, 0x32, 0x94,
    0x0e, 0x21, 0x42, 0x48, 0x0d, 0x35, 0xcc, 0xb1, 0xe7, 0x09, 0x17, 0x09,
    0xfc, 0x1a, 0xa0, 0xe5, 0xd2, 0x24, 0x19, 0x39, 0xd3, 0xba, 0x72, 0x0c,
    0x2a, 0xe3, 0x08, 0x1a, 0x1b, 0x12, 0xbb, 0xa2, 0xaf, 0x09, 0x29, 0xfe,
    0xc8, 0x3c, 0x8e, 0xdb, 0x4b, 0xe5, 0xf0, 0x26, 0x58, 0xda, 0xea, 0xef,
    0x23, 0x2e, 0xe2, 0x27, 0x05, 0xaa, 0xf4, 0x44, 0x0d, 0xe5, 0x52, 0x2b,
    0xcd, 0xca, 0xdc, 0x7f, 0xc1, 0xae, 0x79, 0xdf, 0xcb, 0x42, 0x0e, 0x95,
    0x6f, 0xec, 0x02, 0x44, 0x3f, 0x06, 0xfa, 0x16, 0x10, 0xca, 0x27, 0xf7,
    0x7b, 0xdc, 0xeb, 0xda, 0x27, 0x7f, 0xec, 0xc2, 0x35, 0x3a, 0x9d, 0x33,
    0x94, 0x08, 0xe6, 0x1a, 0xe4, 0x1b, 0x46, 0x3e, 0x06, 0xd8, 0x14, 0xfb,
    0x2a, 0x2d, 0xfb, 0x01, 0xae, 0x28, 0x26, 0x2f, 0xc8, 0xf9, 0xfc, 0xac,
    0xa6, 0x03, 0xde, 0x00, 0x44, 0x25, 0x2a, 0xff, 0x17, 0x1b, 0x2e, 0xb9,
    0x98, 0x92, 0xdc, 0xf6, 0xb5, 0x46, 0xfd, 0xf6, 0x43, 0xc2, 0x9e, 0xca,
    0x1b, 0xf6, 0x0a, 0xaa, 0x60, 0x15, 0x7f, 0xe6, 0x49, 0x93, 0xbe, 0x48,
    0x17, 0x20, 0x59, 0xdf, 0x12, 0xa0, 0xd5, 0x67, 0x3b, 0x0a, 0xb2, 0xe6,
    0xbd, 0xaa, 0x0a, 0x4e, 0x45, 0x19, 0x07, 0xe9, 0x66, 0xf1, 0x10, 0x97,
    0x6b, 0xfc, 0x3b, 0x1c, 0xfc, 0xdc, 0x45, 0x70, 0x1b, 0x18, 0xc1, 0xf7,
    0xb8, 0xe7, 0xdb, 0x40, 0xfb, 0x1e, 0x32, 0xda, 0x3d, 0x15, 0x3c, 0x12,
    0x48, 0x27, 0xaf, 0xcf, 0x61, 0xf2, 0xf8, 0x7f, 0xf1, 0xe5, 0xb7, 0xdb,
    0xda, 0xff, 0xe9, 0x2f, 0x96, 0x39, 0x3c, 0xed, 0x0f, 0xd3, 0x2a, 0xe1,
    0x0a, 0xee, 0xda, 0xa5, 0x36, 0xbc, 0xf1, 0x10, 0xc0, 0x4e, 0x0a, 0xfc,
    0x05, 0x2d, 0xe4, 0x15, 0x73, 0x24, 0xf0, 0xf7, 0xa4, 0x29, 0x21, 0xe3,
    0xed, 0x20, 0x9d, 0xd2, 0x07, 0xfc, 0x61, 0x2d, 0xc1, 0x18, 0x1a, 0xed,
    0xbd, 0x3d, 0x81, 0xd0, 0x51, 0xec, 0x52, 0xeb, 0xec, 0x35, 0xd0, 0x1e,
    0x9c, 0x2e, 0xba, 0xd0, 0x43, 0x23, 0x9f, 0xe8, 0xe7, 0x1a, 0xd3, 0xca,
    0x0a, 0x37, 0x1e, 0xeb, 0xdf, 0xe4, 0xd4, 0xcc, 0xe4, 0x35, 0x0b, 0xe4,
    0xf1, 0x12, 0xd3, 0x2e, 0x24, 0x8d, 0x42, 0x2c, 0xd1, 0xaf, 0xd8, 0xfe,
    0xa6, 0x16, 0x5f, 0x41, 0x07, 0xf4, 0xa7, 0xec, 0x17, 0xff, 0x35, 0xc8,
    0xca, 0x9c, 0x34, 0x48, 0xa6, 0x04, 0x15, 0x37, 0x6c, 0xa9, 0xf4, 0xf2,
    0x7f, 0x1c, 0xed, 0x29, 0xd1, 0x6d, 0xd2, 0x58, 0xbf, 0xeb, 0xc7, 0x07,
    0xc1, 0xf0, 0x47, 0xf0, 0xe8, 0x18, 0xc4, 0x17, 0x9b, 0xaa, 0x59, 0x11,
    0x36, 0x36, 0x03, 0xf5, 0xed, 0xd3, 0x52, 0x9c, 0xc7, 0x3c, 0xa4, 0xf1,
    0x0e, 0x33, 0xbe, 0xc2, 0xb7, 0x5a, 0x45, 0xcf, 0x14, 0x66, 0xf7, 0x13,
    0x1f, 0x5a, 0x9e, 0x46, 0xe0, 0x4d, 0x10, 0xdc, 0xaf, 0x78, 0x99, 0xb7,
    0xe2, 0x2c, 0x15, 0x34, 0xde, 0x1f, 0xd0, 0xe0, 0xe7, 0x0a, 0x51, 0x1c,
    0xc2, 0xb0, 0x44, 0x7f, 0x4e, 0x70, 0x05, 0xa6, 0xd0, 0x38, 0xea, 0xd3,
    0x33, 0x54, 0xe1, 0xcf, 0x2c, 0xb9, 0x30, 0x04, 0xda, 0x1d, 0xfc, 0x35,
    0xc9, 0xa8, 0xc0, 0xfc, 0xee, 0xe8, 0xd2, 0xf1, 0x32, 0xfd, 0x2b, 0x16,
    0x9f, 0xe4, 0x11, 0x10, 0xed, 0x81, 0xdb, 0xcf, 0x05, 0x1b, 0x0d, 0x11,
    0x24, 0x19, 0x3d, 0xc9, 0x22, 0xed, 0x03, 0xcc, 0x25, 0xe2, 0x11, 0x0d,
    0xcd, 0x1b, 0xe2, 0x35, 0xed, 0x4a, 0xe0, 0x3f, 0x76, 0xf7, 0x3b, 0x1f,
    0x05, 0x81, 0xe0, 0x44, 0xae, 0xa0, 0xc9, 0xad, 0x70, 0x53, 0xc8, 0xf4,
    0x86, 0x18, 0xf4, 0x00, 0xf5, 0x4e, 0x44, 0x4d, 0x20, 0xc6, 0xfb, 0xe7,
    0xba, 0xd3, 0xbf, 0x4b, 0x12, 0x4c, 0x05, 0x5c, 0xbe, 0x58, 0x1e, 0xf7,
    0xfd, 0xc3, 0x6b, 0xf5, 0x8f, 0xb6, 0xc0, 0x56, 0x3e, 0x98, 0xda, 0x52,
    0xa4, 0xe3, 0xa6, 0x9b, 0x19, 0xa0, 0xf6, 0x15, 0xe1, 0x03, 0x27, 0x21,
    0x55, 0xfb, 0x5a, 0x0f, 0xa4, 0x66, 0x77, 0xc4, 0xac, 0x9a, 0x01, 0x1c,
    0x08, 0xcc, 0x1a, 0x35, 0x0e, 0x52, 0x14, 0xdf, 0xc5, 0x3f, 0x2c, 0x1c,
    0x39, 0xb6, 0x9c, 0x6f, 0x00, 0x7f, 0xc2, 0x19, 0x21, 0x69, 0xdc, 0xfd,
    0xe0, 0x04, 0x0c, 0x3c, 0x69, 0xe7, 0x1f, 0x42, 0xed, 0x42, 0x09, 0xc9,
    0xf4, 0x5b, 0xb3, 0x3b, 0x09, 0xda, 0x97, 0x9b, 0x1e, 0x12, 0xe9, 0x45,
    0xf2, 0x1b, 0xef, 0x92, 0xcb, 0xff, 0xb8, 0x09, 0x26, 0xbe, 0x69, 0x09,
    0x8c, 0xb0, 0x60, 0xd8, 0x15, 0xf9, 0xab, 0xcb, 0xa6, 0x6d, 0x4b, 0x02,
    0xff, 0x3f, 0x53, 0x22, 0x30, 0xe6, 0x47, 0x0e, 0xbb, 0xda, 0x2b, 0x60,
    0x18, 0x27, 0x3e, 0x3c, 0xd8, 0x45, 0x31, 0xb4, 0x7f, 0xfb, 0xf6, 0xe7,
    0x43, 0x2e, 0x1f, 0x42, 0xaf, 0x1f, 0x23, 0xd6, 0x38, 0x21, 0xb9, 0xe1,
    0xf8, 0xeb, 0xd0, 0x13, 0xb0, 0xe6, 0xf9, 0x7f, 0x21, 0x54, 0x5e, 0xb1,
    0xd4, 0xe5, 0xd1, 0xd1, 0x38, 0xd0, 0x44, 0xfc, 0x98, 0x43, 0xc3, 0xb6,
    0x1c, 0x4c, 0xd0, 0xf0, 0xe2, 0xf1, 0x40, 0xf8, 0x8b, 0xf0, 0x0b, 0xcc,
    0x43, 0xf7, 0x1d, 0x3d, 0x37, 0x50, 0xf3, 0xd5, 0x47, 0x55, 0x30, 0x07,
    0xda, 0x04, 0xee, 0xce, 0xf4, 0x29, 0xac, 0x06, 0xc2, 0x7f, 0x19, 0x18,
    0x00, 0xde, 0x18, 0x13, 0x96, 0xc2, 0xb3, 0x1d, 0xf5, 0x0c, 0xbd, 0x4a,
    0x38, 0xc3, 0x83, 0x0e, 0xf7, 0x9c, 0x50, 0x46, 0x26, 0x07, 0x1b, 0x93,
    0xd6, 0xcc, 0xf9, 0xba, 0x15, 0x8d, 0xfc, 0x8d, 0x8c, 0x47, 0x5a, 0x02,
    0x6e, 0xeb, 0x35, 0xb4, 0x21, 0x20, 0xc0, 0xa4, 0xe3, 0xf2, 0x0c, 0x11,
    0xee, 0xcb, 0x0e, 0x1d, 0x92, 0x59, 0xd2, 0x2c, 0x13, 0xd8, 0xb6, 0xe8,
    0xa9, 0xef, 0xb0, 0xfb, 0xde, 0xef, 0xeb, 0xbe, 0xf9, 0xee, 0xef, 0x0f,
    0xd4, 0xea, 0xd7, 0xb5, 0xde, 0xdb, 0xa9, 0x39, 0x0f, 0xb6, 0x48, 0xc1,
    0x62, 0x0c, 0xe6, 0x63, 0xc2, 0x2f, 0xeb, 0x34, 0x0b, 0x0f, 0xdd, 0x7f,
    0x3e, 0xac, 0xa0, 0xf1, 0xd3, 0x01, 0xb9, 0x4a, 0xfc, 0x3f, 0xaa, 0x08,
    0x11, 0x30, 0x78, 0xbf, 0x13, 0x20, 0xfd, 0xbb, 0x10, 0xe7, 0x62, 0x0a,
    0x51, 0xcd, 0xd8, 0x2b, 0xe2, 0x66, 0x28, 0xbf, 0xe0, 0x09, 0x24, 0xeb,
    0xfe, 0xbf, 0xc6, 0xfc, 0xf3, 0x0f, 0x0f, 0x06, 0xdf, 0xea, 0x7f, 0x5f,
    0xae, 0x01, 0xe6, 0xcb, 0xef, 0xd4, 0x0c, 0xd5, 0x24, 0x2c, 0x0d, 0xfd,
    0xae, 0x37, 0x20, 0xf9, 0x13, 0xd3, 0xe4, 0x42, 0x47, 0x45, 0x9f, 0x3b,
    0xde, 0xa3, 0x70, 0x29, 0x21, 0x23, 0x58, 0xf3, 0x04, 0xaa, 0x5c, 0x6f,
    0x02, 0x28, 0x5c, 0x20, 0x1d, 0x55, 0xf7, 0x98, 0xc2, 0xdc, 0xc9, 0xb9,
    0xdf, 0x68, 0x53, 0x01, 0x4d, 0x27, 0x0f, 0xae, 0x42, 0xbe, 0xbc, 0x1f,
    0xdd, 0x87, 0xce, 0xe2, 0x9b, 0x44, 0xee, 0xd3, 0xfe, 0xd0, 0x96, 0x3e,
    0xaf, 0x20, 0xe9, 0x24, 0x34, 0xb9, 0xc0, 0xdf, 0xc7, 0x97, 0x2a, 0x84,
    0xf9, 0x84, 0x9c, 0xec, 0x7f, 0x31, 0xd0, 0x01, 0x10, 0xbf, 0x54, 0x18,
    0x07, 0x8f, 0xd1, 0x07, 0xb6, 0x15, 0x14, 0xe4, 0xb3, 0x15, 0xcd, 0x9f,
    0x3e, 0x60, 0x8b, 0xf3, 0x2f, 0xa1, 0xe4, 0xcd, 0xd4, 0xea, 0xee, 0x5c,
    0x25, 0xee, 0xe4, 0x12, 0xd2, 0x85, 0x15, 0x0d, 0x00, 0x0b, 0x24, 0x2c,
    0x25, 0xa2, 0x09, 0xcb, 0xd7, 0x5c, 0x8b, 0x69, 0xcf, 0x81, 0x0e, 0x09,
    0xc6, 0xa1, 0x0c, 0x39, 0xe1, 0xe6, 0x0f, 0xdb, 0xcc, 0xcf, 0xd0, 0x33,
    0xee, 0xd4, 0x19, 0xf7, 0xbf, 0xbb, 0x54, 0x79, 0x21, 0xff, 0x30, 0x67,
    0xe7, 0x9b, 0x03, 0x5d, 0xc9, 0x36, 0xcc, 0xe9, 0xf6, 0x09, 0xce, 0x07,
    0x0a, 0xb5, 0x3b, 0xbe, 0xbf, 0x81, 0xf6, 0xcc, 0xcd, 0x36, 0xd7, 0xc4,
    0x10, 0xf8, 0xb2, 0xe4, 0x26, 0x47, 0xab, 0x99, 0x21, 0xf7, 0x97, 0x3e,
    0x32, 0x3f, 0x12, 0xa9, 0xd0, 0x48, 0xd7, 0xca, 0xc3, 0xb6, 0xba, 0xda,
    0x9e, 0xad, 0xe5, 0x4c, 0x0e, 0x7f, 0xe0, 0x97, 0x18, 0xd7, 0xf4, 0x10,
    0x75, 0xef, 0xe6, 0x0a, 0xff, 0xae, 0xd9, 0xe4, 0x3f, 0x04, 0x03, 0x0b,
    0xc5, 0x38, 0x8f, 0xad, 0xe1, 0xf8, 0xcb, 0x2e, 0x69, 0x09, 0x2e, 0xbc,
    0x26, 0xc8, 0xe5, 0xae, 0xdf, 0xef, 0x1a, 0x97, 0x0b, 0x49, 0x1c, 0x50,
    0x2e, 0x24, 0xa2, 0x9c, 0x17, 0x4d, 0xfc, 0x05, 0x30, 0x42, 0x5e, 0xfb,
    0x31, 0x5f, 0xce, 0x45, 0x8a, 0x0b, 0x2a, 0x3a, 0xd1, 0xb4, 0xd1, 0x1f,
    0x62, 0x81, 0xd4, 0x22, 0xc8, 0xde, 0xd3, 0xbd, 0xb0, 0x79, 0xb9, 0xdb,
    0xa9, 0x47, 0x2f, 0xe4, 0xfc, 0x89, 0xeb, 0xf4, 0xf8, 0x03, 0x0a, 0xf0,
    0xff, 0xdf, 0xea, 0xc4, 0x13, 0xee, 0x1f, 0xc9, 0x9c, 0xe3, 0x0b, 0x39,
    0x60, 0x60, 0xcf, 0xe1, 0x12, 0xe4, 0xfb, 0x03, 0xda, 0x56, 0x9f, 0x40,
    0xf7, 0xee, 0x0e, 0xa5, 0xf5, 0xab, 0x30, 0x54, 0x9f, 0xba, 0x41, 0xc4,
    0x81, 0x9c, 0x55, 0xb2, 0xd9, 0x10, 0xe0, 0xf7, 0x12, 0xec, 0xe7, 0x2b,
    0x3b, 0x15, 0xef, 0xea, 0x28, 0x53, 0x36, 0xf3, 0x58, 0xda, 0x31, 0xdd,
    0x4c, 0xf5, 0xd3, 0xf8, 0xc9, 0xbb, 0x0f, 0x32, 0xc4, 0xdf, 0x8a, 0x00,
    0x46, 0xfa, 0x73, 0xf6, 0x50, 0x49, 0x9a, 0xd5, 0x2e, 0xa1, 0xf8, 0xd8,
    0x16, 0x40, 0xb9, 0xae, 0xe8, 0x20, 0xde, 0x94, 0xd9, 0xbe, 0x0b, 0xcd,
    0xe4, 0x4d, 0xcd, 0xf4, 0xce, 0x1c, 0x25, 0xfe, 0xb6, 0x81, 0xed, 0x51,
    0xf7, 0x12, 0x3e, 0xc8, 0xfd, 0x0d, 0x11, 0xbc, 0xfc, 0xe0, 0x1d, 0xc9,
    0x22, 0xe3, 0xec, 0x07, 0xd1, 0x43, 0xfd, 0x0c, 0x26, 0x28, 0x1e, 0xe8,
    0xe3, 0xe8, 0x15, 0xce, 0x03, 0x19, 0x09, 0xaf, 0xcb, 0x37, 0x21, 0xfa,
    0xe1, 0xf5, 0xf7, 0xe3, 0x00, 0xea, 0xc6, 0xeb, 0xe6, 0x19, 0xe1, 0xd8,
    0xe3, 0x28, 0xa8, 0x24, 0xda, 0x6f, 0x20, 0x0b, 0x3c, 0xfa, 0xd6, 0x33,
    0xee, 0xf2, 0xdb, 0x46, 0xd3, 0x71, 0xf3, 0xa0, 0x3d, 0x0f, 0xc3, 0xf6,
    0xfd, 0xbd, 0x3f, 0x7f, 0xd6, 0xed, 0xa4, 0x13, 0x5a, 0xc2, 0xf7, 0xfa,
    0x51, 0x00, 0xcb, 0x08, 0xe9, 0x08, 0xb9, 0xf9, 0xe3, 0xde, 0x2a, 0x33,
    0xa6, 0xda, 0xfc, 0xf2, 0xd1, 0xb4, 0x5b, 0xe8, 0x0e, 0xe9, 0xfb, 0x07,
    0x28, 0x0b, 0xe0, 0x09, 0x19, 0x0d, 0xae, 0x04, 0xcb, 0x01, 0x15, 0xf5,
    0x3d, 0xeb, 0x32, 0x41, 0x52, 0xe6, 0x63, 0x12, 0x5a, 0x01, 0x0b, 0x0b,
    0x2d, 0xe3, 0x0d, 0x42, 0xcf, 0x1f, 0x50, 0x37, 0x4e, 0xfd, 0xa1, 0x30,
    0x03, 0x15, 0x7f, 0xeb, 0x35, 0x1d, 0xbc, 0x12, 0xe5, 0xc4, 0xe4, 0x5c,
    0x03, 0x88, 0x1b, 0xd1, 0x5c, 0x34, 0xe4, 0x48, 0x48, 0xe1, 0xe9, 0xdd,
    0x2c, 0x10, 0xb1, 0xd4, 0xd8, 0x28, 0x04, 0x08, 0xa3, 0xab, 0x17, 0x45,
    0x45, 0xfd, 0xdc, 0xde, 0x01, 0xd8, 0x08, 0x3c, 0xa7, 0xea, 0x39, 0x1d,
    0xc7, 0x1a, 0x3a, 0xfd, 0x1b, 0xd4, 0xb1, 0xe4, 0x7f, 0xf9, 0xb1, 0xfa,
    0x0b, 0x0e, 0x1f, 0x0b, 0x23, 0xff, 0x36, 0x29, 0x3a, 0x2e, 0xfc, 0xe9,
    0x5d, 0x54, 0xc5, 0xff, 0x59, 0x54, 0x2f, 0xed, 0x2c, 0xfe, 0xfe, 0xc6,
    0xa5, 0x58, 0xa5, 0xec, 0x75, 0x84, 0x97, 0x3d, 0x3f, 0x93, 0x16, 0xe1,
    0x05, 0xdb, 0xb9, 0xc6, 0x70, 0xca, 0x64, 0x44, 0x7f, 0xd5, 0xff, 0xde,
    0x8a, 0x1b, 0xb5, 0xd3, 0xb6, 0x49, 0xf2, 0x27, 0x99, 0x02, 0xa6, 0xac,
    0xe9, 0xff, 0x14, 0x33, 0xf1, 0x85, 0x2b, 0xc7, 0x2a, 0x2a, 0xe3, 0x3d,
    0xc7, 0x34, 0x01, 0x06, 0x1e, 0x34, 0x5d, 0xc8, 0xfb, 0xb9, 0xc5, 0x20,
    0x32, 0x31, 0xf9, 0xca, 0x6d, 0xee, 0x43, 0x1f, 0xca, 0x47, 0x33, 0x06,
    0x2f, 0xf6, 0xd0, 0x36, 0x34, 0x60, 0x98, 0xa2, 0x07, 0x2f, 0xdd, 0xa6,
    0xc4, 0xe1, 0xf9, 0x7f, 0x5f, 0xfd, 0xd2, 0xc8, 0x23, 0xa7, 0x0a, 0x9e,
    0x62, 0x87, 0x20, 0xe9, 0xa7, 0x26, 0xfd, 0xf4, 0xf8, 0xfe, 0xf7, 0xfb,
    0xbd, 0xe1, 0xb1, 0x3f, 0xd2, 0xee, 0xde, 0xdc, 0xa9, 0xf3, 0xeb, 0x0c,
    0xf3, 0x46, 0x68, 0xf6, 0x23, 0x1b, 0x12, 0xb5, 0x48, 0x81, 0xe8, 0xc7,
    0xd3, 0x2f, 0xfc, 0x14, 0xb0, 0xb7, 0x00, 0x49, 0x41, 0xc9, 0x6b, 0xbf,
    0x94, 0x1d, 0x46, 0xbf, 0xed, 0xe8, 0xe6, 0x40, 0xf3, 0x0c, 0x57, 0x92,
    0x3f, 0xa5, 0x2c, 0xe4, 0xef, 0xd0, 0x48, 0x34, 0x22, 0x4d, 0x0c, 0xa9,
    0xb7, 0x2f, 0xc3, 0xfd, 0xee, 0x37, 0x35, 0x61, 0xc6, 0xcc, 0x2c, 0x1d,
    0x26, 0xaa, 0xc6, 0x60, 0x25, 0xb5, 0x25, 0x43, 0x0f, 0x38, 0xed, 0xdc,
    0x36, 0xdf, 0x59, 0xae, 0xb2, 0xfa, 0xc4, 0x23, 0xf7, 0x57, 0x74, 0x02,
    0x4d, 0xc5, 0x3e, 0x00, 0xe0, 0x98, 0xb0, 0xd0, 0xe2, 0xdd, 0x31, 0x5a,
    0x1c, 0x83, 0xca, 0x37, 0xd4, 0x7f, 0x1a, 0x07, 0x45, 0xea, 0x4d, 0x65,
    0xe2, 0x2c, 0x3a, 0x19, 0x05, 0xf8, 0xab, 0xcc, 0x3e, 0x2e, 0xbb, 0x2e,
    0x04, 0x09, 0xc1, 0xdc, 0x54, 0x68, 0xf3, 0x78, 0x11, 0x1b, 0x3e, 0x50,
    0xc9, 0xa9, 0x0a, 0xc5, 0xb2, 0xd2, 0x54, 0x25, 0xcf, 0xda, 0xc9, 0xc6,
    0xb1, 0x28, 0x1a, 0xe1, 0x98, 0xd5, 0x51, 0x07, 0x44, 0xaa, 0x41, 0xf8,
    0x68, 0xb1, 0xce, 0xec, 0x0b, 0x92, 0x43, 0x81, 0x1e, 0x58, 0xbd, 0xc5,
    0x02, 0x7f, 0x20, 0x06, 0xf6, 0x08, 0x01, 0x5a, 0xec, 0xeb, 0x1a, 0x63,
    0xa7, 0xe8, 0xbc, 0x3b, 0x2e, 0xfa, 0x06, 0x47, 0xed, 0x2b, 0xd7, 0xf2,
    0x23, 0xd1, 0x01, 0xdb, 0x85, 0xd3, 0x5d, 0x16, 0x34, 0xf6, 0x44, 0xa1,
    0x5f, 0xe6, 0x03, 0x24, 0x12, 0x19, 0x45, 0xc7, 0x16, 0xf5, 0xce, 0x69,
    0x2e, 0xb1, 0xd9, 0xe5, 0x09, 0x72, 0xfa, 0x12, 0xb6, 0x81, 0xc7, 0x00,
    0xac, 0xe3, 0x4a, 0x54, 0x52, 0x1e, 0xbe, 0x95, 0xf6, 0x17, 0xdb, 0x19,
    0x0c, 0x35, 0xf7, 0xb9, 0xf3, 0x6c, 0x3f, 0x06, 0xfb, 0xe3, 0xf5, 0x5f,
    0xc6, 0xfb, 0x37, 0x53, 0x15, 0xc7, 0xf6, 0xc4, 0xc5, 0xa7, 0x3d, 0x15,
    0xe4, 0xdd, 0x04, 0x02, 0x20, 0xe1, 0x48, 0xce, 0x50, 0x31, 0x50, 0xea,
    0xce, 0x3d, 0x78, 0xed, 0xde, 0x0c, 0xe3, 0xa0, 0x7f, 0x0a, 0x3b, 0xa9,
    0x53, 0x06, 0xa2, 0xb3, 0xf7, 0x6b, 0x00, 0x99, 0x06, 0x32, 0x15, 0x24,
    0xa5, 0x11, 0x08, 0x10, 0x31, 0x0f, 0x21, 0x3f, 0x2a, 0x9d, 0x01, 0x1e,
    0xd0, 0xc6, 0xea, 0x4b, 0x5f, 0xee, 0xbf, 0xa8, 0x3a, 0xcb, 0x01, 0xff,
    0x0e, 0x1a, 0xcc, 0xd3, 0xa5, 0xce, 0x67, 0xc4, 0xa0, 0x36, 0x13, 0x89,
    0x50, 0xd7, 0x16, 0x05, 0xe6, 0x0f, 0xbb, 0x0f, 0xe4, 0xe2, 0xfa, 0x9e,
    0xc9, 0xb2, 0x05, 0xc7, 0x2d, 0xe6, 0x03, 0xd1, 0x1d, 0xf4, 0x48, 0xef,
    0x53, 0xf1, 0xfd, 0xaa, 0xc0, 0x27, 0x3b, 0xb3, 0x24, 0xcd, 0xa1, 0xcf,
    0xd7, 0xf2, 0xe8, 0x0f, 0x01, 0x17, 0xef, 0xd7, 0x0d, 0x51, 0xd6, 0xb9,
    0x9c, 0xfc, 0xcd, 0x27, 0xd2, 0xd6, 0x1f, 0xca, 0x4f, 0x0c, 0x7f, 0x24,
    0x0e, 0x2b, 0xb0, 0xeb, 0x16, 0xf0, 0xf5, 0xce, 0xfd, 0x9c, 0x0d, 0xdb,
    0xb2, 0xea, 0xef, 0xbb, 0xdc, 0x25, 0xf3, 0x90, 0x5f, 0xfa, 0xfa, 0x3a,
    0x4b, 0xf6, 0x26, 0xee, 0xea, 0xea, 0xcd, 0x27, 0x74, 0xdf, 0x13, 0xa7,
    0x3e, 0x1f, 0x83, 0xe5, 0xcc, 0x59, 0x58, 0x2d, 0x29, 0x50, 0x49, 0x53,
    0x81, 0x68, 0x4b, 0xc4, 0xd5, 0xa8, 0x12, 0xbc, 0x86, 0xb1, 0x5e, 0xaf,
    0xc0, 0x02, 0x97, 0xb1, 0xf8, 0x13, 0x46, 0xd5, 0x4b, 0xc3, 0x93, 0x19,
    0x1a, 0x09, 0x22, 0xa9, 0x3b, 0xfc, 0x6c, 0x1c, 0x2e, 0x0c, 0x31, 0x06,
    0x9d, 0x26, 0xe2, 0x0c, 0xec, 0xf4, 0x24, 0xdc, 0x40, 0xcc, 0x1a, 0xc8,
    0x19, 0x03, 0xaf, 0x74, 0x58, 0xe8, 0x29, 0x5c, 0xc9, 0xd7, 0x2a, 0x29,
    0x0a, 0x6a, 0xc5, 0xbc, 0xde, 0x98, 0x72, 0x16, 0x89, 0x17, 0x07, 0xd6,
    0x3a, 0x7f, 0x4a, 0xff, 0xdc, 0x9b, 0xfc, 0x65, 0xea, 0x0a, 0x0e, 0x57,
    0xb9, 0xc8, 0x08, 0xae, 0xbd, 0xb4, 0xfd, 0x4a, 0xd5, 0xc4, 0xc8, 0xde,
    0x30, 0x1c, 0x5a, 0xd1, 0xfb, 0xeb, 0x40, 0x4c, 0x05, 0xe4, 0xcc, 0xd3,
    0x15, 0xe1, 0xd1, 0x34, 0x22, 0x2c, 0xa2, 0xfa, 0x0b, 0x93, 0x0d, 0x74,
    0x51, 0x15, 0xa6, 0xdf, 0xd8, 0x3f, 0x25, 0xeb, 0xaf, 0xf3, 0xcf, 0xfd,
    0xd1, 0x18, 0x37, 0xd9, 0x08, 0x7f, 0xaf, 0x22, 0x2b, 0x32, 0xed, 0x59,
    0x3e, 0xdf, 0x2d, 0xf0, 0xed, 0x82, 0xbe, 0x09, 0x7f, 0xf3, 0x05, 0xdf,
    0xba, 0xc4, 0x4b, 0x5e, 0xda, 0x09, 0x2d, 0x26, 0xe2, 0x5a, 0x35, 0x98,
    0x8e, 0xf3, 0xd3, 0x05, 0xf4, 0x06, 0xbf, 0x12, 0xd3, 0x18, 0x4a, 0xbb,
    0xc8, 0x3f, 0x3c, 0x21, 0x34, 0x96, 0xe7, 0xde, 0xf0, 0xd7, 0xf5, 0x70,
    0xc7, 0xe5, 0xbd, 0x8f, 0x2c, 0x42, 0x01, 0xda, 0x39, 0x7e, 0xd7, 0x01,
    0xbd, 0x48, 0x0b, 0xce, 0xc8, 0x81, 0xfc, 0x4d, 0xfe, 0x15, 0x35, 0xf8,
    0xc0, 0xa5, 0xa0, 0xf8, 0x42, 0x13, 0x2a, 0x31, 0xff, 0x57, 0x2b, 0xb4,
    0x9a, 0x24, 0x3e, 0xa4, 0x02, 0xd2, 0xe4, 0x11, 0x37, 0x25, 0xe6, 0xd1,
    0x09, 0xec, 0x53, 0x00, 0x2f, 0x1b, 0xff, 0x23, 0xa7, 0x56, 0xe5, 0x0e,
    0xe6, 0x3f, 0x27, 0x3b, 0xd7, 0x42, 0xaf, 0x1c, 0xf0, 0x08, 0xfd, 0xcc,
    0xf9, 0x3a, 0x23, 0xe8, 0x31, 0x81, 0x1b, 0x1d, 0xeb, 0x13, 0x37, 0x01,
    0xf0, 0xd4, 0xf3, 0xda, 0xa4, 0xdf, 0x0b, 0x1f, 0xeb, 0x11, 0x19, 0xcb,
    0xa6, 0x21, 0xe2, 0xa8, 0xf9, 0xa1, 0x0a, 0xe8, 0x30, 0x04, 0x22, 0xff,
    0xfd, 0xd5, 0x32, 0xf2, 0xd9, 0xd3, 0xe8, 0xdc, 0xe4, 0xee, 0xce, 0x14,
    0xdc, 0x11, 0x4e, 0x05, 0xda, 0x50, 0x9e, 0xce, 0x10, 0xaf, 0xe0, 0xc9,
    0xd2, 0xda, 0xbf, 0x48, 0xd3, 0x03, 0x3d, 0x03, 0xdb, 0x12, 0xd4, 0xd5,
    0xdb, 0xc8, 0xe9, 0x4d, 0xc3, 0x11, 0x0c, 0xfa, 0x36, 0x49, 0x02, 0x79,
    0x64, 0x63, 0xe9, 0xe6, 0x30, 0x06, 0xfb, 0xb5, 0xa0, 0x53, 0xec, 0x81,
    0xf5, 0xe8, 0x2d, 0x15, 0x17, 0x43, 0xf4, 0xe8, 0xeb, 0x01, 0x5b, 0x48,
    0x60, 0x12, 0x1d, 0x2a, 0xb8, 0x41, 0xf2, 0x3a, 0x20, 0x29, 0xd7, 0x0f,
    0xf1, 0x32, 0x34, 0x33, 0xc1, 0x41, 0xcb, 0x1c, 0x2a, 0x10, 0x17, 0x28,
    0x0d, 0x2f, 0xf2, 0xe5, 0x08, 0xd9, 0x05, 0x1a, 0x4e, 0x2c, 0x1d, 0xe3,
    0xd0, 0x0b, 0x17, 0xb8, 0x7f, 0x2a, 0xbc, 0x07, 0xf5, 0xcf, 0xe8, 0xff,
    0xf8, 0x24, 0x03, 0x99, 0x09, 0x0f, 0x0a, 0x23, 0x01, 0xf5, 0xec, 0x13,
    0x0a, 0xdb, 0xe8, 0xcd, 0xbd, 0xc7, 0xe4, 0x21, 0xc7, 0xca, 0x49, 0xbe,
    0xa1, 0x0d, 0xd5, 0xe9, 0x16, 0x54, 0x41, 0x02, 0x59, 0xb7, 0x1d, 0xf9,
    0xe1, 0xc4, 0xa9, 0xd5, 0xe5, 0xce, 0xd3, 0x14, 0xeb, 0xf6, 0xf7, 0xee,
    0x24, 0xe9, 0x13, 0xfe, 0xc7, 0x37, 0x35, 0xf1, 0xdf, 0xf6, 0x51, 0xe8,
    0xb9, 0xed, 0xe9, 0xff, 0xbd, 0x18, 0xbd, 0xd4, 0x81, 0xd4, 0xcb, 0x39,
    0xdd, 0xe0, 0xcd, 0xde, 0x00, 0x06, 0xa4, 0x4a, 0xfa, 0x01, 0x3a, 0x09,
    0xa1, 0x1c, 0x1f, 0x01, 0x0e, 0x81, 0x35, 0xfc, 0xf9, 0xee, 0xcc, 0x04,
    0x33, 0xf4, 0x17, 0xd1, 0xe5, 0xb9, 0xbe, 0xf6, 0x1a, 0xfd, 0xe0, 0xb5,
    0xe6, 0x27, 0x23, 0x01, 0xf1, 0xe0, 0x2f, 0xcb, 0xf1, 0x19, 0xa7, 0x3d,
    0xf1, 0xb4, 0x23, 0xea, 0x38, 0x0e, 0x21, 0xdd, 0x21, 0x2c, 0xff, 0x41,
    0xde, 0x42, 0x3c, 0x0a, 0xda, 0x67, 0x93, 0x2c, 0xe1, 0x35, 0xcf, 0x52,
    0x13, 0x10, 0x1d, 0xb0, 0x14, 0xbc, 0x12, 0x69, 0x07, 0xe9, 0x24, 0xf2,
    0xee, 0xe3, 0x81, 0x25, 0xd3, 0x43, 0x22, 0x4a, 0x3b, 0xbd, 0x0f, 0x40,
    0xb8, 0xd1, 0xea, 0x0d, 0xdd, 0xfc, 0xb9, 0x0e, 0x20, 0xfc, 0xcf, 0x07,
    0xd2, 0x3e, 0xf9, 0x96, 0x16, 0x3a, 0x09, 0x59, 0x44, 0x07, 0x9a, 0xf3,
    0xb1, 0xde, 0xaf, 0x5d, 0x54, 0xcd, 0x13, 0x0a, 0xec, 0xf1, 0x11, 0x05,
    0xd5, 0xe5, 0x26, 0x96, 0xd4, 0xe8, 0x35, 0xb9, 0xed, 0x85, 0x03, 0xe0,
    0x1a, 0xbd, 0x03, 0x81, 0x40, 0xe5, 0x1a, 0xef, 0xfe, 0x0d, 0x07, 0x4d,
    0x17, 0x2a, 0xeb, 0x71, 0xca, 0xfb, 0x5f, 0xc3, 0xdc, 0x6b, 0x74, 0xc4,
    0x65, 0x15, 0x1d, 0xf6, 0x9f, 0x96, 0x25, 0x23, 0xfa, 0x62, 0x6b, 0xa2,
    0x06, 0xb9, 0xfb, 0x51, 0x31, 0xfd, 0x86, 0x5b, 0x5a, 0xd9, 0xff, 0xff,
    0x04, 0x00, 0x00, 0x00, 0xf0, 0x00, 0x00, 0x00, 0xd5, 0x00, 0x00, 0x00,
    0x10, 0xe3, 0xff, 0xff, 0xa7, 0xf0, 0xff, 0xff, 0x7d, 0xd3, 0xff, 0xff,
    0x6b, 0x01, 0x00, 0x00, 0xb3, 0x12, 0x00, 0x00, 0x29, 0x0a, 0x00, 0x00,
    0x00, 0xfe, 0xff, 0xff, 0xa0, 0x1f, 0x00, 0x00, 0x28, 0xf9, 0xff, 0xff,
    0xd6, 0xd0, 0xff, 0xff, 0xd1, 0x08, 0x00, 0x00, 0xcd, 0xe4, 0xff, 0xff,
    0x8e, 0xfb, 0xff, 0xff, 0xcb, 0x0c, 0x00, 0x00, 0x53, 0x10, 0x00, 0x00,
    0x8e, 0xfb, 0xff, 0xff, 0x8f, 0xf5, 0xff, 0xff, 0xad, 0x0b, 0x00, 0x00,
    0xe8, 0xf5, 0xff, 0xff, 0x4e, 0x06, 0x00, 0x00, 0xf5, 0xd5, 0xff, 0xff,
    0xeb, 0xfe, 0xff, 0xff, 0xc6, 0x17, 0x00, 0x00, 0x43, 0xe4, 0xff, 0xff,
    0x95, 0xd8, 0xff, 0xff, 0xb8, 0xdb, 0xff, 0xff, 0xbd, 0x12, 0x00, 0x00,
    0x7e, 0x0e, 0x00, 0x00, 0xeb, 0x13, 0x00, 0x00, 0xbe, 0x15, 0x00, 0x00,
    0x28, 0xd6, 0xff, 0xff, 0xce, 0x16, 0x00, 0x00, 0xa6, 0xe6, 0xff, 0xff,
    0xba, 0x00, 0x00, 0x00, 0xd8, 0x0e, 0x00, 0x00, 0x5c, 0xff, 0xff, 0xff,
    0x1d, 0xff, 0xff, 0xff, 0x0a, 0x04, 0x00, 0x00, 0x01, 0x1d, 0x00, 0x00,
    0x32, 0x10, 0x00, 0x00, 0xda, 0x09, 0x00, 0x00, 0xbc, 0xe0, 0xff, 0xff,
    0x5a, 0xe9, 0xff, 0xff, 0xae, 0xde, 0xff, 0xff, 0x9c, 0x0f, 0x00, 0x00,
    0x43, 0x15, 0x00, 0x00, 0xc2, 0xed, 0xff, 0xff, 0xcc, 0x1d, 0x00, 0x00,
    0x07, 0x11, 0x00, 0x00, 0x6a, 0x0d, 0x00, 0x00, 0xca, 0xd6, 0xff, 0xff,
    0x10, 0xc9, 0xff, 0xff, 0x5a, 0xe5, 0xff, 0xff, 0x50, 0xfe, 0xff, 0xff,
    0x66, 0x09, 0x00, 0x00, 0x38, 0x14, 0x00, 0x00, 0xff, 0xe3, 0xff, 0xff,
    0xba, 0xf4, 0xff, 0xff, 0xed, 0xfe, 0xff, 0xff, 0x56, 0xda, 0xff, 0xff,
    0x04, 0x00, 0x00, 0x00, 0xf0, 0x00, 0x00, 0x00, 0x7f, 0xcd, 0xdc, 0x7f,
    0x81, 0x4f, 0x9d, 0xa3, 0x17, 0x8b, 0x34, 0x26, 0x7f, 0x4f, 0x7f, 0x7f,
    0x8a, 0x98, 0xc8, 0x81, 0x7f, 0x5b, 0x96, 0x7f, 0x81, 0x58, 0x18, 0x81,
    0xb4, 0x7f, 0xba, 0x81, 0x85, 0x81, 0x7f, 0x29, 0xf4, 0x0f, 0x81, 0x1a,
    0xcc, 0xe6, 0x11, 0xc3, 0xfc, 0xe1, 0x81, 0x7f, 0x47, 0xc7, 0x7f, 0x7f,
    0xb6, 0x7f, 0xd1, 0x5e, 0x0d, 0x81, 0x83, 0x7f, 0x50, 0x81, 0xa3, 0x05,
    0xab, 0x7f, 0x6b, 0xbf, 0x0e, 0x49, 0x7f, 0xa0, 0xc8, 0x65, 0xb9, 0xab,
    0x7c, 0x00, 0x7f, 0xf3, 0x04, 0x02, 0x57, 0x2e, 0xe5, 0xce, 0xde, 0x27,
    0x23, 0x11, 0x65, 0xd6, 0xa8, 0x46, 0x55, 0x08, 0xc7, 0x7f, 0x3c, 0x84,
    0xf1, 0x77, 0x7f, 0x20, 0x28, 0x61, 0xb8, 0xf5, 0xfe, 0x81, 0x6c, 0x49,
    0xf7, 0x3c, 0xec, 0xdf, 0xac, 0xd1, 0xa7, 0xb7, 0x0b, 0xee, 0xc8, 0xe4,
    0xc8, 0xfe, 0x26, 0x7f, 0x81, 0x0d, 0x0d, 0x09, 0x14, 0x00, 0x2d, 0x9c,
    0x55, 0x03, 0xc4, 0xb0, 0x43, 0x24, 0x58, 0x43, 0x56, 0x34, 0xb5, 0xae,
    0xab, 0x0e, 0x81, 0xe1, 0x81, 0x53, 0xbb, 0x42, 0xd9, 0xfa, 0x34, 0x62,
    0xdb, 0xa9, 0x06, 0xd0, 0x23, 0x9d, 0x49, 0xee, 0x32, 0x38, 0xd4, 0x63,
    0xb0, 0x2d, 0x81, 0x7f, 0x7f, 0xdc, 0x7f, 0xe6, 0xe4, 0x5e, 0x81, 0x54,
    0x6f, 0x3e, 0x7f, 0x56, 0xc7, 0x81, 0x38, 0x7f, 0x3f, 0x7f, 0xb7, 0xf4,
    0x81, 0x7f, 0x21, 0xba, 0x4f, 0x7f, 0x7f, 0x93, 0x05, 0x81, 0x81, 0xd3,
    0x7f, 0x2f, 0x12, 0xcb, 0xbc, 0x50, 0xe3, 0x81, 0x81, 0xf7, 0xbc, 0x81,
    0x81, 0x7f, 0x95, 0x7f, 0x81, 0x81, 0xd2, 0x28, 0x7f, 0x3e, 0x29, 0x72,
    0x81, 0x13, 0x3b, 0x48, 0x69, 0x18, 0xca, 0x48, 0x52, 0xdb, 0xff, 0xff,
    0x04, 0x00, 0x00, 0x00, 0xf0, 0x00, 0x00, 0x00, 0xce, 0xff, 0xff, 0xff,
    0xd0, 0xff, 0xff, 0xff, 0x39, 0x00, 0x00, 0x00, 0x45, 0x00, 0x00, 0x00,
    0x01, 0x00, 0x00, 0x00, 0xe5, 0xff, 0xff, 0xff, 0xdc, 0xff, 0xff, 0xff,
    0x5e, 0x00, 0x00, 0x00, 0x68, 0x00, 0x00, 0x00, 0xe0, 0xff, 0xff, 0xff,
    0xfe, 0xff, 0xff, 0xff, 0x20, 0x00, 0x00, 0x00, 0x05, 0x00, 0x00, 0x00,
    0x0d, 0x00, 0x00, 0x00, 0xeb, 0xff, 0xff, 0xff, 0xef, 0xff, 0xff, 0xff,
    0x52, 0x00, 0x00, 0x00, 0xe1, 0xff, 0xff, 0xff, 0xff, 0xff, 0xff, 0xff,
    0xc0, 0xff, 0xff, 0xff, 0x7f, 0x00, 0x00, 0x00, 0x04, 0x00, 0x00, 0x00,
    0x09, 0x00, 0x00, 0x00, 0x36, 0x00, 0x00, 0x00, 0x4b, 0x00, 0x00, 0x00,
    0x15, 0x00, 0x00, 0x00, 0x11, 0x00, 0x00, 0x00, 0xea, 0xff, 0xff, 0xff,
    0xb5, 0xff, 0xff, 0xff, 0x06, 0x00, 0x00, 0x00, 0xf7, 0xff, 0xff, 0xff,
    0xe9, 0xff, 0xff, 0xff, 0x1d, 0x00, 0x00, 0x00, 0xd2, 0xff, 0xff, 0xff,
    0x04, 0x00, 0x00, 0x00, 0xd7, 0xfe, 0xff, 0xff, 0x9e, 0xff, 0xff, 0xff,
    0xdf, 0xff, 0xff, 0xff, 0x1b, 0x00, 0x00, 0x00, 0x0c, 0x00, 0x00, 0x00,
    0xeb, 0xff, 0xff, 0xff, 0xdd, 0xff, 0xff, 0xff, 0xcf, 0xff, 0xff, 0xff,
    0x26, 0x00, 0x00, 0x00, 0x0f, 0x00, 0x00, 0x00, 0xfd, 0xff, 0xff, 0xff,
    0x09, 0x00, 0x00, 0x00, 0xea, 0xff, 0xff, 0xff, 0x37, 0x00, 0x00, 0x00,
    0xfa, 0xff, 0xff, 0xff, 0xf7, 0xff, 0xff, 0xff, 0x21, 0x00, 0x00, 0x00,
    0x18, 0x00, 0x00, 0x00, 0x13, 0x00, 0x00, 0x00, 0xf5, 0xff, 0xff, 0xff,
    0x0d, 0x00, 0x00, 0x00, 0xd5, 0xff, 0xff, 0xff, 0x2b, 0x00, 0x00, 0x00,
    0xd9, 0xff, 0xff, 0xff, 0xc4, 0xff, 0xff, 0xff, 0x4e, 0xdc, 0xff, 0xff,
    0x04, 0x00, 0x00, 0x00, 0x10, 0x0e, 0x00, 0x00, 0x3a, 0xfc, 0xd1, 0x45,
    0x53, 0x52, 0x11, 0x2a, 0xf3, 0xf7, 0xbd, 0x29, 0xf0, 0x34, 0xf6, 0x13,
    0xac, 0xe2, 0xdc, 0x32, 0xc3, 0x5c, 0x0d, 0xdd, 0x1a, 0xea, 0x81, 0x45,
    0x2c, 0xcc, 0x2d, 0xa8, 0x5e, 0x35, 0xb5, 0x3a, 0xf8, 0x12, 0xc6, 0x18,
    0x18, 0x07, 0xbc, 0xc6, 0xce, 0xcf, 0xe1, 0x10, 0xdd, 0xe5, 0x13, 0xe5,
    0xb1, 0x12, 0x93, 0x35, 0xac, 0x3d, 0xa4, 0x38, 0xc5, 0xe5, 0x92, 0x07,
    0x59, 0x4c, 0x59, 0x4f, 0xee, 0x5a, 0x2e, 0x2b, 0xf0, 0xce, 0xb9, 0x53,
    0x37, 0xc1, 0xe4, 0xd5, 0x2c, 0xeb, 0xc0, 0x1a, 0xc1, 0x90, 0xe0, 0x5a,
    0xa1, 0xd9, 0xe9, 0xcf, 0xfb, 0xef, 0xe2, 0x00, 0xf7, 0x23, 0x16, 0x6c,
    0x03, 0xbb, 0xe2, 0xb9, 0x52, 0xba, 0x29, 0x0c, 0x37, 0x55, 0x44, 0xaf,
    0x81, 0x49, 0x22, 0xb5, 0x41, 0x5f, 0xa1, 0xf9, 0x34, 0xea, 0x3f, 0x17,
    0x34, 0xea, 0x58, 0x33, 0x35, 0x28, 0x3f, 0x03, 0xfa, 0xe9, 0xb1, 0x07,
    0x4a, 0xaa, 0xd4, 0xfd, 0x23, 0xe9, 0xc1, 0x27, 0xcb, 0x5c, 0x3c, 0xf0,
    0xe3, 0xf8, 0x04, 0xba, 0x21, 0xc9, 0xed, 0xbc, 0xb6, 0xf5, 0xa2, 0x1c,
    0xdb, 0x81, 0x0c, 0x41, 0xf0, 0xc4, 0xf4, 0x12, 0x2a, 0xf8, 0xd2, 0xe1,
    0x12, 0xb8, 0x15, 0xb5, 0x44, 0x17, 0x5c, 0xf6, 0xb5, 0x9c, 0xc3, 0x05,
    0x38, 0xa5, 0x0c, 0x31, 0xb0, 0x25, 0x16, 0xe1, 0xc3, 0xf9, 0xfc, 0xb0,
    0xb3, 0x3b, 0xfd, 0xd6, 0xfd, 0x2b, 0xce, 0xf2, 0xc5, 0x48, 0xa1, 0x24,
    0x18, 0x12, 0xb4, 0x27, 0x21, 0x36, 0x0e, 0xbd, 0x4b, 0x6d, 0xc7, 0xf8,
    0xee, 0xde, 0xb9, 0xff, 0xff, 0x51, 0x5e, 0xdb, 0xaf, 0x06, 0x4e, 0x47,
    0xca, 0x7f, 0xe2, 0xb4, 0xdc, 0xd1, 0x37, 0xd3, 0x01, 0x99, 0xba, 0x06,
    0x0f, 0xc6, 0x5a, 0xb0, 0x45, 0x03, 0xf9, 0xf9, 0xc0, 0xc5, 0xc9, 0xd9,
    0x4b, 0x05, 0x3f, 0xc4, 0xca, 0x0e, 0xf4, 0xaa, 0xce, 0xfb, 0x1f, 0xe9,
    0x3f, 0xf0, 0xd6, 0x0f, 0x43, 0x01, 0xbc, 0xf6, 0xf9, 0x34, 0x4c, 0x21,
    0xfc, 0x3d, 0xfe, 0xbd, 0x33, 0xd2, 0xf6, 0x27, 0xdf, 0x0e, 0xfc, 0x42,
    0x8e, 0x21, 0xe6, 0x23, 0xf5, 0x81, 0x43, 0xf8, 0x13, 0x0a, 0x01, 0xcb,
    0x34, 0x46, 0xbe, 0xc9, 0xec, 0x96, 0xfe, 0x5c, 0x06, 0xdd, 0xd3, 0xae,
    0xdb, 0xbc, 0x3a, 0xe1, 0x43, 0x81, 0x0f, 0x51, 0xa2, 0x5f, 0x08, 0xcd,
    0xd4, 0xbf, 0x55, 0xe0, 0x29, 0xf9, 0x1a, 0x85, 0x8e, 0x42, 0xb2, 0x98,
    0xe8, 0x61, 0xd0, 0x70, 0xbb, 0x8e, 0x1f, 0xfc, 0xba, 0x40, 0x4e, 0xa0,
    0xf6, 0x1b, 0xe3, 0x46, 0xcd, 0x07, 0xe0, 0xb4, 0xa9, 0xfb, 0xd1, 0x22,
    0x2b, 0x00, 0x38, 0x35, 0xd7, 0x00, 0x2e, 0xce, 0x26, 0xf5, 0x3d, 0x25,
    0x3e, 0x49, 0x22, 0x0c, 0x8d, 0x0b, 0xae, 0xe9, 0x1b, 0xe2, 0x9b, 0xc3,
    0x0b, 0x38, 0xa4, 0xb8, 0x23, 0xf1, 0xef, 0x0e, 0x08, 0xde, 0xcd, 0xb0,
    0x4c, 0x0f, 0xf5, 0xbf, 0x81, 0x13, 0xd8, 0xd9, 0xfa, 0xae, 0xfa, 0x2c,
    0xb6, 0x09, 0xca, 0xd3, 0xc3, 0x9b, 0xc4, 0x39, 0x34, 0x23, 0x1e, 0xcf,
    0xda, 0xc7, 0x4a, 0x33, 0x1e, 0x07, 0x1e, 0x2b, 0x2b, 0x9b, 0xce, 0x60,
    0xee, 0x71, 0x57, 0x4e, 0x23, 0xdc, 0xbb, 0xae, 0x12, 0x03, 0x7f, 0x3a,
    0xf5, 0x5a, 0xe2, 0xa9, 0xfd, 0xfb, 0x5e, 0xd6, 0xcb, 0xdc, 0x31, 0x14,
    0xd5, 0x3a, 0x51, 0x1c, 0x39, 0xd9, 0xce, 0xf9, 0x3c, 0x5f, 0x41, 0x11,
    0x5d, 0x3d, 0x38, 0x6b, 0xaa, 0x3c, 0xd7, 0xee, 0xe9, 0xaa, 0xb0, 0x7f,
    0x4f, 0xeb, 0xe0, 0xb0, 0xc6, 0x48, 0xe5, 0x51, 0x1b, 0x52, 0xec, 0x8b,
    0x17, 0x23, 0x01, 0xac, 0x34, 0x52, 0xef, 0xb8, 0xd7, 0xb5, 0xac, 0xf4,
    0x55, 0x70, 0x98, 0xcf, 0x23, 0xa2, 0x51, 0x10, 0x34, 0xe1, 0x4c, 0xe9,
    0xa6, 0x27, 0xff, 0xee, 0xc1, 0x0f, 0xb4, 0xf1, 0x05, 0xce, 0x75, 0x19,
    0xbd, 0x61, 0xce, 0x3a, 0xd3, 0x98, 0xea, 0x1d, 0x35, 0xec, 0xd2, 0xf5,
    0x3e, 0xde, 0xb3, 0xea, 0x11, 0xb9, 0x2b, 0x4a, 0x3e, 0x40, 0xfa, 0x51,
    0x06, 0x46, 0x5b, 0x1b, 0xf3, 0x40, 0xf1, 0xdf, 0x1a, 0x4b, 0x54, 0x64,
    0x20, 0xfb, 0xdb, 0x31, 0xd0, 0xe9, 0xc9, 0x2d, 0x54, 0x81, 0x11, 0x35,
    0x0d, 0xa1, 0x00, 0xc3, 0x2c, 0xc0, 0x50, 0x0c, 0xdb, 0x48, 0x32, 0x4e,
    0x37, 0x5d, 0x1d, 0x75, 0xa8, 0x0b, 0xb3, 0xe4, 0x2d, 0x24, 0x31, 0xaf,
    0xd2, 0xe3, 0x42, 0xc6, 0x1b, 0x1d, 0xba, 0xd5, 0x81, 0x2c, 0xe5, 0x94,
    0xe5, 0xc7, 0xcf, 0x71, 0x13, 0xc8, 0x0b, 0x53, 0xc4, 0xed, 0xf0, 0x1b,
    0xda, 0x0e, 0xc1, 0xa0, 0xef, 0xce, 0x1b, 0xca, 0xd6, 0x1d, 0xb9, 0xc1,
    0xe0, 0x1e, 0x35, 0xe4, 0x46, 0xbe, 0xf2, 0xd0, 0x42, 0x2a, 0xe3, 0x2a,
    0x36, 0xcd, 0x9c, 0x93, 0x10, 0xd1, 0x09, 0xdf, 0x6a, 0xee, 0xa5, 0x7f,
    0xc9, 0xab, 0xad, 0x0e, 0x3c, 0x3f, 0x04, 0x1b, 0x9b, 0xd3, 0xbf, 0x2f,
    0x10, 0xdd, 0xfd, 0x0e, 0x1c, 0x71, 0xb9, 0x0d, 0x0d, 0x45, 0xa1, 0x47,
    0x42, 0x51, 0xf0, 0xcf, 0xf8, 0x69, 0xc1, 0xdd, 0x0f, 0x02, 0xd2, 0xa2,
    0xfb, 0xd6, 0x06, 0xa4, 0xe7, 0xf8, 0x28, 0xf1, 0x36, 0xe5, 0x1b, 0x17,
    0xd1, 0x47, 0xc6, 0x61, 0xf3, 0x1d, 0xb3, 0x47, 0x24, 0xce, 0x46, 0xdc,
    0xb6, 0x0e, 0x21, 0x30, 0x95, 0xe9, 0xb4, 0xf2, 0xbe, 0x45, 0xbc, 0x19,
    0x0e, 0x43, 0xfb, 0x79, 0x53, 0xf6, 0x33, 0x6c, 0x3d, 0x17, 0x7f, 0xd6,
    0x24, 0x4c, 0x32, 0xc2, 0xbf, 0x3f, 0x06, 0x11, 0x12, 0xe4, 0xdf, 0x0b,
    0x0d, 0xfa, 0x13, 0x02, 0x3f, 0x08, 0x4c, 0x1f, 0xfc, 0x5e, 0xad, 0xeb,
    0xed, 0xa5, 0xe8, 0x00, 0x40, 0x0c, 0xb8, 0x44, 0x0c, 0x02, 0xc7, 0xa9,
    0xcf, 0xa6, 0xbb, 0xfe, 0xb3, 0xe7, 0x01, 0xcd, 0x0b, 0xb5, 0x9f, 0x98,
    0xe9, 0x0b, 0x81, 0xcf, 0x22, 0x9b, 0x31, 0xd4, 0x9e, 0x14, 0x57, 0x0d,
    0xfa, 0x51, 0x53, 0xa3, 0x86, 0x35, 0xa3, 0xc6, 0xe9, 0x15, 0xfb, 0x14,
    0x37, 0xbb, 0x56, 0xf5, 0x3a, 0xb3, 0x03, 0xfc, 0x74, 0x0e, 0xc0, 0xeb,
    0x3e, 0xa7, 0xeb, 0x52, 0x4b, 0x21, 0xde, 0x2d, 0x43, 0x22, 0xb9, 0xce,
    0x09, 0xa8, 0xe7, 0xfe, 0xfb, 0x8e, 0xd9, 0x86, 0x16, 0x29, 0xfd, 0xeb,
    0x0b, 0xdb, 0xad, 0x0b, 0x31, 0xb5, 0xdb, 0x7f, 0x08, 0xeb, 0x70, 0x9f,
    0x0b, 0x3e, 0xcb, 0x5d, 0xc3, 0xfa, 0xad, 0xa8, 0xac, 0x0e, 0x51, 0x1f,
    0x8b, 0x40, 0x9e, 0x9b, 0x05, 0xeb, 0x48, 0x29, 0x28, 0x39, 0x60, 0x02,
    0x0d, 0x9f, 0xbf, 0x36, 0x73, 0x4b, 0xf2, 0x78, 0xdf, 0xf0, 0xd8, 0x5a,
    0xc4, 0x9d, 0xee, 0x00, 0x11, 0xbf, 0xfd, 0xc4, 0xc6, 0xb4, 0x0f, 0xe4,
    0xca, 0x17, 0xf4, 0xc4, 0x37, 0x30, 0xf0, 0x1e, 0xaf, 0xae, 0xad, 0x25,
    0xd9, 0xda, 0xe1, 0x03, 0xdc, 0x47, 0x32, 0xf9, 0x1f, 0x3c, 0xba, 0xda,
    0xeb, 0xa8, 0xc4, 0x16, 0xdb, 0x15, 0xcd, 0xf1, 0xa1, 0x3e, 0x46, 0x00,
    0x81, 0x2d, 0xea, 0xfd, 0x9a, 0xfb, 0xbf, 0xbd, 0xd4, 0x4a, 0xfe, 0x25,
    0xf4, 0x61, 0x8d, 0x28, 0xd7, 0x55, 0x25, 0xb8, 0x9c, 0x15, 0xd6, 0x24,
    0xa7, 0x00, 0xc2, 0x1d, 0xcf, 0x7b, 0xa4, 0xe8, 0x33, 0x31, 0xee, 0x06,
    0x17, 0xf3, 0x8f, 0x81, 0x62, 0xe5, 0xaa, 0x35, 0xaf, 0xac, 0xa8, 0xe2,
    0xe9, 0x3b, 0xcf, 0xa8, 0xe8, 0xde, 0xa6, 0x30, 0xb2, 0xd0, 0xe8, 0x52,
    0xa9, 0xf7, 0x47, 0x5e, 0x20, 0xdb, 0x2d, 0xd2, 0xef, 0xf8, 0x04, 0x3c,
    0x5f, 0x25, 0xab, 0xc7, 0xa7, 0x02, 0x25, 0xf6, 0x34, 0x18, 0x96, 0x0b,
    0xbd, 0x26, 0x30, 0x81, 0x27, 0x16, 0x1f, 0x16, 0x9e, 0x5e, 0x0c, 0xd2,
    0x0d, 0xc6, 0x16, 0xd3, 0x52, 0x3c, 0x04, 0xaa, 0x09, 0x63, 0xfd, 0xda,
    0xda, 0x77, 0x08, 0x13, 0x4b, 0xb5, 0x26, 0xb0, 0xf3, 0xfa, 0x0b, 0x3e,
    0x2c, 0x28, 0x4d, 0xf6, 0x35, 0x8f, 0xd7, 0x2d, 0x2c, 0xdc, 0x26, 0xf4,
    0x38, 0x39, 0xd9, 0x09, 0xc2, 0x50, 0x42, 0xe3, 0xc8, 0x2c, 0x49, 0xfb,
    0x2d, 0x4c, 0xdb, 0x81, 0xfa, 0xe2, 0x73, 0x89, 0xbf, 0x50, 0x03, 0x0e,
    0x14, 0x52, 0x3c, 0xc3, 0x1c, 0x90, 0x35, 0xfe, 0x20, 0x5f, 0x13, 0xcb,
    0x0f, 0x47, 0x32, 0x51, 0x57, 0x03, 0x0e, 0xad, 0x30, 0x42, 0x46, 0xec,
    0x3a, 0x40, 0x3a, 0x45, 0x3e, 0xaa, 0xf0, 0x42, 0x0c, 0xb7, 0xfa, 0x10,
    0xdd, 0x2e, 0x66, 0xba, 0xd0, 0xcc, 0xe8, 0xd2, 0xac, 0xe7, 0xeb, 0xc6,
    0x12, 0x40, 0x9a, 0x8f, 0xbe, 0x34, 0x2a, 0xd9, 0x59, 0xcd, 0x5b, 0xcc,
    0x38, 0x02, 0xb5, 0x06, 0xaf, 0x93, 0x75, 0xca, 0xd7, 0x59, 0x01, 0xc9,
    0x0b, 0x93, 0xbf, 0xe4, 0x4a, 0xef, 0xcb, 0x41, 0x07, 0x27, 0x7f, 0x22,
    0xf4, 0x4e, 0xfa, 0xb6, 0x29, 0xb7, 0x57, 0xc9, 0xb3, 0x13, 0xb3, 0x30,
    0x10, 0x0c, 0xa5, 0xe0, 0xed, 0xf1, 0x00, 0xdb, 0xc9, 0x21, 0xa4, 0x41,
    0xd9, 0xbf, 0x27, 0xce, 0xfb, 0x7f, 0x2b, 0x56, 0x2e, 0xce, 0xe2, 0x13,
    0x1a, 0xd9, 0xfe, 0xa1, 0x37, 0x72, 0x14, 0x51, 0xf5, 0x34, 0x10, 0x25,
    0x27, 0xff, 0xc6, 0x3e, 0xd6, 0x65, 0x3a, 0x20, 0xff, 0x22, 0xe8, 0xd0,
    0x83, 0x90, 0x58, 0x44, 0x00, 0x5a, 0xfc, 0x39, 0xde, 0xc1, 0xae, 0x7c,
    0x28, 0x04, 0x04, 0x12, 0xd0, 0xce, 0x25, 0xc2, 0x32, 0xcd, 0x16, 0xa5,
    0x44, 0x41, 0x0b, 0xb4, 0xe2, 0x63, 0x29, 0x25, 0xb7, 0xb8, 0x1c, 0x46,
    0xf8, 0x45, 0xd4, 0xb9, 0x5b, 0x07, 0xef, 0x3a, 0x3f, 0x55, 0x24, 0x2e,
    0x40, 0x45, 0xd3, 0xb0, 0xb5, 0x25, 0x20, 0xf5, 0xba, 0x25, 0xf5, 0x33,
    0xf0, 0x7f, 0x05, 0x07, 0xd9, 0xfd, 0x36, 0xf9, 0xef, 0xe8, 0x34, 0x7f,
    0x2d, 0x1b, 0x14, 0xff, 0x0c, 0x12, 0xcb, 0x11, 0x30, 0x0a, 0x00, 0x3d,
    0x16, 0x44, 0x0b, 0x9f, 0x1f, 0x39, 0xc4, 0xd2, 0x03, 0x0d, 0xe2, 0x0c,
    0xe1, 0xe0, 0xd7, 0xfc, 0xde, 0x4b, 0x18, 0x21, 0x2a, 0xfe, 0x38, 0x0b,
    0x18, 0xbf, 0x99, 0x22, 0xb7, 0xfc, 0x03, 0x22, 0xd3, 0xda, 0xee, 0x57,
    0xb9, 0x27, 0xc3, 0xd1, 0xe0, 0xb8, 0x01, 0x47, 0xb7, 0xbc, 0xc3, 0xdb,
    0x6a, 0x8c, 0xac, 0x27, 0x4e, 0x04, 0x79, 0x99, 0xe2, 0x58, 0xd1, 0xc3,
    0x1b, 0xe8, 0xaf, 0x32, 0xed, 0xfc, 0xdd, 0x14, 0xd2, 0x2d, 0xdc, 0x60,
    0xfe, 0xd9, 0xd0, 0x81, 0xb5, 0x9d, 0xde, 0x2a, 0xe8, 0x03, 0xdb, 0x70,
    0x1d, 0x0b, 0x20, 0x4a, 0xe6, 0xc1, 0x3a, 0xf1, 0x67, 0xdd, 0xa9, 0x59,
    0x35, 0x14, 0x22, 0x77, 0x4d, 0xb2, 0xe3, 0xc3, 0x3b, 0xc0, 0x72, 0x0b,
    0xe9, 0x81, 0xf4, 0xec, 0x3d, 0xd5, 0xb9, 0x4d, 0xec, 0x51, 0x21, 0xa7,
    0x18, 0xf2, 0xd0, 0x2a, 0xf8, 0xe7, 0xbb, 0x04, 0xc1, 0x28, 0x67, 0x52,
    0x26, 0xfe, 0xfc, 0x0f, 0x3d, 0xa0, 0xf5, 0x97, 0xd5, 0xd4, 0x02, 0x41,
    0xab, 0x31, 0xf3, 0x27, 0x4a, 0xec, 0xd9, 0x13, 0x40, 0x4a, 0xfb, 0xd7,
    0xed, 0x20, 0x04, 0xb0, 0xa7, 0x9d, 0xf6, 0xf2, 0x10, 0xc5, 0xf9, 0x7f,
    0x18, 0xc3, 0x43, 0xba, 0x08, 0xb0, 0x1b, 0x4c, 0x36, 0xd4, 0xf5, 0xc8,
    0x1a, 0xee, 0x08, 0x83, 0x2a, 0x4a, 0xff, 0x05, 0xe8, 0x13, 0xdb, 0x17,
    0x42, 0x1e, 0xb6, 0xa8, 0x30, 0x06, 0xec, 0xfc, 0xe3, 0xec, 0xb7, 0xe0,
    0x37, 0xc8, 0xa7, 0x25, 0xfe, 0x02, 0xd8, 0x3e, 0x26, 0xbe, 0xe8, 0xd2,
    0x9d, 0x19, 0x11, 0x3d, 0x34, 0xb1, 0x1a, 0x3f, 0x15, 0xed, 0xf1, 0xe4,
    0xc5, 0xe1, 0x5c, 0x1c, 0x46, 0x11, 0x2f, 0x44, 0xe0, 0xbf, 0xd4, 0x15,
    0xf1, 0x2e, 0x48, 0xc0, 0x14, 0x7f, 0x3a, 0xf9, 0x0d, 0x21, 0xd9, 0xf0,
    0xba, 0x48, 0x41, 0xf1, 0x5d, 0xda, 0x0b, 0xc4, 0xe4, 0x11, 0xce, 0xb3,
    0x36, 0x22, 0x8c, 0x00, 0xc5, 0xf3, 0x29, 0xe9, 0xea, 0x30, 0xf9, 0x30,
    0xc2, 0x4b, 0x04, 0xe2, 0xe1, 0xbd, 0xe1, 0xef, 0xed, 0x5b, 0x4e, 0xc0,
    0x35, 0x00, 0x43, 0x10, 0xed, 0xe2, 0x19, 0x34, 0x07, 0x97, 0x28, 0xf8,
    0xdb, 0x46, 0xbb, 0x55, 0xb0, 0x86, 0x70, 0xe4, 0x27, 0xee, 0x6d, 0x8b,
    0xeb, 0xcb, 0x28, 0xe1, 0xad, 0x31, 0x02, 0x50, 0x27, 0x07, 0xe8, 0x1d,
    0xb6, 0xd0, 0xf5, 0xdf, 0xa2, 0xa8, 0x4c, 0x06, 0xfa, 0x18, 0x27, 0x54,
    0xd1, 0x97, 0x81, 0xba, 0xb6, 0x5d, 0xee, 0x2b, 0x15, 0xd6, 0x78, 0xa8,
    0xa9, 0x45, 0x0b, 0xf2, 0x03, 0x47, 0x99, 0x44, 0x17, 0x47, 0xd9, 0xfb,
    0xb2, 0xbe, 0x0c, 0x09, 0x62, 0x94, 0x04, 0xe7, 0x5e, 0x2b, 0x00, 0x4a,
    0xe2, 0xaf, 0x0a, 0xef, 0x81, 0x23, 0xd2, 0x2a, 0x39, 0x54, 0x0d, 0xaf,
    0xc8, 0xcf, 0xd4, 0xd9, 0xed, 0xc9, 0x24, 0xfd, 0x1a, 0x5a, 0xe7, 0xf6,
    0x33, 0xa9, 0x2e, 0x0b, 0x13, 0xdb, 0xf6, 0x9c, 0xff, 0x39, 0x39, 0xbc,
    0x2e, 0xc2, 0x54, 0xd2, 0x0a, 0xd1, 0xc0, 0x05, 0xe0, 0xe1, 0x2f, 0x2f,
    0xd9, 0x4a, 0xfe, 0x6c, 0x33, 0xd5, 0xdd, 0x56, 0x32, 0x26, 0x4d, 0x3b,
    0x1a, 0x46, 0xc0, 0x26, 0x0e, 0x0d, 0xde, 0x31, 0xdd, 0x13, 0xd5, 0x17,
    0xba, 0x2f, 0xd9, 0xdc, 0x04, 0xf7, 0xce, 0x08, 0x62, 0xe7, 0xdc, 0x81,
    0x1b, 0x20, 0xc5, 0x50, 0xec, 0x44, 0x0c, 0x17, 0x39, 0xc4, 0xfb, 0x7f,
    0x13, 0x3b, 0xdb, 0xfc, 0xb3, 0x07, 0x30, 0x47, 0xc7, 0xdd, 0xf4, 0x31,
    0x1b, 0x62, 0x32, 0xf7, 0xc5, 0x17, 0xd8, 0xf5, 0x05, 0x27, 0x9c, 0xaf,
    0x27, 0xe4, 0x4b, 0xab, 0x27, 0xdd, 0xd8, 0x3f, 0x2c, 0x0b, 0xc7, 0x27,
    0xe7, 0xff, 0x07, 0x1f, 0x12, 0xec, 0xea, 0xb6, 0xb9, 0xe1, 0x48, 0x0a,
    0xe5, 0x1e, 0x1d, 0x37, 0x18, 0x08, 0x24, 0xc2, 0x57, 0xa3, 0xa7, 0x4e,
    0x0b, 0xa1, 0xdd, 0xff, 0xdc, 0xd9, 0x54, 0xb5, 0xff, 0x36, 0x06, 0x47,
    0x14, 0x7f, 0xe5, 0xfc, 0xf0, 0x09, 0x4d, 0xce, 0xf4, 0xf5, 0x07, 0xf5,
    0x2e, 0x03, 0x4a, 0xb3, 0xb7, 0xdb, 0x48, 0x2d, 0x27, 0xe6, 0x1c, 0xc5,
    0x2f, 0x45, 0x4b, 0x1f, 0xb5, 0x05, 0xdb, 0x27, 0xff, 0x4d, 0x3d, 0x43,
    0xea, 0x5a, 0xea, 0x19, 0xc0, 0xf7, 0xa3, 0xf3, 0x05, 0xd4, 0x61, 0x19,
    0x9e, 0x04, 0x0f, 0xf7, 0xec, 0x9e, 0xf4, 0x2f, 0x11, 0x2e, 0xff, 0xba,
    0x29, 0xc0, 0x30, 0x3a, 0x7f, 0xa4, 0x34, 0xbd, 0x1e, 0x19, 0xc1, 0x1f,
    0x05, 0x0e, 0x42, 0x4b, 0xc8, 0xe3, 0xb6, 0x03, 0xb4, 0x59, 0xf1, 0x2f,
    0x17, 0x2d, 0xee, 0x04, 0xd5, 0x1c, 0x12, 0x0f, 0x31, 0x01, 0xa4, 0x58,
    0xd8, 0x54, 0xb7, 0x10, 0xcc, 0xff, 0x59, 0xf7, 0xe0, 0xdb, 0xa5, 0x38,
    0xfa, 0x17, 0x69, 0x86, 0xb0, 0x51, 0x50, 0x16, 0xbb, 0xd5, 0xec, 0xad,
    0x1a, 0x64, 0xea, 0x81, 0xc5, 0x6a, 0x28, 0x23, 0x2f, 0xc4, 0xdb, 0x2f,
    0xb4, 0x01, 0xcd, 0xc7, 0x3c, 0xb5, 0x24, 0xfa, 0x45, 0x12, 0xd6, 0x37,
    0xff, 0xf4, 0xde, 0x0e, 0xfa, 0x04, 0xf1, 0x34, 0xe9, 0x37, 0x4a, 0xe2,
    0x9e, 0x10, 0x13, 0x07, 0xcc, 0xfc, 0xdc, 0xea, 0x81, 0x43, 0xde, 0xd7,
    0x52, 0xd7, 0x18, 0xa7, 0xef, 0xc1, 0xd7, 0xca, 0x2e, 0xcb, 0x3f, 0xfc,
    0xd9, 0xcf, 0x0f, 0xfd, 0x40, 0xc5, 0xf5, 0x23, 0xfd, 0x0f, 0x0d, 0xaf,
    0xe0, 0xa4, 0x21, 0x4a, 0xec, 0xf5, 0x04, 0xd5, 0x4d, 0x29, 0x42, 0xfe,
    0x02, 0xe4, 0xe6, 0xb6, 0x1c, 0x2d, 0x01, 0x3b, 0x34, 0x1f, 0xb6, 0x3e,
    0x23, 0xcc, 0x00, 0xfa, 0x23, 0x2d, 0x29, 0xa1, 0xee, 0x5d, 0xf9, 0x1b,
    0x45, 0x06, 0xde, 0xd5, 0x06, 0x4d, 0x1d, 0x5e, 0xb4, 0x4f, 0x96, 0x05,
    0x70, 0x08, 0x03, 0x7f, 0xf2, 0x56, 0x0e, 0x57, 0x07, 0x5a, 0xa7, 0x22,
    0xe8, 0x55, 0x17, 0x3e, 0x1b, 0x72, 0x3d, 0x1f, 0xb3, 0xfa, 0x67, 0xdf,
    0xbe, 0x2d, 0x90, 0x00, 0x27, 0x40, 0xcf, 0x27, 0x5a, 0x20, 0x11, 0xd0,
    0xc6, 0x1d, 0x31, 0xc3, 0x74, 0xf7, 0x41, 0xa5, 0xf1, 0x0f, 0xe3, 0x13,
    0xd7, 0xba, 0xff, 0x3e, 0xe9, 0xb6, 0xd5, 0x48, 0x23, 0xe8, 0x17, 0xc0,
    0x3e, 0x42, 0x30, 0x00, 0x3d, 0xb1, 0xfc, 0x01, 0x34, 0xa2, 0xf5, 0x51,
    0x21, 0xc2, 0x18, 0x02, 0x30, 0x0d, 0x16, 0x17, 0xc3, 0x02, 0xc3, 0x0c,
    0x81, 0x03, 0xe9, 0x02, 0xe6, 0xeb, 0xee, 0xd4, 0x32, 0x2b, 0xe7, 0xf9,
    0x5b, 0xb4, 0xa4, 0xdb, 0x5d, 0x51, 0xf1, 0xff, 0xf2, 0x38, 0xd2, 0x0f,
    0x4f, 0x37, 0x1c, 0x35, 0x30, 0xe0, 0xcb, 0xfa, 0x0d, 0xfa, 0x26, 0xc2,
    0xd9, 0xdf, 0xf1, 0x08, 0x23, 0x58, 0x19, 0xdf, 0xea, 0xeb, 0x81, 0x03,
    0x37, 0x4d, 0x36, 0xd7, 0x03, 0x07, 0xf7, 0x79, 0x17, 0xfc, 0xf1, 0x1d,
    0x01, 0xcc, 0x26, 0x2c, 0x9c, 0x2e, 0x1c, 0xd7, 0xa0, 0xe7, 0x29, 0x51,
    0xfc, 0x26, 0xf7, 0x13, 0x01, 0x45, 0x10, 0xe5, 0xe2, 0xdf, 0xbf, 0x1b,
    0x05, 0xbb, 0xfb, 0xcf, 0x32, 0x1a, 0x37, 0x12, 0xc9, 0x2a, 0x32, 0x2d,
    0x2f, 0x0a, 0x26, 0xb8, 0xb7, 0x64, 0x18, 0xca, 0xdc, 0xa4, 0x1e, 0x04,
    0xbc, 0xea, 0xbc, 0x2e, 0x28, 0xdd, 0xf5, 0x44, 0x13, 0x2e, 0x25, 0x2b,
    0xe2, 0xfb, 0xe5, 0xe5, 0x17, 0x1f, 0x41, 0xbe, 0xec, 0xe4, 0x1b, 0xff,
    0x9c, 0x7f, 0xd6, 0x10, 0xee, 0xdc, 0xd6, 0x25, 0xdb, 0x08, 0x7f, 0xb9,
    0xb2, 0xd0, 0x16, 0xbd, 0x0d, 0xaa, 0xbe, 0xef, 0x20, 0x17, 0xe3, 0x41,
    0xbd, 0x22, 0xdd, 0x13, 0xdf, 0xca, 0xe2, 0x4a, 0xd7, 0xef, 0xd7, 0x3d,
    0xcd, 0x45, 0x06, 0xdd, 0xbb, 0xcc, 0xf8, 0x0c, 0xec, 0x66, 0x5b, 0xd9,
    0x9c, 0x35, 0x1e, 0xf8, 0x0b, 0x1a, 0x27, 0xc2, 0x0e, 0x05, 0xf2, 0xa6,
    0x31, 0xb4, 0x9f, 0xc0, 0x7a, 0x66, 0x49, 0x29, 0xe9, 0xfd, 0xce, 0x7f,
    0x3f, 0x1f, 0xf5, 0x29, 0xbf, 0x41, 0x0a, 0x1c, 0xed, 0xdc, 0xae, 0xd1,
    0x07, 0x41, 0x02, 0xdb, 0x00, 0xee, 0x28, 0x18, 0xc8, 0xe4, 0x0f, 0xb3,
    0x07, 0xed, 0xfb, 0xac, 0xdb, 0x43, 0x4b, 0x15, 0x1d, 0xff, 0x16, 0x3c,
    0xd3, 0xd1, 0xf5, 0xdc, 0x0e, 0x31, 0xd7, 0xed, 0xa9, 0xf1, 0xfb, 0xcf,
    0xae, 0x27, 0x00, 0x19, 0xe0, 0xab, 0xe6, 0xd4, 0x23, 0x03, 0xe4, 0xc8,
    0x5d, 0x2c, 0xcc, 0x1a, 0x3d, 0x07, 0x27, 0x7f, 0xc2, 0x6d, 0x65, 0x1e,
    0xc6, 0x0e, 0xf6, 0x57, 0xef, 0x10, 0x74, 0x26, 0x22, 0x21, 0x2e, 0x4b,
    0xf3, 0xd0, 0x2f, 0xf0, 0xe9, 0x98, 0x2e, 0x23, 0xf1, 0xa4, 0x3a, 0xc1,
    0xa6, 0x5d, 0x4d, 0xfa, 0xbc, 0xfb, 0x10, 0xc3, 0x12, 0x4c, 0xe5, 0xf0,
    0xea, 0x40, 0x1e, 0xf4, 0x5a, 0x1e, 0xd9, 0xa8, 0x10, 0x35, 0x18, 0xda,
    0xd1, 0xa6, 0xe1, 0x14, 0xbf, 0x0d, 0x0a, 0x64, 0xc1, 0xf7, 0x05, 0x0a,
    0x00, 0xf2, 0x32, 0x7f, 0xc8, 0x06, 0x2d, 0xc3, 0x22, 0xd4, 0x09, 0x1a,
    0x03, 0x09, 0xe0, 0x03, 0x16, 0xc4, 0x05, 0xd0, 0xf4, 0x0e, 0xcd, 0x2d,
    0xbd, 0x10, 0xe1, 0x0d, 0x2b, 0xd3, 0xe1, 0x16, 0x39, 0xf2, 0xcd, 0xcf,
    0x74, 0x19, 0xda, 0x0f, 0x23, 0xce, 0xd0, 0xbd, 0xd9, 0xba, 0x20, 0x44,
    0x3c, 0xf7, 0x19, 0xc3, 0xa9, 0xeb, 0x1e, 0x78, 0x23, 0x59, 0x2f, 0x13,
    0x27, 0x05, 0xdd, 0x33, 0xcb, 0xc5, 0x7f, 0x2c, 0x10, 0x41, 0x3f, 0xd0,
    0xf1, 0x29, 0xe6, 0xf2, 0x59, 0xd0, 0x43, 0xe8, 0x1d, 0x17, 0x42, 0xda,
    0x31, 0xf6, 0x68, 0x35, 0x26, 0xcb, 0xd9, 0x03, 0x16, 0xf9, 0x1f, 0x0f,
    0x03, 0x4e, 0x02, 0xb8, 0xea, 0x03, 0x16, 0x02, 0xf2, 0xb1, 0x32, 0x6b,
    0x21, 0xb4, 0xd7, 0xde, 0xb8, 0x9a, 0xec, 0x1b, 0x71, 0x9b, 0xc2, 0xdc,
    0xf5, 0xd6, 0x49, 0xa4, 0xbf, 0x34, 0xda, 0x23, 0x33, 0x59, 0xf6, 0x06,
    0x92, 0xe6, 0x48, 0x13, 0x5b, 0xd1, 0x61, 0xed, 0xdb, 0x64, 0xea, 0xf4,
    0x5e, 0xdc, 0x52, 0x75, 0x99, 0x2f, 0x10, 0x8c, 0x03, 0x65, 0x2a, 0xc0,
    0xc2, 0x65, 0x16, 0xaf, 0x5d, 0x94, 0x1b, 0x81, 0x3f, 0xd3, 0x14, 0x6a,
    0xe7, 0x95, 0x2e, 0xd5, 0xe8, 0xf9, 0x15, 0x3e, 0x41, 0xe4, 0xff, 0xbb,
    0x0e, 0xcc, 0xcd, 0xc3, 0x36, 0x49, 0x16, 0xb5, 0xb6, 0x43, 0xf7, 0xa8,
    0xd6, 0xca, 0xd1, 0xa7, 0xff, 0x05, 0x41, 0x3f, 0x2d, 0xf7, 0xf9, 0x02,
    0x11, 0x0c, 0x1b, 0x07, 0xe9, 0x27, 0x0e, 0x39, 0xb7, 0xf6, 0x7f, 0x37,
    0x8e, 0x6c, 0x49, 0xec, 0xf3, 0x0b, 0x43, 0x2a, 0x10, 0xb1, 0x2d, 0xa6,
    0xe3, 0xa8, 0x13, 0xda, 0x13, 0xb5, 0x09, 0x52, 0xe9, 0x19, 0x26, 0xcb,
    0x05, 0xf1, 0x1b, 0x7f, 0x29, 0xdd, 0x5a, 0x0d, 0xd6, 0x2e, 0xe4, 0x08,
    0x0d, 0x34, 0x3c, 0xf5, 0x1c, 0x03, 0x2c, 0xae, 0xe9, 0xf3, 0x3f, 0xc3,
    0xe9, 0x38, 0x56, 0xff, 0x63, 0x0d, 0x15, 0xbf, 0x7c, 0xce, 0xcf, 0x4d,
    0x57, 0x98, 0x07, 0x1d, 0x03, 0xb9, 0x4f, 0x02, 0x46, 0x32, 0x2c, 0x1d,
    0x3e, 0xfd, 0xf2, 0xf5, 0x3f, 0xea, 0xd9, 0xef, 0x01, 0x2b, 0x10, 0x2f,
    0x13, 0x23, 0xf8, 0xff, 0xb7, 0xec, 0xc9, 0xed, 0xdc, 0xb7, 0xa7, 0x27,
    0xac, 0x60, 0xb4, 0x8a, 0x54, 0x4e, 0x56, 0x40, 0xe5, 0x66, 0x06, 0x92,
    0x4c, 0xe9, 0xed, 0x5c, 0xc4, 0x14, 0xdf, 0xea, 0xad, 0xf8, 0x57, 0x5e,
    0x11, 0x7f, 0xd0, 0xd9, 0xd2, 0x00, 0x33, 0x9a, 0x52, 0x2c, 0x61, 0xc3,
    0x99, 0xfa, 0xaa, 0x13, 0xb5, 0xe4, 0xe1, 0x07, 0x4a, 0x84, 0xd3, 0xf9,
    0x01, 0x57, 0x39, 0x51, 0x2d, 0xa9, 0xc9, 0xef, 0x22, 0x35, 0x19, 0xad,
    0xe8, 0xef, 0x36, 0xd1, 0xd2, 0x92, 0x8c, 0x07, 0x43, 0x6f, 0xc0, 0x19,
    0x11, 0xa7, 0xe8, 0x4b, 0x81, 0xa8, 0xaf, 0x44, 0x4b, 0xa4, 0xaa, 0x00,
    0x16, 0xbb, 0x40, 0x5e, 0x76, 0x64, 0x30, 0x2d, 0xa9, 0x68, 0xdf, 0xbc,
    0xf2, 0x37, 0xe5, 0xc3, 0xb3, 0x22, 0x1d, 0x24, 0x71, 0xd9, 0x58, 0xf6,
    0xe4, 0x1f, 0x0d, 0xca, 0xa6, 0x41, 0x15, 0x21, 0xd1, 0x41, 0x1a, 0x27,
    0x3b, 0xe6, 0x24, 0x27, 0xfe, 0x36, 0x20, 0xd1, 0x54, 0x04, 0xe9, 0x03,
    0x19, 0xa8, 0x39, 0xf9, 0x22, 0xe8, 0xd6, 0x11, 0x4d, 0xfb, 0xd5, 0x09,
    0x0f, 0x17, 0x7f, 0x48, 0x04, 0xfa, 0xb3, 0xde, 0x4c, 0x14, 0xd8, 0x81,
    0xc5, 0xc3, 0xcc, 0x24, 0x9d, 0xa2, 0xf1, 0x18, 0x1f, 0xec, 0x06, 0xff,
    0x0d, 0xf1, 0x44, 0xbb, 0x07, 0xca, 0x16, 0x5d, 0x35, 0x3f, 0xde, 0xc0,
    0x1d, 0x3d, 0xbd, 0x5d, 0xa5, 0x38, 0xd4, 0xb6, 0x1b, 0xef, 0xfd, 0xcb,
    0xf3, 0x3a, 0xa5, 0xb6, 0xfe, 0xf9, 0x27, 0x00, 0x5b, 0x98, 0xdf, 0xc4,
    0xf4, 0xc0, 0xdd, 0xe0, 0x03, 0x72, 0x40, 0xfd, 0x60, 0x10, 0xee, 0x7f,
    0x5d, 0x07, 0x44, 0x9a, 0x48, 0xb3, 0xdf, 0x16, 0xf2, 0xff, 0x93, 0xc6,
    0xdb, 0x19, 0xbd, 0x8b, 0x1b, 0xeb, 0xfb, 0xbb, 0xac, 0x9e, 0xe3, 0xf4,
    0xdc, 0x0e, 0x41, 0x03, 0xe7, 0xe5, 0x21, 0xca, 0x01, 0x15, 0x19, 0x1c,
    0x41, 0x39, 0x1b, 0x4d, 0xb4, 0xc4, 0x02, 0xd5, 0x14, 0x06, 0x74, 0xff,
    0xd4, 0x1c, 0xf8, 0xe1, 0xc8, 0xcf, 0xb8, 0x22, 0xd1, 0x40, 0x29, 0xd5,
    0x5f, 0x2a, 0x0b, 0x24, 0xea, 0xeb, 0xdc, 0x2d, 0xe7, 0xb1, 0xef, 0xfe,
    0x25, 0x2f, 0x4a, 0x48, 0xc9, 0xd1, 0x9a, 0x29, 0xed, 0x29, 0x0c, 0x02,
    0xc1, 0x40, 0xe8, 0x45, 0x30, 0xf9, 0x0f, 0x06, 0xb5, 0x41, 0x43, 0xf7,
    0xf5, 0x35, 0x9f, 0xd9, 0xc3, 0x08, 0xec, 0xdd, 0x81, 0xfe, 0x29, 0xf0,
    0xda, 0x00, 0x5a, 0x34, 0x25, 0x0b, 0x5f, 0xad, 0x35, 0xda, 0x0c, 0x09,
    0xdf, 0x20, 0xcc, 0x3a, 0x4f, 0x89, 0x2e, 0x9c, 0x24, 0xdd, 0x37, 0x44,
    0xb5, 0xc3, 0x4d, 0x07, 0xf6, 0x11, 0xfd, 0xae, 0x40, 0xca, 0xbc, 0xca,
    0xd7, 0x31, 0xaf, 0x47, 0x10, 0x2c, 0xb4, 0xd1, 0x11, 0xbc, 0x45, 0xda,
    0xd9, 0xbb, 0xa6, 0xfd, 0x81, 0x75, 0xae, 0xbf, 0xde, 0x89, 0x90, 0x33,
    0x91, 0xe8, 0xe7, 0x8f, 0xcc, 0xf9, 0xc6, 0x4d, 0xd4, 0xcf, 0x56, 0xef,
    0xaf, 0xc6, 0x2a, 0xc3, 0xf2, 0xf3, 0xd4, 0x24, 0x8a, 0x1a, 0x9b, 0x21,
    0x0c, 0x33, 0xac, 0x0b, 0x68, 0x8d, 0xee, 0x4d, 0x49, 0xd2, 0xe9, 0x4c,
    0x00, 0x1f, 0x14, 0xdc, 0xf0, 0xc7, 0xaf, 0xa5, 0xf9, 0x58, 0xf7, 0xf4,
    0xa1, 0xf8, 0xf8, 0xc6, 0x76, 0x97, 0xb5, 0x6c, 0x13, 0x31, 0x25, 0xb6,
    0x25, 0x98, 0x4d, 0x81, 0xe1, 0x4b, 0x30, 0x09, 0xf7, 0x00, 0x10, 0x40,
    0x2d, 0xf1, 0xba, 0xb8, 0xf4, 0xf1, 0xe3, 0x39, 0x43, 0x03, 0xd8, 0x09,
    0xd7, 0xf2, 0x2f, 0xab, 0xff, 0xf4, 0x1a, 0xde, 0xea, 0xf2, 0xdf, 0x0f,
    0x23, 0x0f, 0x3d, 0xa6, 0xfa, 0x32, 0xf3, 0xdc, 0x2d, 0x11, 0xc2, 0xe4,
    0xcc, 0x53, 0x34, 0xeb, 0xeb, 0xc7, 0xfc, 0xfa, 0xea, 0xd8, 0x3f, 0xc8,
    0xb6, 0x7f, 0x01, 0xff, 0x4c, 0xf5, 0x32, 0xd2, 0x31, 0xf0, 0x05, 0xde,
    0xb8, 0x0d, 0x0e, 0x2c, 0x39, 0x8c, 0xf3, 0x2b, 0x9a, 0xf4, 0x16, 0xed,
    0x01, 0x09, 0x26, 0x35, 0x63, 0x98, 0x2a, 0xf1, 0xe5, 0x34, 0xeb, 0x4a,
    0x95, 0xcb, 0x0e, 0x12, 0xe4, 0xaa, 0xcf, 0x3e, 0xd6, 0xdd, 0x1a, 0xc6,
    0x81, 0xdf, 0x10, 0x01, 0x19, 0xd5, 0xe2, 0x22, 0xf2, 0x02, 0x00, 0xdd,
    0x2c, 0x94, 0xa3, 0x10, 0x27, 0xe1, 0x34, 0x15, 0x1f, 0x02, 0xca, 0xb8,
    0xd3, 0xd7, 0x0b, 0x0c, 0xf1, 0x34, 0xbb, 0xdd, 0x08, 0x0d, 0x2d, 0xb4,
    0xda, 0xf8, 0xca, 0x39, 0x58, 0xe4, 0x2e, 0x3e, 0x15, 0x33, 0x26, 0x2f,
    0x36, 0xda, 0x75, 0xc1, 0xfc, 0xbc, 0xda, 0x16, 0x14, 0xd8, 0xc7, 0x0d,
    0xf0, 0xd7, 0xef, 0x24, 0xba, 0x32, 0xa3, 0x03, 0xf7, 0x45, 0xe7, 0xf2,
    0x7f, 0xe2, 0x0d, 0xbd, 0x14, 0xc0, 0x14, 0x11, 0x3d, 0x3e, 0x26, 0xea,
    0xf5, 0x0b, 0xf8, 0x1b, 0x0a, 0x09, 0x50, 0x04, 0x2b, 0xb0, 0xf0, 0x33,
    0x2b, 0xbd, 0x6c, 0x00, 0x2e, 0x57, 0xde, 0x30, 0xbd, 0xa1, 0x90, 0xfc,
    0xac, 0x70, 0xfa, 0xd9, 0x37, 0xfa, 0xef, 0x62, 0xd7, 0xb0, 0xe5, 0xba,
    0xcb, 0xdc, 0x82, 0xa2, 0xbe, 0xf0, 0x19, 0x41, 0x12, 0xbb, 0x41, 0xc6,
    0x81, 0x5f, 0xcc, 0xb8, 0x3b, 0x91, 0xb9, 0xeb, 0x08, 0x0c, 0x76, 0xbd,
    0xfc, 0x30, 0xda, 0xa1, 0xb1, 0xc0, 0xb9, 0xfa, 0x8f, 0x09, 0x1d, 0x51,
    0x63, 0xa5, 0x26, 0x56, 0x32, 0x1a, 0x05, 0xe8, 0x99, 0xf4, 0xd6, 0x32,
    0xcb, 0xf4, 0xe7, 0x62, 0xb6, 0xc2, 0x01, 0xb0, 0xdb, 0x5b, 0x6a, 0xa1,
    0xbf, 0x00, 0xee, 0x22, 0x54, 0x00, 0x10, 0xe4, 0xcf, 0x2e, 0xca, 0xef,
    0x7f, 0x10, 0x08, 0x02, 0xe3, 0x07, 0x3f, 0xeb, 0x6a, 0xea, 0xff, 0xff,
    0x04, 0x00, 0x00, 0x00, 0xf0, 0x00, 0x00, 0x00, 0x50, 0xec, 0xff, 0xff,
    0xa7, 0xf0, 0xff, 0xff, 0xe6, 0x0b, 0x00, 0x00, 0x50, 0xf2, 0xff, 0xff,
    0x54, 0xf3, 0xff, 0xff, 0x70, 0xfe, 0xff, 0xff, 0x36, 0xed, 0xff, 0xff,
    0x3f, 0x11, 0x00, 0x00, 0xdc, 0xd7, 0xff, 0xff, 0x44, 0x02, 0x00, 0x00,
    0xeb, 0x0c, 0x00, 0x00, 0xa1, 0xdf, 0xff, 0xff, 0xc3, 0x0a, 0x00, 0x00,
    0x9a, 0x0e, 0x00, 0x00, 0x12, 0x10, 0x00, 0x00, 0x43, 0xea, 0xff, 0xff,
    0xb7, 0xec, 0xff, 0xff, 0xb2, 0xed, 0xff, 0xff, 0x82, 0xf3, 0xff, 0xff,
    0x07, 0xee, 0xff, 0xff, 0xbc, 0xed, 0xff, 0xff, 0x02, 0xec, 0xff, 0xff,
    0xbe, 0xeb, 0xff, 0xff, 0x68, 0xf5, 0xff, 0xff, 0x0a, 0x16, 0x00, 0x00,
    0xe3, 0xdf, 0xff, 0xff, 0xed, 0xea, 0xff, 0xff, 0x86, 0x14, 0x00, 0x00,
    0xad, 0x0d, 0x00, 0x00, 0x36, 0x1e, 0x00, 0x00, 0x42, 0xe9, 0xff, 0xff,
    0xfe, 0xe7, 0xff, 0xff, 0x82, 0xf2, 0xff, 0xff, 0x91, 0xe8, 0xff, 0xff,
    0x4d, 0x16, 0x00, 0x00, 0x08, 0xf4, 0xff, 0xff, 0x01, 0x0c, 0x00, 0x00,
    0xca, 0xec, 0xff, 0xff, 0xe1, 0xee, 0xff, 0xff, 0xbc, 0x15, 0x00, 0x00,
    0x82, 0xee, 0xff, 0xff, 0x07, 0xfa, 0xff, 0xff, 0xfb, 0x11, 0x00, 0x00,
    0x89, 0x02, 0x00, 0x00, 0x9f, 0xfa, 0xff, 0xff, 0x54, 0xe6, 0xff, 0xff,
    0xab, 0x0a, 0x00, 0x00, 0xfb, 0xf3, 0xff, 0xff, 0x94, 0x14, 0x00, 0x00,
    0x43, 0x00, 0x00, 0x00, 0xb7, 0x07, 0x00, 0x00, 0x2b, 0xec, 0xff, 0xff,
    0x87, 0x10, 0x00, 0x00, 0x4d, 0xf9, 0xff, 0xff, 0xc2, 0x17, 0x00, 0x00,
    0x46, 0xe6, 0xff, 0xff, 0x9f, 0x10, 0x00, 0x00, 0x7c, 0x17, 0x00, 0x00,
    0x37, 0xe5, 0xff, 0xff, 0xb2, 0x14, 0x00, 0x00, 0x66, 0xeb, 0xff, 0xff,
    0x04, 0x00, 0x00, 0x00, 0x2c, 0x01, 0x00, 0x00, 0xfe, 0xe1, 0xe4, 0x58,
    0x53, 0x3e, 0xfc, 0xe8, 0x51, 0x0b, 0xec, 0x09, 0x0b, 0x81, 0xaa, 0xf6,
    0x06, 0x49, 0x3b, 0x0c, 0xe5, 0x39, 0x3b, 0xe7, 0xf9, 0x2b, 0x1f, 0xd9,
    0xe6, 0xb9, 0x3b, 0x3d, 0xeb, 0x40, 0xc1, 0x2a, 0xe2, 0xed, 0x34, 0xdf,
    0x4f, 0x29, 0x06, 0x53, 0x55, 0x5e, 0x0a, 0x2c, 0xad, 0xb4, 0xd0, 0x67,
    0x04, 0x1e, 0xe8, 0x65, 0x02, 0xcc, 0x17, 0x00, 0x02, 0x2c, 0x25, 0x1f,
    0x0f, 0xdc, 0x02, 0xf5, 0x20, 0x10, 0x11, 0x0b, 0xfe, 0xde, 0xb3, 0x10,
    0x27, 0x20, 0x07, 0x48, 0x03, 0x3d, 0x3c, 0x06, 0x0f, 0x05, 0x3d, 0x02,
    0xd9, 0xc4, 0xf2, 0xee, 0xc2, 0x1e, 0xe3, 0x05, 0xfc, 0xf0, 0x20, 0xc4,
    0x22, 0x3e, 0xed, 0x37, 0x1f, 0x3f, 0xf2, 0xe0, 0xd9, 0x1c, 0xbf, 0x31,
    0xc4, 0xe4, 0xde, 0x1c, 0xcb, 0xd2, 0x33, 0xc7, 0x1d, 0x26, 0xe5, 0x2d,
    0x16, 0x02, 0xed, 0x16, 0xf6, 0x0e, 0xf1, 0x22, 0x02, 0xcf, 0xd6, 0x4a,
    0x46, 0x02, 0x17, 0x24, 0x16, 0x0b, 0x12, 0xed, 0xcd, 0x27, 0x07, 0xf8,
    0x04, 0xb2, 0x3a, 0x34, 0xce, 0x33, 0xd1, 0xfd, 0xf4, 0x0f, 0x23, 0xcf,
    0x2a, 0x0f, 0xcb, 0xf3, 0x2a, 0x04, 0xe6, 0x34, 0xb6, 0x06, 0xe5, 0x0d,
    0x16, 0xea, 0xcb, 0x2d, 0xb4, 0xf2, 0x19, 0xea, 0x41, 0xfe, 0xdb, 0x0d,
    0x27, 0xf0, 0x03, 0xed, 0x25, 0xbb, 0xb2, 0x06, 0xcf, 0xba, 0xda, 0x1b,
    0x3f, 0xeb, 0xd3, 0x13, 0xfd, 0x24, 0x19, 0xd6, 0xbf, 0x0d, 0x25, 0xa4,
    0xe7, 0xe8, 0x12, 0xdc, 0xdf, 0x35, 0xee, 0xce, 0xcf, 0x3c, 0x22, 0xed,
    0x14, 0xe0, 0xcc, 0xd8, 0xdd, 0xff, 0xf6, 0xec, 0xe1, 0xe0, 0xff, 0x1b,
    0xe8, 0x33, 0xe7, 0xf2, 0xe5, 0xd0, 0x09, 0xfa, 0x75, 0x2e, 0x09, 0x21,
    0x23, 0xd7, 0x44, 0xae, 0x35, 0xcb, 0xba, 0x20, 0xe0, 0x0a, 0xf6, 0x38,
    0x1e, 0xf6, 0xf8, 0x17, 0x48, 0x3d, 0x3e, 0xa6, 0x9e, 0x1f, 0x48, 0xce,
    0x04, 0x96, 0x25, 0x02, 0xf7, 0x26, 0xaf, 0x3f, 0xe0, 0x67, 0x2f, 0xc7,
    0x52, 0xd5, 0xbb, 0xde, 0x35, 0x43, 0xbf, 0x1a, 0x12, 0xf8, 0x15, 0x1c,
    0x11, 0x69, 0x00, 0x1d, 0xc3, 0xf1, 0x6c, 0xc8, 0x9e, 0xec, 0xff, 0xff,
    0x04, 0x00, 0x00, 0x00, 0x04, 0x00, 0x00, 0x00, 0x6f, 0xb5, 0xff, 0xff,
    0xae, 0xec, 0xff, 0xff, 0x04, 0x00, 0x00, 0x00, 0x10, 0x00, 0x00, 0x00,
    0x00, 0x00, 0x00, 0x00, 0x01, 0x00, 0x00, 0x00, 0x00, 0x00, 0x00, 0x00,
    0x00, 0x00, 0x00, 0x00, 0xca, 0xec, 0xff, 0xff, 0x04, 0x00, 0x00, 0x00,
    0x10, 0x00, 0x00, 0x00, 0x01, 0x00, 0x00, 0x00, 0x01, 0x00, 0x00, 0x00,
    0x01, 0x00, 0x00, 0x00, 0x01, 0x00, 0x00, 0x00, 0xe6, 0xec, 0xff, 0xff,
    0x04, 0x00, 0x00, 0x00, 0x10, 0x00, 0x00, 0x00, 0x00, 0x00, 0x00, 0x00,
    0x00, 0x00, 0x00, 0x00, 0x00, 0x00, 0x00, 0x00, 0x00, 0x00, 0x00, 0x00,
    0x02, 0xed, 0xff, 0xff, 0x04, 0x00, 0x00, 0x00, 0x10, 0x00, 0x00, 0x00,
    0x00, 0x00, 0x00, 0x00, 0x03, 0x00, 0x00, 0x00, 0x00, 0x00, 0x00, 0x00,
    0x00, 0x00, 0x00, 0x00, 0x1e, 0xed, 0xff, 0xff, 0x04, 0x00, 0x00, 0x00,
    0x08, 0x00, 0x00, 0x00, 0x01, 0x00, 0x00, 0x00, 0x2c, 0x01, 0x00, 0x00,
    0x32, 0xed, 0xff, 0xff, 0x04, 0x00, 0x00, 0x00, 0x10, 0x00, 0x00, 0x00,
    0x01, 0x00, 0x00, 0x00, 0x03, 0x00, 0x00, 0x00, 0x01, 0x00, 0x00, 0x00,
    0x28, 0x00, 0x00, 0x00, 0xa4, 0xa3, 0xff, 0xff, 0xa8, 0xa3, 0xff, 0xff,
    0x0f, 0x00, 0x00, 0x00, 0x4d, 0x4c, 0x49, 0x52, 0x20, 0x43, 0x6f, 0x6e,
    0x76, 0x65, 0x72, 0x74, 0x65, 0x64, 0x2e, 0x00, 0x02, 0x00, 0x00, 0x00,
    0xec, 0x05, 0x00, 0x00, 0x04, 0x00, 0x00, 0x00, 0x2a, 0xfa, 0xff, 0xff,
    0x14, 0x00, 0x00, 0x00, 0x1c, 0x00, 0x00, 0x00, 0xb8, 0x02, 0x00, 0x00,
    0xb8, 0x02, 0x00, 0x00, 0xb8, 0x02, 0x00, 0x00, 0x04, 0x00, 0x00, 0x00,
    0x4e, 0x6f, 0x4f, 0x70, 0x00, 0x00, 0x00, 0x00, 0x0c, 0x00, 0x00, 0x00,
    0x54, 0x02, 0x00, 0x00, 0x30, 0x02, 0x00, 0x00, 0xe4, 0x01, 0x00, 0x00,
    0xc0, 0x01, 0x00, 0x00, 0x74, 0x01, 0x00, 0x00, 0x50, 0x01, 0x00, 0x00,
    0x04, 0x01, 0x00, 0x00, 0xe0, 0x00, 0x00, 0x00, 0x94, 0x00, 0x00, 0x00,
    0x70, 0x00, 0x00, 0x00, 0x28, 0x00, 0x00, 0x00, 0x04, 0x00, 0x00, 0x00,
    0xe2, 0xef, 0xff, 0xff, 0x0c, 0x00, 0x00, 0x00, 0x0c, 0x00, 0x00, 0x00,
    0x0c, 0x00, 0x00, 0x00, 0x00, 0x00, 0x00, 0x00, 0x02, 0x00, 0x00, 0x00,
    0x0b, 0x00, 0x00, 0x00, 0x00, 0x00, 0x00, 0x00, 0x6e, 0xee, 0xff, 0xff,
    0x14, 0x00, 0x00, 0x00, 0x00, 0x00, 0x00, 0x6f, 0x2c, 0x00, 0x00, 0x00,
    0x30, 0x00, 0x00, 0x00, 0x01, 0x00, 0x00, 0x00, 0x60, 0xee, 0xff, 0xff,
    0x08, 0x00, 0x00, 0x00, 0x10, 0x00, 0x00, 0x00, 0x06, 0x00, 0x00, 0x00,
    0x73, 0x74, 0x72, 0x65, 0x61, 0x6d, 0x00, 0x00, 0x00, 0x00, 0x00, 0x00,
    0x00, 0x00, 0x00, 0x00, 0x01, 0x00, 0x00, 0x00, 0x0b, 0x00, 0x00, 0x00,
    0x00, 0x00, 0x00, 0x00, 0x46, 0xf0, 0xff, 0xff, 0x0c, 0x00, 0x00, 0x00,
    0x0c, 0x00, 0x00, 0x00, 0x0c, 0x00, 0x00, 0x00, 0x00, 0x00, 0x00, 0x00,
    0x02, 0x00, 0x00, 0x00, 0x0a, 0x00, 0x00, 0x00, 0x01, 0x00, 0x00, 0x00,
    0xd2, 0xee, 0xff, 0xff, 0x14, 0x00, 0x00, 0x00, 0x00, 0x00, 0x00, 0x6f,
    0x30, 0x00, 0x00, 0x00, 0x34, 0x00, 0x00, 0x00, 0x01, 0x00, 0x00, 0x00,
    0xc4, 0xee, 0xff, 0xff, 0x08, 0x00, 0x00, 0x00, 0x14, 0x00, 0x00, 0x00,
    0x08, 0x00, 0x00, 0x00, 0x73, 0x74, 0x72, 0x65, 0x61, 0x6d, 0x5f, 0x31,
    0x00, 0x00, 0x00, 0x00, 0x00, 0x00, 0x00, 0x00, 0x00, 0x00, 0x00, 0x00,
    0x01, 0x00, 0x00, 0x00, 0x0a, 0x00, 0x00, 0x00, 0x00, 0x00, 0x00, 0x00,
    0xae, 0xf0, 0xff, 0xff, 0x0c, 0x00, 0x00, 0x00, 0x0c, 0x00, 0x00, 0x00,
    0x0c, 0x00, 0x00, 0x00, 0x00, 0x00, 0x00, 0x00, 0x02, 0x00, 0x00, 0x00,
    0x09, 0x00, 0x00, 0x00, 0x02, 0x00, 0x00, 0x00, 0x3a, 0xef, 0xff, 0xff,
    0x14, 0x00, 0x00, 0x00, 0x00, 0x00, 0x00, 0x6f, 0x30, 0x00, 0x00, 0x00,
    0x34, 0x00, 0x00, 0x00, 0x01, 0x00, 0x00, 0x00, 0x2c, 0xef, 0xff, 0xff,
    0x08, 0x00, 0x00, 0x00, 0x14, 0x00, 0x00, 0x00, 0x08, 0x00, 0x00, 0x00,
    0x73, 0x74, 0x72, 0x65, 0x61, 0x6d, 0x5f, 0x32, 0x00, 0x00, 0x00, 0x00,
    0x00, 0x00, 0x00, 0x00, 0x00, 0x00, 0x00, 0x00, 0x01, 0x00, 0x00, 0x00,
    0x09, 0x00, 0x00, 0x00, 0x00, 0x00, 0x00, 0x00, 0x16, 0xf1, 0xff, 0xff,
    0x0c, 0x00, 0x00, 0x00, 0x0c, 0x00, 0x00, 0x00, 0x0c, 0x00, 0x00, 0x00,
    0x00, 0x00, 0x00, 0x00, 0x02, 0x00, 0x00, 0x00, 0x08, 0x00, 0x00, 0x00,
    0x03, 0x00, 0x00, 0x00, 0xa2, 0xef, 0xff, 0xff, 0x14, 0x00, 0x00, 0x00,
    0x00, 0x00, 0x00, 0x6f, 0x30, 0x00, 0x00, 0x00, 0x34, 0x00, 0x00, 0x00,
    0x01, 0x00, 0x00, 0x00, 0x94, 0xef, 0xff, 0xff, 0x08, 0x00, 0x00, 0x00,
    0x14, 0x00, 0x00, 0x00, 0x08, 0x00, 0x00, 0x00, 0x73, 0x74, 0x72, 0x65,
    0x61, 0x6d, 0x5f, 0x33, 0x00, 0x00, 0x00, 0x00, 0x00, 0x00, 0x00, 0x00,
    0x00, 0x00, 0x00, 0x00, 0x01, 0x00, 0x00, 0x00, 0x08, 0x00, 0x00, 0x00,
    0x00, 0x00, 0x00, 0x00, 0x7e, 0xf1, 0xff, 0xff, 0x0c, 0x00, 0x00, 0x00,
    0x0c, 0x00, 0x00, 0x00, 0x0c, 0x00, 0x00, 0x00, 0x00, 0x00, 0x00, 0x00,
    0x02, 0x00, 0x00, 0x00, 0x07, 0x00, 0x00, 0x00, 0x04, 0x00, 0x00, 0x00,
    0x0a, 0xf0, 0xff, 0xff, 0x14, 0x00, 0x00, 0x00, 0x00, 0x00, 0x00, 0x6f,
    0x30, 0x00, 0x00, 0x00, 0x34, 0x00, 0x00, 0x00, 0x01, 0x00, 0x00, 0x00,
    0xfc, 0xef, 0xff, 0xff, 0x08, 0x00, 0x00, 0x00, 0x14, 0x00, 0x00, 0x00,
    0x08, 0x00, 0x00, 0x00, 0x73, 0x74, 0x72, 0x65, 0x61, 0x6d, 0x5f, 0x34,
    0x00, 0x00, 0x00, 0x00, 0x00, 0x00, 0x00, 0x00, 0x00, 0x00, 0x00, 0x00,
    0x01, 0x00, 0x00, 0x00, 0x07, 0x00, 0x00, 0x00, 0x00, 0x00, 0x00, 0x00,
    0xe6, 0xf1, 0xff, 0xff, 0x0c, 0x00, 0x00, 0x00, 0x0c, 0x00, 0x00, 0x00,
    0x0c, 0x00, 0x00, 0x00, 0x00, 0x00, 0x00, 0x00, 0x02, 0x00, 0x00, 0x00,
    0x06, 0x00, 0x00, 0x00, 0x05, 0x00, 0x00, 0x00, 0x72, 0xf0, 0xff, 0xff,
    0x14, 0x00, 0x00, 0x00, 0x00, 0x00, 0x00, 0x6f, 0x30, 0x00, 0x00, 0x00,
    0x34, 0x00, 0x00, 0x00, 0x01, 0x00, 0x00, 0x00, 0x64, 0xf0, 0xff, 0xff,
    0x08, 0x00, 0x00, 0x00, 0x14, 0x00, 0x00, 0x00, 0x08, 0x00, 0x00, 0x00,
    0x73, 0x74, 0x72, 0x65, 0x61, 0x6d, 0x5f, 0x35, 0x00, 0x00, 0x00, 0x00,
    0x00, 0x00, 0x00, 0x00, 0x00, 0x00, 0x00, 0x00, 0x01, 0x00, 0x00, 0x00,
    0x06, 0x00, 0x00, 0x00, 0x00, 0x00, 0x00, 0x00, 0x00, 0x00, 0x00, 0x00,
    0x00, 0x00, 0x00, 0x00, 0x0c, 0x00, 0x00, 0x00, 0xc0, 0x02, 0x00, 0x00,
    0x78, 0x02, 0x00, 0x00, 0x30, 0x02, 0x00, 0x00, 0xe8, 0x01, 0x00, 0x00,
    0x9c, 0x01, 0x00, 0x00, 0x50, 0x01, 0x00, 0x00, 0x18, 0x01, 0x00, 0x00,
    0xe0, 0x00, 0x00, 0x00, 0xa8, 0x00, 0x00, 0x00, 0x70, 0x00, 0x00, 0x00,
    0x38, 0x00, 0x00, 0x00, 0x04, 0x00, 0x00, 0x00, 0xa6, 0xa6, 0xff, 0xff,
    0x00, 0x00, 0x00, 0x01, 0x14, 0x00, 0x00, 0x00, 0x14, 0x00, 0x00, 0x00,
    0x5e, 0x00, 0x00, 0x00, 0x00, 0x00, 0x00, 0x0d, 0x14, 0x00, 0x00, 0x00,
    0xe8, 0xa6, 0xff, 0xff, 0x07, 0x00, 0x00, 0x00, 0x73, 0x74, 0x72, 0x65,
    0x61, 0x6d, 0x31, 0x00, 0x00, 0x00, 0x00, 0x00, 0xd6, 0xa6, 0xff, 0xff,
    0x00, 0x00, 0x00, 0x01, 0x14, 0x00, 0x00, 0x00, 0x14, 0x00, 0x00, 0x00,
    0x5d, 0x00, 0x00, 0x00, 0x00, 0x00, 0x00, 0x0d, 0x18, 0x00, 0x00, 0x00,
    0x18, 0xa7, 0xff, 0xff, 0x09, 0x00, 0x00, 0x00, 0x73, 0x74, 0x72, 0x65,
    0x61, 0x6d, 0x5f, 0x31, 0x31, 0x00, 0x00, 0x00, 0x00, 0x00, 0x00, 0x00,
    0x0a, 0xa7, 0xff, 0xff, 0x00, 0x00, 0x00, 0x01, 0x14, 0x00, 0x00, 0x00,
    0x14, 0x00, 0x00, 0x00, 0x5c, 0x00, 0x00, 0x00, 0x00, 0x00, 0x00, 0x0d,
    0x18, 0x00, 0x00, 0x00, 0x4c, 0xa7, 0xff, 0xff, 0x09, 0x00, 0x00, 0x00,
    0x73, 0x74, 0x72, 0x65, 0x61, 0x6d, 0x5f, 0x32, 0x31, 0x00, 0x00, 0x00,
    0x00, 0x00, 0x00, 0x00, 0x3e, 0xa7, 0xff, 0xff, 0x00, 0x00, 0x00, 0x01,
    0x14, 0x00, 0x00, 0x00, 0x14, 0x00, 0x00, 0x00, 0x5b, 0x00, 0x00, 0x00,
    0x00, 0x00, 0x00, 0x0d, 0x18, 0x00, 0x00, 0x00, 0x80, 0xa7, 0xff, 0xff,
    0x09, 0x00, 0x00, 0x00, 0x73, 0x74, 0x72, 0x65, 0x61, 0x6d, 0x5f, 0x33,
    0x31, 0x00, 0x00, 0x00, 0x00, 0x00, 0x00, 0x00, 0x72, 0xa7, 0xff, 0xff,
    0x00, 0x00, 0x00, 0x01, 0x14, 0x00, 0x00, 0x00, 0x14, 0x00, 0x00, 0x00,
    0x5a, 0x00, 0x00, 0x00, 0x00, 0x00, 0x00, 0x0d, 0x18, 0x00, 0x00, 0x00,
    0xb4, 0xa7, 0xff, 0xff, 0x09, 0x00, 0x00, 0x00, 0x73, 0x74, 0x72, 0x65,
    0x61, 0x6d, 0x5f, 0x34, 0x31, 0x00, 0x00, 0x00, 0x00, 0x00, 0x00, 0x00,
    0xa6, 0xa7, 0xff, 0xff, 0x00, 0x00, 0x00, 0x01, 0x14, 0x00, 0x00, 0x00,
    0x14, 0x00, 0x00, 0x00, 0x59, 0x00, 0x00, 0x00, 0x00, 0x00, 0x00, 0x0d,
    0x18, 0x00, 0x00, 0x00, 0xe8, 0xa7, 0xff, 0xff, 0x09, 0x00, 0x00, 0x00,
    0x73, 0x74, 0x72, 0x65, 0x61, 0x6d, 0x5f, 0x35, 0x31, 0x00, 0x00, 0x00,
    0x00, 0x00, 0x00, 0x00, 0x16, 0xdf, 0xff, 0xff, 0x00, 0x00, 0x00, 0x01,
    0x10, 0x00, 0x00, 0x00, 0x10, 0x00, 0x00, 0x00, 0x58, 0x00, 0x00, 0x00,
    0x20, 0x00, 0x00, 0x00, 0x18, 0xa8, 0xff, 0xff, 0x10, 0x00, 0x00, 0x00,
    0x61, 0x72, 0x69, 0x74, 0x68, 0x2e, 0x63, 0x6f, 0x6e, 0x73, 0x74, 0x61,
    0x6e, 0x74, 0x31, 0x31, 0x00, 0x00, 0x00, 0x00, 0x04, 0x00, 0x00, 0x00,
    0x01, 0x00, 0x00, 0x00, 0x04, 0x00, 0x00, 0x00, 0x01, 0x00, 0x00, 0x00,
    0x3c, 0x00, 0x00, 0x00, 0x5e, 0xdf, 0xff, 0xff, 0x00, 0x00, 0x00, 0x01,
    0x10, 0x00, 0x00, 0x00, 0x10, 0x00, 0x00, 0x00, 0x57, 0x00, 0x00, 0x00,
    0x20, 0x00, 0x00, 0x00, 0x60, 0xa8, 0xff, 0xff, 0x10, 0x00, 0x00, 0x00,
    0x61, 0x72, 0x69, 0x74, 0x68, 0x2e, 0x63, 0x6f, 0x6e, 0x73, 0x74, 0x61,
    0x6e, 0x74, 0x31, 0x30, 0x00, 0x00, 0x00, 0x00, 0x04, 0x00, 0x00, 0x00,
    0x01, 0x00, 0x00, 0x00, 0x03, 0x00, 0x00, 0x00, 0x01, 0x00, 0x00, 0x00,
    0x3c, 0x00, 0x00, 0x00, 0xa6, 0xdf, 0xff, 0xff, 0x00, 0x00, 0x00, 0x01,
    0x10, 0x00, 0x00, 0x00, 0x10, 0x00, 0x00, 0x00, 0x56, 0x00, 0x00, 0x00,
    0x1c, 0x00, 0x00, 0x00, 0xa8, 0xa8, 0xff, 0xff, 0x0f, 0x00, 0x00, 0x00,
    0x61, 0x72, 0x69, 0x74, 0x68, 0x2e, 0x63, 0x6f, 0x6e, 0x73, 0x74, 0x61,
    0x6e, 0x74, 0x39, 0x00, 0x04, 0x00, 0x00, 0x00, 0x01, 0x00, 0x00, 0x00,
    0x0c, 0x00, 0x00, 0x00, 0x01, 0x00, 0x00, 0x00, 0x3c, 0x00, 0x00, 0x00,
    0xea, 0xdf, 0xff, 0xff, 0x00, 0x00, 0x00, 0x01, 0x10, 0x00, 0x00, 0x00,
    0x10, 0x00, 0x00, 0x00, 0x55, 0x00, 0x00, 0x00, 0x1c, 0x00, 0x00, 0x00,
    0xec, 0xa8, 0xff, 0xff, 0x0f, 0x00, 0x00, 0x00, 0x61, 0x72, 0x69, 0x74,
    0x68, 0x2e, 0x63, 0x6f, 0x6e, 0x73, 0x74, 0x61, 0x6e, 0x74, 0x38, 0x00,
    0x04, 0x00, 0x00, 0x00, 0x01, 0x00, 0x00, 0x00, 0x08, 0x00, 0x00, 0x00,
    0x01, 0x00, 0x00, 0x00, 0x3c, 0x00, 0x00, 0x00, 0x2e, 0xe0, 0xff, 0xff,
    0x00, 0x00, 0x00, 0x01, 0x10, 0x00, 0x00, 0x00, 0x10, 0x00, 0x00, 0x00,
    0x54, 0x00, 0x00, 0x00, 0x1c, 0x00, 0x00, 0x00, 0x30, 0xa9, 0xff, 0xff,
    0x0f, 0x00, 0x00, 0x00, 0x61, 0x72, 0x69, 0x74, 0x68, 0x2e, 0x63, 0x6f,
    0x6e, 0x73, 0x74, 0x61, 0x6e, 0x74, 0x37, 0x00, 0x04, 0x00, 0x00, 0x00,
    0x01, 0x00, 0x00, 0x00, 0x04, 0x00, 0x00, 0x00, 0x01, 0x00, 0x00, 0x00,
    0x1e, 0x00, 0x00, 0x00, 0x72, 0xe0, 0xff, 0xff, 0x00, 0x00, 0x00, 0x01,
    0x10, 0x00, 0x00, 0x00, 0x10, 0x00, 0x00, 0x00, 0x53, 0x00, 0x00, 0x00,
    0x1c, 0x00, 0x00, 0x00, 0x74, 0xa9, 0xff, 0xff, 0x0f, 0x00, 0x00, 0x00,
    0x61, 0x72, 0x69, 0x74, 0x68, 0x2e, 0x63, 0x6f, 0x6e, 0x73, 0x74, 0x61,
    0x6e, 0x74, 0x36, 0x00, 0x04, 0x00, 0x00, 0x00, 0x01, 0x00, 0x00, 0x00,
    0x02, 0x00, 0x00, 0x00, 0x01, 0x00, 0x00, 0x00, 0x28, 0x00, 0x00, 0x00,
    0x00, 0x00, 0x0e, 0x00, 0x18, 0x00, 0x14, 0x00, 0x10, 0x00, 0x0c, 0x00,
    0x08, 0x00, 0x04, 0x00, 0x0e, 0x00, 0x00, 0x00, 0x14, 0x00, 0x00, 0x00,
    0x1c, 0x00, 0x00, 0x00, 0xb0, 0x0c, 0x00, 0x00, 0xb4, 0x0c, 0x00, 0x00,
    0xb8, 0x0c, 0x00, 0x00, 0x04, 0x00, 0x00, 0x00, 0x6d, 0x61, 0x69, 0x6e,
    0x00, 0x00, 0x00, 0x00, 0x3e, 0x00, 0x00, 0x00, 0x68, 0x0c, 0x00, 0x00,
    0x08, 0x0c, 0x00, 0x00, 0xac, 0x0b, 0x00, 0x00, 0x60, 0x0b, 0x00, 0x00,
    0x14, 0x0b, 0x00, 0x00, 0xc8, 0x0a, 0x00, 0x00, 0x7c, 0x0a, 0x00, 0x00,
    0x58, 0x0a, 0x00, 0x00, 0x28, 0x0a, 0x00, 0x00, 0x04, 0x0a, 0x00, 0x00,
    0xe0, 0x09, 0x00, 0x00, 0xbc, 0x09, 0x00, 0x00, 0x98, 0x09, 0x00, 0x00,
    0x70, 0x09, 0x00, 0x00, 0x4c, 0x09, 0x00, 0x00, 0x14, 0x09, 0x00, 0x00,
    0xf0, 0x08, 0x00, 0x00, 0x9c, 0x08, 0x00, 0x00, 0x78, 0x08, 0x00, 0x00,
    0x40, 0x08, 0x00, 0x00, 0x1c, 0x08, 0x00, 0x00, 0xc8, 0x07, 0x00, 0x00,
    0x80, 0x07, 0x00, 0x00, 0x5c, 0x07, 0x00, 0x00, 0x24, 0x07, 0x00, 0x00,
    0x00, 0x07, 0x00, 0x00, 0xb8, 0x06, 0x00, 0x00, 0x70, 0x06, 0x00, 0x00,
    0x4c, 0x06, 0x00, 0x00, 0x14, 0x06, 0x00, 0x00, 0xf0, 0x05, 0x00, 0x00,
    0xa8, 0x05, 0x00, 0x00, 0x60, 0x05, 0x00, 0x00, 0x3c, 0x05, 0x00, 0x00,
    0x04, 0x05, 0x00, 0x00, 0xe0, 0x04, 0x00, 0x00, 0x98, 0x04, 0x00, 0x00,
    0x50, 0x04, 0x00, 0x00, 0x2c, 0x04, 0x00, 0x00, 0xf4, 0x03, 0x00, 0x00,
    0xd0, 0x03, 0x00, 0x00, 0xa8, 0x03, 0x00, 0x00, 0x70, 0x03, 0x00, 0x00,
    0x4c, 0x03, 0x00, 0x00, 0x08, 0x03, 0x00, 0x00, 0xe4, 0x02, 0x00, 0x00,
    0xc0, 0x02, 0x00, 0x00, 0x7c, 0x02, 0x00, 0x00, 0x58, 0x02, 0x00, 0x00,
    0x34, 0x02, 0x00, 0x00, 0xf0, 0x01, 0x00, 0x00, 0xcc, 0x01, 0x00, 0x00,
    0xa8, 0x01, 0x00, 0x00, 0x64, 0x01, 0x00, 0x00, 0x40, 0x01, 0x00, 0x00,
    0x1c, 0x01, 0x00, 0x00, 0xd8, 0x00, 0x00, 0x00, 0xb4, 0x00, 0x00, 0x00,
    0x90, 0x00, 0x00, 0x00, 0x4c, 0x00, 0x00, 0x00, 0x28, 0x00, 0x00, 0x00,
    0x04, 0x00, 0x00, 0x00, 0x8e, 0xf6, 0xff, 0xff, 0x0c, 0x00, 0x00, 0x00,
    0x0c, 0x00, 0x00, 0x00, 0x0c, 0x00, 0x00, 0x00, 0x00, 0x00, 0x00, 0x00,
    0x02, 0x00, 0x00, 0x00, 0x20, 0x00, 0x00, 0x00, 0x51, 0x00, 0x00, 0x00,
    0xae, 0xf6, 0xff, 0xff, 0x0c, 0x00, 0x00, 0x00, 0x10, 0x00, 0x00, 0x00,
    0x04, 0x00, 0x00, 0x00, 0x01, 0x00, 0x00, 0x00, 0x51, 0x00, 0x00, 0x00,
    0x01, 0x00, 0x00, 0x00, 0x50, 0x00, 0x00, 0x00, 0x3a, 0xf5, 0xff, 0xff,
    0x14, 0x00, 0x00, 0x00, 0x00, 0x00, 0x00, 0x20, 0x18, 0x00, 0x00, 0x00,
    0x1c, 0x00, 0x00, 0x00, 0x0b, 0x00, 0x00, 0x00, 0x2c, 0xf5, 0xff, 0xff,
    0x0f, 0x00, 0x00, 0x00, 0x0d, 0x00, 0x00, 0x00, 0x01, 0x00, 0x00, 0x00,
    0x50, 0x00, 0x00, 0x00, 0x04, 0x00, 0x00, 0x00, 0x42, 0x00, 0x00, 0x00,
    0x06, 0x00, 0x00, 0x00, 0x04, 0x00, 0x00, 0x00, 0x05, 0x00, 0x00, 0x00,
    0x0e, 0xf7, 0xff, 0xff, 0x0c, 0x00, 0x00, 0x00, 0x0c, 0x00, 0x00, 0x00,
    0x0c, 0x00, 0x00, 0x00, 0x00, 0x00, 0x00, 0x00, 0x02, 0x00, 0x00, 0x00,
    0x1f, 0x00, 0x00, 0x00, 0x4f, 0x00, 0x00, 0x00, 0x2e, 0xf7, 0xff, 0xff,
    0x0c, 0x00, 0x00, 0x00, 0x10, 0x00, 0x00, 0x00, 0x04, 0x00, 0x00, 0x00,
    0x01, 0x00, 0x00, 0x00, 0x4f, 0x00, 0x00, 0x00, 0x01, 0x00, 0x00, 0x00,
    0x4e, 0x00, 0x00, 0x00, 0xba, 0xf5, 0xff, 0xff, 0x14, 0x00, 0x00, 0x00,
    0x00, 0x00, 0x00, 0x20, 0x18, 0x00, 0x00, 0x00, 0x1c, 0x00, 0x00, 0x00,
    0x0b, 0x00, 0x00, 0x00, 0xac, 0xf5, 0xff, 0xff, 0x0f, 0x00, 0x00, 0x00,
    0x0d, 0x00, 0x00, 0x00, 0x01, 0x00, 0x00, 0x00, 0x4e, 0x00, 0x00, 0x00,
    0x04, 0x00, 0x00, 0x00, 0x3d, 0x00, 0x00, 0x00, 0x06, 0x00, 0x00, 0x00,
    0x04, 0x00, 0x00, 0x00, 0x05, 0x00, 0x00, 0x00, 0x8e, 0xf7, 0xff, 0xff,
    0x0c, 0x00, 0x00, 0x00, 0x0c, 0x00, 0x00, 0x00, 0x0c, 0x00, 0x00, 0x00,
    0x00, 0x00, 0x00, 0x00, 0x02, 0x00, 0x00, 0x00, 0x1e, 0x00, 0x00, 0x00,
    0x4d, 0x00, 0x00, 0x00, 0xae, 0xf7, 0xff, 0xff, 0x0c, 0x00, 0x00, 0x00,
    0x10, 0x00, 0x00, 0x00, 0x04, 0x00, 0x00, 0x00, 0x01, 0x00, 0x00, 0x00,
    0x4d, 0x00, 0x00, 0x00, 0x01, 0x00, 0x00, 0x00, 0x4c, 0x00, 0x00, 0x00,
    0x3a, 0xf6, 0xff, 0xff, 0x14, 0x00, 0x00, 0x00, 0x00, 0x00, 0x00, 0x20,
    0x18, 0x00, 0x00, 0x00, 0x1c, 0x00, 0x00, 0x00, 0x0b, 0x00, 0x00, 0x00,
    0x2c, 0xf6, 0xff, 0xff, 0x0f, 0x00, 0x00, 0x00, 0x0d, 0x00, 0x00, 0x00,
    0x01, 0x00, 0x00, 0x00, 0x4c, 0x00, 0x00, 0x00, 0x04, 0x00, 0x00, 0x00,
    0x38, 0x00, 0x00, 0x00, 0x06, 0x00, 0x00, 0x00, 0x04, 0x00, 0x00, 0x00,
    0x05, 0x00, 0x00, 0x00, 0x0e, 0xf8, 0xff, 0xff, 0x0c, 0x00, 0x00, 0x00,
    0x0c, 0x00, 0x00, 0x00, 0x0c, 0x00, 0x00, 0x00, 0x00, 0x00, 0x00, 0x00,
    0x02, 0x00, 0x00, 0x00, 0x1d, 0x00, 0x00, 0x00, 0x4b, 0x00, 0x00, 0x00,
    0x2e, 0xf8, 0xff, 0xff, 0x0c, 0x00, 0x00, 0x00, 0x10, 0x00, 0x00, 0x00,
    0x04, 0x00, 0x00, 0x00, 0x01, 0x00, 0x00, 0x00, 0x4b, 0x00, 0x00, 0x00,
    0x01, 0x00, 0x00, 0x00, 0x4a, 0x00, 0x00, 0x00, 0xba, 0xf6, 0xff, 0xff,
    0x14, 0x00, 0x00, 0x00, 0x00, 0x00, 0x00, 0x20, 0x18, 0x00, 0x00, 0x00,
    0x1c, 0x00, 0x00, 0x00, 0x0b, 0x00, 0x00, 0x00, 0xac, 0xf6, 0xff, 0xff,
    0x0f, 0x00, 0x00, 0x00, 0x0d, 0x00, 0x00, 0x00, 0x01, 0x00, 0x00, 0x00,
    0x4a, 0x00, 0x00, 0x00, 0x04, 0x00, 0x00, 0x00, 0x33, 0x00, 0x00, 0x00,
    0x06, 0x00, 0x00, 0x00, 0x04, 0x00, 0x00, 0x00, 0x05, 0x00, 0x00, 0x00,
    0x8e, 0xf8, 0xff, 0xff, 0x0c, 0x00, 0x00, 0x00, 0x0c, 0x00, 0x00, 0x00,
    0x0c, 0x00, 0x00, 0x00, 0x00, 0x00, 0x00, 0x00, 0x02, 0x00, 0x00, 0x00,
    0x1c, 0x00, 0x00, 0x00, 0x49, 0x00, 0x00, 0x00, 0xae, 0xf8, 0xff, 0xff,
    0x0c, 0x00, 0x00, 0x00, 0x10, 0x00, 0x00, 0x00, 0x04, 0x00, 0x00, 0x00,
    0x01, 0x00, 0x00, 0x00, 0x49, 0x00, 0x00, 0x00, 0x01, 0x00, 0x00, 0x00,
    0x48, 0x00, 0x00, 0x00, 0x3a, 0xf7, 0xff, 0xff, 0x14, 0x00, 0x00, 0x00,
    0x00, 0x00, 0x00, 0x20, 0x18, 0x00, 0x00, 0x00, 0x1c, 0x00, 0x00, 0x00,
    0x0b, 0x00, 0x00, 0x00, 0x2c, 0xf7, 0xff, 0xff, 0x0f, 0x00, 0x00, 0x00,
    0x0d, 0x00, 0x00, 0x00, 0x01, 0x00, 0x00, 0x00, 0x48, 0x00, 0x00, 0x00,
    0x04, 0x00, 0x00, 0x00, 0x2e, 0x00, 0x00, 0x00, 0x06, 0x00, 0x00, 0x00,
    0x04, 0x00, 0x00, 0x00, 0x05, 0x00, 0x00, 0x00, 0x0e, 0xf9, 0xff, 0xff,
    0x0c, 0x00, 0x00, 0x00, 0x0c, 0x00, 0x00, 0x00, 0x0c, 0x00, 0x00, 0x00,
    0x00, 0x00, 0x00, 0x00, 0x02, 0x00, 0x00, 0x00, 0x1b, 0x00, 0x00, 0x00,
    0x47, 0x00, 0x00, 0x00, 0x2e, 0xf9, 0xff, 0xff, 0x0c, 0x00, 0x00, 0x00,
    0x10, 0x00, 0x00, 0x00, 0x04, 0x00, 0x00, 0x00, 0x01, 0x00, 0x00, 0x00,
    0x47, 0x00, 0x00, 0x00, 0x01, 0x00, 0x00, 0x00, 0x46, 0x00, 0x00, 0x00,
    0xba, 0xf7, 0xff, 0xff, 0x14, 0x00, 0x00, 0x00, 0x00, 0x00, 0x00, 0x20,
    0x18, 0x00, 0x00, 0x00, 0x1c, 0x00, 0x00, 0x00, 0x0b, 0x00, 0x00, 0x00,
    0xac, 0xf7, 0xff, 0xff, 0x0f, 0x00, 0x00, 0x00, 0x0d, 0x00, 0x00, 0x00,
    0x01, 0x00, 0x00, 0x00, 0x46, 0x00, 0x00, 0x00, 0x04, 0x00, 0x00, 0x00,
    0x2a, 0x00, 0x00, 0x00, 0x03, 0x00, 0x00, 0x00, 0x04, 0x00, 0x00, 0x00,
    0x05, 0x00, 0x00, 0x00, 0x8e, 0xf9, 0xff, 0xff, 0x0c, 0x00, 0x00, 0x00,
    0x10, 0x00, 0x00, 0x00, 0x0a, 0x00, 0x00, 0x00, 0x01, 0x00, 0x00, 0x00,
    0x45, 0x00, 0x00, 0x00, 0x01, 0x00, 0x00, 0x00, 0x44, 0x00, 0x00, 0x00,
    0x1a, 0xf8, 0xff, 0xff, 0x14, 0x00, 0x00, 0x00, 0x00, 0x00, 0x00, 0x08,
    0x10, 0x00, 0x00, 0x00, 0x14, 0x00, 0x00, 0x00, 0x09, 0x00, 0x00, 0x00,
    0x08, 0xae, 0xff, 0xff, 0x01, 0x00, 0x00, 0x00, 0x44, 0x00, 0x00, 0x00,
    0x03, 0x00, 0x00, 0x00, 0x43, 0x00, 0x00, 0x00, 0x08, 0x00, 0x00, 0x00,
    0x07, 0x00, 0x00, 0x00, 0xe2, 0xf9, 0xff, 0xff, 0x0c, 0x00, 0x00, 0x00,
    0x10, 0x00, 0x00, 0x00, 0x03, 0x00, 0x00, 0x00, 0x01, 0x00, 0x00, 0x00,
    0x43, 0x00, 0x00, 0x00, 0x02, 0x00, 0x00, 0x00, 0x42, 0x00, 0x00, 0x00,
    0x02, 0x00, 0x00, 0x00, 0x06, 0xfa, 0xff, 0xff, 0x0c, 0x00, 0x00, 0x00,
    0x10, 0x00, 0x00, 0x00, 0x06, 0x00, 0x00, 0x00, 0x01, 0x00, 0x00, 0x00,
    0x42, 0x00, 0x00, 0x00, 0x01, 0x00, 0x00, 0x00, 0x41, 0x00, 0x00, 0x00,
    0x92, 0xf8, 0xff, 0xff, 0x14, 0x00, 0x00, 0x00, 0x00, 0x00, 0x00, 0x0a,
    0x14, 0x00, 0x00, 0x00, 0x18, 0x00, 0x00, 0x00, 0x05, 0x00, 0x00, 0x00,
    0x2a, 0xf8, 0xff, 0xff, 0x01, 0x00, 0x00, 0x00, 0x01, 0x00, 0x00, 0x00,
    0x41, 0x00, 0x00, 0x00, 0x02, 0x00, 0x00, 0x00, 0x25, 0x00, 0x00, 0x00,
    0x40, 0x00, 0x00, 0x00, 0x5a, 0xfa, 0xff, 0xff, 0x0c, 0x00, 0x00, 0x00,
    0x10, 0x00, 0x00, 0x00, 0x04, 0x00, 0x00, 0x00, 0x01, 0x00, 0x00, 0x00,
    0x40, 0x00, 0x00, 0x00, 0x01, 0x00, 0x00, 0x00, 0x3f, 0x00, 0x00, 0x00,
    0xe6, 0xf8, 0xff, 0xff, 0x14, 0x00, 0x00, 0x00, 0x00, 0x00, 0x00, 0x01,
    0x20, 0x00, 0x00, 0x00, 0x24, 0x00, 0x00, 0x00, 0x07, 0x00, 0x00, 0x00,
    0x04, 0xfc, 0xff, 0xff, 0x00, 0x00, 0x00, 0x01, 0x01, 0x00, 0x00, 0x00,
    0x01, 0x00, 0x00, 0x00, 0x00, 0x00, 0x00, 0x01, 0x01, 0x00, 0x00, 0x00,
    0x3f, 0x00, 0x00, 0x00, 0x03, 0x00, 0x00, 0x00, 0x3e, 0x00, 0x00, 0x00,
    0x0a, 0x00, 0x00, 0x00, 0x09, 0x00, 0x00, 0x00, 0x2a, 0xf9, 0xff, 0xff,
    0x14, 0x00, 0x00, 0x00, 0x00, 0x00, 0x00, 0x02, 0x20, 0x00, 0x00, 0x00,
    0x24, 0x00, 0x00, 0x00, 0x08, 0x00, 0x00, 0x00, 0x0c, 0xfd, 0xff, 0xff,
    0x01, 0x00, 0x00, 0x00, 0x01, 0x00, 0x00, 0x00, 0x01, 0x00, 0x00, 0x00,
    0x00, 0x00, 0x00, 0x01, 0x01, 0x00, 0x00, 0x00, 0x3e, 0x00, 0x00, 0x00,
    0x03, 0x00, 0x00, 0x00, 0x3d, 0x00, 0x00, 0x00, 0x0c, 0x00, 0x00, 0x00,
    0x0b, 0x00, 0x00, 0x00, 0x02, 0xfb, 0xff, 0xff, 0x0c, 0x00, 0x00, 0x00,
    0x10, 0x00, 0x00, 0x00, 0x06, 0x00, 0x00, 0x00, 0x01, 0x00, 0x00, 0x00,
    0x3d, 0x00, 0x00, 0x00, 0x01, 0x00, 0x00, 0x00, 0x3c, 0x00, 0x00, 0x00,
    0x8e, 0xf9, 0xff, 0xff, 0x14, 0x00, 0x00, 0x00, 0x00, 0x00, 0x00, 0x0a,
    0x14, 0x00, 0x00, 0x00, 0x18, 0x00, 0x00, 0x00, 0x05, 0x00, 0x00, 0x00,
    0x26, 0xf9, 0xff, 0xff, 0x01, 0x00, 0x00, 0x00, 0x01, 0x00, 0x00, 0x00,
    0x3c, 0x00, 0x00, 0x00, 0x02, 0x00, 0x00, 0x00, 0x24, 0x00, 0x00, 0x00,
    0x3b, 0x00, 0x00, 0x00, 0x56, 0xfb, 0xff, 0xff, 0x0c, 0x00, 0x00, 0x00,
    0x10, 0x00, 0x00, 0x00, 0x04, 0x00, 0x00, 0x00, 0x01, 0x00, 0x00, 0x00,
    0x3b, 0x00, 0x00, 0x00, 0x01, 0x00, 0x00, 0x00, 0x3a, 0x00, 0x00, 0x00,
    0xe2, 0xf9, 0xff, 0xff, 0x14, 0x00, 0x00, 0x00, 0x00, 0x00, 0x00, 0x01,
    0x20, 0x00, 0x00, 0x00, 0x24, 0x00, 0x00, 0x00, 0x07, 0x00, 0x00, 0x00,
    0x00, 0xfd, 0xff, 0xff, 0x00, 0x00, 0x00, 0x01, 0x01, 0x00, 0x00, 0x00,
    0x01, 0x00, 0x00, 0x00, 0x00, 0x00, 0x00, 0x01, 0x01, 0x00, 0x00, 0x00,
    0x3a, 0x00, 0x00, 0x00, 0x03, 0x00, 0x00, 0x00, 0x39, 0x00, 0x00, 0x00,
    0x0e, 0x00, 0x00, 0x00, 0x0d, 0x00, 0x00, 0x00, 0x26, 0xfa, 0xff, 0xff,
    0x14, 0x00, 0x00, 0x00, 0x00, 0x00, 0x00, 0x02, 0x20, 0x00, 0x00, 0x00,
    0x24, 0x00, 0x00, 0x00, 0x08, 0x00, 0x00, 0x00, 0x08, 0xfe, 0xff, 0xff,
    0x01, 0x00, 0x00, 0x00, 0x01, 0x00, 0x00, 0x00, 0x01, 0x00, 0x00, 0x00,
    0x00, 0x00, 0x00, 0x01, 0x01, 0x00, 0x00, 0x00, 0x39, 0x00, 0x00, 0x00,
    0x03, 0x00, 0x00, 0x00, 0x38, 0x00, 0x00, 0x00, 0x10, 0x00, 0x00, 0x00,
    0x0f, 0x00, 0x00, 0x00, 0xfe, 0xfb, 0xff, 0xff, 0x0c, 0x00, 0x00, 0x00,
    0x10, 0x00, 0x00, 0x00, 0x06, 0x00, 0x00, 0x00, 0x01, 0x00, 0x00, 0x00,
    0x38, 0x00, 0x00, 0x00, 0x01, 0x00, 0x00, 0x00, 0x37, 0x00, 0x00, 0x00,
    0x8a, 0xfa, 0xff, 0xff, 0x14, 0x00, 0x00, 0x00, 0x00, 0x00, 0x00, 0x0a,
    0x14, 0x00, 0x00, 0x00, 0x18, 0x00, 0x00, 0x00, 0x05, 0x00, 0x00, 0x00,
    0x22, 0xfa, 0xff, 0xff, 0x01, 0x00, 0x00, 0x00, 0x01, 0x00, 0x00, 0x00,
    0x37, 0x00, 0x00, 0x00, 0x02, 0x00, 0x00, 0x00, 0x23, 0x00, 0x00, 0x00,
    0x36, 0x00, 0x00, 0x00, 0x52, 0xfc, 0xff, 0xff, 0x0c, 0x00, 0x00, 0x00,
    0x10, 0x00, 0x00, 0x00, 0x04, 0x00, 0x00, 0x00, 0x01, 0x00, 0x00, 0x00,
    0x36, 0x00, 0x00, 0x00, 0x01, 0x00, 0x00, 0x00, 0x35, 0x00, 0x00, 0x00,
    0xde, 0xfa, 0xff, 0xff, 0x14, 0x00, 0x00, 0x00, 0x00, 0x00, 0x00, 0x01,
    0x20, 0x00, 0x00, 0x00, 0x24, 0x00, 0x00, 0x00, 0x07, 0x00, 0x00, 0x00,
    0xfc, 0xfd, 0xff, 0xff, 0x00, 0x00, 0x00, 0x01, 0x01, 0x00, 0x00, 0x00,
    0x01, 0x00, 0x00, 0x00, 0x00, 0x00, 0x00, 0x01, 0x01, 0x00, 0x00, 0x00,
    0x35, 0x00, 0x00, 0x00, 0x03, 0x00, 0x00, 0x00, 0x34, 0x00, 0x00, 0x00,
    0x12, 0x00, 0x00, 0x00, 0x11, 0x00, 0x00, 0x00, 0x22, 0xfb, 0xff, 0xff,
    0x14, 0x00, 0x00, 0x00, 0x00, 0x00, 0x00, 0x02, 0x20, 0x00, 0x00, 0x00,
    0x24, 0x00, 0x00, 0x00, 0x08, 0x00, 0x00, 0x00, 0x04, 0xff, 0xff, 0xff,
    0x01, 0x00, 0x00, 0x00, 0x01, 0x00, 0x00, 0x00, 0x01, 0x00, 0x00, 0x00,
    0x00, 0x00, 0x00, 0x01, 0x01, 0x00, 0x00, 0x00, 0x34, 0x00, 0x00, 0x00,
    0x03, 0x00, 0x00, 0x00, 0x33, 0x00, 0x00, 0x00, 0x14, 0x00, 0x00, 0x00,
    0x13, 0x00, 0x00, 0x00, 0xfa, 0xfc, 0xff, 0xff, 0x0c, 0x00, 0x00, 0x00,
    0x10, 0x00, 0x00, 0x00, 0x06, 0x00, 0x00, 0x00, 0x01, 0x00, 0x00, 0x00,
    0x33, 0x00, 0x00, 0x00, 0x01, 0x00, 0x00, 0x00, 0x32, 0x00, 0x00, 0x00,
    0x86, 0xfb, 0xff, 0xff, 0x14, 0x00, 0x00, 0x00, 0x00, 0x00, 0x00, 0x0a,
    0x14, 0x00, 0x00, 0x00, 0x18, 0x00, 0x00, 0x00, 0x05, 0x00, 0x00, 0x00,
    0x1e, 0xfb, 0xff, 0xff, 0x01, 0x00, 0x00, 0x00, 0x01, 0x00, 0x00, 0x00,
    0x32, 0x00, 0x00, 0x00, 0x02, 0x00, 0x00, 0x00, 0x22, 0x00, 0x00, 0x00,
    0x31, 0x00, 0x00, 0x00, 0x4e, 0xfd, 0xff, 0xff, 0x0c, 0x00, 0x00, 0x00,
    0x10, 0x00, 0x00, 0x00, 0x04, 0x00, 0x00, 0x00, 0x01, 0x00, 0x00, 0x00,
    0x31, 0x00, 0x00, 0x00, 0x01, 0x00, 0x00, 0x00, 0x30, 0x00, 0x00, 0x00,
    0xda, 0xfb, 0xff, 0xff, 0x14, 0x00, 0x00, 0x00, 0x00, 0x00, 0x00, 0x01,
    0x20, 0x00, 0x00, 0x00, 0x24, 0x00, 0x00, 0x00, 0x07, 0x00, 0x00, 0x00,
    0xf8, 0xfe, 0xff, 0xff, 0x00, 0x00, 0x00, 0x01, 0x01, 0x00, 0x00, 0x00,
    0x01, 0x00, 0x00, 0x00, 0x00, 0x00, 0x00, 0x01, 0x01, 0x00, 0x00, 0x00,
    0x30, 0x00, 0x00, 0x00, 0x03, 0x00, 0x00, 0x00, 0x2f, 0x00, 0x00, 0x00,
    0x16, 0x00, 0x00, 0x00, 0x15, 0x00, 0x00, 0x00, 0x1e, 0xfc, 0xff, 0xff,
    0x20, 0x00, 0x00, 0x00, 0x00, 0x00, 0x00, 0x02, 0x2c, 0x00, 0x00, 0x00,
    0x30, 0x00, 0x00, 0x00, 0x08, 0x00, 0x00, 0x00, 0x0c, 0x00, 0x14, 0x00,
    0x13, 0x00, 0x0c, 0x00, 0x08, 0x00, 0x04, 0x00, 0x0c, 0x00, 0x00, 0x00,
    0x01, 0x00, 0x00, 0x00, 0x01, 0x00, 0x00, 0x00, 0x01, 0x00, 0x00, 0x00,
    0x00, 0x00, 0x00, 0x01, 0x01, 0x00, 0x00, 0x00, 0x2f, 0x00, 0x00, 0x00,
    0x03, 0x00, 0x00, 0x00, 0x2e, 0x00, 0x00, 0x00, 0x18, 0x00, 0x00, 0x00,
    0x17, 0x00, 0x00, 0x00, 0x02, 0xfe, 0xff, 0xff, 0x0c, 0x00, 0x00, 0x00,
    0x10, 0x00, 0x00, 0x00, 0x06, 0x00, 0x00, 0x00, 0x01, 0x00, 0x00, 0x00,
    0x2e, 0x00, 0x00, 0x00, 0x01, 0x00, 0x00, 0x00, 0x2d, 0x00, 0x00, 0x00,
    0x8e, 0xfc, 0xff, 0xff, 0x14, 0x00, 0x00, 0x00, 0x00, 0x00, 0x00, 0x0a,
    0x14, 0x00, 0x00, 0x00, 0x18, 0x00, 0x00, 0x00, 0x05, 0x00, 0x00, 0x00,
    0x26, 0xfc, 0xff, 0xff, 0x01, 0x00, 0x00, 0x00, 0x01, 0x00, 0x00, 0x00,
    0x2d, 0x00, 0x00, 0x00, 0x02, 0x00, 0x00, 0x00, 0x21, 0x00, 0x00, 0x00,
    0x2c, 0x00, 0x00, 0x00, 0x56, 0xfe, 0xff, 0xff, 0x0c, 0x00, 0x00, 0x00,
    0x10, 0x00, 0x00, 0x00, 0x04, 0x00, 0x00, 0x00, 0x01, 0x00, 0x00, 0x00,
    0x2c, 0x00, 0x00, 0x00, 0x01, 0x00, 0x00, 0x00, 0x2b, 0x00, 0x00, 0x00,
    0xe2, 0xfc, 0xff, 0xff, 0x20, 0x00, 0x00, 0x00, 0x00, 0x00, 0x00, 0x01,
    0x2c, 0x00, 0x00, 0x00, 0x30, 0x00, 0x00, 0x00, 0x07, 0x00, 0x00, 0x00,
    0x0c, 0x00, 0x14, 0x00, 0x13, 0x00, 0x0c, 0x00, 0x08, 0x00, 0x07, 0x00,
    0x0c, 0x00, 0x00, 0x00, 0x00, 0x00, 0x00, 0x01, 0x03, 0x00, 0x00, 0x00,
    0x01, 0x00, 0x00, 0x00, 0x00, 0x00, 0x00, 0x01, 0x01, 0x00, 0x00, 0x00,
    0x2b, 0x00, 0x00, 0x00, 0x03, 0x00, 0x00, 0x00, 0x2a, 0x00, 0x00, 0x00,
    0x1a, 0x00, 0x00, 0x00, 0x19, 0x00, 0x00, 0x00, 0xc6, 0xfe, 0xff, 0xff,
    0x0c, 0x00, 0x00, 0x00, 0x10, 0x00, 0x00, 0x00, 0x06, 0x00, 0x00, 0x00,
    0x01, 0x00, 0x00, 0x00, 0x2a, 0x00, 0x00, 0x00, 0x01, 0x00, 0x00, 0x00,
    0x29, 0x00, 0x00, 0x00, 0x52, 0xfd, 0xff, 0xff, 0x14, 0x00, 0x00, 0x00,
    0x00, 0x00, 0x00, 0x0a, 0x14, 0x00, 0x00, 0x00, 0x18, 0x00, 0x00, 0x00,
    0x05, 0x00, 0x00, 0x00, 0xea, 0xfc, 0xff, 0xff, 0x01, 0x00, 0x00, 0x00,
    0x01, 0x00, 0x00, 0x00, 0x29, 0x00, 0x00, 0x00, 0x02, 0x00, 0x00, 0x00,
    0x26, 0x00, 0x00, 0x00, 0x28, 0x00, 0x00, 0x00, 0x1a, 0xff, 0xff, 0xff,
    0x0c, 0x00, 0x00, 0x00, 0x10, 0x00, 0x00, 0x00, 0x04, 0x00, 0x00, 0x00,
    0x01, 0x00, 0x00, 0x00, 0x28, 0x00, 0x00, 0x00, 0x01, 0x00, 0x00, 0x00,
    0x27, 0x00, 0x00, 0x00, 0x3a, 0xff, 0xff, 0xff, 0x0c, 0x00, 0x00, 0x00,
    0x10, 0x00, 0x00, 0x00, 0x03, 0x00, 0x00, 0x00, 0x01, 0x00, 0x00, 0x00,
    0x27, 0x00, 0x00, 0x00, 0x02, 0x00, 0x00, 0x00, 0x00, 0x00, 0x00, 0x00,
    0x01, 0x00, 0x00, 0x00, 0x5e, 0xff, 0xff, 0xff, 0x0c, 0x00, 0x00, 0x00,
    0x10, 0x00, 0x00, 0x00, 0x02, 0x00, 0x00, 0x00, 0x01, 0x00, 0x00, 0x00,
    0x26, 0x00, 0x00, 0x00, 0x01, 0x00, 0x00, 0x00, 0x1b, 0x00, 0x00, 0x00,
    0x7e, 0xff, 0xff, 0xff, 0x0c, 0x00, 0x00, 0x00, 0x10, 0x00, 0x00, 0x00,
    0x02, 0x00, 0x00, 0x00, 0x01, 0x00, 0x00, 0x00, 0x25, 0x00, 0x00, 0x00,
    0x01, 0x00, 0x00, 0x00, 0x20, 0x00, 0x00, 0x00, 0x9e, 0xff, 0xff, 0xff,
    0x0c, 0x00, 0x00, 0x00, 0x10, 0x00, 0x00, 0x00, 0x02, 0x00, 0x00, 0x00,
    0x01, 0x00, 0x00, 0x00, 0x24, 0x00, 0x00, 0x00, 0x01, 0x00, 0x00, 0x00,
    0x1f, 0x00, 0x00, 0x00, 0xbe, 0xff, 0xff, 0xff, 0x0c, 0x00, 0x00, 0x00,
    0x10, 0x00, 0x00, 0x00, 0x02, 0x00, 0x00, 0x00, 0x01, 0x00, 0x00, 0x00,
    0x23, 0x00, 0x00, 0x00, 0x01, 0x00, 0x00, 0x00, 0x1e, 0x00, 0x00, 0x00,
    0xde, 0xff, 0xff, 0xff, 0x0c, 0x00, 0x00, 0x00, 0x10, 0x00, 0x00, 0x00,
    0x02, 0x00, 0x00, 0x00, 0x01, 0x00, 0x00, 0x00, 0x22, 0x00, 0x00, 0x00,
    0x01, 0x00, 0x00, 0x00, 0x1d, 0x00, 0x00, 0x00, 0x00, 0x00, 0x0a, 0x00,
    0x10, 0x00, 0x0c, 0x00, 0x08, 0x00, 0x04, 0x00, 0x0a, 0x00, 0x00, 0x00,
    0x0c, 0x00, 0x00, 0x00, 0x10, 0x00, 0x00, 0x00, 0x02, 0x00, 0x00, 0x00,
    0x01, 0x00, 0x00, 0x00, 0x21, 0x00, 0x00, 0x00, 0x01, 0x00, 0x00, 0x00,
    0x1c, 0x00, 0x00, 0x00, 0x96, 0xfe, 0xff, 0xff, 0x14, 0x00, 0x00, 0x00,
    0x00, 0x00, 0x00, 0x6f, 0x30, 0x00, 0x00, 0x00, 0x34, 0x00, 0x00, 0x00,
    0x01, 0x00, 0x00, 0x00, 0x88, 0xfe, 0xff, 0xff, 0x08, 0x00, 0x00, 0x00,
    0x14, 0x00, 0x00, 0x00, 0x08, 0x00, 0x00, 0x00, 0x73, 0x74, 0x72, 0x65,
    0x61, 0x6d, 0x5f, 0x35, 0x00, 0x00, 0x00, 0x00, 0x00, 0x00, 0x00, 0x00,
    0x00, 0x00, 0x00, 0x00, 0x01, 0x00, 0x00, 0x00, 0x20, 0x00, 0x00, 0x00,
    0x00, 0x00, 0x00, 0x00, 0xde, 0xfe, 0xff, 0xff, 0x14, 0x00, 0x00, 0x00,
    0x00, 0x00, 0x00, 0x6f, 0x30, 0x00, 0x00, 0x00, 0x34, 0x00, 0x00, 0x00,
    0x01, 0x00, 0x00, 0x00, 0xd0, 0xfe, 0xff, 0xff, 0x08, 0x00, 0x00, 0x00,
    0x14, 0x00, 0x00, 0x00, 0x08, 0x00, 0x00, 0x00, 0x73, 0x74, 0x72, 0x65,
    0x61, 0x6d, 0x5f, 0x34, 0x00, 0x00, 0x00, 0x00, 0x00, 0x00, 0x00, 0x00,
    0x00, 0x00, 0x00, 0x00, 0x01, 0x00, 0x00, 0x00, 0x1f, 0x00, 0x00, 0x00,
    0x00, 0x00, 0x00, 0x00, 0x26, 0xff, 0xff, 0xff, 0x14, 0x00, 0x00, 0x00,
    0x00, 0x00, 0x00, 0x6f, 0x30, 0x00, 0x00, 0x00, 0x34, 0x00, 0x00, 0x00,
    0x01, 0x00, 0x00, 0x00, 0x18, 0xff, 0xff, 0xff, 0x08, 0x00, 0x00, 0x00,
    0x14, 0x00, 0x00, 0x00, 0x08, 0x00, 0x00, 0x00, 0x73, 0x74, 0x72, 0x65,
    0x61, 0x6d, 0x5f, 0x33, 0x00, 0x00, 0x00, 0x00, 0x00, 0x00, 0x00, 0x00,
    0x00, 0x00, 0x00, 0x00, 0x01, 0x00, 0x00, 0x00, 0x1e, 0x00, 0x00, 0x00,
    0x00, 0x00, 0x00, 0x00, 0x6e, 0xff, 0xff, 0xff, 0x14, 0x00, 0x00, 0x00,
    0x00, 0x00, 0x00, 0x6f, 0x30, 0x00, 0x00, 0x00, 0x34, 0x00, 0x00, 0x00,
    0x01, 0x00, 0x00, 0x00, 0x60, 0xff, 0xff, 0xff, 0x08, 0x00, 0x00, 0x00,
    0x14, 0x00, 0x00, 0x00, 0x08, 0x00, 0x00, 0x00, 0x73, 0x74, 0x72, 0x65,
    0x61, 0x6d, 0x5f, 0x32, 0x00, 0x00, 0x00, 0x00, 0x00, 0x00, 0x00, 0x00,
    0x00, 0x00, 0x00, 0x00, 0x01, 0x00, 0x00, 0x00, 0x1d, 0x00, 0x00, 0x00,
    0x00, 0x00, 0x00, 0x00, 0xb6, 0xff, 0xff, 0xff, 0x14, 0x00, 0x00, 0x00,
    0x00, 0x00, 0x00, 0x6f, 0x30, 0x00, 0x00, 0x00, 0x34, 0x00, 0x00, 0x00,
    0x01, 0x00, 0x00, 0x00, 0xa8, 0xff, 0xff, 0xff, 0x08, 0x00, 0x00, 0x00,
    0x14, 0x00, 0x00, 0x00, 0x08, 0x00, 0x00, 0x00, 0x73, 0x74, 0x72, 0x65,
    0x61, 0x6d, 0x5f, 0x31, 0x00, 0x00, 0x00, 0x00, 0x00, 0x00, 0x00, 0x00,
    0x00, 0x00, 0x00, 0x00, 0x01, 0x00, 0x00, 0x00, 0x1c, 0x00, 0x00, 0x00,
    0x00, 0x00, 0x00, 0x00, 0x00, 0x00, 0x0e, 0x00, 0x18, 0x00, 0x14, 0x00,
    0x10, 0x00, 0x0c, 0x00, 0x0b, 0x00, 0x04, 0x00, 0x0e, 0x00, 0x00, 0x00,
    0x1c, 0x00, 0x00, 0x00, 0x00, 0x00, 0x00, 0x6f, 0x34, 0x00, 0x00, 0x00,
    0x38, 0x00, 0x00, 0x00, 0x01, 0x00, 0x00, 0x00, 0x08, 0x00, 0x0c, 0x00,
    0x08, 0x00, 0x04, 0x00, 0x08, 0x00, 0x00, 0x00, 0x08, 0x00, 0x00, 0x00,
    0x10, 0x00, 0x00, 0x00, 0x06, 0x00, 0x00, 0x00, 0x73, 0x74, 0x72, 0x65,
    0x61, 0x6d, 0x00, 0x00, 0x00, 0x00, 0x00, 0x00, 0x00, 0x00, 0x00, 0x00,
    0x01, 0x00, 0x00, 0x00, 0x1b, 0x00, 0x00, 0x00, 0x00, 0x00, 0x00, 0x00,
    0x00, 0x00, 0x0e, 0x00, 0x16, 0x00, 0x00, 0x00, 0x10, 0x00, 0x0c, 0x00,
    0x0b, 0x00, 0x04, 0x00, 0x0e, 0x00, 0x00, 0x00, 0x18, 0x00, 0x00, 0x00,
    0x00, 0x00, 0x00, 0x67, 0x18, 0x00, 0x00, 0x00, 0x18, 0x00, 0x00, 0x00,
    0x00, 0x00, 0x06, 0x00, 0x08, 0x00, 0x04, 0x00, 0x06, 0x00, 0x00, 0x00,
    0x01, 0x00, 0x00, 0x00, 0x00, 0x00, 0x00, 0x00, 0x00, 0x00, 0x00, 0x00,
    0x01, 0x00, 0x00, 0x00, 0x45, 0x00, 0x00, 0x00, 0x01, 0x00, 0x00, 0x00,
    0x00, 0x00, 0x00, 0x00, 0x52, 0x00, 0x00, 0x00, 0xbc, 0x49, 0x00, 0x00,
    0x60, 0x49, 0x00, 0x00, 0x20, 0x49, 0x00, 0x00, 0xe0, 0x48, 0x00, 0x00,
    0xa0, 0x48, 0x00, 0x00, 0x60, 0x48, 0x00, 0x00, 0x20, 0x48, 0x00, 0x00,
    0xbc, 0x47, 0x00, 0x00, 0x58, 0x47, 0x00, 0x00, 0x34, 0x44, 0x00, 0x00,
    0x00, 0x41, 0x00, 0x00, 0xdc, 0x3d, 0x00, 0x00, 0x90, 0x3a, 0x00, 0x00,
    0x54, 0x37, 0x00, 0x00, 0x20, 0x34, 0x00, 0x00, 0xfc, 0x30, 0x00, 0x00,
    0xc4, 0x2d, 0x00, 0x00, 0x9c, 0x2a, 0x00, 0x00, 0x68, 0x27, 0x00, 0x00,
    0x44, 0x24, 0x00, 0x00, 0x0c, 0x21, 0x00, 0x00, 0xe4, 0x1d, 0x00, 0x00,
    0xb0, 0x1a, 0x00, 0x00, 0xf4, 0x18, 0x00, 0x00, 0x24, 0x17, 0x00, 0x00,
    0x64, 0x15, 0x00, 0x00, 0x98, 0x13, 0x00, 0x00, 0x64, 0x13, 0x00, 0x00,
    0x2c, 0x13, 0x00, 0x00, 0xf4, 0x12, 0x00, 0x00, 0xbc, 0x12, 0x00, 0x00,
    0x84, 0x12, 0x00, 0x00, 0x4c, 0x12, 0x00, 0x00, 0xfc, 0x11, 0x00, 0x00,
    0x94, 0x11, 0x00, 0x00, 0x44, 0x11, 0x00, 0x00, 0xf4, 0x10, 0x00, 0x00,
    0xa4, 0x10, 0x00, 0x00, 0x54, 0x10, 0x00, 0x00, 0xec, 0x0f, 0x00, 0x00,
    0xa8, 0x0f, 0x00, 0x00, 0x68, 0x0f, 0x00, 0x00, 0x00, 0x0f, 0x00, 0x00,
    0x7c, 0x0e, 0x00, 0x00, 0x1c, 0x0e, 0x00, 0x00, 0xd8, 0x0d, 0x00, 0x00,
    0x70, 0x0d, 0x00, 0x00, 0xfc, 0x0c, 0x00, 0x00, 0x80, 0x0c, 0x00, 0x00,
    0x24, 0x0c, 0x00, 0x00, 0xe0, 0x0b, 0x00, 0x00, 0x74, 0x0b, 0x00, 0x00,
    0x00, 0x0b, 0x00, 0x00, 0x84, 0x0a, 0x00, 0x00, 0x28, 0x0a, 0x00, 0x00,
    0xe4, 0x09, 0x00, 0x00, 0x78, 0x09, 0x00, 0x00, 0x04, 0x09, 0x00, 0x00,
    0x88, 0x08, 0x00, 0x00, 0x2c, 0x08, 0x00, 0x00, 0xe8, 0x07, 0x00, 0x00,
    0x7c, 0x07, 0x00, 0x00, 0x08, 0x07, 0x00, 0x00, 0x8c, 0x06, 0x00, 0x00,
    0x30, 0x06, 0x00, 0x00, 0xec, 0x05, 0x00, 0x00, 0x80, 0x05, 0x00, 0x00,
    0x24, 0x05, 0x00, 0x00, 0xb8, 0x04, 0x00, 0x00, 0x4c, 0x04, 0x00, 0x00,
    0xe0, 0x03, 0x00, 0x00, 0x98, 0x03, 0x00, 0x00, 0x30, 0x03, 0x00, 0x00,
    0xe4, 0x02, 0x00, 0x00, 0x78, 0x02, 0x00, 0x00, 0x2c, 0x02, 0x00, 0x00,
    0xc0, 0x01, 0x00, 0x00, 0x74, 0x01, 0x00, 0x00, 0x08, 0x01, 0x00, 0x00,
    0xbc, 0x00, 0x00, 0x00, 0x50, 0x00, 0x00, 0x00, 0x04, 0x00, 0x00, 0x00,
    0xde, 0xee, 0xff, 0xff, 0x00, 0x00, 0x00, 0x01, 0x10, 0x00, 0x00, 0x00,
    0x10, 0x00, 0x00, 0x00, 0x52, 0x00, 0x00, 0x00, 0x20, 0x00, 0x00, 0x00,
    0xe0, 0xb7, 0xff, 0xff, 0x10, 0x00, 0x00, 0x00, 0x73, 0x74, 0x72, 0x69,
    0x64, 0x65, 0x64, 0x5f, 0x73, 0x6c, 0x69, 0x63, 0x65, 0x5f, 0x35, 0x31,
    0x00, 0x00, 0x00, 0x00, 0x04, 0x00, 0x00, 0x00, 0x01, 0x00, 0x00, 0x00,
    0x04, 0x00, 0x00, 0x00, 0x01, 0x00, 0x00, 0x00, 0x3c, 0x00, 0x00, 0x00,
    0xea, 0xb7, 0xff, 0xff, 0x00, 0x00, 0x00, 0x01, 0x14, 0x00, 0x00, 0x00,
    0x34, 0x00, 0x00, 0x00, 0x51, 0x00, 0x00, 0x00, 0x00, 0x00, 0x00, 0x09,
    0x3c, 0x00, 0x00, 0x00, 0xd4, 0xb7, 0xff, 0xff, 0x08, 0x00, 0x00, 0x00,
    0x14, 0x00, 0x00, 0x00, 0x01, 0x00, 0x00, 0x00, 0x80, 0xff, 0xff, 0xff,
    0xff, 0xff, 0xff, 0xff, 0x00, 0x00, 0x00, 0x00, 0x01, 0x00, 0x00, 0x00,
    0x49, 0xaa, 0x18, 0x3d, 0x0f, 0x00, 0x00, 0x00, 0x73, 0x74, 0x72, 0x69,
    0x64, 0x65, 0x64, 0x5f, 0x73, 0x6c, 0x69, 0x63, 0x65, 0x5f, 0x35, 0x00,
    0x04, 0x00, 0x00, 0x00, 0x01, 0x00, 0x00, 0x00, 0x04, 0x00, 0x00, 0x00,
    0x01, 0x00, 0x00, 0x00, 0x3c, 0x00, 0x00, 0x00, 0x8e, 0xef, 0xff, 0xff,
    0x00, 0x00, 0x00, 0x01, 0x10, 0x00, 0x00, 0x00, 0x10, 0x00, 0x00, 0x00,
    0x50, 0x00, 0x00, 0x00, 0x20, 0x00, 0x00, 0x00, 0x90, 0xb8, 0xff, 0xff,
    0x10, 0x00, 0x00, 0x00, 0x73, 0x74, 0x72, 0x69, 0x64, 0x65, 0x64, 0x5f,
    0x73, 0x6c, 0x69, 0x63, 0x65, 0x5f, 0x34, 0x31, 0x00, 0x00, 0x00, 0x00,
    0x04, 0x00, 0x00, 0x00, 0x01, 0x00, 0x00, 0x00, 0x03, 0x00, 0x00, 0x00,
    0x01, 0x00, 0x00, 0x00, 0x3c, 0x00, 0x00, 0x00, 0x9a, 0xb8, 0xff, 0xff,
    0x00, 0x00, 0x00, 0x01, 0x14, 0x00, 0x00, 0x00, 0x34, 0x00, 0x00, 0x00,
    0x4f, 0x00, 0x00, 0x00, 0x00, 0x00, 0x00, 0x09, 0x3c, 0x00, 0x00, 0x00,
    0x84, 0xb8, 0xff, 0xff, 0x08, 0x00, 0x00, 0x00, 0x14, 0x00, 0x00, 0x00,
    0x01, 0x00, 0x00, 0x00, 0x80, 0xff, 0xff, 0xff, 0xff, 0xff, 0xff, 0xff,
    0x00, 0x00, 0x00, 0x00, 0x01, 0x00, 0x00, 0x00, 0xc8, 0x74, 0xbf, 0x3c,
    0x0f, 0x00, 0x00, 0x00, 0x73, 0x74, 0x72, 0x69, 0x64, 0x65, 0x64, 0x5f,
    0x73, 0x6c, 0x69, 0x63, 0x65, 0x5f, 0x34, 0x00, 0x04, 0x00, 0x00, 0x00,
    0x01, 0x00, 0x00, 0x00, 0x03, 0x00, 0x00, 0x00, 0x01, 0x00, 0x00, 0x00,
    0x3c, 0x00, 0x00, 0x00, 0x3e, 0xf0, 0xff, 0xff, 0x00, 0x00, 0x00, 0x01,
    0x10, 0x00, 0x00, 0x00, 0x10, 0x00, 0x00, 0x00, 0x4e, 0x00, 0x00, 0x00,
    0x20, 0x00, 0x00, 0x00, 0x40, 0xb9, 0xff, 0xff, 0x10, 0x00, 0x00, 0x00,
    0x73, 0x74, 0x72, 0x69, 0x64, 0x65, 0x64, 0x5f, 0x73, 0x6c, 0x69, 0x63,
    0x65, 0x5f, 0x33, 0x31, 0x00, 0x00, 0x00, 0x00, 0x04, 0x00, 0x00, 0x00,
    0x01, 0x00, 0x00, 0x00, 0x0c, 0x00, 0x00, 0x00, 0x01, 0x00, 0x00, 0x00,
    0x3c, 0x00, 0x00, 0x00, 0x4a, 0xb9, 0xff, 0xff, 0x00, 0x00, 0x00, 0x01,
    0x14, 0x00, 0x00, 0x00, 0x34, 0x00, 0x00, 0x00, 0x4d, 0x00, 0x00, 0x00,
    0x00, 0x00, 0x00, 0x09, 0x3c, 0x00, 0x00, 0x00, 0x34, 0xb9, 0xff, 0xff,
    0x08, 0x00, 0x00, 0x00, 0x14, 0x00, 0x00, 0x00, 0x01, 0x00, 0x00, 0x00,
    0x80, 0xff, 0xff, 0xff, 0xff, 0xff, 0xff, 0xff, 0x00, 0x00, 0x00, 0x00,
    0x01, 0x00, 0x00, 0x00, 0x65, 0x4d, 0xab, 0x3c, 0x0f, 0x00, 0x00, 0x00,
    0x73, 0x74, 0x72, 0x69, 0x64, 0x65, 0x64, 0x5f, 0x73, 0x6c, 0x69, 0x63,
    0x65, 0x5f, 0x33, 0x00, 0x04, 0x00, 0x00, 0x00, 0x01, 0x00, 0x00, 0x00,
    0x0c, 0x00, 0x00, 0x00, 0x01, 0x00, 0x00, 0x00, 0x3c, 0x00, 0x00, 0x00,
    0xee, 0xf0, 0xff, 0xff, 0x00, 0x00, 0x00, 0x01, 0x10, 0x00, 0x00, 0x00,
    0x10, 0x00, 0x00, 0x00, 0x4c, 0x00, 0x00, 0x00, 0x20, 0x00, 0x00, 0x00,
    0xf0, 0xb9, 0xff, 0xff, 0x10, 0x00, 0x00, 0x00, 0x73, 0x74, 0x72, 0x69,
    0x64, 0x65, 0x64, 0x5f, 0x73, 0x6c, 0x69, 0x63, 0x65, 0x5f, 0x32, 0x31,
    0x00, 0x00, 0x00, 0x00, 0x04, 0x00, 0x00, 0x00, 0x01, 0x00, 0x00, 0x00,
    0x08, 0x00, 0x00, 0x00, 0x01, 0x00, 0x00, 0x00, 0x3c, 0x00, 0x00, 0x00,
    0xfa, 0xb9, 0xff, 0xff, 0x00, 0x00, 0x00, 0x01, 0x14, 0x00, 0x00, 0x00,
    0x34, 0x00, 0x00, 0x00, 0x4b, 0x00, 0x00, 0x00, 0x00, 0x00, 0x00, 0x09,
    0x3c, 0x00, 0x00, 0x00, 0xe4, 0xb9, 0xff, 0xff, 0x08, 0x00, 0x00, 0x00,
    0x14, 0x00, 0x00, 0x00, 0x01, 0x00, 0x00, 0x00, 0x80, 0xff, 0xff, 0xff,
    0xff, 0xff, 0xff, 0xff, 0x00, 0x00, 0x00, 0x00, 0x01, 0x00, 0x00, 0x00,
    0xca, 0x37, 0xbb, 0x3c, 0x0f, 0x00, 0x00, 0x00, 0x73, 0x74, 0x72, 0x69,
    0x64, 0x65, 0x64, 0x5f, 0x73, 0x6c, 0x69, 0x63, 0x65, 0x5f, 0x32, 0x00,
    0x04, 0x00, 0x00, 0x00, 0x01, 0x00, 0x00, 0x00, 0x08, 0x00, 0x00, 0x00,
    0x01, 0x00, 0x00, 0x00, 0x3c, 0x00, 0x00, 0x00, 0x9e, 0xf1, 0xff, 0xff,
    0x00, 0x00, 0x00, 0x01, 0x10, 0x00, 0x00, 0x00, 0x10, 0x00, 0x00, 0x00,
    0x4a, 0x00, 0x00, 0x00, 0x20, 0x00, 0x00, 0x00, 0xa0, 0xba, 0xff, 0xff,
    0x10, 0x00, 0x00, 0x00, 0x73, 0x74, 0x72, 0x69, 0x64, 0x65, 0x64, 0x5f,
    0x73, 0x6c, 0x69, 0x63, 0x65, 0x5f, 0x31, 0x31, 0x00, 0x00, 0x00, 0x00,
    0x04, 0x00, 0x00, 0x00, 0x01, 0x00, 0x00, 0x00, 0x04, 0x00, 0x00, 0x00,
    0x01, 0x00, 0x00, 0x00, 0x1e, 0x00, 0x00, 0x00, 0xaa, 0xba, 0xff, 0xff,
    0x00, 0x00, 0x00, 0x01, 0x14, 0x00, 0x00, 0x00, 0x30, 0x00, 0x00, 0x00,
    0x49, 0x00, 0x00, 0x00, 0x00, 0x00, 0x00, 0x09, 0x38, 0x00, 0x00, 0x00,
    0x94, 0xba, 0xff, 0xff, 0x08, 0x00, 0x00, 0x00, 0x10, 0x00, 0x00, 0x00,
    0x01, 0x00, 0x00, 0x00, 0x80, 0xff, 0xff, 0xff, 0xff, 0xff, 0xff, 0xff,
    0x01, 0x00, 0x00, 0x00, 0x00, 0x6c, 0x86, 0x3c, 0x0f, 0x00, 0x00, 0x00,
    0x73, 0x74, 0x72, 0x69, 0x64, 0x65, 0x64, 0x5f, 0x73, 0x6c, 0x69, 0x63,
    0x65, 0x5f, 0x31, 0x00, 0x04, 0x00, 0x00, 0x00, 0x01, 0x00, 0x00, 0x00,
    0x04, 0x00, 0x00, 0x00, 0x01, 0x00, 0x00, 0x00, 0x1e, 0x00, 0x00, 0x00,
    0x4a, 0xf2, 0xff, 0xff, 0x00, 0x00, 0x00, 0x01, 0x10, 0x00, 0x00, 0x00,
    0x10, 0x00, 0x00, 0x00, 0x48, 0x00, 0x00, 0x00, 0x1c, 0x00, 0x00, 0x00,
    0x4c, 0xbb, 0xff, 0xff, 0x0e, 0x00, 0x00, 0x00, 0x73, 0x74, 0x72, 0x69,
    0x64, 0x65, 0x64, 0x5f, 0x73, 0x6c, 0x69, 0x63, 0x65, 0x31, 0x00, 0x00,
    0x04, 0x00, 0x00, 0x00, 0x01, 0x00, 0x00, 0x00, 0x02, 0x00, 0x00, 0x00,
    0x01, 0x00, 0x00, 0x00, 0x28, 0x00, 0x00, 0x00, 0x52, 0xbb, 0xff, 0xff,
    0x00, 0x00, 0x00, 0x01, 0x14, 0x00, 0x00, 0x00, 0x34, 0x00, 0x00, 0x00,
    0x47, 0x00, 0x00, 0x00, 0x00, 0x00, 0x00, 0x09, 0x3c, 0x00, 0x00, 0x00,
    0x3c, 0xbb, 0xff, 0xff, 0x08, 0x00, 0x00, 0x00, 0x14, 0x00, 0x00, 0x00,
    0x01, 0x00, 0x00, 0x00, 0xff, 0xff, 0xff, 0xff, 0xff, 0xff, 0xff, 0xff,
    0x00, 0x00, 0x00, 0x00, 0x01, 0x00, 0x00, 0x00, 0x81, 0x80, 0x00, 0x3c,
    0x0d, 0x00, 0x00, 0x00, 0x73, 0x74, 0x72, 0x69, 0x64, 0x65, 0x64, 0x5f,
    0x73, 0x6c, 0x69, 0x63, 0x65, 0x00, 0x00, 0x00, 0x04, 0x00, 0x00, 0x00,
    0x01, 0x00, 0x00, 0x00, 0x02, 0x00, 0x00, 0x00, 0x01, 0x00, 0x00, 0x00,
    0x28, 0x00, 0x00, 0x00, 0xba, 0xbb, 0xff, 0xff, 0x00, 0x00, 0x00, 0x01,
    0x14, 0x00, 0x00, 0x00, 0x30, 0x00, 0x00, 0x00, 0x46, 0x00, 0x00, 0x00,
    0x00, 0x00, 0x00, 0x09, 0x44, 0x00, 0x00, 0x00, 0xa4, 0xbb, 0xff, 0xff,
    0x08, 0x00, 0x00, 0x00, 0x10, 0x00, 0x00, 0x00, 0x01, 0x00, 0x00, 0x00,
    0x80, 0xff, 0xff, 0xff, 0xff, 0xff, 0xff, 0xff, 0x01, 0x00, 0x00, 0x00,
    0x00, 0x00, 0x80, 0x3b, 0x19, 0x00, 0x00, 0x00, 0x53, 0x74, 0x61, 0x74,
    0x65, 0x66, 0x75, 0x6c, 0x50, 0x61, 0x72, 0x74, 0x69, 0x74, 0x69, 0x6f,
    0x6e, 0x65, 0x64, 0x43, 0x61, 0x6c, 0x6c, 0x3a, 0x30, 0x00, 0x00, 0x00,
    0x02, 0x00, 0x00, 0x00, 0x01, 0x00, 0x00, 0x00, 0x01, 0x00, 0x00, 0x00,
    0x22, 0xbc, 0xff, 0xff, 0x00, 0x00, 0x00, 0x01, 0x14, 0x00, 0x00, 0x00,
    0x30, 0x00, 0x00, 0x00, 0x45, 0x00, 0x00, 0x00, 0x00, 0x00, 0x00, 0x09,
    0x44, 0x00, 0x00, 0x00, 0x0c, 0xbc, 0xff, 0xff, 0x08, 0x00, 0x00, 0x00,
    0x10, 0x00, 0x00, 0x00, 0x01, 0x00, 0x00, 0x00, 0xd2, 0xff, 0xff, 0xff,
    0xff, 0xff, 0xff, 0xff, 0x01, 0x00, 0x00, 0x00, 0x56, 0x25, 0x4e, 0x3e,
    0x1a, 0x00, 0x00, 0x00, 0x64, 0x65, 0x6e, 0x73, 0x65, 0x2f, 0x4d, 0x61,
    0x74, 0x4d, 0x75, 0x6c, 0x3b, 0x64, 0x65, 0x6e, 0x73, 0x65, 0x2f, 0x42,
    0x69, 0x61, 0x73, 0x41, 0x64, 0x64, 0x00, 0x00, 0x02, 0x00, 0x00, 0x00,
    0x01, 0x00, 0x00, 0x00, 0x01, 0x00, 0x00, 0x00, 0x8a, 0xbc, 0xff, 0xff,
    0x00, 0x00, 0x00, 0x01, 0x14, 0x00, 0x00, 0x00, 0x34, 0x00, 0x00, 0x00,
    0x44, 0x00, 0x00, 0x00, 0x00, 0x00, 0x00, 0x09, 0x34, 0x00, 0x00, 0x00,
    0x74, 0xbc, 0xff, 0xff, 0x08, 0x00, 0x00, 0x00, 0x14, 0x00, 0x00, 0x00,
    0x01, 0x00, 0x00, 0x00, 0x80, 0xff, 0xff, 0xff, 0xff, 0xff, 0xff, 0xff,
    0x00, 0x00, 0x00, 0x00, 0x01, 0x00, 0x00, 0x00, 0x49, 0xaa, 0x18, 0x3d,
    0x07, 0x00, 0x00, 0x00, 0x52, 0x65, 0x73, 0x68, 0x61, 0x70, 0x65, 0x00,
    0x02, 0x00, 0x00, 0x00, 0x01, 0x00, 0x00, 0x00, 0x2c, 0x01, 0x00, 0x00,
    0xe2, 0xbc, 0xff, 0xff, 0x00, 0x00, 0x00, 0x01, 0x14, 0x00, 0x00, 0x00,
    0x34, 0x00, 0x00, 0x00, 0x43, 0x00, 0x00, 0x00, 0x00, 0x00, 0x00, 0x09,
    0x3c, 0x00, 0x00, 0x00, 0xcc, 0xbc, 0xff, 0xff, 0x08, 0x00, 0x00, 0x00,
    0x14, 0x00, 0x00, 0x00, 0x01, 0x00, 0x00, 0x00, 0x80, 0xff, 0xff, 0xff,
    0xff, 0xff, 0xff, 0xff, 0x00, 0x00, 0x00, 0x00, 0x01, 0x00, 0x00, 0x00,
    0x49, 0xaa, 0x18, 0x3d, 0x0d, 0x00, 0x00, 0x00, 0x74, 0x66, 0x6c, 0x2e,
    0x71, 0x75, 0x61, 0x6e, 0x74, 0x69, 0x7a, 0x65, 0x35, 0x00, 0x00, 0x00,
    0x04, 0x00, 0x00, 0x00, 0x01, 0x00, 0x00, 0x00, 0x05, 0x00, 0x00, 0x00,
    0x01, 0x00, 0x00, 0x00, 0x3c, 0x00, 0x00, 0x00, 0x86, 0xf4, 0xff, 0xff,
    0x00, 0x00, 0x00, 0x01, 0x10, 0x00, 0x00, 0x00, 0x10, 0x00, 0x00, 0x00,
    0x42, 0x00, 0x00, 0x00, 0x18, 0x00, 0x00, 0x00, 0x88, 0xbd, 0xff, 0xff,
    0x08, 0x00, 0x00, 0x00, 0x63, 0x6f, 0x6e, 0x63, 0x61, 0x74, 0x5f, 0x35,
    0x00, 0x00, 0x00, 0x00, 0x04, 0x00, 0x00, 0x00, 0x01, 0x00, 0x00, 0x00,
    0x05, 0x00, 0x00, 0x00, 0x01, 0x00, 0x00, 0x00, 0x3c, 0x00, 0x00, 0x00,
    0xc6, 0xf4, 0xff, 0xff, 0x00, 0x00, 0x00, 0x01, 0x10, 0x00, 0x00, 0x00,
    0x10, 0x00, 0x00, 0x00, 0x41, 0x00, 0x00, 0x00, 0x30, 0x00, 0x00, 0x00,
    0xc8, 0xbd, 0xff, 0xff, 0x20, 0x00, 0x00, 0x00, 0x70, 0x77, 0x34, 0x2f,
    0x52, 0x65, 0x6c, 0x75, 0x3b, 0x70, 0x77, 0x34, 0x2f, 0x42, 0x69, 0x61,
    0x73, 0x41, 0x64, 0x64, 0x3b, 0x70, 0x77, 0x34, 0x2f, 0x43, 0x6f, 0x6e,
    0x76, 0x32, 0x44, 0x31, 0x00, 0x00, 0x00, 0x00, 0x04, 0x00, 0x00, 0x00,
    0x01, 0x00, 0x00, 0x00, 0x01, 0x00, 0x00, 0x00, 0x01, 0x00, 0x00, 0x00,
    0x3c, 0x00, 0x00, 0x00, 0xe2, 0xbd, 0xff, 0xff, 0x00, 0x00, 0x00, 0x01,
    0x14, 0x00, 0x00, 0x00, 0x34, 0x00, 0x00, 0x00, 0x40, 0x00, 0x00, 0x00,
    0x00, 0x00, 0x00, 0x09, 0x4c, 0x00, 0x00, 0x00, 0xcc, 0xbd, 0xff, 0xff,
    0x08, 0x00, 0x00, 0x00, 0x14, 0x00, 0x00, 0x00, 0x01, 0x00, 0x00, 0x00,
    0x80, 0xff, 0xff, 0xff, 0xff, 0xff, 0xff, 0xff, 0x00, 0x00, 0x00, 0x00,
    0x01, 0x00, 0x00, 0x00, 0x49, 0xaa, 0x18, 0x3d, 0x1f, 0x00, 0x00, 0x00,
    0x70, 0x77, 0x34, 0x2f, 0x52, 0x65, 0x6c, 0x75, 0x3b, 0x70, 0x77, 0x34,
    0x2f, 0x42, 0x69, 0x61, 0x73, 0x41, 0x64, 0x64, 0x3b, 0x70, 0x77, 0x34,
    0x2f, 0x43, 0x6f, 0x6e, 0x76, 0x32, 0x44, 0x00, 0x04, 0x00, 0x00, 0x00,
    0x01, 0x00, 0x00, 0x00, 0x01, 0x00, 0x00, 0x00, 0x01, 0x00, 0x00, 0x00,
    0x3c, 0x00, 0x00, 0x00, 0x5a, 0xbe, 0xff, 0xff, 0x00, 0x00, 0x00, 0x01,
    0x14, 0x00, 0x00, 0x00, 0x30, 0x00, 0x00, 0x00, 0x3f, 0x00, 0x00, 0x00,
    0x00, 0x00, 0x00, 0x09, 0x44, 0x00, 0x00, 0x00, 0x44, 0xbe, 0xff, 0xff,
    0x08, 0x00, 0x00, 0x00, 0x10, 0x00, 0x00, 0x00, 0x01, 0x00, 0x00, 0x00,
    0x1a, 0x00, 0x00, 0x00, 0x00, 0x00, 0x00, 0x00, 0x01, 0x00, 0x00, 0x00,
    0xc0, 0x15, 0x8e, 0x3c, 0x19, 0x00, 0x00, 0x00, 0x64, 0x77, 0x34, 0x2f,
    0x42, 0x69, 0x61, 0x73, 0x41, 0x64, 0x64, 0x3b, 0x64, 0x77, 0x34, 0x2f,
    0x64, 0x65, 0x70, 0x74, 0x68, 0x77, 0x69, 0x73, 0x65, 0x00, 0x00, 0x00,
    0x04, 0x00, 0x00, 0x00, 0x01, 0x00, 0x00, 0x00, 0x01, 0x00, 0x00, 0x00,
    0x01, 0x00, 0x00, 0x00, 0x3c, 0x00, 0x00, 0x00, 0xca, 0xbe, 0xff, 0xff,
    0x00, 0x00, 0x00, 0x01, 0x14, 0x00, 0x00, 0x00, 0x34, 0x00, 0x00, 0x00,
    0x3e, 0x00, 0x00, 0x00, 0x00, 0x00, 0x00, 0x09, 0x3c, 0x00, 0x00, 0x00,
    0xb4, 0xbe, 0xff, 0xff, 0x08, 0x00, 0x00, 0x00, 0x14, 0x00, 0x00, 0x00,
    0x01, 0x00, 0x00, 0x00, 0x80, 0xff, 0xff, 0xff, 0xff, 0xff, 0xff, 0xff,
    0x00, 0x00, 0x00, 0x00, 0x01, 0x00, 0x00, 0x00, 0xc8, 0x74, 0xbf, 0x3c,
    0x0d, 0x00, 0x00, 0x00, 0x74, 0x66, 0x6c, 0x2e, 0x71, 0x75, 0x61, 0x6e,
    0x74, 0x69, 0x7a, 0x65, 0x34, 0x00, 0x00, 0x00, 0x04, 0x00, 0x00, 0x00,
    0x01, 0x00, 0x00, 0x00, 0x04, 0x00, 0x00, 0x00, 0x01, 0x00, 0x00, 0x00,
    0x3c, 0x00, 0x00, 0x00, 0x6e, 0xf6, 0xff, 0xff, 0x00, 0x00, 0x00, 0x01,
    0x10, 0x00, 0x00, 0x00, 0x10, 0x00, 0x00, 0x00, 0x3d, 0x00, 0x00, 0x00,
    0x18, 0x00, 0x00, 0x00, 0x70, 0xbf, 0xff, 0xff, 0x08, 0x00, 0x00, 0x00,
    0x63, 0x6f, 0x6e, 0x63, 0x61, 0x74, 0x5f, 0x34, 0x00, 0x00, 0x00, 0x00,
    0x04, 0x00, 0x00, 0x00, 0x01, 0x00, 0x00, 0x00, 0x04, 0x00, 0x00, 0x00,
    0x01, 0x00, 0x00, 0x00, 0x3c, 0x00, 0x00, 0x00, 0xae, 0xf6, 0xff, 0xff,
    0x00, 0x00, 0x00, 0x01, 0x10, 0x00, 0x00, 0x00, 0x10, 0x00, 0x00, 0x00,
    0x3c, 0x00, 0x00, 0x00, 0x30, 0x00, 0x00, 0x00, 0xb0, 0xbf, 0xff, 0xff,
    0x20, 0x00, 0x00, 0x00, 0x70, 0x77, 0x33, 0x2f, 0x52, 0x65, 0x6c, 0x75,
    0x3b, 0x70, 0x77, 0x33, 0x2f, 0x42, 0x69, 0x61, 0x73, 0x41, 0x64, 0x64,
    0x3b, 0x70, 0x77, 0x33, 0x2f, 0x43, 0x6f, 0x6e, 0x76, 0x32, 0x44, 0x31,
    0x00, 0x00, 0x00, 0x00, 0x04, 0x00, 0x00, 0x00, 0x01, 0x00, 0x00, 0x00,
    0x01, 0x00, 0x00, 0x00, 0x01, 0x00, 0x00, 0x00, 0x3c, 0x00, 0x00, 0x00,
    0xca, 0xbf, 0xff, 0xff, 0x00, 0x00, 0x00, 0x01, 0x14, 0x00, 0x00, 0x00,
    0x34, 0x00, 0x00, 0x00, 0x3b, 0x00, 0x00, 0x00, 0x00, 0x00, 0x00, 0x09,
    0x4c, 0x00, 0x00, 0x00, 0xb4, 0xbf, 0xff, 0xff, 0x08, 0x00, 0x00, 0x00,
    0x14, 0x00, 0x00, 0x00, 0x01, 0x00, 0x00, 0x00, 0x80, 0xff, 0xff, 0xff,
    0xff, 0xff, 0xff, 0xff, 0x00, 0x00, 0x00, 0x00, 0x01, 0x00, 0x00, 0x00,
    0xc8, 0x74, 0xbf, 0x3c, 0x1f, 0x00, 0x00, 0x00, 0x70, 0x77, 0x33, 0x2f,
    0x52, 0x65, 0x6c, 0x75, 0x3b, 0x70, 0x77, 0x33, 0x2f, 0x42, 0x69, 0x61,
    0x73, 0x41, 0x64, 0x64, 0x3b, 0x70, 0x77, 0x33, 0x2f, 0x43, 0x6f, 0x6e,
    0x76, 0x32, 0x44, 0x00, 0x04, 0x00, 0x00, 0x00, 0x01, 0x00, 0x00, 0x00,
    0x01, 0x00, 0x00, 0x00, 0x01, 0x00, 0x00, 0x00, 0x3c, 0x00, 0x00, 0x00,
    0x42, 0xc0, 0xff, 0xff, 0x00, 0x00, 0x00, 0x01, 0x14, 0x00, 0x00, 0x00,
    0x30, 0x00, 0x00, 0x00, 0x3a, 0x00, 0x00, 0x00, 0x00, 0x00, 0x00, 0x09,
    0x44, 0x00, 0x00, 0x00, 0x2c, 0xc0, 0xff, 0xff, 0x08, 0x00, 0x00, 0x00,
    0x10, 0x00, 0x00, 0x00, 0x01, 0x00, 0x00, 0x00, 0x1f, 0x00, 0x00, 0x00,
    0x00, 0x00, 0x00, 0x00, 0x01, 0x00, 0x00, 0x00, 0xae, 0x61, 0xa9, 0x3c,
    0x19, 0x00, 0x00, 0x00, 0x64, 0x77, 0x33, 0x2f, 0x42, 0x69, 0x61, 0x73,
    0x41, 0x64, 0x64, 0x3b, 0x64, 0x77, 0x33, 0x2f, 0x64, 0x65, 0x70, 0x74,
    0x68, 0x77, 0x69, 0x73, 0x65, 0x00, 0x00, 0x00, 0x04, 0x00, 0x00, 0x00,
    0x01, 0x00, 0x00, 0x00, 0x01, 0x00, 0x00, 0x00, 0x01, 0x00, 0x00, 0x00,
    0x3c, 0x00, 0x00, 0x00, 0xb2, 0xc0, 0xff, 0xff, 0x00, 0x00, 0x00, 0x01,
    0x14, 0x00, 0x00, 0x00, 0x34, 0x00, 0x00, 0x00, 0x39, 0x00, 0x00, 0x00,
    0x00, 0x00, 0x00, 0x09, 0x3c, 0x00, 0x00, 0x00, 0x9c, 0xc0, 0xff, 0xff,
    0x08, 0x00, 0x00, 0x00, 0x14, 0x00, 0x00, 0x00, 0x01, 0x00, 0x00, 0x00,
    0x80, 0xff, 0xff, 0xff, 0xff, 0xff, 0xff, 0xff, 0x00, 0x00, 0x00, 0x00,
    0x01, 0x00, 0x00, 0x00, 0x65, 0x4d, 0xab, 0x3c, 0x0d, 0x00, 0x00, 0x00,
    0x74, 0x66, 0x6c, 0x2e, 0x71, 0x75, 0x61, 0x6e, 0x74, 0x69, 0x7a, 0x65,
    0x33, 0x00, 0x00, 0x00, 0x04, 0x00, 0x00, 0x00, 0x01, 0x00, 0x00, 0x00,
    0x0d, 0x00, 0x00, 0x00, 0x01, 0x00, 0x00, 0x00, 0x3c, 0x00, 0x00, 0x00,
    0x56, 0xf8, 0xff, 0xff, 0x00, 0x00, 0x00, 0x01, 0x10, 0x00, 0x00, 0x00,
    0x10, 0x00, 0x00, 0x00, 0x38, 0x00, 0x00, 0x00, 0x18, 0x00, 0x00, 0x00,
    0x58, 0xc1, 0xff, 0xff, 0x08, 0x00, 0x00, 0x00, 0x63, 0x6f, 0x6e, 0x63,
    0x61, 0x74, 0x5f, 0x33, 0x00, 0x00, 0x00, 0x00, 0x04, 0x00, 0x00, 0x00,
    0x01, 0x00, 0x00, 0x00, 0x0d, 0x00, 0x00, 0x00, 0x01, 0x00, 0x00, 0x00,
    0x3c, 0x00, 0x00, 0x00, 0x96, 0xf8, 0xff, 0xff, 0x00, 0x00, 0x00, 0x01,
    0x10, 0x00, 0x00, 0x00, 0x10, 0x00, 0x00, 0x00, 0x37, 0x00, 0x00, 0x00,
    0x30, 0x00, 0x00, 0x00, 0x98, 0xc1, 0xff, 0xff, 0x20, 0x00, 0x00, 0x00,
    0x70, 0x77, 0x32, 0x2f, 0x52, 0x65, 0x6c, 0x75, 0x3b, 0x70, 0x77, 0x32,
    0x2f, 0x42, 0x69, 0x61, 0x73, 0x41, 0x64, 0x64, 0x3b, 0x70, 0x77, 0x32,
    0x2f, 0x43, 0x6f, 0x6e, 0x76, 0x32, 0x44, 0x31, 0x00, 0x00, 0x00, 0x00,
    0x04, 0x00, 0x00, 0x00, 0x01, 0x00, 0x00, 0x00, 0x01, 0x00, 0x00, 0x00,
    0x01, 0x00, 0x00, 0x00, 0x3c, 0x00, 0x00, 0x00, 0xb2, 0xc1, 0xff, 0xff,
    0x00, 0x00, 0x00, 0x01, 0x14, 0x00, 0x00, 0x00, 0x34, 0x00, 0x00, 0x00,
    0x36, 0x00, 0x00, 0x00, 0x00, 0x00, 0x00, 0x09, 0x4c, 0x00, 0x00, 0x00,
    0x9c, 0xc1, 0xff, 0xff, 0x08, 0x00, 0x00, 0x00, 0x14, 0x00, 0x00, 0x00,
    0x01, 0x00, 0x00, 0x00, 0x80, 0xff, 0xff, 0xff, 0xff, 0xff, 0xff, 0xff,
    0x00, 0x00, 0x00, 0x00, 0x01, 0x00, 0x00, 0x00, 0x65, 0x4d, 0xab, 0x3c,
    0x1f, 0x00, 0x00, 0x00, 0x70, 0x77, 0x32, 0x2f, 0x52, 0x65, 0x6c, 0x75,
    0x3b, 0x70, 0x77, 0x32, 0x2f, 0x42, 0x69, 0x61, 0x73, 0x41, 0x64, 0x64,
    0x3b, 0x70, 0x77, 0x32, 0x2f, 0x43, 0x6f, 0x6e, 0x76, 0x32, 0x44, 0x00,
    0x04, 0x00, 0x00, 0x00, 0x01, 0x00, 0x00, 0x00, 0x01, 0x00, 0x00, 0x00,
    0x01, 0x00, 0x00, 0x00, 0x3c, 0x00, 0x00, 0x00, 0x2a, 0xc2, 0xff, 0xff,
    0x00, 0x00, 0x00, 0x01, 0x14, 0x00, 0x00, 0x00, 0x30, 0x00, 0x00, 0x00,
    0x35, 0x00, 0x00, 0x00, 0x00, 0x00, 0x00, 0x09, 0x44, 0x00, 0x00, 0x00,
    0x14, 0xc2, 0xff, 0xff, 0x08, 0x00, 0x00, 0x00, 0x10, 0x00, 0x00, 0x00,
    0x01, 0x00, 0x00, 0x00, 0x08, 0x00, 0x00, 0x00, 0x00, 0x00, 0x00, 0x00,
    0x01, 0x00, 0x00, 0x00, 0xf0, 0xd3, 0x88, 0x3c, 0x19, 0x00, 0x00, 0x00,
    0x64, 0x77, 0x32, 0x2f, 0x42, 0x69, 0x61, 0x73, 0x41, 0x64, 0x64, 0x3b,
    0x64, 0x77, 0x32, 0x2f, 0x64, 0x65, 0x70, 0x74, 0x68, 0x77, 0x69, 0x73,
    0x65, 0x00, 0x00, 0x00, 0x04, 0x00, 0x00, 0x00, 0x01, 0x00, 0x00, 0x00,
    0x01, 0x00, 0x00, 0x00, 0x01, 0x00, 0x00, 0x00, 0x3c, 0x00, 0x00, 0x00,
    0x9a, 0xc2, 0xff, 0xff, 0x00, 0x00, 0x00, 0x01, 0x14, 0x00, 0x00, 0x00,
    0x34, 0x00, 0x00, 0x00, 0x34, 0x00, 0x00, 0x00, 0x00, 0x00, 0x00, 0x09,
    0x3c, 0x00, 0x00, 0x00, 0x84, 0xc2, 0xff, 0xff, 0x08, 0x00, 0x00, 0x00,
    0x14, 0x00, 0x00, 0x00, 0x01, 0x00, 0x00, 0x00, 0x80, 0xff, 0xff, 0xff,
    0xff, 0xff, 0xff, 0xff, 0x00, 0x00, 0x00, 0x00, 0x01, 0x00, 0x00, 0x00,
    0xca, 0x37, 0xbb, 0x3c, 0x0d, 0x00, 0x00, 0x00, 0x74, 0x66, 0x6c, 0x2e,
    0x71, 0x75, 0x61, 0x6e, 0x74, 0x69, 0x7a, 0x65, 0x32, 0x00, 0x00, 0x00,
    0x04, 0x00, 0x00, 0x00, 0x01, 0x00, 0x00, 0x00, 0x09, 0x00, 0x00, 0x00,
    0x01, 0x00, 0x00, 0x00, 0x3c, 0x00, 0x00, 0x00, 0x3e, 0xfa, 0xff, 0xff,
    0x00, 0x00, 0x00, 0x01, 0x10, 0x00, 0x00, 0x00, 0x10, 0x00, 0x00, 0x00,
    0x33, 0x00, 0x00, 0x00, 0x18, 0x00, 0x00, 0x00, 0x40, 0xc3, 0xff, 0xff,
    0x08, 0x00, 0x00, 0x00, 0x63, 0x6f, 0x6e, 0x63, 0x61, 0x74, 0x5f, 0x32,
    0x00, 0x00, 0x00, 0x00, 0x04, 0x00, 0x00, 0x00, 0x01, 0x00, 0x00, 0x00,
    0x09, 0x00, 0x00, 0x00, 0x01, 0x00, 0x00, 0x00, 0x3c, 0x00, 0x00, 0x00,
    0x7e, 0xfa, 0xff, 0xff, 0x00, 0x00, 0x00, 0x01, 0x10, 0x00, 0x00, 0x00,
    0x10, 0x00, 0x00, 0x00, 0x32, 0x00, 0x00, 0x00, 0x30, 0x00, 0x00, 0x00,
    0x80, 0xc3, 0xff, 0xff, 0x20, 0x00, 0x00, 0x00, 0x70, 0x77, 0x31, 0x2f,
    0x52, 0x65, 0x6c, 0x75, 0x3b, 0x70, 0x77, 0x31, 0x2f, 0x42, 0x69, 0x61,
    0x73, 0x41, 0x64, 0x64, 0x3b, 0x70, 0x77, 0x31, 0x2f, 0x43, 0x6f, 0x6e,
    0x76, 0x32, 0x44, 0x31, 0x00, 0x00, 0x00, 0x00, 0x04, 0x00, 0x00, 0x00,
    0x01, 0x00, 0x00, 0x00, 0x01, 0x00, 0x00, 0x00, 0x01, 0x00, 0x00, 0x00,
    0x3c, 0x00, 0x00, 0x00, 0x9a, 0xc3, 0xff, 0xff, 0x00, 0x00, 0x00, 0x01,
    0x14, 0x00, 0x00, 0x00, 0x34, 0x00, 0x00, 0x00, 0x31, 0x00, 0x00, 0x00,
    0x00, 0x00, 0x00, 0x09, 0x4c, 0x00, 0x00, 0x00, 0x84, 0xc3, 0xff, 0xff,
    0x08, 0x00, 0x00, 0x00, 0x14, 0x00, 0x00, 0x00, 0x01, 0x00, 0x00, 0x00,
    0x80, 0xff, 0xff, 0xff, 0xff, 0xff, 0xff, 0xff, 0x00, 0x00, 0x00, 0x00,
    0x01, 0x00, 0x00, 0x00, 0xca, 0x37, 0xbb, 0x3c, 0x1f, 0x00, 0x00, 0x00,
    0x70, 0x77, 0x31, 0x2f, 0x52, 0x65, 0x6c, 0x75, 0x3b, 0x70, 0x77, 0x31,
    0x2f, 0x42, 0x69, 0x61, 0x73, 0x41, 0x64, 0x64, 0x3b, 0x70, 0x77, 0x31,
    0x2f, 0x43, 0x6f, 0x6e, 0x76, 0x32, 0x44, 0x00, 0x04, 0x00, 0x00, 0x00,
    0x01, 0x00, 0x00, 0x00, 0x01, 0x00, 0x00, 0x00, 0x01, 0x00, 0x00, 0x00,
    0x3c, 0x00, 0x00, 0x00, 0x12, 0xc4, 0xff, 0xff, 0x00, 0x00, 0x00, 0x01,
    0x14, 0x00, 0x00, 0x00, 0x30, 0x00, 0x00, 0x00, 0x30, 0x00, 0x00, 0x00,
    0x00, 0x00, 0x00, 0x09, 0x44, 0x00, 0x00, 0x00, 0xfc, 0xc3, 0xff, 0xff,
    0x08, 0x00, 0x00, 0x00, 0x10, 0x00, 0x00, 0x00, 0x01, 0x00, 0x00, 0x00,
    0x09, 0x00, 0x00, 0x00, 0x00, 0x00, 0x00, 0x00, 0x01, 0x00, 0x00, 0x00,
    0x3c, 0x1d, 0x29, 0x3c, 0x19, 0x00, 0x00, 0x00, 0x64, 0x77, 0x31, 0x2f,
    0x42, 0x69, 0x61, 0x73, 0x41, 0x64, 0x64, 0x3b, 0x64, 0x77, 0x31, 0x2f,
    0x64, 0x65, 0x70, 0x74, 0x68, 0x77, 0x69, 0x73, 0x65, 0x00, 0x00, 0x00,
    0x04, 0x00, 0x00, 0x00, 0x01, 0x00, 0x00, 0x00, 0x01, 0x00, 0x00, 0x00,
    0x01, 0x00, 0x00, 0x00, 0x1e, 0x00, 0x00, 0x00, 0x82, 0xc4, 0xff, 0xff,
    0x00, 0x00, 0x00, 0x01, 0x14, 0x00, 0x00, 0x00, 0x30, 0x00, 0x00, 0x00,
    0x2f, 0x00, 0x00, 0x00, 0x00, 0x00, 0x00, 0x09, 0x38, 0x00, 0x00, 0x00,
    0x6c, 0xc4, 0xff, 0xff, 0x08, 0x00, 0x00, 0x00, 0x10, 0x00, 0x00, 0x00,
    0x01, 0x00, 0x00, 0x00, 0x80, 0xff, 0xff, 0xff, 0xff, 0xff, 0xff, 0xff,
    0x01, 0x00, 0x00, 0x00, 0x00, 0x6c, 0x86, 0x3c, 0x0d, 0x00, 0x00, 0x00,
    0x74, 0x66, 0x6c, 0x2e, 0x71, 0x75, 0x61, 0x6e, 0x74, 0x69, 0x7a, 0x65,
    0x31, 0x00, 0x00, 0x00, 0x04, 0x00, 0x00, 0x00, 0x01, 0x00, 0x00, 0x00,
    0x05, 0x00, 0x00, 0x00, 0x01, 0x00, 0x00, 0x00, 0x1e, 0x00, 0x00, 0x00,
    0x22, 0xfc, 0xff, 0xff, 0x00, 0x00, 0x00, 0x01, 0x10, 0x00, 0x00, 0x00,
    0x10, 0x00, 0x00, 0x00, 0x2e, 0x00, 0x00, 0x00, 0x18, 0x00, 0x00, 0x00,
    0x24, 0xc5, 0xff, 0xff, 0x08, 0x00, 0x00, 0x00, 0x63, 0x6f, 0x6e, 0x63,
    0x61, 0x74, 0x5f, 0x31, 0x00, 0x00, 0x00, 0x00, 0x04, 0x00, 0x00, 0x00,
    0x01, 0x00, 0x00, 0x00, 0x05, 0x00, 0x00, 0x00, 0x01, 0x00, 0x00, 0x00,
    0x1e, 0x00, 0x00, 0x00, 0x62, 0xfc, 0xff, 0xff, 0x00, 0x00, 0x00, 0x01,
    0x10, 0x00, 0x00, 0x00, 0x10, 0x00, 0x00, 0x00, 0x2d, 0x00, 0x00, 0x00,
    0x34, 0x00, 0x00, 0x00, 0x64, 0xc5, 0xff, 0xff, 0x26, 0x00, 0x00, 0x00,
    0x63, 0x6f, 0x6e, 0x76, 0x30, 0x2f, 0x52, 0x65, 0x6c, 0x75, 0x3b, 0x63,
    0x6f, 0x6e, 0x76, 0x30, 0x2f, 0x42, 0x69, 0x61, 0x73, 0x41, 0x64, 0x64,
    0x3b, 0x63, 0x6f, 0x6e, 0x76, 0x30, 0x2f, 0x43, 0x6f, 0x6e, 0x76, 0x32,
    0x44, 0x31, 0x00, 0x00, 0x04, 0x00, 0x00, 0x00, 0x01, 0x00, 0x00, 0x00,
    0x01, 0x00, 0x00, 0x00, 0x01, 0x00, 0x00, 0x00, 0x1e, 0x00, 0x00, 0x00,
    0x82, 0xc5, 0xff, 0xff, 0x00, 0x00, 0x00, 0x01, 0x14, 0x00, 0x00, 0x00,
    0x34, 0x00, 0x00, 0x00, 0x2c, 0x00, 0x00, 0x00, 0x00, 0x00, 0x00, 0x09,
    0x54, 0x00, 0x00, 0x00, 0x6c, 0xc5, 0xff, 0xff, 0x08, 0x00, 0x00, 0x00,
    0x14, 0x00, 0x00, 0x00, 0x01, 0x00, 0x00, 0x00, 0x80, 0xff, 0xff, 0xff,
    0xff, 0xff, 0xff, 0xff, 0x00, 0x00, 0x00, 0x00, 0x01, 0x00, 0x00, 0x00,
    0x00, 0x6c, 0x86, 0x3c, 0x25, 0x00, 0x00, 0x00, 0x63, 0x6f, 0x6e, 0x76,
    0x30, 0x2f, 0x52, 0x65, 0x6c, 0x75, 0x3b, 0x63, 0x6f, 0x6e, 0x76, 0x30,
    0x2f, 0x42, 0x69, 0x61, 0x73, 0x41, 0x64, 0x64, 0x3b, 0x63, 0x6f, 0x6e,
    0x76, 0x30, 0x2f, 0x43, 0x6f, 0x6e, 0x76, 0x32, 0x44, 0x00, 0x00, 0x00,
    0x04, 0x00, 0x00, 0x00, 0x01, 0x00, 0x00, 0x00, 0x01, 0x00, 0x00, 0x00,
    0x01, 0x00, 0x00, 0x00, 0x1e, 0x00, 0x00, 0x00, 0x02, 0xc6, 0xff, 0xff,
    0x00, 0x00, 0x00, 0x01, 0x14, 0x00, 0x00, 0x00, 0x30, 0x00, 0x00, 0x00,
    0x2b, 0x00, 0x00, 0x00, 0x00, 0x00, 0x00, 0x09, 0x38, 0x00, 0x00, 0x00,
    0xec, 0xc5, 0xff, 0xff, 0x08, 0x00, 0x00, 0x00, 0x10, 0x00, 0x00, 0x00,
    0x01, 0x00, 0x00, 0x00, 0xff, 0xff, 0xff, 0xff, 0xff, 0xff, 0xff, 0xff,
    0x01, 0x00, 0x00, 0x00, 0x81, 0x80, 0x00, 0x3c, 0x0c, 0x00, 0x00, 0x00,
    0x74, 0x66, 0x6c, 0x2e, 0x71, 0x75, 0x61, 0x6e, 0x74, 0x69, 0x7a, 0x65,
    0x00, 0x00, 0x00, 0x00, 0x04, 0x00, 0x00, 0x00, 0x01, 0x00, 0x00, 0x00,
    0x05, 0x00, 0x00, 0x00, 0x01, 0x00, 0x00, 0x00, 0x28, 0x00, 0x00, 0x00,
    0xa2, 0xfd, 0xff, 0xff, 0x00, 0x00, 0x00, 0x01, 0x10, 0x00, 0x00, 0x00,
    0x10, 0x00, 0x00, 0x00, 0x2a, 0x00, 0x00, 0x00, 0x14, 0x00, 0x00, 0x00,
    0xa4, 0xc6, 0xff, 0xff, 0x06, 0x00, 0x00, 0x00, 0x63, 0x6f, 0x6e, 0x63,
    0x61, 0x74, 0x00, 0x00, 0x04, 0x00, 0x00, 0x00, 0x01, 0x00, 0x00, 0x00,
    0x05, 0x00, 0x00, 0x00, 0x01, 0x00, 0x00, 0x00, 0x28, 0x00, 0x00, 0x00,
    0xde, 0xfd, 0xff, 0xff, 0x00, 0x00, 0x00, 0x01, 0x10, 0x00, 0x00, 0x00,
    0x10, 0x00, 0x00, 0x00, 0x29, 0x00, 0x00, 0x00, 0x18, 0x00, 0x00, 0x00,
    0xe0, 0xc6, 0xff, 0xff, 0x0b, 0x00, 0x00, 0x00, 0x45, 0x78, 0x70, 0x61,
    0x6e, 0x64, 0x44, 0x69, 0x6d, 0x73, 0x31, 0x00, 0x04, 0x00, 0x00, 0x00,
    0x01, 0x00, 0x00, 0x00, 0x03, 0x00, 0x00, 0x00, 0x01, 0x00, 0x00, 0x00,
    0x28, 0x00, 0x00, 0x00, 0xe2, 0xc6, 0xff, 0xff, 0x00, 0x00, 0x00, 0x01,
    0x14, 0x00, 0x00, 0x00, 0x34, 0x00, 0x00, 0x00, 0x28, 0x00, 0x00, 0x00,
    0x00, 0x00, 0x00, 0x09, 0x38, 0x00, 0x00, 0x00, 0xcc, 0xc6, 0xff, 0xff,
    0x08, 0x00, 0x00, 0x00, 0x14, 0x00, 0x00, 0x00, 0x01, 0x00, 0x00, 0x00,
    0xff, 0xff, 0xff, 0xff, 0xff, 0xff, 0xff, 0xff, 0x00, 0x00, 0x00, 0x00,
    0x01, 0x00, 0x00, 0x00, 0x81, 0x80, 0x00, 0x3c, 0x0a, 0x00, 0x00, 0x00,
    0x45, 0x78, 0x70, 0x61, 0x6e, 0x64, 0x44, 0x69, 0x6d, 0x73, 0x00, 0x00,
    0x04, 0x00, 0x00, 0x00, 0x01, 0x00, 0x00, 0x00, 0x03, 0x00, 0x00, 0x00,
    0x01, 0x00, 0x00, 0x00, 0x28, 0x00, 0x00, 0x00, 0x82, 0xfe, 0xff, 0xff,
    0x00, 0x00, 0x00, 0x01, 0x10, 0x00, 0x00, 0x00, 0x10, 0x00, 0x00, 0x00,
    0x27, 0x00, 0x00, 0x00, 0x24, 0x00, 0x00, 0x00, 0x84, 0xc7, 0xff, 0xff,
    0x15, 0x00, 0x00, 0x00, 0x63, 0x6f, 0x6e, 0x63, 0x61, 0x74, 0x2f, 0x52,
    0x65, 0x61, 0x64, 0x56, 0x61, 0x72, 0x69, 0x61, 0x62, 0x6c, 0x65, 0x4f,
    0x70, 0x00, 0x00, 0x00, 0x04, 0x00, 0x00, 0x00, 0x01, 0x00, 0x00, 0x00,
    0x02, 0x00, 0x00, 0x00, 0x01, 0x00, 0x00, 0x00, 0x28, 0x00, 0x00, 0x00,
    0xce, 0xfe, 0xff, 0xff, 0x00, 0x00, 0x00, 0x01, 0x10, 0x00, 0x00, 0x00,
    0x10, 0x00, 0x00, 0x00, 0x26, 0x00, 0x00, 0x00, 0x24, 0x00, 0x00, 0x00,
    0xd0, 0xc7, 0xff, 0xff, 0x17, 0x00, 0x00, 0x00, 0x63, 0x6f, 0x6e, 0x63,
    0x61, 0x74, 0x5f, 0x35, 0x2f, 0x52, 0x65, 0x61, 0x64, 0x56, 0x61, 0x72,
    0x69, 0x61, 0x62, 0x6c, 0x65, 0x4f, 0x70, 0x00, 0x04, 0x00, 0x00, 0x00,
    0x01, 0x00, 0x00, 0x00, 0x04, 0x00, 0x00, 0x00, 0x01, 0x00, 0x00, 0x00,
    0x3c, 0x00, 0x00, 0x00, 0x1a, 0xff, 0xff, 0xff, 0x00, 0x00, 0x00, 0x01,
    0x10, 0x00, 0x00, 0x00, 0x10, 0x00, 0x00, 0x00, 0x25, 0x00, 0x00, 0x00,
    0x24, 0x00, 0x00, 0x00, 0x1c, 0xc8, 0xff, 0xff, 0x17, 0x00, 0x00, 0x00,
    0x63, 0x6f, 0x6e, 0x63, 0x61, 0x74, 0x5f, 0x34, 0x2f, 0x52, 0x65, 0x61,
    0x64, 0x56, 0x61, 0x72, 0x69, 0x61, 0x62, 0x6c, 0x65, 0x4f, 0x70, 0x00,
    0x04, 0x00, 0x00, 0x00, 0x01, 0x00, 0x00, 0x00, 0x03, 0x00, 0x00, 0x00,
    0x01, 0x00, 0x00, 0x00, 0x3c, 0x00, 0x00, 0x00, 0x66, 0xff, 0xff, 0xff,
    0x00, 0x00, 0x00, 0x01, 0x10, 0x00, 0x00, 0x00, 0x10, 0x00, 0x00, 0x00,
    0x24, 0x00, 0x00, 0x00, 0x24, 0x00, 0x00, 0x00, 0x68, 0xc8, 0xff, 0xff,
    0x17, 0x00, 0x00, 0x00, 0x63, 0x6f, 0x6e, 0x63, 0x61, 0x74, 0x5f, 0x33,
    0x2f, 0x52, 0x65, 0x61, 0x64, 0x56, 0x61, 0x72, 0x69, 0x61, 0x62, 0x6c,
    0x65, 0x4f, 0x70, 0x00, 0x04, 0x00, 0x00, 0x00, 0x01, 0x00, 0x00, 0x00,
    0x0c, 0x00, 0x00, 0x00, 0x01, 0x00, 0x00, 0x00, 0x3c, 0x00, 0x00, 0x00,
    0xb2, 0xff, 0xff, 0xff, 0x00, 0x00, 0x00, 0x01, 0x10, 0x00, 0x00, 0x00,
    0x10, 0x00, 0x00, 0x00, 0x23, 0x00, 0x00, 0x00, 0x24, 0x00, 0x00, 0x00,
    0xb4, 0xc8, 0xff, 0xff, 0x17, 0x00, 0x00, 0x00, 0x63, 0x6f, 0x6e, 0x63,
    0x61, 0x74, 0x5f, 0x32, 0x2f, 0x52, 0x65, 0x61, 0x64, 0x56, 0x61, 0x72,
    0x69, 0x61, 0x62, 0x6c, 0x65, 0x4f, 0x70, 0x00, 0x04, 0x00, 0x00, 0x00,
    0x01, 0x00, 0x00, 0x00, 0x08, 0x00, 0x00, 0x00, 0x01, 0x00, 0x00, 0x00,
    0x3c, 0x00, 0x00, 0x00, 0x00, 0x00, 0x16, 0x00, 0x18, 0x00, 0x14, 0x00,
    0x00, 0x00, 0x10, 0x00, 0x0c, 0x00, 0x08, 0x00, 0x00, 0x00, 0x00, 0x00,
    0x00, 0x00, 0x07, 0x00, 0x16, 0x00, 0x00, 0x00, 0x00, 0x00, 0x00, 0x01,
    0x10, 0x00, 0x00, 0x00, 0x10, 0x00, 0x00, 0x00, 0x22, 0x00, 0x00, 0x00,
    0x24, 0x00, 0x00, 0x00, 0x18, 0xc9, 0xff, 0xff, 0x17, 0x00, 0x00, 0x00,
    0x63, 0x6f, 0x6e, 0x63, 0x61, 0x74, 0x5f, 0x31, 0x2f, 0x52, 0x65, 0x61,
    0x64, 0x56, 0x61, 0x72, 0x69, 0x61, 0x62, 0x6c, 0x65, 0x4f, 0x70, 0x00,
    0x04, 0x00, 0x00, 0x00, 0x01, 0x00, 0x00, 0x00, 0x04, 0x00, 0x00, 0x00,
    0x01, 0x00, 0x00, 0x00, 0x1e, 0x00, 0x00, 0x00, 0x26, 0xc9, 0xff, 0xff,
    0x00, 0x00, 0x00, 0x01, 0x14, 0x00, 0x00, 0x00, 0x14, 0x00, 0x00, 0x00,
    0x21, 0x00, 0x00, 0x00, 0x00, 0x00, 0x00, 0x0d, 0x18, 0x00, 0x00, 0x00,
    0x68, 0xc9, 0xff, 0xff, 0x08, 0x00, 0x00, 0x00, 0x73, 0x74, 0x72, 0x65,
    0x61, 0x6d, 0x5f, 0x35, 0x00, 0x00, 0x00, 0x00, 0x00, 0x00, 0x00, 0x00,
    0x5a, 0xc9, 0xff, 0xff, 0x00, 0x00, 0x00, 0x01, 0x14, 0x00, 0x00, 0x00,
    0x14, 0x00, 0x00, 0x00, 0x20, 0x00, 0x00, 0x00, 0x00, 0x00, 0x00, 0x0d,
    0x18, 0x00, 0x00, 0x00, 0x9c, 0xc9, 0xff, 0xff, 0x08, 0x00, 0x00, 0x00,
    0x73, 0x74, 0x72, 0x65, 0x61, 0x6d, 0x5f, 0x34, 0x00, 0x00, 0x00, 0x00,
    0x00, 0x00, 0x00, 0x00, 0x8e, 0xc9, 0xff, 0xff, 0x00, 0x00, 0x00, 0x01,
    0x14, 0x00, 0x00, 0x00, 0x14, 0x00, 0x00, 0x00, 0x1f, 0x00, 0x00, 0x00,
    0x00, 0x00, 0x00, 0x0d, 0x18, 0x00, 0x00, 0x00, 0xd0, 0xc9, 0xff, 0xff,
    0x08, 0x00, 0x00, 0x00, 0x73, 0x74, 0x72, 0x65, 0x61, 0x6d, 0x5f, 0x33,
    0x00, 0x00, 0x00, 0x00, 0x00, 0x00, 0x00, 0x00, 0xc2, 0xc9, 0xff, 0xff,
    0x00, 0x00, 0x00, 0x01, 0x14, 0x00, 0x00, 0x00, 0x14, 0x00, 0x00, 0x00,
    0x1e, 0x00, 0x00, 0x00, 0x00, 0x00, 0x00, 0x0d, 0x18, 0x00, 0x00, 0x00,
    0x04, 0xca, 0xff, 0xff, 0x08, 0x00, 0x00, 0x00, 0x73, 0x74, 0x72, 0x65,
    0x61, 0x6d, 0x5f, 0x32, 0x00, 0x00, 0x00, 0x00, 0x00, 0x00, 0x00, 0x00,
    0xf6, 0xc9, 0xff, 0xff, 0x00, 0x00, 0x00, 0x01, 0x14, 0x00, 0x00, 0x00,
    0x14, 0x00, 0x00, 0x00, 0x1d, 0x00, 0x00, 0x00, 0x00, 0x00, 0x00, 0x0d,
    0x18, 0x00, 0x00, 0x00, 0x38, 0xca, 0xff, 0xff, 0x08, 0x00, 0x00, 0x00,
    0x73, 0x74, 0x72, 0x65, 0x61, 0x6d, 0x5f, 0x31, 0x00, 0x00, 0x00, 0x00,
    0x00, 0x00, 0x00, 0x00, 0x2a, 0xca, 0xff, 0xff, 0x00, 0x00, 0x00, 0x01,
    0x14, 0x00, 0x00, 0x00, 0x14, 0x00, 0x00, 0x00, 0x1c, 0x00, 0x00, 0x00,
    0x00, 0x00, 0x00, 0x0d, 0x14, 0x00, 0x00, 0x00, 0x6c, 0xca, 0xff, 0xff,
    0x06, 0x00, 0x00, 0x00, 0x73, 0x74, 0x72, 0x65, 0x61, 0x6d, 0x00, 0x00,
    0x00, 0x00, 0x00, 0x00, 0x5a, 0xca, 0xff, 0xff, 0x00, 0x00, 0x00, 0x01,
    0x14, 0x00, 0x00, 0x00, 0x90, 0x01, 0x00, 0x00, 0x1b, 0x00, 0x00, 0x00,
    0x00, 0x00, 0x00, 0x09, 0x9c, 0x01, 0x00, 0x00, 0x44, 0xca, 0xff, 0xff,
    0x08, 0x00, 0x00, 0x00, 0xfc, 0x00, 0x00, 0x00, 0x1e, 0x00, 0x00, 0x00,
    0x00, 0x00, 0x00, 0x00, 0x00, 0x00, 0x00, 0x00, 0x00, 0x00, 0x00, 0x00,
    0x00, 0x00, 0x00, 0x00, 0x00, 0x00, 0x00, 0x00, 0x00, 0x00, 0x00, 0x00,
    0x00, 0x00, 0x00, 0x00, 0x00, 0x00, 0x00, 0x00, 0x00, 0x00, 0x00, 0x00,
    0x00, 0x00, 0x00, 0x00, 0x00, 0x00, 0x00, 0x00, 0x00, 0x00, 0x00, 0x00,
    0x00, 0x00, 0x00, 0x00, 0x00, 0x00, 0x00, 0x00, 0x00, 0x00, 0x00, 0x00,
    0x00, 0x00, 0x00, 0x00, 0x00, 0x00, 0x00, 0x00, 0x00, 0x00, 0x00, 0x00,
    0x00, 0x00, 0x00, 0x00, 0x00, 0x00, 0x00, 0x00, 0x00, 0x00, 0x00, 0x00,
    0x00, 0x00, 0x00, 0x00, 0x00, 0x00, 0x00, 0x00, 0x00, 0x00, 0x00, 0x00,
    0x00, 0x00, 0x00, 0x00, 0x00, 0x00, 0x00, 0x00, 0x00, 0x00, 0x00, 0x00,
    0x00, 0x00, 0x00, 0x00, 0x00, 0x00, 0x00, 0x00, 0x00, 0x00, 0x00, 0x00,
    0x00, 0x00, 0x00, 0x00, 0x00, 0x00, 0x00, 0x00, 0x00, 0x00, 0x00, 0x00,
    0x00, 0x00, 0x00, 0x00, 0x00, 0x00, 0x00, 0x00, 0x00, 0x00, 0x00, 0x00,
    0x00, 0x00, 0x00, 0x00, 0x00, 0x00, 0x00, 0x00, 0x00, 0x00, 0x00, 0x00,
    0x00, 0x00, 0x00, 0x00, 0x00, 0x00, 0x00, 0x00, 0x00, 0x00, 0x00, 0x00,
    0x00, 0x00, 0x00, 0x00, 0x00, 0x00, 0x00, 0x00, 0x00, 0x00, 0x00, 0x00,
    0x00, 0x00, 0x00, 0x00, 0x00, 0x00, 0x00, 0x00, 0x00, 0x00, 0x00, 0x00,
    0x00, 0x00, 0x00, 0x00, 0x00, 0x00, 0x00, 0x00, 0x00, 0x00, 0x00, 0x00,
    0x00, 0x00, 0x00, 0x00, 0x00, 0x00, 0x00, 0x00, 0x00, 0x00, 0x00, 0x00,
    0x00, 0x00, 0x00, 0x00, 0x00, 0x00, 0x00, 0x00, 0x00, 0x00, 0x00, 0x00,
    0x00, 0x00, 0x00, 0x00, 0x00, 0x00, 0x00, 0x00, 0x00, 0x00, 0x00, 0x00,
    0x00, 0x00, 0x00, 0x00, 0x1e, 0x00, 0x00, 0x00, 0x99, 0xa4, 0xc7, 0x3a,
    0x86, 0x07, 0x71, 0x3a, 0xcf, 0x3f, 0x43, 0x3b, 0x1d, 0x2c, 0x34, 0x3a,
    0x6b, 0xb9, 0x45, 0x3b, 0x7a, 0x62, 0xb8, 0x3a, 0xfe, 0x86, 0x8f, 0x3a,
    0xf0, 0xff, 0xa1, 0x3a, 0x70, 0xc3, 0x9d, 0x3a, 0x74, 0x5e, 0x3d, 0x3a,
    0x07, 0x91, 0x00, 0x3b, 0xa4, 0x74, 0x4e, 0x3a, 0x2d, 0x02, 0x76, 0x3a,
    0x53, 0x36, 0x85, 0x3a, 0x4c, 0x3b, 0xd5, 0x3a, 0x7e, 0x34, 0x4a, 0x3b,
    0x8f, 0x77, 0x53, 0x3a, 0x4b, 0x48, 0xee, 0x3a, 0xb1, 0x81, 0x58, 0x3a,
    0xed, 0x20, 0x81, 0x3a, 0xd9, 0x4e, 0xca, 0x3a, 0x8d, 0xa5, 0xf2, 0x3a,
    0x4a, 0xde, 0xe8, 0x3a, 0x70, 0xf4, 0x39, 0x3a, 0x07, 0x93, 0x8d, 0x3a,
    0x21, 0xc5, 0xee, 0x3a, 0x12, 0x37, 0xa1, 0x3a, 0x53, 0xf6, 0x95, 0x3a,
    0xb9, 0xfe, 0x2a, 0x3b, 0xba, 0x9b, 0x7e, 0x3a, 0x13, 0x00, 0x00, 0x00,
    0x74, 0x66, 0x6c, 0x2e, 0x70, 0x73, 0x65, 0x75, 0x64, 0x6f, 0x5f, 0x71,
    0x63, 0x6f, 0x6e, 0x73, 0x74, 0x31, 0x39, 0x00, 0x04, 0x00, 0x00, 0x00,
    0x1e, 0x00, 0x00, 0x00, 0x05, 0x00, 0x00, 0x00, 0x01, 0x00, 0x00, 0x00,
    0x28, 0x00, 0x00, 0x00, 0x22, 0xcc, 0xff, 0xff, 0x00, 0x00, 0x00, 0x01,
    0x14, 0x00, 0x00, 0x00, 0x90, 0x01, 0x00, 0x00, 0x1a, 0x00, 0x00, 0x00,
    0x00, 0x00, 0x00, 0x02, 0x9c, 0x01, 0x00, 0x00, 0x0c, 0xcc, 0xff, 0xff,
    0x08, 0x00, 0x00, 0x00, 0xfc, 0x00, 0x00, 0x00, 0x1e, 0x00, 0x00, 0x00,
    0x00, 0x00, 0x00, 0x00, 0x00, 0x00, 0x00, 0x00, 0x00, 0x00, 0x00, 0x00,
    0x00, 0x00, 0x00, 0x00, 0x00, 0x00, 0x00, 0x00, 0x00, 0x00, 0x00, 0x00,
    0x00, 0x00, 0x00, 0x00, 0x00, 0x00, 0x00, 0x00, 0x00, 0x00, 0x00, 0x00,
    0x00, 0x00, 0x00, 0x00, 0x00, 0x00, 0x00, 0x00, 0x00, 0x00, 0x00, 0x00,
    0x00, 0x00, 0x00, 0x00, 0x00, 0x00, 0x00, 0x00, 0x00, 0x00, 0x00, 0x00,
    0x00, 0x00, 0x00, 0x00, 0x00, 0x00, 0x00, 0x00, 0x00, 0x00, 0x00, 0x00,
    0x00, 0x00, 0x00, 0x00, 0x00, 0x00, 0x00, 0x00, 0x00, 0x00, 0x00, 0x00,
    0x00, 0x00, 0x00, 0x00, 0x00, 0x00, 0x00, 0x00, 0x00, 0x00, 0x00, 0x00,
    0x00, 0x00, 0x00, 0x00, 0x00, 0x00, 0x00, 0x00, 0x00, 0x00, 0x00, 0x00,
    0x00, 0x00, 0x00, 0x00, 0x00, 0x00, 0x00, 0x00, 0x00, 0x00, 0x00, 0x00,
    0x00, 0x00, 0x00, 0x00, 0x00, 0x00, 0x00, 0x00, 0x00, 0x00, 0x00, 0x00,
    0x00, 0x00, 0x00, 0x00, 0x00, 0x00, 0x00, 0x00, 0x00, 0x00, 0x00, 0x00,
    0x00, 0x00, 0x00, 0x00, 0x00, 0x00, 0x00, 0x00, 0x00, 0x00, 0x00, 0x00,
    0x00, 0x00, 0x00, 0x00, 0x00, 0x00, 0x00, 0x00, 0x00, 0x00, 0x00, 0x00,
    0x00, 0x00, 0x00, 0x00, 0x00, 0x00, 0x00, 0x00, 0x00, 0x00, 0x00, 0x00,
    0x00, 0x00, 0x00, 0x00, 0x00, 0x00, 0x00, 0x00, 0x00, 0x00, 0x00, 0x00,
    0x00, 0x00, 0x00, 0x00, 0x00, 0x00, 0x00, 0x00, 0x00, 0x00, 0x00, 0x00,
    0x00, 0x00, 0x00, 0x00, 0x00, 0x00, 0x00, 0x00, 0x00, 0x00, 0x00, 0x00,
    0x00, 0x00, 0x00, 0x00, 0x00, 0x00, 0x00, 0x00, 0x00, 0x00, 0x00, 0x00,
    0x00, 0x00, 0x00, 0x00, 0x00, 0x00, 0x00, 0x00, 0x00, 0x00, 0x00, 0x00,
    0x00, 0x00, 0x00, 0x00, 0x1e, 0x00, 0x00, 0x00, 0x07, 0x6d, 0x48, 0x37,
    0x80, 0xf9, 0xf1, 0x36, 0xd4, 0x03, 0xc4, 0x37, 0xff, 0xe0, 0xb4, 0x36,
    0xec, 0x7f, 0xc6, 0x37, 0x96, 0x1b, 0x39, 0x37, 0x16, 0x17, 0x10, 0x37,
    0x93, 0xa2, 0x22, 0x37, 0xd2, 0x61, 0x1e, 0x37, 0x91, 0x1c, 0xbe, 0x36,
    0x1a, 0x12, 0x81, 0x37, 0xe9, 0x43, 0xcf, 0x36, 0x27, 0xf9, 0xf6, 0x36,
    0x10, 0xbc, 0x05, 0x37, 0x5e, 0x11, 0x56, 0x37, 0x7e, 0xff, 0xca, 0x37,
    0xdc, 0x4b, 0xd4, 0x36, 0x83, 0x37, 0x6f, 0x37, 0x0d, 0x5b, 0xd9, 0x36,
    0x90, 0xa2, 0x01, 0x37, 0xf4, 0x19, 0x4b, 0x37, 0x27, 0x99, 0x73, 0x37,
    0x13, 0xc8, 0x69, 0x37, 0x20, 0xaf, 0xba, 0x36, 0x29, 0x21, 0x0e, 0x37,
    0xd7, 0xb4, 0x6f, 0x37, 0xec, 0xd8, 0x21, 0x37, 0xe0, 0x8c, 0x16, 0x37,
    0x64, 0xaa, 0xab, 0x37, 0x56, 0x9b, 0xff, 0x36, 0x13, 0x00, 0x00, 0x00,
    0x74, 0x66, 0x6c, 0x2e, 0x70, 0x73, 0x65, 0x75, 0x64, 0x6f, 0x5f, 0x71,
    0x63, 0x6f, 0x6e, 0x73, 0x74, 0x31, 0x38, 0x00, 0x01, 0x00, 0x00, 0x00,
    0x1e, 0x00, 0x00, 0x00, 0xde, 0xcd, 0xff, 0xff, 0x00, 0x00, 0x00, 0x01,
    0x14, 0x00, 0x00, 0x00, 0x94, 0x01, 0x00, 0x00, 0x19, 0x00, 0x00, 0x00,
    0x00, 0x00, 0x00, 0x09, 0xa0, 0x01, 0x00, 0x00, 0xc2, 0xdc, 0xff, 0xff,
    0x03, 0x00, 0x00, 0x00, 0x08, 0x00, 0x00, 0x00, 0xfc, 0x00, 0x00, 0x00,
    0x1e, 0x00, 0x00, 0x00, 0x00, 0x00, 0x00, 0x00, 0x00, 0x00, 0x00, 0x00,
    0x00, 0x00, 0x00, 0x00, 0x00, 0x00, 0x00, 0x00, 0x00, 0x00, 0x00, 0x00,
    0x00, 0x00, 0x00, 0x00, 0x00, 0x00, 0x00, 0x00, 0x00, 0x00, 0x00, 0x00,
    0x00, 0x00, 0x00, 0x00, 0x00, 0x00, 0x00, 0x00, 0x00, 0x00, 0x00, 0x00,
    0x00, 0x00, 0x00, 0x00, 0x00, 0x00, 0x00, 0x00, 0x00, 0x00, 0x00, 0x00,
    0x00, 0x00, 0x00, 0x00, 0x00, 0x00, 0x00, 0x00, 0x00, 0x00, 0x00, 0x00,
    0x00, 0x00, 0x00, 0x00, 0x00, 0x00, 0x00, 0x00, 0x00, 0x00, 0x00, 0x00,
    0x00, 0x00, 0x00, 0x00, 0x00, 0x00, 0x00, 0x00, 0x00, 0x00, 0x00, 0x00,
    0x00, 0x00, 0x00, 0x00, 0x00, 0x00, 0x00, 0x00, 0x00, 0x00, 0x00, 0x00,
    0x00, 0x00, 0x00, 0x00, 0x00, 0x00, 0x00, 0x00, 0x00, 0x00, 0x00, 0x00,
    0x00, 0x00, 0x00, 0x00, 0x00, 0x00, 0x00, 0x00, 0x00, 0x00, 0x00, 0x00,
    0x00, 0x00, 0x00, 0x00, 0x00, 0x00, 0x00, 0x00, 0x00, 0x00, 0x00, 0x00,
    0x00, 0x00, 0x00, 0x00, 0x00, 0x00, 0x00, 0x00, 0x00, 0x00, 0x00, 0x00,
    0x00, 0x00, 0x00, 0x00, 0x00, 0x00, 0x00, 0x00, 0x00, 0x00, 0x00, 0x00,
    0x00, 0x00, 0x00, 0x00, 0x00, 0x00, 0x00, 0x00, 0x00, 0x00, 0x00, 0x00,
    0x00, 0x00, 0x00, 0x00, 0x00, 0x00, 0x00, 0x00, 0x00, 0x00, 0x00, 0x00,
    0x00, 0x00, 0x00, 0x00, 0x00, 0x00, 0x00, 0x00, 0x00, 0x00, 0x00, 0x00,
    0x00, 0x00, 0x00, 0x00, 0x00, 0x00, 0x00, 0x00, 0x00, 0x00, 0x00, 0x00,
    0x00, 0x00, 0x00, 0x00, 0x00, 0x00, 0x00, 0x00, 0x00, 0x00, 0x00, 0x00,
    0x00, 0x00, 0x00, 0x00, 0x00, 0x00, 0x00, 0x00, 0x00, 0x00, 0x00, 0x00,
    0x00, 0x00, 0x00, 0x00, 0x00, 0x00, 0x00, 0x00, 0x1e, 0x00, 0x00, 0x00,
    0xd8, 0x10, 0xf6, 0x3a, 0xbd, 0xa6, 0x0d, 0x3b, 0xc8, 0xe5, 0x0f, 0x3b,
    0xeb, 0x40, 0xab, 0x3a, 0x1e, 0xb0, 0x04, 0x3b, 0xb8, 0x4e, 0x8b, 0x3a,
    0x69, 0x62, 0xb1, 0x3a, 0xc1, 0x49, 0xc1, 0x3a, 0xa9, 0xa2, 0xe9, 0x3a,
    0x73, 0x3a, 0x90, 0x3a, 0x33, 0x9e, 0x13, 0x3b, 0x09, 0x3d, 0xa2, 0x3a,
    0xa0, 0xe9, 0x8a, 0x3a, 0xb3, 0x7e, 0xf1, 0x3a, 0x9a, 0x24, 0xd6, 0x3a,
    0x56, 0xa6, 0x10, 0x3b, 0x37, 0x0c, 0xa5, 0x3a, 0x6b, 0x29, 0xa3, 0x3a,
    0x4e, 0x3f, 0x80, 0x3a, 0xa8, 0xc4, 0x82, 0x3a, 0x2d, 0xfd, 0xed, 0x3a,
    0xf6, 0x94, 0xeb, 0x3a, 0x6e, 0x99, 0xc7, 0x3a, 0x79, 0x29, 0xa1, 0x3a,
    0x22, 0x03, 0xba, 0x3a, 0xe4, 0x04, 0xb8, 0x3a, 0xe3, 0xd0, 0x98, 0x3a,
    0x7c, 0x06, 0x88, 0x3a, 0x2b, 0xe5, 0x7f, 0x3a, 0x50, 0xea, 0x96, 0x3a,
    0x13, 0x00, 0x00, 0x00, 0x74, 0x66, 0x6c, 0x2e, 0x70, 0x73, 0x65, 0x75,
    0x64, 0x6f, 0x5f, 0x71, 0x63, 0x6f, 0x6e, 0x73, 0x74, 0x31, 0x37, 0x00,
    0x04, 0x00, 0x00, 0x00, 0x01, 0x00, 0x00, 0x00, 0x05, 0x00, 0x00, 0x00,
    0x01, 0x00, 0x00, 0x00, 0x1e, 0x00, 0x00, 0x00, 0xaa, 0xcf, 0xff, 0xff,
    0x00, 0x00, 0x00, 0x01, 0x14, 0x00, 0x00, 0x00, 0x8c, 0x01, 0x00, 0x00,
    0x18, 0x00, 0x00, 0x00, 0x00, 0x00, 0x00, 0x02, 0x98, 0x01, 0x00, 0x00,
    0x94, 0xcf, 0xff, 0xff, 0x08, 0x00, 0x00, 0x00, 0xf8, 0x00, 0x00, 0x00,
    0x1e, 0x00, 0x00, 0x00, 0x00, 0x00, 0x00, 0x00, 0x00, 0x00, 0x00, 0x00,
    0x00, 0x00, 0x00, 0x00, 0x00, 0x00, 0x00, 0x00, 0x00, 0x00, 0x00, 0x00,
    0x00, 0x00, 0x00, 0x00, 0x00, 0x00, 0x00, 0x00, 0x00, 0x00, 0x00, 0x00,
    0x00, 0x00, 0x00, 0x00, 0x00, 0x00, 0x00, 0x00, 0x00, 0x00, 0x00, 0x00,
    0x00, 0x00, 0x00, 0x00, 0x00, 0x00, 0x00, 0x00, 0x00, 0x00, 0x00, 0x00,
    0x00, 0x00, 0x00, 0x00, 0x00, 0x00, 0x00, 0x00, 0x00, 0x00, 0x00, 0x00,
    0x00, 0x00, 0x00, 0x00, 0x00, 0x00, 0x00, 0x00, 0x00, 0x00, 0x00, 0x00,
    0x00, 0x00, 0x00, 0x00, 0x00, 0x00, 0x00, 0x00, 0x00, 0x00, 0x00, 0x00,
    0x00, 0x00, 0x00, 0x00, 0x00, 0x00, 0x00, 0x00, 0x00, 0x00, 0x00, 0x00,
    0x00, 0x00, 0x00, 0x00, 0x00, 0x00, 0x00, 0x00, 0x00, 0x00, 0x00, 0x00,
    0x00, 0x00, 0x00, 0x00, 0x00, 0x00, 0x00, 0x00, 0x00, 0x00, 0x00, 0x00,
    0x00, 0x00, 0x00, 0x00, 0x00, 0x00, 0x00, 0x00, 0x00, 0x00, 0x00, 0x00,
    0x00, 0x00, 0x00, 0x00, 0x00, 0x00, 0x00, 0x00, 0x00, 0x00, 0x00, 0x00,
    0x00, 0x00, 0x00, 0x00, 0x00, 0x00, 0x00, 0x00, 0x00, 0x00, 0x00, 0x00,
    0x00, 0x00, 0x00, 0x00, 0x00, 0x00, 0x00, 0x00, 0x00, 0x00, 0x00, 0x00,
    0x00, 0x00, 0x00, 0x00, 0x00, 0x00, 0x00, 0x00, 0x00, 0x00, 0x00, 0x00,
    0x00, 0x00, 0x00, 0x00, 0x00, 0x00, 0x00, 0x00, 0x00, 0x00, 0x00, 0x00,
    0x00, 0x00, 0x00, 0x00, 0x00, 0x00, 0x00, 0x00, 0x00, 0x00, 0x00, 0x00,
    0x00, 0x00, 0x00, 0x00, 0x00, 0x00, 0x00, 0x00, 0x00, 0x00, 0x00, 0x00,
    0x00, 0x00, 0x00, 0x00, 0x00, 0x00, 0x00, 0x00, 0x00, 0x00, 0x00, 0x00,
    0x00, 0x00, 0x00, 0x00, 0x1e, 0x00, 0x00, 0x00, 0xa0, 0x34, 0x01, 0x38,
    0x13, 0xc2, 0x14, 0x38, 0xf7, 0x1d, 0x17, 0x38, 0x75, 0xd8, 0xb3, 0x37,
    0x54, 0x58, 0x0b, 0x38, 0xf3, 0x4b, 0x92, 0x37, 0xb1, 0x48, 0xba, 0x37,
    0x4c, 0xfc, 0xca, 0x37, 0x6a, 0x5b, 0xf5, 0x37, 0xe2, 0x76, 0x97, 0x37,
    0x2b, 0x06, 0x1b, 0x38, 0xc9, 0x60, 0xaa, 0x37, 0xc9, 0xe1, 0x91, 0x37,
    0x66, 0x9c, 0xfd, 0x37, 0x00, 0xe3, 0xe0, 0x37, 0x2e, 0xe8, 0x17, 0x38,
    0x0c, 0x54, 0xad, 0x37, 0x07, 0x59, 0xab, 0x37, 0x7b, 0xae, 0x86, 0x37,
    0x36, 0x54, 0x89, 0x37, 0xd9, 0xed, 0xf9, 0x37, 0xb7, 0x66, 0xf7, 0x37,
    0x09, 0x9d, 0xd1, 0x37, 0x66, 0x3f, 0xa9, 0x37, 0x3a, 0x58, 0xc3, 0x37,
    0x63, 0x40, 0xc1, 0x37, 0x9e, 0x7b, 0xa0, 0x37, 0x8f, 0xd9, 0x8e, 0x37,
    0xe9, 0x5d, 0x86, 0x37, 0xa1, 0x7c, 0x9e, 0x37, 0x13, 0x00, 0x00, 0x00,
    0x74, 0x66, 0x6c, 0x2e, 0x70, 0x73, 0x65, 0x75, 0x64, 0x6f, 0x5f, 0x71,
    0x63, 0x6f, 0x6e, 0x73, 0x74, 0x31, 0x36, 0x00, 0x01, 0x00, 0x00, 0x00,
    0x1e, 0x00, 0x00, 0x00, 0x62, 0xd1, 0xff, 0xff, 0x00, 0x00, 0x00, 0x01,
    0x14, 0x00, 0x00, 0x00, 0xf8, 0x02, 0x00, 0x00, 0x17, 0x00, 0x00, 0x00,
    0x00, 0x00, 0x00, 0x09, 0x04, 0x03, 0x00, 0x00, 0x4c, 0xd1, 0xff, 0xff,
    0x08, 0x00, 0x00, 0x00, 0xec, 0x01, 0x00, 0x00, 0x3c, 0x00, 0x00, 0x00,
    0x00, 0x00, 0x00, 0x00, 0x00, 0x00, 0x00, 0x00, 0x00, 0x00, 0x00, 0x00,
    0x00, 0x00, 0x00, 0x00, 0x00, 0x00, 0x00, 0x00, 0x00, 0x00, 0x00, 0x00,
    0x00, 0x00, 0x00, 0x00, 0x00, 0x00, 0x00, 0x00, 0x00, 0x00, 0x00, 0x00,
    0x00, 0x00, 0x00, 0x00, 0x00, 0x00, 0x00, 0x00, 0x00, 0x00, 0x00, 0x00,
    0x00, 0x00, 0x00, 0x00, 0x00, 0x00, 0x00, 0x00, 0x00, 0x00, 0x00, 0x00,
    0x00, 0x00, 0x00, 0x00, 0x00, 0x00, 0x00, 0x00, 0x00, 0x00, 0x00, 0x00,
    0x00, 0x00, 0x00, 0x00, 0x00, 0x00, 0x00, 0x00, 0x00, 0x00, 0x00, 0x00,
    0x00, 0x00, 0x00, 0x00, 0x00, 0x00, 0x00, 0x00, 0x00, 0x00, 0x00, 0x00,
    0x00, 0x00, 0x00, 0x00, 0x00, 0x00, 0x00, 0x00, 0x00, 0x00, 0x00, 0x00,
    0x00, 0x00, 0x00, 0x00, 0x00, 0x00, 0x00, 0x00, 0x00, 0x00, 0x00, 0x00,
    0x00, 0x00, 0x00, 0x00, 0x00, 0x00, 0x00, 0x00, 0x00, 0x00, 0x00, 0x00,
    0x00, 0x00, 0x00, 0x00, 0x00, 0x00, 0x00, 0x00, 0x00, 0x00, 0x00, 0x00,
    0x00, 0x00, 0x00, 0x00, 0x00, 0x00, 0x00, 0x00, 0x00, 0x00, 0x00, 0x00,
    0x00, 0x00, 0x00, 0x00, 0x00, 0x00, 0x00, 0x00, 0x00, 0x00, 0x00, 0x00,
    0x00, 0x00, 0x00, 0x00, 0x00, 0x00, 0x00, 0x00, 0x00, 0x00, 0x00, 0x00,
    0x00, 0x00, 0x00, 0x00, 0x00, 0x00, 0x00, 0x00, 0x00, 0x00, 0x00, 0x00,
    0x00, 0x00, 0x00, 0x00, 0x00, 0x00, 0x00, 0x00, 0x00, 0x00, 0x00, 0x00,
    0x00, 0x00, 0x00, 0x00, 0x00, 0x00, 0x00, 0x00, 0x00, 0x00, 0x00, 0x00,
    0x00, 0x00, 0x00, 0x00, 0x00, 0x00, 0x00, 0x00, 0x00, 0x00, 0x00, 0x00,
    0x00, 0x00, 0x00, 0x00, 0x00, 0x00, 0x00, 0x00, 0x00, 0x00, 0x00, 0x00,
    0x00, 0x00, 0x00, 0x00, 0x00, 0x00, 0x00, 0x00, 0x00, 0x00, 0x00, 0x00,
    0x00, 0x00, 0x00, 0x00, 0x00, 0x00, 0x00, 0x00, 0x00, 0x00, 0x00, 0x00,
    0x00, 0x00, 0x00, 0x00, 0x00, 0x00, 0x00, 0x00, 0x00, 0x00, 0x00, 0x00,
    0x00, 0x00, 0x00, 0x00, 0x00, 0x00, 0x00, 0x00, 0x00, 0x00, 0x00, 0x00,
    0x00, 0x00, 0x00, 0x00, 0x00, 0x00, 0x00, 0x00, 0x00, 0x00, 0x00, 0x00,
    0x00, 0x00, 0x00, 0x00, 0x00, 0x00, 0x00, 0x00, 0x00, 0x00, 0x00, 0x00,
    0x00, 0x00, 0x00, 0x00, 0x00, 0x00, 0x00, 0x00, 0x00, 0x00, 0x00, 0x00,
    0x00, 0x00, 0x00, 0x00, 0x00, 0x00, 0x00, 0x00, 0x00, 0x00, 0x00, 0x00,
    0x00, 0x00, 0x00, 0x00, 0x00, 0x00, 0x00, 0x00, 0x00, 0x00, 0x00, 0x00,
    0x00, 0x00, 0x00, 0x00, 0x00, 0x00, 0x00, 0x00, 0x00, 0x00, 0x00, 0x00,
    0x00, 0x00, 0x00, 0x00, 0x00, 0x00, 0x00, 0x00, 0x00, 0x00, 0x00, 0x00,
    0x00, 0x00, 0x00, 0x00, 0x00, 0x00, 0x00, 0x00, 0x00, 0x00, 0x00, 0x00,
    0x00, 0x00, 0x00, 0x00, 0x00, 0x00, 0x00, 0x00, 0x00, 0x00, 0x00, 0x00,
    0x00, 0x00, 0x00, 0x00, 0x00, 0x00, 0x00, 0x00, 0x00, 0x00, 0x00, 0x00,
    0x00, 0x00, 0x00, 0x00, 0x00, 0x00, 0x00, 0x00, 0x00, 0x00, 0x00, 0x00,
    0x00, 0x00, 0x00, 0x00, 0x00, 0x00, 0x00, 0x00, 0x00, 0x00, 0x00, 0x00,
    0x00, 0x00, 0x00, 0x00, 0x00, 0x00, 0x00, 0x00, 0x00, 0x00, 0x00, 0x00,
    0x00, 0x00, 0x00, 0x00, 0x00, 0x00, 0x00, 0x00, 0x00, 0x00, 0x00, 0x00,
    0x00, 0x00, 0x00, 0x00, 0x00, 0x00, 0x00, 0x00, 0x00, 0x00, 0x00, 0x00,
    0x00, 0x00, 0x00, 0x00, 0x00, 0x00, 0x00, 0x00, 0x00, 0x00, 0x00, 0x00,
    0x00, 0x00, 0x00, 0x00, 0x3c, 0x00, 0x00, 0x00, 0x09, 0x70, 0x33, 0x3c,
    0x8d, 0xd8, 0xa7, 0x3c, 0x6e, 0x69, 0x25, 0x3c, 0x11, 0x80, 0x3b, 0x3c,
    0x98, 0xd4, 0x21, 0x3c, 0xb7, 0x80, 0x16, 0x3c, 0x00, 0xd4, 0x1d, 0x3c,
    0x23, 0xfb, 0x67, 0x3c, 0xff, 0x03, 0x2a, 0x3c, 0x19, 0x53, 0x65, 0x3c,
    0x98, 0x15, 0xa5, 0x3c, 0x9f, 0xa4, 0x8c, 0x3c, 0x4c, 0x64, 0x1d, 0x3c,
    0x95, 0xca, 0x75, 0x3c, 0x7f, 0xe0, 0x58, 0x3c, 0xed, 0xf3, 0x96, 0x3c,
    0xfc, 0xa7, 0x35, 0x3c, 0x6d, 0xa4, 0x6a, 0x3c, 0x83, 0xde, 0x89, 0x3c,
    0x9d, 0x90, 0x93, 0x3c, 0x0f, 0x4a, 0x7f, 0x3c, 0x46, 0x7c, 0x2a, 0x3c,
    0x4c, 0x6a, 0x61, 0x3c, 0x6e, 0x83, 0x65, 0x3c, 0xe8, 0x42, 0x3a, 0x3c,
    0x9d, 0x95, 0x83, 0x3c, 0x35, 0xd5, 0x40, 0x3c, 0xf1, 0x54, 0x72, 0x3c,
    0xe4, 0xb5, 0x80, 0x3c, 0xf6, 0xf9, 0x3a, 0x3c, 0x1f, 0x43, 0x87, 0x3c,
    0xfa, 0x49, 0x44, 0x3c, 0xfb, 0x76, 0xa8, 0x3c, 0xb2, 0x50, 0x32, 0x3c,
    0x8f, 0xb8, 0x48, 0x3c, 0x38, 0xbe, 0x5b, 0x3c, 0x25, 0x9c, 0x6d, 0x3c,
    0xb7, 0x23, 0x86, 0x3c, 0x8c, 0x31, 0x7f, 0x3c, 0xcc, 0xcb, 0x42, 0x3c,
    0xbd, 0xdc, 0x27, 0x3c, 0xfe, 0x71, 0x74, 0x3c, 0xd9, 0x9b, 0x2c, 0x3c,
    0x63, 0xa7, 0x74, 0x3c, 0xcd, 0x7f, 0x8b, 0x3c, 0x85, 0xde, 0x52, 0x3c,
    0x46, 0x30, 0x31, 0x3c, 0x72, 0xdb, 0x2d, 0x3c, 0x0d, 0x4e, 0xa4, 0x3c,
    0x2e, 0xa0, 0x80, 0x3c, 0xb3, 0x04, 0x69, 0x3c, 0x09, 0x8e, 0x43, 0x3c,
    0x77, 0xaa, 0x64, 0x3c, 0xf8, 0x36, 0x65, 0x3c, 0x3e, 0x25, 0xa9, 0x3c,
    0x66, 0x6d, 0x6f, 0x3c, 0xf3, 0xb2, 0x89, 0x3c, 0x5b, 0x64, 0x82, 0x3c,
    0xe4, 0xd9, 0x1e, 0x3c, 0x82, 0xf7, 0x9c, 0x3c, 0x13, 0x00, 0x00, 0x00,
    0x74, 0x66, 0x6c, 0x2e, 0x70, 0x73, 0x65, 0x75, 0x64, 0x6f, 0x5f, 0x71,
    0x63, 0x6f, 0x6e, 0x73, 0x74, 0x31, 0x35, 0x00, 0x04, 0x00, 0x00, 0x00,
    0x3c, 0x00, 0x00, 0x00, 0x01, 0x00, 0x00, 0x00, 0x01, 0x00, 0x00, 0x00,
    0x1e, 0x00, 0x00, 0x00, 0x92, 0xd4, 0xff, 0xff, 0x00, 0x00, 0x00, 0x01,
    0x14, 0x00, 0x00, 0x00, 0xf8, 0x02, 0x00, 0x00, 0x16, 0x00, 0x00, 0x00,
    0x00, 0x00, 0x00, 0x02, 0x04, 0x03, 0x00, 0x00, 0x7c, 0xd4, 0xff, 0xff,
    0x08, 0x00, 0x00, 0x00, 0xec, 0x01, 0x00, 0x00, 0x3c, 0x00, 0x00, 0x00,
    0x00, 0x00, 0x00, 0x00, 0x00, 0x00, 0x00, 0x00, 0x00, 0x00, 0x00, 0x00,
    0x00, 0x00, 0x00, 0x00, 0x00, 0x00, 0x00, 0x00, 0x00, 0x00, 0x00, 0x00,
    0x00, 0x00, 0x00, 0x00, 0x00, 0x00, 0x00, 0x00, 0x00, 0x00, 0x00, 0x00,
    0x00, 0x00, 0x00, 0x00, 0x00, 0x00, 0x00, 0x00, 0x00, 0x00, 0x00, 0x00,
    0x00, 0x00, 0x00, 0x00, 0x00, 0x00, 0x00, 0x00, 0x00, 0x00, 0x00, 0x00,
    0x00, 0x00, 0x00, 0x00, 0x00, 0x00, 0x00, 0x00, 0x00, 0x00, 0x00, 0x00,
    0x00, 0x00, 0x00, 0x00, 0x00, 0x00, 0x00, 0x00, 0x00, 0x00, 0x00, 0x00,
    0x00, 0x00, 0x00, 0x00, 0x00, 0x00, 0x00, 0x00, 0x00, 0x00, 0x00, 0x00,
    0x00, 0x00, 0x00, 0x00, 0x00, 0x00, 0x00, 0x00, 0x00, 0x00, 0x00, 0x00,
    0x00, 0x00, 0x00, 0x00, 0x00, 0x00, 0x00, 0x00, 0x00, 0x00, 0x00, 0x00,
    0x00, 0x00, 0x00, 0x00, 0x00, 0x00, 0x00, 0x00, 0x00, 0x00, 0x00, 0x00,
    0x00, 0x00, 0x00, 0x00, 0x00, 0x00, 0x00, 0x00, 0x00, 0x00, 0x00, 0x00,
    0x00, 0x00, 0x00, 0x00, 0x00, 0x00, 0x00, 0x00, 0x00, 0x00, 0x00, 0x00,
    0x00, 0x00, 0x00, 0x00, 0x00, 0x00, 0x00, 0x00, 0x00, 0x00, 0x00, 0x00,
    0x00, 0x00, 0x00, 0x00, 0x00, 0x00, 0x00, 0x00, 0x00, 0x00, 0x00, 0x00,
    0x00, 0x00, 0x00, 0x00, 0x00, 0x00, 0x00, 0x00, 0x00, 0x00, 0x00, 0x00,
    0x00, 0x00, 0x00, 0x00, 0x00, 0x00, 0x00, 0x00, 0x00, 0x00, 0x00, 0x00,
    0x00, 0x00, 0x00, 0x00, 0x00, 0x00, 0x00, 0x00, 0x00, 0x00, 0x00, 0x00,
    0x00, 0x00, 0x00, 0x00, 0x00, 0x00, 0x00, 0x00, 0x00, 0x00, 0x00, 0x00,
    0x00, 0x00, 0x00, 0x00, 0x00, 0x00, 0x00, 0x00, 0x00, 0x00, 0x00, 0x00,
    0x00, 0x00, 0x00, 0x00, 0x00, 0x00, 0x00, 0x00, 0x00, 0x00, 0x00, 0x00,
    0x00, 0x00, 0x00, 0x00, 0x00, 0x00, 0x00, 0x00, 0x00, 0x00, 0x00, 0x00,
    0x00, 0x00, 0x00, 0x00, 0x00, 0x00, 0x00, 0x00, 0x00, 0x00, 0x00, 0x00,
    0x00, 0x00, 0x00, 0x00, 0x00, 0x00, 0x00, 0x00, 0x00, 0x00, 0x00, 0x00,
    0x00, 0x00, 0x00, 0x00, 0x00, 0x00, 0x00, 0x00, 0x00, 0x00, 0x00, 0x00,
    0x00, 0x00, 0x00, 0x00, 0x00, 0x00, 0x00, 0x00, 0x00, 0x00, 0x00, 0x00,
    0x00, 0x00, 0x00, 0x00, 0x00, 0x00, 0x00, 0x00, 0x00, 0x00, 0x00, 0x00,
    0x00, 0x00, 0x00, 0x00, 0x00, 0x00, 0x00, 0x00, 0x00, 0x00, 0x00, 0x00,
    0x00, 0x00, 0x00, 0x00, 0x00, 0x00, 0x00, 0x00, 0x00, 0x00, 0x00, 0x00,
    0x00, 0x00, 0x00, 0x00, 0x00, 0x00, 0x00, 0x00, 0x00, 0x00, 0x00, 0x00,
    0x00, 0x00, 0x00, 0x00, 0x00, 0x00, 0x00, 0x00, 0x00, 0x00, 0x00, 0x00,
    0x00, 0x00, 0x00, 0x00, 0x00, 0x00, 0x00, 0x00, 0x00, 0x00, 0x00, 0x00,
    0x00, 0x00, 0x00, 0x00, 0x00, 0x00, 0x00, 0x00, 0x00, 0x00, 0x00, 0x00,
    0x00, 0x00, 0x00, 0x00, 0x00, 0x00, 0x00, 0x00, 0x00, 0x00, 0x00, 0x00,
    0x00, 0x00, 0x00, 0x00, 0x00, 0x00, 0x00, 0x00, 0x00, 0x00, 0x00, 0x00,
    0x00, 0x00, 0x00, 0x00, 0x00, 0x00, 0x00, 0x00, 0x00, 0x00, 0x00, 0x00,
    0x00, 0x00, 0x00, 0x00, 0x00, 0x00, 0x00, 0x00, 0x00, 0x00, 0x00, 0x00,
    0x00, 0x00, 0x00, 0x00, 0x00, 0x00, 0x00, 0x00, 0x00, 0x00, 0x00, 0x00,
    0x00, 0x00, 0x00, 0x00, 0x00, 0x00, 0x00, 0x00, 0x00, 0x00, 0x00, 0x00,
    0x00, 0x00, 0x00, 0x00, 0x00, 0x00, 0x00, 0x00, 0x00, 0x00, 0x00, 0x00,
    0x00, 0x00, 0x00, 0x00, 0x3c, 0x00, 0x00, 0x00, 0xe7, 0x12, 0xed, 0x38,
    0x40, 0xc2, 0x5d, 0x39, 0xfb, 0x8a, 0xda, 0x38, 0xe9, 0xb9, 0xf7, 0x38,
    0xa7, 0xcf, 0xd5, 0x38, 0x51, 0xd8, 0xc6, 0x38, 0xf4, 0x85, 0xd0, 0x38,
    0x48, 0x3f, 0x19, 0x39, 0x1b, 0xa0, 0xe0, 0x38, 0x0c, 0x7e, 0x17, 0x39,
    0x37, 0x1c, 0x5a, 0x39, 0x79, 0xd1, 0x39, 0x39, 0x5f, 0xf2, 0xcf, 0x38,
    0xce, 0x5e, 0x22, 0x39, 0xf8, 0x44, 0x0f, 0x39, 0x89, 0x70, 0x47, 0x39,
    0x48, 0x01, 0xf0, 0x38, 0x58, 0x01, 0x1b, 0x39, 0x46, 0x27, 0x36, 0x39,
    0xa3, 0xf6, 0x42, 0x39, 0x0b, 0xa5, 0x28, 0x39, 0x04, 0x3f, 0xe1, 0x38,
    0xea, 0xe8, 0x14, 0x39, 0xf9, 0x9d, 0x17, 0x39, 0xe1, 0x16, 0xf6, 0x38,
    0x97, 0xd9, 0x2d, 0x39, 0x8b, 0xc5, 0xfe, 0x38, 0xc0, 0x15, 0x20, 0x39,
    0x8d, 0x0d, 0x2a, 0x39, 0xbb, 0x08, 0xf7, 0x38, 0x84, 0xb5, 0x32, 0x39,
    0x40, 0xab, 0x01, 0x39, 0x91, 0x93, 0x5e, 0x39, 0x45, 0x97, 0xeb, 0x38,
    0xc2, 0x98, 0x04, 0x39, 0xab, 0x29, 0x11, 0x39, 0x37, 0xf7, 0x1c, 0x39,
    0xcb, 0x39, 0x31, 0x39, 0xda, 0x94, 0x28, 0x39, 0xc8, 0xae, 0x00, 0x39,
    0xc8, 0xc7, 0xdd, 0x38, 0x2b, 0x7b, 0x21, 0x39, 0x31, 0x0d, 0xe4, 0x38,
    0x71, 0x9e, 0x21, 0x39, 0x99, 0x4e, 0x38, 0x39, 0xfa, 0x4c, 0x0b, 0x39,
    0x34, 0x1a, 0xea, 0x38, 0x72, 0xb3, 0xe5, 0x38, 0x94, 0x14, 0x59, 0x39,
    0xdd, 0xf0, 0x29, 0x39, 0xb6, 0xee, 0x19, 0x39, 0x19, 0x2f, 0x01, 0x39,
    0xa5, 0x0e, 0x17, 0x39, 0x77, 0x6b, 0x17, 0x39, 0xce, 0x79, 0x5f, 0x39,
    0x90, 0x2a, 0x1e, 0x39, 0xb8, 0xed, 0x35, 0x39, 0x48, 0x46, 0x2c, 0x39,
    0xf7, 0xdf, 0xd1, 0x38, 0xa3, 0x62, 0x4f, 0x39, 0x13, 0x00, 0x00, 0x00,
    0x74, 0x66, 0x6c, 0x2e, 0x70, 0x73, 0x65, 0x75, 0x64, 0x6f, 0x5f, 0x71,
    0x63, 0x6f, 0x6e, 0x73, 0x74, 0x31, 0x34, 0x00, 0x01, 0x00, 0x00, 0x00,
    0x3c, 0x00, 0x00, 0x00, 0xb6, 0xd7, 0xff, 0xff, 0x00, 0x00, 0x00, 0x01,
    0x14, 0x00, 0x00, 0x00, 0xfc, 0x02, 0x00, 0x00, 0x15, 0x00, 0x00, 0x00,
    0x00, 0x00, 0x00, 0x09, 0x08, 0x03, 0x00, 0x00, 0x9a, 0xe6, 0xff, 0xff,
    0x03, 0x00, 0x00, 0x00, 0x08, 0x00, 0x00, 0x00, 0xec, 0x01, 0x00, 0x00,
    0x3c, 0x00, 0x00, 0x00, 0x00, 0x00, 0x00, 0x00, 0x00, 0x00, 0x00, 0x00,
    0x00, 0x00, 0x00, 0x00, 0x00, 0x00, 0x00, 0x00, 0x00, 0x00, 0x00, 0x00,
    0x00, 0x00, 0x00, 0x00, 0x00, 0x00, 0x00, 0x00, 0x00, 0x00, 0x00, 0x00,
    0x00, 0x00, 0x00, 0x00, 0x00, 0x00, 0x00, 0x00, 0x00, 0x00, 0x00, 0x00,
    0x00, 0x00, 0x00, 0x00, 0x00, 0x00, 0x00, 0x00, 0x00, 0x00, 0x00, 0x00,
    0x00, 0x00, 0x00, 0x00, 0x00, 0x00, 0x00, 0x00, 0x00, 0x00, 0x00, 0x00,
    0x00, 0x00, 0x00, 0x00, 0x00, 0x00, 0x00, 0x00, 0x00, 0x00, 0x00, 0x00,
    0x00, 0x00, 0x00, 0x00, 0x00, 0x00, 0x00, 0x00, 0x00, 0x00, 0x00, 0x00,
    0x00, 0x00, 0x00, 0x00, 0x00, 0x00, 0x00, 0x00, 0x00, 0x00, 0x00, 0x00,
    0x00, 0x00, 0x00, 0x00, 0x00, 0x00, 0x00, 0x00, 0x00, 0x00, 0x00, 0x00,
    0x00, 0x00, 0x00, 0x00, 0x00, 0x00, 0x00, 0x00, 0x00, 0x00, 0x00, 0x00,
    0x00, 0x00, 0x00, 0x00, 0x00, 0x00, 0x00, 0x00, 0x00, 0x00, 0x00, 0x00,
    0x00, 0x00, 0x00, 0x00, 0x00, 0x00, 0x00, 0x00, 0x00, 0x00, 0x00, 0x00,
    0x00, 0x00, 0x00, 0x00, 0x00, 0x00, 0x00, 0x00, 0x00, 0x00, 0x00, 0x00,
    0x00, 0x00, 0x00, 0x00, 0x00, 0x00, 0x00, 0x00, 0x00, 0x00, 0x00, 0x00,
    0x00, 0x00, 0x00, 0x00, 0x00, 0x00, 0x00, 0x00, 0x00, 0x00, 0x00, 0x00,
    0x00, 0x00, 0x00, 0x00, 0x00, 0x00, 0x00, 0x00, 0x00, 0x00, 0x00, 0x00,
    0x00, 0x00, 0x00, 0x00, 0x00, 0x00, 0x00, 0x00, 0x00, 0x00, 0x00, 0x00,
    0x00, 0x00, 0x00, 0x00, 0x00, 0x00, 0x00, 0x00, 0x00, 0x00, 0x00, 0x00,
    0x00, 0x00, 0x00, 0x00, 0x00, 0x00, 0x00, 0x00, 0x00, 0x00, 0x00, 0x00,
    0x00, 0x00, 0x00, 0x00, 0x00, 0x00, 0x00, 0x00, 0x00, 0x00, 0x00, 0x00,
    0x00, 0x00, 0x00, 0x00, 0x00, 0x00, 0x00, 0x00, 0x00, 0x00, 0x00, 0x00,
    0x00, 0x00, 0x00, 0x00, 0x00, 0x00, 0x00, 0x00, 0x00, 0x00, 0x00, 0x00,
    0x00, 0x00, 0x00, 0x00, 0x00, 0x00, 0x00, 0x00, 0x00, 0x00, 0x00, 0x00,
    0x00, 0x00, 0x00, 0x00, 0x00, 0x00, 0x00, 0x00, 0x00, 0x00, 0x00, 0x00,
    0x00, 0x00, 0x00, 0x00, 0x00, 0x00, 0x00, 0x00, 0x00, 0x00, 0x00, 0x00,
    0x00, 0x00, 0x00, 0x00, 0x00, 0x00, 0x00, 0x00, 0x00, 0x00, 0x00, 0x00,
    0x00, 0x00, 0x00, 0x00, 0x00, 0x00, 0x00, 0x00, 0x00, 0x00, 0x00, 0x00,
    0x00, 0x00, 0x00, 0x00, 0x00, 0x00, 0x00, 0x00, 0x00, 0x00, 0x00, 0x00,
    0x00, 0x00, 0x00, 0x00, 0x00, 0x00, 0x00, 0x00, 0x00, 0x00, 0x00, 0x00,
    0x00, 0x00, 0x00, 0x00, 0x00, 0x00, 0x00, 0x00, 0x00, 0x00, 0x00, 0x00,
    0x00, 0x00, 0x00, 0x00, 0x00, 0x00, 0x00, 0x00, 0x00, 0x00, 0x00, 0x00,
    0x00, 0x00, 0x00, 0x00, 0x00, 0x00, 0x00, 0x00, 0x00, 0x00, 0x00, 0x00,
    0x00, 0x00, 0x00, 0x00, 0x00, 0x00, 0x00, 0x00, 0x00, 0x00, 0x00, 0x00,
    0x00, 0x00, 0x00, 0x00, 0x00, 0x00, 0x00, 0x00, 0x00, 0x00, 0x00, 0x00,
    0x00, 0x00, 0x00, 0x00, 0x00, 0x00, 0x00, 0x00, 0x00, 0x00, 0x00, 0x00,
    0x00, 0x00, 0x00, 0x00, 0x00, 0x00, 0x00, 0x00, 0x00, 0x00, 0x00, 0x00,
    0x00, 0x00, 0x00, 0x00, 0x00, 0x00, 0x00, 0x00, 0x00, 0x00, 0x00, 0x00,
    0x00, 0x00, 0x00, 0x00, 0x00, 0x00, 0x00, 0x00, 0x00, 0x00, 0x00, 0x00,
    0x00, 0x00, 0x00, 0x00, 0x00, 0x00, 0x00, 0x00, 0x00, 0x00, 0x00, 0x00,
    0x00, 0x00, 0x00, 0x00, 0x00, 0x00, 0x00, 0x00, 0x3c, 0x00, 0x00, 0x00,
    0x36, 0x0c, 0x98, 0x3a, 0x4b, 0x04, 0xcb, 0x3a, 0x30, 0x30, 0x97, 0x3a,
    0x9d, 0xad, 0xa7, 0x3a, 0xf7, 0x0b, 0x3f, 0x3a, 0x65, 0xec, 0xa3, 0x3a,
    0xf4, 0xf2, 0x0f, 0x3b, 0xdb, 0xe6, 0xac, 0x3a, 0xf2, 0x40, 0x4c, 0x3a,
    0xdd, 0x49, 0xc6, 0x3a, 0xe9, 0x70, 0x07, 0x3b, 0x06, 0xe9, 0xdc, 0x3a,
    0xb6, 0x75, 0x91, 0x3a, 0xa0, 0x1e, 0x86, 0x3a, 0x42, 0xf2, 0x8c, 0x3a,
    0x9c, 0x18, 0x94, 0x3a, 0x68, 0x9d, 0x6b, 0x3a, 0xa4, 0x72, 0x97, 0x3a,
    0xb6, 0xf8, 0xbc, 0x3a, 0x57, 0x34, 0xe8, 0x3a, 0x9b, 0x93, 0x9c, 0x3a,
    0xdf, 0x23, 0xe0, 0x39, 0x0a, 0x34, 0xa2, 0x3a, 0x23, 0x2b, 0x47, 0x3a,
    0xf1, 0x0a, 0x89, 0x3a, 0xe4, 0xdb, 0x42, 0x3a, 0x9a, 0xa2, 0xb7, 0x3a,
    0xf1, 0xf7, 0x1f, 0x3b, 0xb9, 0xa1, 0xd6, 0x3a, 0xd4, 0x0c, 0x61, 0x3a,
    0xaa, 0x9e, 0xa2, 0x3a, 0x86, 0x38, 0xce, 0x3a, 0xb0, 0x60, 0x5f, 0x3a,
    0xc9, 0xb7, 0x7b, 0x3a, 0x36, 0x27, 0x87, 0x3a, 0x2c, 0xbd, 0xa4, 0x3a,
    0x0d, 0x3b, 0x7b, 0x3a, 0x7d, 0x2a, 0xa6, 0x3a, 0x4e, 0xd1, 0xcb, 0x3a,
    0x00, 0x7a, 0x66, 0x3a, 0xe8, 0x60, 0x58, 0x3a, 0xd7, 0x7d, 0xd0, 0x3a,
    0x48, 0xd7, 0x89, 0x3a, 0x0c, 0x8d, 0xcf, 0x3a, 0xdd, 0xa3, 0x7f, 0x3a,
    0x81, 0xa4, 0x52, 0x3a, 0xc2, 0x02, 0x9a, 0x3a, 0xf9, 0xbb, 0xb8, 0x3a,
    0x5a, 0xc7, 0x9b, 0x3a, 0x7f, 0xe6, 0x8a, 0x3a, 0x32, 0xc2, 0x6d, 0x3a,
    0xd2, 0x85, 0xb6, 0x3a, 0x13, 0x0b, 0xad, 0x3a, 0xb3, 0x32, 0x88, 0x3a,
    0xb1, 0xfe, 0x98, 0x3a, 0xaa, 0x9a, 0xbf, 0x3a, 0x01, 0x20, 0xa9, 0x3a,
    0xdf, 0xd9, 0xae, 0x3a, 0xcb, 0x06, 0x8f, 0x3a, 0xfe, 0xe3, 0xe1, 0x3a,
    0x13, 0x00, 0x00, 0x00, 0x74, 0x66, 0x6c, 0x2e, 0x70, 0x73, 0x65, 0x75,
    0x64, 0x6f, 0x5f, 0x71, 0x63, 0x6f, 0x6e, 0x73, 0x74, 0x31, 0x33, 0x00,
    0x04, 0x00, 0x00, 0x00, 0x01, 0x00, 0x00, 0x00, 0x09, 0x00, 0x00, 0x00,
    0x01, 0x00, 0x00, 0x00, 0x3c, 0x00, 0x00, 0x00, 0xea, 0xda, 0xff, 0xff,
    0x00, 0x00, 0x00, 0x01, 0x14, 0x00, 0x00, 0x00, 0xf4, 0x02, 0x00, 0x00,
    0x14, 0x00, 0x00, 0x00, 0x00, 0x00, 0x00, 0x02, 0x00, 0x03, 0x00, 0x00,
    0xd4, 0xda, 0xff, 0xff, 0x08, 0x00, 0x00, 0x00, 0xe8, 0x01, 0x00, 0x00,
    0x3c, 0x00, 0x00, 0x00, 0x00, 0x00, 0x00, 0x00, 0x00, 0x00, 0x00, 0x00,
    0x00, 0x00, 0x00, 0x00, 0x00, 0x00, 0x00, 0x00, 0x00, 0x00, 0x00, 0x00,
    0x00, 0x00, 0x00, 0x00, 0x00, 0x00, 0x00, 0x00, 0x00, 0x00, 0x00, 0x00,
    0x00, 0x00, 0x00, 0x00, 0x00, 0x00, 0x00, 0x00, 0x00, 0x00, 0x00, 0x00,
    0x00, 0x00, 0x00, 0x00, 0x00, 0x00, 0x00, 0x00, 0x00, 0x00, 0x00, 0x00,
    0x00, 0x00, 0x00, 0x00, 0x00, 0x00, 0x00, 0x00, 0x00, 0x00, 0x00, 0x00,
    0x00, 0x00, 0x00, 0x00, 0x00, 0x00, 0x00, 0x00, 0x00, 0x00, 0x00, 0x00,
    0x00, 0x00, 0x00, 0x00, 0x00, 0x00, 0x00, 0x00, 0x00, 0x00, 0x00, 0x00,
    0x00, 0x00, 0x00, 0x00, 0x00, 0x00, 0x00, 0x00, 0x00, 0x00, 0x00, 0x00,
    0x00, 0x00, 0x00, 0x00, 0x00, 0x00, 0x00, 0x00, 0x00, 0x00, 0x00, 0x00,
    0x00, 0x00, 0x00, 0x00, 0x00, 0x00, 0x00, 0x00, 0x00, 0x00, 0x00, 0x00,
    0x00, 0x00, 0x00, 0x00, 0x00, 0x00, 0x00, 0x00, 0x00, 0x00, 0x00, 0x00,
    0x00, 0x00, 0x00, 0x00, 0x00, 0x00, 0x00, 0x00, 0x00, 0x00, 0x00, 0x00,
    0x00, 0x00, 0x00, 0x00, 0x00, 0x00, 0x00, 0x00, 0x00, 0x00, 0x00, 0x00,
    0x00, 0x00, 0x00, 0x00, 0x00, 0x00, 0x00, 0x00, 0x00, 0x00, 0x00, 0x00,
    0x00, 0x00, 0x00, 0x00, 0x00, 0x00, 0x00, 0x00, 0x00, 0x00, 0x00, 0x00,
    0x00, 0x00, 0x00, 0x00, 0x00, 0x00, 0x00, 0x00, 0x00, 0x00, 0x00, 0x00,
    0x00, 0x00, 0x00, 0x00, 0x00, 0x00, 0x00, 0x00, 0x00, 0x00, 0x00, 0x00,
    0x00, 0x00, 0x00, 0x00, 0x00, 0x00, 0x00, 0x00, 0x00, 0x00, 0x00, 0x00,
    0x00, 0x00, 0x00, 0x00, 0x00, 0x00, 0x00, 0x00, 0x00, 0x00, 0x00, 0x00,
    0x00, 0x00, 0x00, 0x00, 0x00, 0x00, 0x00, 0x00, 0x00, 0x00, 0x00, 0x00,
    0x00, 0x00, 0x00, 0x00, 0x00, 0x00, 0x00, 0x00, 0x00, 0x00, 0x00, 0x00,
    0x00, 0x00, 0x00, 0x00, 0x00, 0x00, 0x00, 0x00, 0x00, 0x00, 0x00, 0x00,
    0x00, 0x00, 0x00, 0x00, 0x00, 0x00, 0x00, 0x00, 0x00, 0x00, 0x00, 0x00,
    0x00, 0x00, 0x00, 0x00, 0x00, 0x00, 0x00, 0x00, 0x00, 0x00, 0x00, 0x00,
    0x00, 0x00, 0x00, 0x00, 0x00, 0x00, 0x00, 0x00, 0x00, 0x00, 0x00, 0x00,
    0x00, 0x00, 0x00, 0x00, 0x00, 0x00, 0x00, 0x00, 0x00, 0x00, 0x00, 0x00,
    0x00, 0x00, 0x00, 0x00, 0x00, 0x00, 0x00, 0x00, 0x00, 0x00, 0x00, 0x00,
    0x00, 0x00, 0x00, 0x00, 0x00, 0x00, 0x00, 0x00, 0x00, 0x00, 0x00, 0x00,
    0x00, 0x00, 0x00, 0x00, 0x00, 0x00, 0x00, 0x00, 0x00, 0x00, 0x00, 0x00,
    0x00, 0x00, 0x00, 0x00, 0x00, 0x00, 0x00, 0x00, 0x00, 0x00, 0x00, 0x00,
    0x00, 0x00, 0x00, 0x00, 0x00, 0x00, 0x00, 0x00, 0x00, 0x00, 0x00, 0x00,
    0x00, 0x00, 0x00, 0x00, 0x00, 0x00, 0x00, 0x00, 0x00, 0x00, 0x00, 0x00,
    0x00, 0x00, 0x00, 0x00, 0x00, 0x00, 0x00, 0x00, 0x00, 0x00, 0x00, 0x00,
    0x00, 0x00, 0x00, 0x00, 0x00, 0x00, 0x00, 0x00, 0x00, 0x00, 0x00, 0x00,
    0x00, 0x00, 0x00, 0x00, 0x00, 0x00, 0x00, 0x00, 0x00, 0x00, 0x00, 0x00,
    0x00, 0x00, 0x00, 0x00, 0x00, 0x00, 0x00, 0x00, 0x00, 0x00, 0x00, 0x00,
    0x00, 0x00, 0x00, 0x00, 0x00, 0x00, 0x00, 0x00, 0x00, 0x00, 0x00, 0x00,
    0x00, 0x00, 0x00, 0x00, 0x00, 0x00, 0x00, 0x00, 0x00, 0x00, 0x00, 0x00,
    0x00, 0x00, 0x00, 0x00, 0x00, 0x00, 0x00, 0x00, 0x00, 0x00, 0x00, 0x00,
    0x00, 0x00, 0x00, 0x00, 0x3c, 0x00, 0x00, 0x00, 0x1c, 0x64, 0xde, 0x37,
    0x61, 0x78, 0x14, 0x38, 0x4b, 0x22, 0xdd, 0x37, 0xb9, 0x40, 0xf5, 0x37,
    0x60, 0xb7, 0x8b, 0x37, 0xce, 0xc2, 0xef, 0x37, 0xae, 0x8b, 0x52, 0x38,
    0xa0, 0xe4, 0xfc, 0x37, 0xf4, 0x5f, 0x95, 0x37, 0x2b, 0x03, 0x11, 0x38,
    0xfd, 0x19, 0x46, 0x38, 0x5c, 0x8e, 0x21, 0x38, 0x5e, 0xc1, 0xd4, 0x37,
    0x33, 0x2b, 0xc4, 0x37, 0x5b, 0x27, 0xce, 0x37, 0x80, 0x9c, 0xd8, 0x37,
    0x54, 0x4f, 0xac, 0x37, 0x7e, 0x83, 0xdd, 0x37, 0xdb, 0x32, 0x0a, 0x38,
    0xd6, 0xd0, 0x29, 0x38, 0xe3, 0x03, 0xe5, 0x37, 0x0c, 0xeb, 0x23, 0x37,
    0xb9, 0x3e, 0xed, 0x37, 0xea, 0xa7, 0x91, 0x37, 0xb7, 0x71, 0xc8, 0x37,
    0x17, 0x81, 0x8e, 0x37, 0xcb, 0x4b, 0x06, 0x38, 0xf3, 0xf9, 0x69, 0x38,
    0xe8, 0xf6, 0x1c, 0x38, 0x6a, 0x95, 0xa4, 0x37, 0xad, 0xda, 0xed, 0x37,
    0x3b, 0xd0, 0x16, 0x38, 0x4f, 0x5c, 0xa3, 0x37, 0x1b, 0x16, 0xb8, 0x37,
    0x31, 0xae, 0xc5, 0x37, 0x2c, 0xf4, 0xf0, 0x37, 0xe2, 0xba, 0xb7, 0x37,
    0x7f, 0x0a, 0xf3, 0x37, 0x4f, 0x0e, 0x15, 0x38, 0x58, 0x8d, 0xa8, 0x37,
    0xf1, 0x3d, 0x9e, 0x37, 0x5c, 0x79, 0x18, 0x38, 0x97, 0x9c, 0xc9, 0x37,
    0x43, 0xc9, 0x17, 0x38, 0x68, 0xf4, 0xba, 0x37, 0x12, 0x0c, 0x9a, 0x37,
    0x28, 0x43, 0xe1, 0x37, 0x91, 0x19, 0x07, 0x38, 0x23, 0xd9, 0xe3, 0x37,
    0x48, 0x29, 0xcb, 0x37, 0xab, 0xe0, 0xad, 0x37, 0x87, 0x7b, 0x05, 0x38,
    0x9a, 0x19, 0xfd, 0x37, 0x6e, 0x35, 0xc7, 0x37, 0xc5, 0xc6, 0xdf, 0x37,
    0xbc, 0x1f, 0x0c, 0x38, 0x78, 0x5e, 0xf7, 0x37, 0x81, 0xbe, 0xff, 0x37,
    0x43, 0x32, 0xd1, 0x37, 0xc5, 0x32, 0x25, 0x38, 0x13, 0x00, 0x00, 0x00,
    0x74, 0x66, 0x6c, 0x2e, 0x70, 0x73, 0x65, 0x75, 0x64, 0x6f, 0x5f, 0x71,
    0x63, 0x6f, 0x6e, 0x73, 0x74, 0x31, 0x32, 0x00, 0x01, 0x00, 0x00, 0x00,
    0x3c, 0x00, 0x00, 0x00, 0x0a, 0xde, 0xff, 0xff, 0x00, 0x00, 0x00, 0x01,
    0x14, 0x00, 0x00, 0x00, 0xf8, 0x02, 0x00, 0x00, 0x13, 0x00, 0x00, 0x00,
    0x00, 0x00, 0x00, 0x09, 0x04, 0x03, 0x00, 0x00, 0xf4, 0xdd, 0xff, 0xff,
    0x08, 0x00, 0x00, 0x00, 0xec, 0x01, 0x00, 0x00, 0x3c, 0x00, 0x00, 0x00,
    0x00, 0x00, 0x00, 0x00, 0x00, 0x00, 0x00, 0x00, 0x00, 0x00, 0x00, 0x00,
    0x00, 0x00, 0x00, 0x00, 0x00, 0x00, 0x00, 0x00, 0x00, 0x00, 0x00, 0x00,
    0x00, 0x00, 0x00, 0x00, 0x00, 0x00, 0x00, 0x00, 0x00, 0x00, 0x00, 0x00,
    0x00, 0x00, 0x00, 0x00, 0x00, 0x00, 0x00, 0x00, 0x00, 0x00, 0x00, 0x00,
    0x00, 0x00, 0x00, 0x00, 0x00, 0x00, 0x00, 0x00, 0x00, 0x00, 0x00, 0x00,
    0x00, 0x00, 0x00, 0x00, 0x00, 0x00, 0x00, 0x00, 0x00, 0x00, 0x00, 0x00,
    0x00, 0x00, 0x00, 0x00, 0x00, 0x00, 0x00, 0x00, 0x00, 0x00, 0x00, 0x00,
    0x00, 0x00, 0x00, 0x00, 0x00, 0x00, 0x00, 0x00, 0x00, 0x00, 0x00, 0x00,
    0x00, 0x00, 0x00, 0x00, 0x00, 0x00, 0x00, 0x00, 0x00, 0x00, 0x00, 0x00,
    0x00, 0x00, 0x00, 0x00, 0x00, 0x00, 0x00, 0x00, 0x00, 0x00, 0x00, 0x00,
    0x00, 0x00, 0x00, 0x00, 0x00, 0x00, 0x00, 0x00, 0x00, 0x00, 0x00, 0x00,
    0x00, 0x00, 0x00, 0x00, 0x00, 0x00, 0x00, 0x00, 0x00, 0x00, 0x00, 0x00,
    0x00, 0x00, 0x00, 0x00, 0x00, 0x00, 0x00, 0x00, 0x00, 0x00, 0x00, 0x00,
    0x00, 0x00, 0x00, 0x00, 0x00, 0x00, 0x00, 0x00, 0x00, 0x00, 0x00, 0x00,
    0x00, 0x00, 0x00, 0x00, 0x00, 0x00, 0x00, 0x00, 0x00, 0x00, 0x00, 0x00,
    0x00, 0x00, 0x00, 0x00, 0x00, 0x00, 0x00, 0x00, 0x00, 0x00, 0x00, 0x00,
    0x00, 0x00, 0x00, 0x00, 0x00, 0x00, 0x00, 0x00, 0x00, 0x00, 0x00, 0x00,
    0x00, 0x00, 0x00, 0x00, 0x00, 0x00, 0x00, 0x00, 0x00, 0x00, 0x00, 0x00,
    0x00, 0x00, 0x00, 0x00, 0x00, 0x00, 0x00, 0x00, 0x00, 0x00, 0x00, 0x00,
    0x00, 0x00, 0x00, 0x00, 0x00, 0x00, 0x00, 0x00, 0x00, 0x00, 0x00, 0x00,
    0x00, 0x00, 0x00, 0x00, 0x00, 0x00, 0x00, 0x00, 0x00, 0x00, 0x00, 0x00,
    0x00, 0x00, 0x00, 0x00, 0x00, 0x00, 0x00, 0x00, 0x00, 0x00, 0x00, 0x00,
    0x00, 0x00, 0x00, 0x00, 0x00, 0x00, 0x00, 0x00, 0x00, 0x00, 0x00, 0x00,
    0x00, 0x00, 0x00, 0x00, 0x00, 0x00, 0x00, 0x00, 0x00, 0x00, 0x00, 0x00,
    0x00, 0x00, 0x00, 0x00, 0x00, 0x00, 0x00, 0x00, 0x00, 0x00, 0x00, 0x00,
    0x00, 0x00, 0x00, 0x00, 0x00, 0x00, 0x00, 0x00, 0x00, 0x00, 0x00, 0x00,
    0x00, 0x00, 0x00, 0x00, 0x00, 0x00, 0x00, 0x00, 0x00, 0x00, 0x00, 0x00,
    0x00, 0x00, 0x00, 0x00, 0x00, 0x00, 0x00, 0x00, 0x00, 0x00, 0x00, 0x00,
    0x00, 0x00, 0x00, 0x00, 0x00, 0x00, 0x00, 0x00, 0x00, 0x00, 0x00, 0x00,
    0x00, 0x00, 0x00, 0x00, 0x00, 0x00, 0x00, 0x00, 0x00, 0x00, 0x00, 0x00,
    0x00, 0x00, 0x00, 0x00, 0x00, 0x00, 0x00, 0x00, 0x00, 0x00, 0x00, 0x00,
    0x00, 0x00, 0x00, 0x00, 0x00, 0x00, 0x00, 0x00, 0x00, 0x00, 0x00, 0x00,
    0x00, 0x00, 0x00, 0x00, 0x00, 0x00, 0x00, 0x00, 0x00, 0x00, 0x00, 0x00,
    0x00, 0x00, 0x00, 0x00, 0x00, 0x00, 0x00, 0x00, 0x00, 0x00, 0x00, 0x00,
    0x00, 0x00, 0x00, 0x00, 0x00, 0x00, 0x00, 0x00, 0x00, 0x00, 0x00, 0x00,
    0x00, 0x00, 0x00, 0x00, 0x00, 0x00, 0x00, 0x00, 0x00, 0x00, 0x00, 0x00,
    0x00, 0x00, 0x00, 0x00, 0x00, 0x00, 0x00, 0x00, 0x00, 0x00, 0x00, 0x00,
    0x00, 0x00, 0x00, 0x00, 0x00, 0x00, 0x00, 0x00, 0x00, 0x00, 0x00, 0x00,
    0x00, 0x00, 0x00, 0x00, 0x00, 0x00, 0x00, 0x00, 0x00, 0x00, 0x00, 0x00,
    0x00, 0x00, 0x00, 0x00, 0x00, 0x00, 0x00, 0x00, 0x00, 0x00, 0x00, 0x00,
    0x00, 0x00, 0x00, 0x00, 0x3c, 0x00, 0x00, 0x00, 0x0b, 0xf8, 0x2f, 0x3c,
    0x3a, 0xdf, 0x04, 0x3c, 0x90, 0xd6, 0x2a, 0x3c, 0x1d, 0x73, 0xe5, 0x3b,
    0x0c, 0x31, 0x16, 0x3c, 0xb0, 0x70, 0xa5, 0x3b, 0x2b, 0x5d, 0x1d, 0x3c,
    0xeb, 0x2d, 0xf8, 0x3b, 0x74, 0x05, 0xf1, 0x3b, 0x75, 0x8c, 0xb2, 0x3b,
    0xcc, 0x15, 0x28, 0x3c, 0xb8, 0x9a, 0xee, 0x3b, 0x52, 0xb2, 0x42, 0x3c,
    0x67, 0xf6, 0x10, 0x3c, 0xcf, 0xf4, 0xcf, 0x3b, 0xea, 0x66, 0xba, 0x3b,
    0x28, 0x14, 0x00, 0x3c, 0xe9, 0xe4, 0x24, 0x3c, 0x86, 0x87, 0xd6, 0x3b,
    0xae, 0xeb, 0x18, 0x3c, 0xb2, 0x05, 0xf8, 0x3b, 0x8c, 0x50, 0x19, 0x3c,
    0xb4, 0xf6, 0xcd, 0x3b, 0x90, 0xa0, 0x2d, 0x3c, 0xc6, 0x5b, 0xdd, 0x3b,
    0xd8, 0xcd, 0x17, 0x3c, 0x17, 0x7a, 0x06, 0x3c, 0x22, 0x4c, 0x0f, 0x3c,
    0x20, 0x2a, 0xae, 0x3b, 0x48, 0x2b, 0x49, 0x3c, 0x00, 0x04, 0xdd, 0x3b,
    0x15, 0xc4, 0x01, 0x3c, 0x7e, 0xed, 0x22, 0x3c, 0x58, 0x5e, 0xcc, 0x3b,
    0xd0, 0xad, 0x38, 0x3c, 0x82, 0xe8, 0x2d, 0x3c, 0xda, 0xbb, 0xe6, 0x3b,
    0xfb, 0xa2, 0x0a, 0x3c, 0x74, 0xac, 0x30, 0x3c, 0xdb, 0xb6, 0xe6, 0x3b,
    0xa9, 0xc7, 0x34, 0x3c, 0x32, 0xee, 0xc4, 0x3b, 0x58, 0xc6, 0xbe, 0x3b,
    0x8a, 0xa7, 0x0e, 0x3c, 0xdb, 0xf7, 0xd9, 0x3b, 0x92, 0xf7, 0x02, 0x3c,
    0x97, 0xea, 0x1a, 0x3c, 0x92, 0x81, 0x07, 0x3c, 0xff, 0xb9, 0x3c, 0x3c,
    0xd3, 0xa7, 0xd7, 0x3b, 0x6d, 0x32, 0x2b, 0x3c, 0x52, 0xab, 0x3f, 0x3c,
    0xd2, 0x24, 0x24, 0x3c, 0x83, 0x9e, 0xb7, 0x3b, 0x70, 0xaa, 0x1c, 0x3c,
    0x65, 0x63, 0xb3, 0x3b, 0x50, 0x93, 0xc4, 0x3b, 0x91, 0x4a, 0x9e, 0x3b,
    0x8f, 0x4a, 0xd3, 0x3b, 0x43, 0x9b, 0x33, 0x3c, 0x13, 0x00, 0x00, 0x00,
    0x74, 0x66, 0x6c, 0x2e, 0x70, 0x73, 0x65, 0x75, 0x64, 0x6f, 0x5f, 0x71,
    0x63, 0x6f, 0x6e, 0x73, 0x74, 0x31, 0x31, 0x00, 0x04, 0x00, 0x00, 0x00,
    0x3c, 0x00, 0x00, 0x00, 0x01, 0x00, 0x00, 0x00, 0x01, 0x00, 0x00, 0x00,
    0x3c, 0x00, 0x00, 0x00, 0x3a, 0xe1, 0xff, 0xff, 0x00, 0x00, 0x00, 0x01,
    0x14, 0x00, 0x00, 0x00, 0xf8, 0x02, 0x00, 0x00, 0x12, 0x00, 0x00, 0x00,
    0x00, 0x00, 0x00, 0x02, 0x04, 0x03, 0x00, 0x00, 0x24, 0xe1, 0xff, 0xff,
    0x08, 0x00, 0x00, 0x00, 0xec, 0x01, 0x00, 0x00, 0x3c, 0x00, 0x00, 0x00,
    0x00, 0x00, 0x00, 0x00, 0x00, 0x00, 0x00, 0x00, 0x00, 0x00, 0x00, 0x00,
    0x00, 0x00, 0x00, 0x00, 0x00, 0x00, 0x00, 0x00, 0x00, 0x00, 0x00, 0x00,
    0x00, 0x00, 0x00, 0x00, 0x00, 0x00, 0x00, 0x00, 0x00, 0x00, 0x00, 0x00,
    0x00, 0x00, 0x00, 0x00, 0x00, 0x00, 0x00, 0x00, 0x00, 0x00, 0x00, 0x00,
    0x00, 0x00, 0x00, 0x00, 0x00, 0x00, 0x00, 0x00, 0x00, 0x00, 0x00, 0x00,
    0x00, 0x00, 0x00, 0x00, 0x00, 0x00, 0x00, 0x00, 0x00, 0x00, 0x00, 0x00,
    0x00, 0x00, 0x00, 0x00, 0x00, 0x00, 0x00, 0x00, 0x00, 0x00, 0x00, 0x00,
    0x00, 0x00, 0x00, 0x00, 0x00, 0x00, 0x00, 0x00, 0x00, 0x00, 0x00, 0x00,
    0x00, 0x00, 0x00, 0x00, 0x00, 0x00, 0x00, 0x00, 0x00, 0x00, 0x00, 0x00,
    0x00, 0x00, 0x00, 0x00, 0x00, 0x00, 0x00, 0x00, 0x00, 0x00, 0x00, 0x00,
    0x00, 0x00, 0x00, 0x00, 0x00, 0x00, 0x00, 0x00, 0x00, 0x00, 0x00, 0x00,
    0x00, 0x00, 0x00, 0x00, 0x00, 0x00, 0x00, 0x00, 0x00, 0x00, 0x00, 0x00,
    0x00, 0x00, 0x00, 0x00, 0x00, 0x00, 0x00, 0x00, 0x00, 0x00, 0x00, 0x00,
    0x00, 0x00, 0x00, 0x00, 0x00, 0x00, 0x00, 0x00, 0x00, 0x00, 0x00, 0x00,
    0x00, 0x00, 0x00, 0x00, 0x00, 0x00, 0x00, 0x00, 0x00, 0x00, 0x00, 0x00,
    0x00, 0x00, 0x00, 0x00, 0x00, 0x00, 0x00, 0x00, 0x00, 0x00, 0x00, 0x00,
    0x00, 0x00, 0x00, 0x00, 0x00, 0x00, 0x00, 0x00, 0x00, 0x00, 0x00, 0x00,
    0x00, 0x00, 0x00, 0x00, 0x00, 0x00, 0x00, 0x00, 0x00, 0x00, 0x00, 0x00,
    0x00, 0x00, 0x00, 0x00, 0x00, 0x00, 0x00, 0x00, 0x00, 0x00, 0x00, 0x00,
    0x00, 0x00, 0x00, 0x00, 0x00, 0x00, 0x00, 0x00, 0x00, 0x00, 0x00, 0x00,
    0x00, 0x00, 0x00, 0x00, 0x00, 0x00, 0x00, 0x00, 0x00, 0x00, 0x00, 0x00,
    0x00, 0x00, 0x00, 0x00, 0x00, 0x00, 0x00, 0x00, 0x00, 0x00, 0x00, 0x00,
    0x00, 0x00, 0x00, 0x00, 0x00, 0x00, 0x00, 0x00, 0x00, 0x00, 0x00, 0x00,
    0x00, 0x00, 0x00, 0x00, 0x00, 0x00, 0x00, 0x00, 0x00, 0x00, 0x00, 0x00,
    0x00, 0x00, 0x00, 0x00, 0x00, 0x00, 0x00, 0x00, 0x00, 0x00, 0x00, 0x00,
    0x00, 0x00, 0x00, 0x00, 0x00, 0x00, 0x00, 0x00, 0x00, 0x00, 0x00, 0x00,
    0x00, 0x00, 0x00, 0x00, 0x00, 0x00, 0x00, 0x00, 0x00, 0x00, 0x00, 0x00,
    0x00, 0x00, 0x00, 0x00, 0x00, 0x00, 0x00, 0x00, 0x00, 0x00, 0x00, 0x00,
    0x00, 0x00, 0x00, 0x00, 0x00, 0x00, 0x00, 0x00, 0x00, 0x00, 0x00, 0x00,
    0x00, 0x00, 0x00, 0x00, 0x00, 0x00, 0x00, 0x00, 0x00, 0x00, 0x00, 0x00,
    0x00, 0x00, 0x00, 0x00, 0x00, 0x00, 0x00, 0x00, 0x00, 0x00, 0x00, 0x00,
    0x00, 0x00, 0x00, 0x00, 0x00, 0x00, 0x00, 0x00, 0x00, 0x00, 0x00, 0x00,
    0x00, 0x00, 0x00, 0x00, 0x00, 0x00, 0x00, 0x00, 0x00, 0x00, 0x00, 0x00,
    0x00, 0x00, 0x00, 0x00, 0x00, 0x00, 0x00, 0x00, 0x00, 0x00, 0x00, 0x00,
    0x00, 0x00, 0x00, 0x00, 0x00, 0x00, 0x00, 0x00, 0x00, 0x00, 0x00, 0x00,
    0x00, 0x00, 0x00, 0x00, 0x00, 0x00, 0x00, 0x00, 0x00, 0x00, 0x00, 0x00,
    0x00, 0x00, 0x00, 0x00, 0x00, 0x00, 0x00, 0x00, 0x00, 0x00, 0x00, 0x00,
    0x00, 0x00, 0x00, 0x00, 0x00, 0x00, 0x00, 0x00, 0x00, 0x00, 0x00, 0x00,
    0x00, 0x00, 0x00, 0x00, 0x00, 0x00, 0x00, 0x00, 0x00, 0x00, 0x00, 0x00,
    0x00, 0x00, 0x00, 0x00, 0x00, 0x00, 0x00, 0x00, 0x00, 0x00, 0x00, 0x00,
    0x00, 0x00, 0x00, 0x00, 0x3c, 0x00, 0x00, 0x00, 0xe9, 0x1a, 0x3c, 0x39,
    0x2f, 0x09, 0x0e, 0x39, 0xd7, 0x9e, 0x36, 0x39, 0x39, 0x46, 0xf5, 0x38,
    0xcb, 0x8c, 0x20, 0x39, 0xa9, 0xd9, 0xb0, 0x38, 0x8c, 0x37, 0x28, 0x39,
    0xdb, 0xa5, 0x04, 0x39, 0x6f, 0xd2, 0x00, 0x39, 0xdf, 0xdc, 0xbe, 0x38,
    0x78, 0xad, 0x33, 0x39, 0x76, 0x0f, 0xff, 0x38, 0xd6, 0x1f, 0x50, 0x39,
    0xd3, 0xf5, 0x1a, 0x39, 0x6f, 0x4c, 0xde, 0x38, 0xfc, 0x41, 0xc7, 0x38,
    0x7c, 0xe9, 0x08, 0x39, 0x3e, 0x44, 0x30, 0x39, 0x34, 0x53, 0xe5, 0x38,
    0x9c, 0x77, 0x23, 0x39, 0x5c, 0x90, 0x04, 0x39, 0x6f, 0xe3, 0x23, 0x39,
    0x26, 0x2b, 0xdc, 0x38, 0x15, 0x9a, 0x39, 0x39, 0x07, 0xa0, 0xec, 0x38,
    0x0f, 0x46, 0x22, 0x39, 0x62, 0xc0, 0x0f, 0x39, 0x28, 0x2e, 0x19, 0x39,
    0x22, 0x2d, 0xba, 0x38, 0x13, 0x0b, 0x57, 0x39, 0x33, 0x42, 0xec, 0x38,
    0x33, 0xb7, 0x0a, 0x39, 0x1b, 0x2a, 0x2e, 0x39, 0xa0, 0x76, 0xda, 0x38,
    0x76, 0x6a, 0x45, 0x39, 0xfd, 0xe6, 0x39, 0x39, 0xa2, 0xa5, 0xf6, 0x38,
    0xb7, 0x32, 0x14, 0x39, 0xc3, 0xdb, 0x3c, 0x39, 0x4b, 0xa0, 0xf6, 0x38,
    0x78, 0x3f, 0x41, 0x39, 0x27, 0x83, 0xd2, 0x38, 0x9e, 0xee, 0xcb, 0x38,
    0x36, 0x7e, 0x18, 0x39, 0x40, 0x00, 0xe9, 0x38, 0xe5, 0xff, 0x0b, 0x39,
    0xc2, 0x99, 0x25, 0x39, 0x09, 0xda, 0x10, 0x39, 0x1b, 0xbe, 0x49, 0x39,
    0x63, 0x87, 0xe6, 0x38, 0x0a, 0x01, 0x37, 0x39, 0x63, 0xe3, 0x4c, 0x39,
    0xe8, 0x76, 0x2f, 0x39, 0x73, 0x48, 0xc4, 0x38, 0x7e, 0x78, 0x27, 0x39,
    0xa2, 0xc2, 0xbf, 0x38, 0x00, 0x22, 0xd2, 0x38, 0x52, 0x35, 0xa9, 0x38,
    0x11, 0xdd, 0xe1, 0x38, 0x5a, 0xfe, 0x3f, 0x39, 0x13, 0x00, 0x00, 0x00,
    0x74, 0x66, 0x6c, 0x2e, 0x70, 0x73, 0x65, 0x75, 0x64, 0x6f, 0x5f, 0x71,
    0x63, 0x6f, 0x6e, 0x73, 0x74, 0x31, 0x30, 0x00, 0x01, 0x00, 0x00, 0x00,
    0x3c, 0x00, 0x00, 0x00, 0x5e, 0xe4, 0xff, 0xff, 0x00, 0x00, 0x00, 0x01,
    0x14, 0x00, 0x00, 0x00, 0xfc, 0x02, 0x00, 0x00, 0x11, 0x00, 0x00, 0x00,
    0x00, 0x00, 0x00, 0x09, 0x08, 0x03, 0x00, 0x00, 0x42, 0xf3, 0xff, 0xff,
    0x03, 0x00, 0x00, 0x00, 0x08, 0x00, 0x00, 0x00, 0xec, 0x01, 0x00, 0x00,
    0x3c, 0x00, 0x00, 0x00, 0x00, 0x00, 0x00, 0x00, 0x00, 0x00, 0x00, 0x00,
    0x00, 0x00, 0x00, 0x00, 0x00, 0x00, 0x00, 0x00, 0x00, 0x00, 0x00, 0x00,
    0x00, 0x00, 0x00, 0x00, 0x00, 0x00, 0x00, 0x00, 0x00, 0x00, 0x00, 0x00,
    0x00, 0x00, 0x00, 0x00, 0x00, 0x00, 0x00, 0x00, 0x00, 0x00, 0x00, 0x00,
    0x00, 0x00, 0x00, 0x00, 0x00, 0x00, 0x00, 0x00, 0x00, 0x00, 0x00, 0x00,
    0x00, 0x00, 0x00, 0x00, 0x00, 0x00, 0x00, 0x00, 0x00, 0x00, 0x00, 0x00,
    0x00, 0x00, 0x00, 0x00, 0x00, 0x00, 0x00, 0x00, 0x00, 0x00, 0x00, 0x00,
    0x00, 0x00, 0x00, 0x00, 0x00, 0x00, 0x00, 0x00, 0x00, 0x00, 0x00, 0x00,
    0x00, 0x00, 0x00, 0x00, 0x00, 0x00, 0x00, 0x00, 0x00, 0x00, 0x00, 0x00,
    0x00, 0x00, 0x00, 0x00, 0x00, 0x00, 0x00, 0x00, 0x00, 0x00, 0x00, 0x00,
    0x00, 0x00, 0x00, 0x00, 0x00, 0x00, 0x00, 0x00, 0x00, 0x00, 0x00, 0x00,
    0x00, 0x00, 0x00, 0x00, 0x00, 0x00, 0x00, 0x00, 0x00, 0x00, 0x00, 0x00,
    0x00, 0x00, 0x00, 0x00, 0x00, 0x00, 0x00, 0x00, 0x00, 0x00, 0x00, 0x00,
    0x00, 0x00, 0x00, 0x00, 0x00, 0x00, 0x00, 0x00, 0x00, 0x00, 0x00, 0x00,
    0x00, 0x00, 0x00, 0x00, 0x00, 0x00, 0x00, 0x00, 0x00, 0x00, 0x00, 0x00,
    0x00, 0x00, 0x00, 0x00, 0x00, 0x00, 0x00, 0x00, 0x00, 0x00, 0x00, 0x00,
    0x00, 0x00, 0x00, 0x00, 0x00, 0x00, 0x00, 0x00, 0x00, 0x00, 0x00, 0x00,
    0x00, 0x00, 0x00, 0x00, 0x00, 0x00, 0x00, 0x00, 0x00, 0x00, 0x00, 0x00,
    0x00, 0x00, 0x00, 0x00, 0x00, 0x00, 0x00, 0x00, 0x00, 0x00, 0x00, 0x00,
    0x00, 0x00, 0x00, 0x00, 0x00, 0x00, 0x00, 0x00, 0x00, 0x00, 0x00, 0x00,
    0x00, 0x00, 0x00, 0x00, 0x00, 0x00, 0x00, 0x00, 0x00, 0x00, 0x00, 0x00,
    0x00, 0x00, 0x00, 0x00, 0x00, 0x00, 0x00, 0x00, 0x00, 0x00, 0x00, 0x00,
    0x00, 0x00, 0x00, 0x00, 0x00, 0x00, 0x00, 0x00, 0x00, 0x00, 0x00, 0x00,
    0x00, 0x00, 0x00, 0x00, 0x00, 0x00, 0x00, 0x00, 0x00, 0x00, 0x00, 0x00,
    0x00, 0x00, 0x00, 0x00, 0x00, 0x00, 0x00, 0x00, 0x00, 0x00, 0x00, 0x00,
    0x00, 0x00, 0x00, 0x00, 0x00, 0x00, 0x00, 0x00, 0x00, 0x00, 0x00, 0x00,
    0x00, 0x00, 0x00, 0x00, 0x00, 0x00, 0x00, 0x00, 0x00, 0x00, 0x00, 0x00,
    0x00, 0x00, 0x00, 0x00, 0x00, 0x00, 0x00, 0x00, 0x00, 0x00, 0x00, 0x00,
    0x00, 0x00, 0x00, 0x00, 0x00, 0x00, 0x00, 0x00, 0x00, 0x00, 0x00, 0x00,
    0x00, 0x00, 0x00, 0x00, 0x00, 0x00, 0x00, 0x00, 0x00, 0x00, 0x00, 0x00,
    0x00, 0x00, 0x00, 0x00, 0x00, 0x00, 0x00, 0x00, 0x00, 0x00, 0x00, 0x00,
    0x00, 0x00, 0x00, 0x00, 0x00, 0x00, 0x00, 0x00, 0x00, 0x00, 0x00, 0x00,
    0x00, 0x00, 0x00, 0x00, 0x00, 0x00, 0x00, 0x00, 0x00, 0x00, 0x00, 0x00,
    0x00, 0x00, 0x00, 0x00, 0x00, 0x00, 0x00, 0x00, 0x00, 0x00, 0x00, 0x00,
    0x00, 0x00, 0x00, 0x00, 0x00, 0x00, 0x00, 0x00, 0x00, 0x00, 0x00, 0x00,
    0x00, 0x00, 0x00, 0x00, 0x00, 0x00, 0x00, 0x00, 0x00, 0x00, 0x00, 0x00,
    0x00, 0x00, 0x00, 0x00, 0x00, 0x00, 0x00, 0x00, 0x00, 0x00, 0x00, 0x00,
    0x00, 0x00, 0x00, 0x00, 0x00, 0x00, 0x00, 0x00, 0x00, 0x00, 0x00, 0x00,
    0x00, 0x00, 0x00, 0x00, 0x00, 0x00, 0x00, 0x00, 0x00, 0x00, 0x00, 0x00,
    0x00, 0x00, 0x00, 0x00, 0x00, 0x00, 0x00, 0x00, 0x00, 0x00, 0x00, 0x00,
    0x00, 0x00, 0x00, 0x00, 0x00, 0x00, 0x00, 0x00, 0x3c, 0x00, 0x00, 0x00,
    0xa2, 0x02, 0x83, 0x3a, 0xae, 0x10, 0x10, 0x3b, 0xae, 0x7b, 0x89, 0x3a,
    0x7d, 0x50, 0xa5, 0x3a, 0xdb, 0xe4, 0x80, 0x3a, 0x39, 0x34, 0x99, 0x3a,
    0x5c, 0x89, 0x36, 0x3a, 0x19, 0xd2, 0xa9, 0x3a, 0x1f, 0xac, 0x83, 0x3a,
    0xa0, 0x61, 0x2d, 0x3b, 0x1b, 0xe2, 0x85, 0x3a, 0x31, 0x50, 0xce, 0x3a,
    0x54, 0x24, 0xd5, 0x3a, 0xca, 0x8a, 0x92, 0x3a, 0xba, 0x73, 0x5f, 0x3a,
    0xe4, 0xcb, 0x92, 0x3a, 0xd2, 0xde, 0xb9, 0x3a, 0x29, 0x6f, 0xea, 0x3a,
    0x1b, 0xa3, 0x75, 0x3a, 0xc2, 0x4a, 0x76, 0x3a, 0x3b, 0x02, 0xa2, 0x3a,
    0x00, 0x5b, 0x8c, 0x3a, 0x73, 0x88, 0x90, 0x3a, 0xd7, 0x99, 0x84, 0x3a,
    0x86, 0x98, 0x43, 0x3a, 0xe3, 0xfa, 0xfd, 0x3a, 0xfe, 0x9b, 0x6a, 0x3a,
    0xf2, 0x9d, 0xbc, 0x3a, 0x61, 0x6e, 0xec, 0x3a, 0xb9, 0x81, 0x5d, 0x3a,
    0x64, 0x13, 0xa9, 0x3a, 0xd0, 0x2b, 0x8e, 0x3a, 0xdc, 0x1d, 0xc0, 0x3a,
    0xa4, 0xe7, 0xf2, 0x3a, 0xd2, 0xef, 0x4d, 0x3a, 0x41, 0x6d, 0x7c, 0x3a,
    0x2b, 0xf4, 0x84, 0x3a, 0x0c, 0xfa, 0x95, 0x3a, 0x5b, 0x0e, 0x86, 0x3a,
    0x0a, 0xe7, 0x1a, 0x3a, 0x97, 0xb4, 0x03, 0x3b, 0x1c, 0x5f, 0x80, 0x3a,
    0x05, 0xa4, 0x87, 0x3a, 0x8f, 0x47, 0xc7, 0x3a, 0xe0, 0xdf, 0xb6, 0x3a,
    0x5a, 0x25, 0x97, 0x3a, 0xd9, 0x45, 0x8f, 0x3a, 0xf2, 0x06, 0x8e, 0x3a,
    0xcb, 0x96, 0x7e, 0x3a, 0x98, 0xf3, 0x90, 0x3a, 0xbf, 0x61, 0xc4, 0x3a,
    0xa5, 0x97, 0x95, 0x3a, 0xbb, 0xb9, 0x76, 0x3a, 0x6f, 0xc6, 0x6e, 0x3a,
    0xd5, 0x11, 0xb1, 0x3a, 0xcd, 0xe5, 0x97, 0x3a, 0xbc, 0xdf, 0x53, 0x3a,
    0x04, 0x0b, 0xbb, 0x3a, 0xff, 0xd6, 0xbc, 0x3a, 0x20, 0xbe, 0x80, 0x3a,
    0x12, 0x00, 0x00, 0x00, 0x74, 0x66, 0x6c, 0x2e, 0x70, 0x73, 0x65, 0x75,
    0x64, 0x6f, 0x5f, 0x71, 0x63, 0x6f, 0x6e, 0x73, 0x74, 0x39, 0x00, 0x00,
    0x04, 0x00, 0x00, 0x00, 0x01, 0x00, 0x00, 0x00, 0x0d, 0x00, 0x00, 0x00,
    0x01, 0x00, 0x00, 0x00, 0x3c, 0x00, 0x00, 0x00, 0x92, 0xe7, 0xff, 0xff,
    0x00, 0x00, 0x00, 0x01, 0x14, 0x00, 0x00, 0x00, 0xf4, 0x02, 0x00, 0x00,
    0x10, 0x00, 0x00, 0x00, 0x00, 0x00, 0x00, 0x02, 0x00, 0x03, 0x00, 0x00,
    0x7c, 0xe7, 0xff, 0xff, 0x08, 0x00, 0x00, 0x00, 0xe8, 0x01, 0x00, 0x00,
    0x3c, 0x00, 0x00, 0x00, 0x00, 0x00, 0x00, 0x00, 0x00, 0x00, 0x00, 0x00,
    0x00, 0x00, 0x00, 0x00, 0x00, 0x00, 0x00, 0x00, 0x00, 0x00, 0x00, 0x00,
    0x00, 0x00, 0x00, 0x00, 0x00, 0x00, 0x00, 0x00, 0x00, 0x00, 0x00, 0x00,
    0x00, 0x00, 0x00, 0x00, 0x00, 0x00, 0x00, 0x00, 0x00, 0x00, 0x00, 0x00,
    0x00, 0x00, 0x00, 0x00, 0x00, 0x00, 0x00, 0x00, 0x00, 0x00, 0x00, 0x00,
    0x00, 0x00, 0x00, 0x00, 0x00, 0x00, 0x00, 0x00, 0x00, 0x00, 0x00, 0x00,
    0x00, 0x00, 0x00, 0x00, 0x00, 0x00, 0x00, 0x00, 0x00, 0x00, 0x00, 0x00,
    0x00, 0x00, 0x00, 0x00, 0x00, 0x00, 0x00, 0x00, 0x00, 0x00, 0x00, 0x00,
    0x00, 0x00, 0x00, 0x00, 0x00, 0x00, 0x00, 0x00, 0x00, 0x00, 0x00, 0x00,
    0x00, 0x00, 0x00, 0x00, 0x00, 0x00, 0x00, 0x00, 0x00, 0x00, 0x00, 0x00,
    0x00, 0x00, 0x00, 0x00, 0x00, 0x00, 0x00, 0x00, 0x00, 0x00, 0x00, 0x00,
    0x00, 0x00, 0x00, 0x00, 0x00, 0x00, 0x00, 0x00, 0x00, 0x00, 0x00, 0x00,
    0x00, 0x00, 0x00, 0x00, 0x00, 0x00, 0x00, 0x00, 0x00, 0x00, 0x00, 0x00,
    0x00, 0x00, 0x00, 0x00, 0x00, 0x00, 0x00, 0x00, 0x00, 0x00, 0x00, 0x00,
    0x00, 0x00, 0x00, 0x00, 0x00, 0x00, 0x00, 0x00, 0x00, 0x00, 0x00, 0x00,
    0x00, 0x00, 0x00, 0x00, 0x00, 0x00, 0x00, 0x00, 0x00, 0x00, 0x00, 0x00,
    0x00, 0x00, 0x00, 0x00, 0x00, 0x00, 0x00, 0x00, 0x00, 0x00, 0x00, 0x00,
    0x00, 0x00, 0x00, 0x00, 0x00, 0x00, 0x00, 0x00, 0x00, 0x00, 0x00, 0x00,
    0x00, 0x00, 0x00, 0x00, 0x00, 0x00, 0x00, 0x00, 0x00, 0x00, 0x00, 0x00,
    0x00, 0x00, 0x00, 0x00, 0x00, 0x00, 0x00, 0x00, 0x00, 0x00, 0x00, 0x00,
    0x00, 0x00, 0x00, 0x00, 0x00, 0x00, 0x00, 0x00, 0x00, 0x00, 0x00, 0x00,
    0x00, 0x00, 0x00, 0x00, 0x00, 0x00, 0x00, 0x00, 0x00, 0x00, 0x00, 0x00,
    0x00, 0x00, 0x00, 0x00, 0x00, 0x00, 0x00, 0x00, 0x00, 0x00, 0x00, 0x00,
    0x00, 0x00, 0x00, 0x00, 0x00, 0x00, 0x00, 0x00, 0x00, 0x00, 0x00, 0x00,
    0x00, 0x00, 0x00, 0x00, 0x00, 0x00, 0x00, 0x00, 0x00, 0x00, 0x00, 0x00,
    0x00, 0x00, 0x00, 0x00, 0x00, 0x00, 0x00, 0x00, 0x00, 0x00, 0x00, 0x00,
    0x00, 0x00, 0x00, 0x00, 0x00, 0x00, 0x00, 0x00, 0x00, 0x00, 0x00, 0x00,
    0x00, 0x00, 0x00, 0x00, 0x00, 0x00, 0x00, 0x00, 0x00, 0x00, 0x00, 0x00,
    0x00, 0x00, 0x00, 0x00, 0x00, 0x00, 0x00, 0x00, 0x00, 0x00, 0x00, 0x00,
    0x00, 0x00, 0x00, 0x00, 0x00, 0x00, 0x00, 0x00, 0x00, 0x00, 0x00, 0x00,
    0x00, 0x00, 0x00, 0x00, 0x00, 0x00, 0x00, 0x00, 0x00, 0x00, 0x00, 0x00,
    0x00, 0x00, 0x00, 0x00, 0x00, 0x00, 0x00, 0x00, 0x00, 0x00, 0x00, 0x00,
    0x00, 0x00, 0x00, 0x00, 0x00, 0x00, 0x00, 0x00, 0x00, 0x00, 0x00, 0x00,
    0x00, 0x00, 0x00, 0x00, 0x00, 0x00, 0x00, 0x00, 0x00, 0x00, 0x00, 0x00,
    0x00, 0x00, 0x00, 0x00, 0x00, 0x00, 0x00, 0x00, 0x00, 0x00, 0x00, 0x00,
    0x00, 0x00, 0x00, 0x00, 0x00, 0x00, 0x00, 0x00, 0x00, 0x00, 0x00, 0x00,
    0x00, 0x00, 0x00, 0x00, 0x00, 0x00, 0x00, 0x00, 0x00, 0x00, 0x00, 0x00,
    0x00, 0x00, 0x00, 0x00, 0x00, 0x00, 0x00, 0x00, 0x00, 0x00, 0x00, 0x00,
    0x00, 0x00, 0x00, 0x00, 0x00, 0x00, 0x00, 0x00, 0x00, 0x00, 0x00, 0x00,
    0x00, 0x00, 0x00, 0x00, 0x00, 0x00, 0x00, 0x00, 0x00, 0x00, 0x00, 0x00,
    0x00, 0x00, 0x00, 0x00, 0x3c, 0x00, 0x00, 0x00, 0xbb, 0x54, 0xaf, 0x37,
    0x64, 0xcd, 0x40, 0x38, 0x5b, 0xfe, 0xb7, 0x37, 0x7c, 0x3d, 0xdd, 0x37,
    0xac, 0x7f, 0xac, 0x37, 0x66, 0x08, 0xcd, 0x37, 0xe0, 0x49, 0x74, 0x37,
    0x5c, 0x45, 0xe3, 0x37, 0x8f, 0x37, 0xb0, 0x37, 0x41, 0x09, 0x68, 0x38,
    0x04, 0x2d, 0xb3, 0x37, 0xf0, 0x0d, 0x0a, 0x38, 0xb4, 0x9f, 0x0e, 0x38,
    0x05, 0x1e, 0xc4, 0x37, 0xdb, 0x85, 0x95, 0x37, 0x25, 0x75, 0xc4, 0x37,
    0x0f, 0xc0, 0xf8, 0x37, 0x20, 0xdf, 0x1c, 0x38, 0x36, 0x5e, 0xa4, 0x37,
    0x65, 0xce, 0xa4, 0x37, 0xf0, 0xd0, 0xd8, 0x37, 0x6f, 0xd6, 0xbb, 0x37,
    0xae, 0x6d, 0xc1, 0x37, 0xb2, 0x75, 0xb1, 0x37, 0x04, 0xe2, 0x82, 0x37,
    0x5e, 0xf3, 0x29, 0x38, 0x20, 0xfd, 0x9c, 0x37, 0x0d, 0x6d, 0xfc, 0x37,
    0x35, 0x35, 0x1e, 0x38, 0x9e, 0x38, 0x94, 0x37, 0x23, 0x46, 0xe2, 0x37,
    0x7e, 0x44, 0xbe, 0x37, 0x07, 0x8e, 0x00, 0x38, 0x2a, 0x8a, 0x22, 0x38,
    0x74, 0xcd, 0x89, 0x37, 0x4b, 0xe9, 0xa8, 0x37, 0x95, 0xee, 0xb1, 0x37,
    0xbb, 0xb6, 0xc8, 0x37, 0x3c, 0x68, 0xb3, 0x37, 0x51, 0x4e, 0x4f, 0x37,
    0xe4, 0x42, 0x30, 0x38, 0xae, 0xcc, 0xab, 0x37, 0x22, 0x87, 0xb5, 0x37,
    0x0c, 0x59, 0x05, 0x38, 0xa8, 0xbd, 0xf4, 0x37, 0x4a, 0x47, 0xca, 0x37,
    0xf1, 0xbd, 0xbf, 0x37, 0x28, 0x13, 0xbe, 0x37, 0xb1, 0x5b, 0xaa, 0x37,
    0x12, 0xfd, 0xc1, 0x37, 0xa9, 0x68, 0x03, 0x38, 0x0a, 0x33, 0xc8, 0x37,
    0xa7, 0x18, 0xa5, 0x37, 0xbc, 0xc6, 0x9f, 0x37, 0xe3, 0xf8, 0xec, 0x37,
    0xd8, 0x48, 0xcb, 0x37, 0x80, 0xc6, 0x8d, 0x37, 0xd0, 0x51, 0xfa, 0x37,
    0x67, 0xb9, 0xfc, 0x37, 0xd7, 0x4b, 0xac, 0x37, 0x12, 0x00, 0x00, 0x00,
    0x74, 0x66, 0x6c, 0x2e, 0x70, 0x73, 0x65, 0x75, 0x64, 0x6f, 0x5f, 0x71,
    0x63, 0x6f, 0x6e, 0x73, 0x74, 0x38, 0x00, 0x00, 0x01, 0x00, 0x00, 0x00,
    0x3c, 0x00, 0x00, 0x00, 0xb2, 0xea, 0xff, 0xff, 0x00, 0x00, 0x00, 0x01,
    0x14, 0x00, 0x00, 0x00, 0xf8, 0x02, 0x00, 0x00, 0x0f, 0x00, 0x00, 0x00,
    0x00, 0x00, 0x00, 0x09, 0x04, 0x03, 0x00, 0x00, 0x9c, 0xea, 0xff, 0xff,
    0x08, 0x00, 0x00, 0x00, 0xec, 0x01, 0x00, 0x00, 0x3c, 0x00, 0x00, 0x00,
    0x00, 0x00, 0x00, 0x00, 0x00, 0x00, 0x00, 0x00, 0x00, 0x00, 0x00, 0x00,
    0x00, 0x00, 0x00, 0x00, 0x00, 0x00, 0x00, 0x00, 0x00, 0x00, 0x00, 0x00,
    0x00, 0x00, 0x00, 0x00, 0x00, 0x00, 0x00, 0x00, 0x00, 0x00, 0x00, 0x00,
    0x00, 0x00, 0x00, 0x00, 0x00, 0x00, 0x00, 0x00, 0x00, 0x00, 0x00, 0x00,
    0x00, 0x00, 0x00, 0x00, 0x00, 0x00, 0x00, 0x00, 0x00, 0x00, 0x00, 0x00,
    0x00, 0x00, 0x00, 0x00, 0x00, 0x00, 0x00, 0x00, 0x00, 0x00, 0x00, 0x00,
    0x00, 0x00, 0x00, 0x00, 0x00, 0x00, 0x00, 0x00, 0x00, 0x00, 0x00, 0x00,
    0x00, 0x00, 0x00, 0x00, 0x00, 0x00, 0x00, 0x00, 0x00, 0x00, 0x00, 0x00,
    0x00, 0x00, 0x00, 0x00, 0x00, 0x00, 0x00, 0x00, 0x00, 0x00, 0x00, 0x00,
    0x00, 0x00, 0x00, 0x00, 0x00, 0x00, 0x00, 0x00, 0x00, 0x00, 0x00, 0x00,
    0x00, 0x00, 0x00, 0x00, 0x00, 0x00, 0x00, 0x00, 0x00, 0x00, 0x00, 0x00,
    0x00, 0x00, 0x00, 0x00, 0x00, 0x00, 0x00, 0x00, 0x00, 0x00, 0x00, 0x00,
    0x00, 0x00, 0x00, 0x00, 0x00, 0x00, 0x00, 0x00, 0x00, 0x00, 0x00, 0x00,
    0x00, 0x00, 0x00, 0x00, 0x00, 0x00, 0x00, 0x00, 0x00, 0x00, 0x00, 0x00,
    0x00, 0x00, 0x00, 0x00, 0x00, 0x00, 0x00, 0x00, 0x00, 0x00, 0x00, 0x00,
    0x00, 0x00, 0x00, 0x00, 0x00, 0x00, 0x00, 0x00, 0x00, 0x00, 0x00, 0x00,
    0x00, 0x00, 0x00, 0x00, 0x00, 0x00, 0x00, 0x00, 0x00, 0x00, 0x00, 0x00,
    0x00, 0x00, 0x00, 0x00, 0x00, 0x00, 0x00, 0x00, 0x00, 0x00, 0x00, 0x00,
    0x00, 0x00, 0x00, 0x00, 0x00, 0x00, 0x00, 0x00, 0x00, 0x00, 0x00, 0x00,
    0x00, 0x00, 0x00, 0x00, 0x00, 0x00, 0x00, 0x00, 0x00, 0x00, 0x00, 0x00,
    0x00, 0x00, 0x00, 0x00, 0x00, 0x00, 0x00, 0x00, 0x00, 0x00, 0x00, 0x00,
    0x00, 0x00, 0x00, 0x00, 0x00, 0x00, 0x00, 0x00, 0x00, 0x00, 0x00, 0x00,
    0x00, 0x00, 0x00, 0x00, 0x00, 0x00, 0x00, 0x00, 0x00, 0x00, 0x00, 0x00,
    0x00, 0x00, 0x00, 0x00, 0x00, 0x00, 0x00, 0x00, 0x00, 0x00, 0x00, 0x00,
    0x00, 0x00, 0x00, 0x00, 0x00, 0x00, 0x00, 0x00, 0x00, 0x00, 0x00, 0x00,
    0x00, 0x00, 0x00, 0x00, 0x00, 0x00, 0x00, 0x00, 0x00, 0x00, 0x00, 0x00,
    0x00, 0x00, 0x00, 0x00, 0x00, 0x00, 0x00, 0x00, 0x00, 0x00, 0x00, 0x00,
    0x00, 0x00, 0x00, 0x00, 0x00, 0x00, 0x00, 0x00, 0x00, 0x00, 0x00, 0x00,
    0x00, 0x00, 0x00, 0x00, 0x00, 0x00, 0x00, 0x00, 0x00, 0x00, 0x00, 0x00,
    0x00, 0x00, 0x00, 0x00, 0x00, 0x00, 0x00, 0x00, 0x00, 0x00, 0x00, 0x00,
    0x00, 0x00, 0x00, 0x00, 0x00, 0x00, 0x00, 0x00, 0x00, 0x00, 0x00, 0x00,
    0x00, 0x00, 0x00, 0x00, 0x00, 0x00, 0x00, 0x00, 0x00, 0x00, 0x00, 0x00,
    0x00, 0x00, 0x00, 0x00, 0x00, 0x00, 0x00, 0x00, 0x00, 0x00, 0x00, 0x00,
    0x00, 0x00, 0x00, 0x00, 0x00, 0x00, 0x00, 0x00, 0x00, 0x00, 0x00, 0x00,
    0x00, 0x00, 0x00, 0x00, 0x00, 0x00, 0x00, 0x00, 0x00, 0x00, 0x00, 0x00,
    0x00, 0x00, 0x00, 0x00, 0x00, 0x00, 0x00, 0x00, 0x00, 0x00, 0x00, 0x00,
    0x00, 0x00, 0x00, 0x00, 0x00, 0x00, 0x00, 0x00, 0x00, 0x00, 0x00, 0x00,
    0x00, 0x00, 0x00, 0x00, 0x00, 0x00, 0x00, 0x00, 0x00, 0x00, 0x00, 0x00,
    0x00, 0x00, 0x00, 0x00, 0x00, 0x00, 0x00, 0x00, 0x00, 0x00, 0x00, 0x00,
    0x00, 0x00, 0x00, 0x00, 0x00, 0x00, 0x00, 0x00, 0x00, 0x00, 0x00, 0x00,
    0x00, 0x00, 0x00, 0x00, 0x3c, 0x00, 0x00, 0x00, 0x62, 0xa7, 0xdf, 0x3b,
    0x8c, 0x8f, 0xd1, 0x3b, 0x7d, 0xe4, 0x9a, 0x3b, 0xba, 0x96, 0x98, 0x3b,
    0x13, 0xbe, 0x8f, 0x3b, 0x19, 0x1c, 0x0a, 0x3c, 0xce, 0x66, 0xbc, 0x3b,
    0x6e, 0x9e, 0xb6, 0x3b, 0x28, 0xef, 0xca, 0x3b, 0x72, 0x67, 0x2d, 0x3c,
    0x00, 0x8e, 0x72, 0x3b, 0xc9, 0x58, 0x20, 0x3c, 0x71, 0x25, 0x2c, 0x3c,
    0x1c, 0x44, 0xd8, 0x3b, 0x93, 0x3b, 0xff, 0x3b, 0xf7, 0xab, 0xb5, 0x3b,
    0x86, 0xb1, 0x2b, 0x3c, 0xb0, 0xea, 0x55, 0x3c, 0x58, 0xf3, 0x01, 0x3c,
    0x70, 0x33, 0xcf, 0x3b, 0x37, 0xc3, 0xc0, 0x3b, 0xf3, 0x70, 0x90, 0x3b,
    0x03, 0x8c, 0x0a, 0x3c, 0xf4, 0x05, 0x81, 0x3b, 0xdc, 0xd7, 0xde, 0x3b,
    0x16, 0x4d, 0xa9, 0x3b, 0x8b, 0x4d, 0x6e, 0x3b, 0x63, 0x55, 0xbd, 0x3b,
    0x05, 0x41, 0xf5, 0x3b, 0xd0, 0x60, 0x67, 0x3b, 0xed, 0x09, 0xed, 0x3b,
    0xd9, 0x8d, 0x7b, 0x3b, 0xec, 0x11, 0xd9, 0x3b, 0x1a, 0x7a, 0x8d, 0x3b,
    0x25, 0xd8, 0xc2, 0x3b, 0x81, 0x11, 0x00, 0x3c, 0x02, 0xc9, 0xc3, 0x3b,
    0xd8, 0x9e, 0x11, 0x3c, 0xca, 0x37, 0xee, 0x3b, 0x27, 0x8d, 0xa1, 0x3b,
    0x88, 0x6a, 0xb5, 0x3b, 0x3c, 0x51, 0x28, 0x3c, 0xbd, 0x82, 0xba, 0x3b,
    0x61, 0x9a, 0xb5, 0x3b, 0x1f, 0x82, 0xbc, 0x3b, 0xaa, 0x20, 0xcb, 0x3b,
    0xcb, 0x9f, 0xa2, 0x3b, 0x99, 0x12, 0xf2, 0x3b, 0xdb, 0xdc, 0x99, 0x3b,
    0xfb, 0xb3, 0x12, 0x3c, 0x9d, 0x35, 0xfd, 0x3b, 0x3e, 0x1b, 0x9d, 0x3b,
    0xbf, 0x41, 0x59, 0x3b, 0x0f, 0x3d, 0x90, 0x3b, 0x11, 0x06, 0x1e, 0x3c,
    0xc4, 0x9d, 0x43, 0x3c, 0xbb, 0x06, 0xe7, 0x3b, 0xa3, 0xd9, 0xb6, 0x3b,
    0xd4, 0x7c, 0xcd, 0x3b, 0x49, 0x60, 0xf2, 0x3b, 0x12, 0x00, 0x00, 0x00,
    0x74, 0x66, 0x6c, 0x2e, 0x70, 0x73, 0x65, 0x75, 0x64, 0x6f, 0x5f, 0x71,
    0x63, 0x6f, 0x6e, 0x73, 0x74, 0x37, 0x00, 0x00, 0x04, 0x00, 0x00, 0x00,
    0x3c, 0x00, 0x00, 0x00, 0x01, 0x00, 0x00, 0x00, 0x01, 0x00, 0x00, 0x00,
    0x3c, 0x00, 0x00, 0x00, 0xe2, 0xed, 0xff, 0xff, 0x00, 0x00, 0x00, 0x01,
    0x14, 0x00, 0x00, 0x00, 0xf4, 0x02, 0x00, 0x00, 0x0e, 0x00, 0x00, 0x00,
    0x00, 0x00, 0x00, 0x02, 0x00, 0x03, 0x00, 0x00, 0xcc, 0xed, 0xff, 0xff,
    0x08, 0x00, 0x00, 0x00, 0xe8, 0x01, 0x00, 0x00, 0x3c, 0x00, 0x00, 0x00,
    0x00, 0x00, 0x00, 0x00, 0x00, 0x00, 0x00, 0x00, 0x00, 0x00, 0x00, 0x00,
    0x00, 0x00, 0x00, 0x00, 0x00, 0x00, 0x00, 0x00, 0x00, 0x00, 0x00, 0x00,
    0x00, 0x00, 0x00, 0x00, 0x00, 0x00, 0x00, 0x00, 0x00, 0x00, 0x00, 0x00,
    0x00, 0x00, 0x00, 0x00, 0x00, 0x00, 0x00, 0x00, 0x00, 0x00, 0x00, 0x00,
    0x00, 0x00, 0x00, 0x00, 0x00, 0x00, 0x00, 0x00, 0x00, 0x00, 0x00, 0x00,
    0x00, 0x00, 0x00, 0x00, 0x00, 0x00, 0x00, 0x00, 0x00, 0x00, 0x00, 0x00,
    0x00, 0x00, 0x00, 0x00, 0x00, 0x00, 0x00, 0x00, 0x00, 0x00, 0x00, 0x00,
    0x00, 0x00, 0x00, 0x00, 0x00, 0x00, 0x00, 0x00, 0x00, 0x00, 0x00, 0x00,
    0x00, 0x00, 0x00, 0x00, 0x00, 0x00, 0x00, 0x00, 0x00, 0x00, 0x00, 0x00,
    0x00, 0x00, 0x00, 0x00, 0x00, 0x00, 0x00, 0x00, 0x00, 0x00, 0x00, 0x00,
    0x00, 0x00, 0x00, 0x00, 0x00, 0x00, 0x00, 0x00, 0x00, 0x00, 0x00, 0x00,
    0x00, 0x00, 0x00, 0x00, 0x00, 0x00, 0x00, 0x00, 0x00, 0x00, 0x00, 0x00,
    0x00, 0x00, 0x00, 0x00, 0x00, 0x00, 0x00, 0x00, 0x00, 0x00, 0x00, 0x00,
    0x00, 0x00, 0x00, 0x00, 0x00, 0x00, 0x00, 0x00, 0x00, 0x00, 0x00, 0x00,
    0x00, 0x00, 0x00, 0x00, 0x00, 0x00, 0x00, 0x00, 0x00, 0x00, 0x00, 0x00,
    0x00, 0x00, 0x00, 0x00, 0x00, 0x00, 0x00, 0x00, 0x00, 0x00, 0x00, 0x00,
    0x00, 0x00, 0x00, 0x00, 0x00, 0x00, 0x00, 0x00, 0x00, 0x00, 0x00, 0x00,
    0x00, 0x00, 0x00, 0x00, 0x00, 0x00, 0x00, 0x00, 0x00, 0x00, 0x00, 0x00,
    0x00, 0x00, 0x00, 0x00, 0x00, 0x00, 0x00, 0x00, 0x00, 0x00, 0x00, 0x00,
    0x00, 0x00, 0x00, 0x00, 0x00, 0x00, 0x00, 0x00, 0x00, 0x00, 0x00, 0x00,
    0x00, 0x00, 0x00, 0x00, 0x00, 0x00, 0x00, 0x00, 0x00, 0x00, 0x00, 0x00,
    0x00, 0x00, 0x00, 0x00, 0x00, 0x00, 0x00, 0x00, 0x00, 0x00, 0x00, 0x00,
    0x00, 0x00, 0x00, 0x00, 0x00, 0x00, 0x00, 0x00, 0x00, 0x00, 0x00, 0x00,
    0x00, 0x00, 0x00, 0x00, 0x00, 0x00, 0x00, 0x00, 0x00, 0x00, 0x00, 0x00,
    0x00, 0x00, 0x00, 0x00, 0x00, 0x00, 0x00, 0x00, 0x00, 0x00, 0x00, 0x00,
    0x00, 0x00, 0x00, 0x00, 0x00, 0x00, 0x00, 0x00, 0x00, 0x00, 0x00, 0x00,
    0x00, 0x00, 0x00, 0x00, 0x00, 0x00, 0x00, 0x00, 0x00, 0x00, 0x00, 0x00,
    0x00, 0x00, 0x00, 0x00, 0x00, 0x00, 0x00, 0x00, 0x00, 0x00, 0x00, 0x00,
    0x00, 0x00, 0x00, 0x00, 0x00, 0x00, 0x00, 0x00, 0x00, 0x00, 0x00, 0x00,
    0x00, 0x00, 0x00, 0x00, 0x00, 0x00, 0x00, 0x00, 0x00, 0x00, 0x00, 0x00,
    0x00, 0x00, 0x00, 0x00, 0x00, 0x00, 0x00, 0x00, 0x00, 0x00, 0x00, 0x00,
    0x00, 0x00, 0x00, 0x00, 0x00, 0x00, 0x00, 0x00, 0x00, 0x00, 0x00, 0x00,
    0x00, 0x00, 0x00, 0x00, 0x00, 0x00, 0x00, 0x00, 0x00, 0x00, 0x00, 0x00,
    0x00, 0x00, 0x00, 0x00, 0x00, 0x00, 0x00, 0x00, 0x00, 0x00, 0x00, 0x00,
    0x00, 0x00, 0x00, 0x00, 0x00, 0x00, 0x00, 0x00, 0x00, 0x00, 0x00, 0x00,
    0x00, 0x00, 0x00, 0x00, 0x00, 0x00, 0x00, 0x00, 0x00, 0x00, 0x00, 0x00,
    0x00, 0x00, 0x00, 0x00, 0x00, 0x00, 0x00, 0x00, 0x00, 0x00, 0x00, 0x00,
    0x00, 0x00, 0x00, 0x00, 0x00, 0x00, 0x00, 0x00, 0x00, 0x00, 0x00, 0x00,
    0x00, 0x00, 0x00, 0x00, 0x00, 0x00, 0x00, 0x00, 0x00, 0x00, 0x00, 0x00,
    0x00, 0x00, 0x00, 0x00, 0x00, 0x00, 0x00, 0x00, 0x00, 0x00, 0x00, 0x00,
    0x3c, 0x00, 0x00, 0x00, 0xd6, 0xfa, 0x13, 0x39, 0xb9, 0xa7, 0x0a, 0x39,
    0xe1, 0xf7, 0xcc, 0x38, 0x73, 0xeb, 0xc9, 0x38, 0xa7, 0x36, 0xbe, 0x38,
    0x7e, 0xc2, 0x36, 0x39, 0x82, 0x4f, 0xf9, 0x38, 0x8a, 0xa8, 0xf1, 0x38,
    0x50, 0x45, 0x06, 0x39, 0xe9, 0x76, 0x65, 0x39, 0x4b, 0x7c, 0xa0, 0x38,
    0x97, 0x2f, 0x54, 0x39, 0xce, 0xcc, 0x63, 0x39, 0x7b, 0x17, 0x0f, 0x39,
    0xb7, 0xdf, 0x28, 0x39, 0xaf, 0x67, 0xf0, 0x38, 0x69, 0x33, 0x63, 0x39,
    0x8e, 0x89, 0x8d, 0x39, 0x75, 0xf6, 0x2b, 0x39, 0x04, 0x18, 0x09, 0x39,
    0xd9, 0x14, 0xff, 0x38, 0x5b, 0x23, 0xbf, 0x38, 0x96, 0x56, 0x37, 0x39,
    0x52, 0xbc, 0xaa, 0x38, 0x87, 0x71, 0x13, 0x39, 0xfa, 0x08, 0xe0, 0x38,
    0x1e, 0xac, 0x9d, 0x38, 0x39, 0x8b, 0xfa, 0x38, 0x81, 0x45, 0x22, 0x39,
    0x32, 0x17, 0x99, 0x38, 0xff, 0xd5, 0x1c, 0x39, 0xa0, 0x70, 0xa6, 0x38,
    0xa8, 0x9f, 0x0f, 0x39, 0x2d, 0x37, 0xbb, 0x38, 0x09, 0xeb, 0x00, 0x39,
    0xd8, 0x78, 0x29, 0x39, 0x67, 0x8a, 0x01, 0x39, 0xda, 0xb2, 0x40, 0x39,
    0xb9, 0x9d, 0x1d, 0x39, 0xa6, 0xc7, 0xd5, 0x38, 0x19, 0x11, 0xf0, 0x38,
    0xb4, 0xbb, 0x5e, 0x39, 0xf2, 0xce, 0xf6, 0x38, 0x6a, 0x50, 0xf0, 0x38,
    0xa8, 0x73, 0xf9, 0x38, 0x12, 0x66, 0x06, 0x39, 0x14, 0x33, 0xd7, 0x38,
    0xa5, 0x2a, 0x20, 0x39, 0x04, 0x9b, 0xcb, 0x38, 0x95, 0x21, 0x42, 0x39,
    0x02, 0x89, 0x27, 0x39, 0xdc, 0xe5, 0xcf, 0x38, 0x4d, 0xbf, 0x8f, 0x38,
    0xb0, 0xde, 0xbe, 0x38, 0x9a, 0x1c, 0x51, 0x39, 0xca, 0x6d, 0x81, 0x39,
    0x98, 0xdb, 0x18, 0x39, 0xe3, 0xf6, 0xf1, 0x38, 0xd0, 0xf5, 0x07, 0x39,
    0x0b, 0x5e, 0x20, 0x39, 0x12, 0x00, 0x00, 0x00, 0x74, 0x66, 0x6c, 0x2e,
    0x70, 0x73, 0x65, 0x75, 0x64, 0x6f, 0x5f, 0x71, 0x63, 0x6f, 0x6e, 0x73,
    0x74, 0x36, 0x00, 0x00, 0x01, 0x00, 0x00, 0x00, 0x3c, 0x00, 0x00, 0x00,
    0x00, 0x00, 0x16, 0x00, 0x1e, 0x00, 0x18, 0x00, 0x17, 0x00, 0x10, 0x00,
    0x0c, 0x00, 0x08, 0x00, 0x00, 0x00, 0x00, 0x00, 0x00, 0x00, 0x07, 0x00,
    0x16, 0x00, 0x00, 0x00, 0x00, 0x00, 0x00, 0x01, 0x28, 0x00, 0x00, 0x00,
    0x10, 0x03, 0x00, 0x00, 0x0d, 0x00, 0x00, 0x00, 0x00, 0x00, 0x00, 0x09,
    0x1c, 0x03, 0x00, 0x00, 0x00, 0x00, 0x12, 0x00, 0x10, 0x00, 0x00, 0x00,
    0x00, 0x00, 0x0c, 0x00, 0x08, 0x00, 0x00, 0x00, 0x00, 0x00, 0x04, 0x00,
    0x12, 0x00, 0x00, 0x00, 0x03, 0x00, 0x00, 0x00, 0x08, 0x00, 0x00, 0x00,
    0xec, 0x01, 0x00, 0x00, 0x3c, 0x00, 0x00, 0x00, 0x00, 0x00, 0x00, 0x00,
    0x00, 0x00, 0x00, 0x00, 0x00, 0x00, 0x00, 0x00, 0x00, 0x00, 0x00, 0x00,
    0x00, 0x00, 0x00, 0x00, 0x00, 0x00, 0x00, 0x00, 0x00, 0x00, 0x00, 0x00,
    0x00, 0x00, 0x00, 0x00, 0x00, 0x00, 0x00, 0x00, 0x00, 0x00, 0x00, 0x00,
    0x00, 0x00, 0x00, 0x00, 0x00, 0x00, 0x00, 0x00, 0x00, 0x00, 0x00, 0x00,
    0x00, 0x00, 0x00, 0x00, 0x00, 0x00, 0x00, 0x00, 0x00, 0x00, 0x00, 0x00,
    0x00, 0x00, 0x00, 0x00, 0x00, 0x00, 0x00, 0x00, 0x00, 0x00, 0x00, 0x00,
    0x00, 0x00, 0x00, 0x00, 0x00, 0x00, 0x00, 0x00, 0x00, 0x00, 0x00, 0x00,
    0x00, 0x00, 0x00, 0x00, 0x00, 0x00, 0x00, 0x00, 0x00, 0x00, 0x00, 0x00,
    0x00, 0x00, 0x00, 0x00, 0x00, 0x00, 0x00, 0x00, 0x00, 0x00, 0x00, 0x00,
    0x00, 0x00, 0x00, 0x00, 0x00, 0x00, 0x00, 0x00, 0x00, 0x00, 0x00, 0x00,
    0x00, 0x00, 0x00, 0x00, 0x00, 0x00, 0x00, 0x00, 0x00, 0x00, 0x00, 0x00,
    0x00, 0x00, 0x00, 0x00, 0x00, 0x00, 0x00, 0x00, 0x00, 0x00, 0x00, 0x00,
    0x00, 0x00, 0x00, 0x00, 0x00, 0x00, 0x00, 0x00, 0x00, 0x00, 0x00, 0x00,
    0x00, 0x00, 0x00, 0x00, 0x00, 0x00, 0x00, 0x00, 0x00, 0x00, 0x00, 0x00,
    0x00, 0x00, 0x00, 0x00, 0x00, 0x00, 0x00, 0x00, 0x00, 0x00, 0x00, 0x00,
    0x00, 0x00, 0x00, 0x00, 0x00, 0x00, 0x00, 0x00, 0x00, 0x00, 0x00, 0x00,
    0x00, 0x00, 0x00, 0x00, 0x00, 0x00, 0x00, 0x00, 0x00, 0x00, 0x00, 0x00,
    0x00, 0x00, 0x00, 0x00, 0x00, 0x00, 0x00, 0x00, 0x00, 0x00, 0x00, 0x00,
    0x00, 0x00, 0x00, 0x00, 0x00, 0x00, 0x00, 0x00, 0x00, 0x00, 0x00, 0x00,
    0x00, 0x00, 0x00, 0x00, 0x00, 0x00, 0x00, 0x00, 0x00, 0x00, 0x00, 0x00,
    0x00, 0x00, 0x00, 0x00, 0x00, 0x00, 0x00, 0x00, 0x00, 0x00, 0x00, 0x00,
    0x00, 0x00, 0x00, 0x00, 0x00, 0x00, 0x00, 0x00, 0x00, 0x00, 0x00, 0x00,
    0x00, 0x00, 0x00, 0x00, 0x00, 0x00, 0x00, 0x00, 0x00, 0x00, 0x00, 0x00,
    0x00, 0x00, 0x00, 0x00, 0x00, 0x00, 0x00, 0x00, 0x00, 0x00, 0x00, 0x00,
    0x00, 0x00, 0x00, 0x00, 0x00, 0x00, 0x00, 0x00, 0x00, 0x00, 0x00, 0x00,
    0x00, 0x00, 0x00, 0x00, 0x00, 0x00, 0x00, 0x00, 0x00, 0x00, 0x00, 0x00,
    0x00, 0x00, 0x00, 0x00, 0x00, 0x00, 0x00, 0x00, 0x00, 0x00, 0x00, 0x00,
    0x00, 0x00, 0x00, 0x00, 0x00, 0x00, 0x00, 0x00, 0x00, 0x00, 0x00, 0x00,
    0x00, 0x00, 0x00, 0x00, 0x00, 0x00, 0x00, 0x00, 0x00, 0x00, 0x00, 0x00,
    0x00, 0x00, 0x00, 0x00, 0x00, 0x00, 0x00, 0x00, 0x00, 0x00, 0x00, 0x00,
    0x00, 0x00, 0x00, 0x00, 0x00, 0x00, 0x00, 0x00, 0x00, 0x00, 0x00, 0x00,
    0x00, 0x00, 0x00, 0x00, 0x00, 0x00, 0x00, 0x00, 0x00, 0x00, 0x00, 0x00,
    0x00, 0x00, 0x00, 0x00, 0x00, 0x00, 0x00, 0x00, 0x00, 0x00, 0x00, 0x00,
    0x00, 0x00, 0x00, 0x00, 0x00, 0x00, 0x00, 0x00, 0x00, 0x00, 0x00, 0x00,
    0x00, 0x00, 0x00, 0x00, 0x00, 0x00, 0x00, 0x00, 0x00, 0x00, 0x00, 0x00,
    0x00, 0x00, 0x00, 0x00, 0x00, 0x00, 0x00, 0x00, 0x00, 0x00, 0x00, 0x00,
    0x00, 0x00, 0x00, 0x00, 0x00, 0x00, 0x00, 0x00, 0x00, 0x00, 0x00, 0x00,
    0x00, 0x00, 0x00, 0x00, 0x00, 0x00, 0x00, 0x00, 0x00, 0x00, 0x00, 0x00,
    0x00, 0x00, 0x00, 0x00, 0x00, 0x00, 0x00, 0x00, 0x00, 0x00, 0x00, 0x00,
    0x00, 0x00, 0x00, 0x00, 0x00, 0x00, 0x00, 0x00, 0x00, 0x00, 0x00, 0x00,
    0x3c, 0x00, 0x00, 0x00, 0x62, 0xab, 0x32, 0x3a, 0x5a, 0xcf, 0xae, 0x3a,
    0x98, 0x86, 0xa3, 0x3a, 0x4f, 0xfc, 0x12, 0x3b, 0x4d, 0xc5, 0xb5, 0x3a,
    0x3f, 0xfe, 0xb6, 0x3a, 0x39, 0xb3, 0x13, 0x3a, 0xab, 0x21, 0x83, 0x3a,
    0xa8, 0x5b, 0xff, 0x39, 0xaa, 0x02, 0xbe, 0x3a, 0xa7, 0x41, 0xa4, 0x3a,
    0x21, 0x8c, 0xca, 0x3a, 0xa3, 0x62, 0x83, 0x3a, 0xd8, 0xec, 0x9a, 0x3a,
    0x36, 0xde, 0x9e, 0x3a, 0x0f, 0x9e, 0x8c, 0x3a, 0xa0, 0x41, 0x18, 0x3a,
    0x9e, 0x6e, 0x95, 0x3a, 0xd1, 0xeb, 0xa3, 0x3a, 0x6d, 0xbf, 0xfc, 0x3a,
    0xd8, 0x87, 0x93, 0x3a, 0xe3, 0x69, 0x14, 0x3b, 0xbc, 0x44, 0x99, 0x3a,
    0x10, 0xa1, 0x48, 0x3a, 0xd6, 0x7a, 0x40, 0x3a, 0x45, 0x6b, 0xa5, 0x3a,
    0x2a, 0x88, 0x44, 0x3b, 0xb9, 0x25, 0x46, 0x3a, 0x38, 0x71, 0x07, 0x3a,
    0x97, 0x89, 0xbd, 0x39, 0x3d, 0x1e, 0x61, 0x3a, 0x8a, 0xf4, 0xf1, 0x3a,
    0x79, 0xe1, 0x8f, 0x3a, 0x70, 0x4f, 0x8e, 0x3a, 0x0b, 0x10, 0x9e, 0x3a,
    0x27, 0x55, 0x32, 0x3a, 0xe9, 0xcd, 0x7b, 0x3a, 0xb0, 0x0c, 0xd1, 0x3a,
    0xd5, 0xb4, 0x9c, 0x3a, 0x18, 0x39, 0x17, 0x3a, 0x79, 0x21, 0xa7, 0x3a,
    0xf5, 0x22, 0xa3, 0x3a, 0xda, 0xa9, 0xab, 0x3a, 0x81, 0xd1, 0xb0, 0x3a,
    0x6a, 0x05, 0xc3, 0x3a, 0x0a, 0xa4, 0x7e, 0x3a, 0xc6, 0x3a, 0x06, 0x3a,
    0xc6, 0x8b, 0x49, 0x3a, 0x10, 0x87, 0xbb, 0x3a, 0x74, 0x8e, 0x86, 0x3a,
    0x96, 0x4c, 0xbb, 0x3a, 0x36, 0x41, 0xae, 0x3a, 0xf1, 0x6f, 0x37, 0x3b,
    0x60, 0x24, 0x1a, 0x3b, 0xb3, 0x09, 0xb8, 0x3a, 0x01, 0xba, 0xb1, 0x3a,
    0x74, 0xf4, 0xa5, 0x3a, 0xbd, 0x17, 0xfa, 0x3a, 0xa0, 0x47, 0x2a, 0x3a,
    0x11, 0x96, 0x94, 0x3a, 0x12, 0x00, 0x00, 0x00, 0x74, 0x66, 0x6c, 0x2e,
    0x70, 0x73, 0x65, 0x75, 0x64, 0x6f, 0x5f, 0x71, 0x63, 0x6f, 0x6e, 0x73,
    0x74, 0x35, 0x00, 0x00, 0x04, 0x00, 0x00, 0x00, 0x01, 0x00, 0x00, 0x00,
    0x04, 0x00, 0x00, 0x00, 0x01, 0x00, 0x00, 0x00, 0x3c, 0x00, 0x00, 0x00,
    0x62, 0xf4, 0xff, 0xff, 0x00, 0x00, 0x00, 0x01, 0x14, 0x00, 0x00, 0x00,
    0xf4, 0x02, 0x00, 0x00, 0x0c, 0x00, 0x00, 0x00, 0x00, 0x00, 0x00, 0x02,
    0x00, 0x03, 0x00, 0x00, 0x4c, 0xf4, 0xff, 0xff, 0x08, 0x00, 0x00, 0x00,
    0xe8, 0x01, 0x00, 0x00, 0x3c, 0x00, 0x00, 0x00, 0x00, 0x00, 0x00, 0x00,
    0x00, 0x00, 0x00, 0x00, 0x00, 0x00, 0x00, 0x00, 0x00, 0x00, 0x00, 0x00,
    0x00, 0x00, 0x00, 0x00, 0x00, 0x00, 0x00, 0x00, 0x00, 0x00, 0x00, 0x00,
    0x00, 0x00, 0x00, 0x00, 0x00, 0x00, 0x00, 0x00, 0x00, 0x00, 0x00, 0x00,
    0x00, 0x00, 0x00, 0x00, 0x00, 0x00, 0x00, 0x00, 0x00, 0x00, 0x00, 0x00,
    0x00, 0x00, 0x00, 0x00, 0x00, 0x00, 0x00, 0x00, 0x00, 0x00, 0x00, 0x00,
    0x00, 0x00, 0x00, 0x00, 0x00, 0x00, 0x00, 0x00, 0x00, 0x00, 0x00, 0x00,
    0x00, 0x00, 0x00, 0x00, 0x00, 0x00, 0x00, 0x00, 0x00, 0x00, 0x00, 0x00,
    0x00, 0x00, 0x00, 0x00, 0x00, 0x00, 0x00, 0x00, 0x00, 0x00, 0x00, 0x00,
    0x00, 0x00, 0x00, 0x00, 0x00, 0x00, 0x00, 0x00, 0x00, 0x00, 0x00, 0x00,
    0x00, 0x00, 0x00, 0x00, 0x00, 0x00, 0x00, 0x00, 0x00, 0x00, 0x00, 0x00,
    0x00, 0x00, 0x00, 0x00, 0x00, 0x00, 0x00, 0x00, 0x00, 0x00, 0x00, 0x00,
    0x00, 0x00, 0x00, 0x00, 0x00, 0x00, 0x00, 0x00, 0x00, 0x00, 0x00, 0x00,
    0x00, 0x00, 0x00, 0x00, 0x00, 0x00, 0x00, 0x00, 0x00, 0x00, 0x00, 0x00,
    0x00, 0x00, 0x00, 0x00, 0x00, 0x00, 0x00, 0x00, 0x00, 0x00, 0x00, 0x00,
    0x00, 0x00, 0x00, 0x00, 0x00, 0x00, 0x00, 0x00, 0x00, 0x00, 0x00, 0x00,
    0x00, 0x00, 0x00, 0x00, 0x00, 0x00, 0x00, 0x00, 0x00, 0x00, 0x00, 0x00,
    0x00, 0x00, 0x00, 0x00, 0x00, 0x00, 0x00, 0x00, 0x00, 0x00, 0x00, 0x00,
    0x00, 0x00, 0x00, 0x00, 0x00, 0x00, 0x00, 0x00, 0x00, 0x00, 0x00, 0x00,
    0x00, 0x00, 0x00, 0x00, 0x00, 0x00, 0x00, 0x00, 0x00, 0x00, 0x00, 0x00,
    0x00, 0x00, 0x00, 0x00, 0x00, 0x00, 0x00, 0x00, 0x00, 0x00, 0x00, 0x00,
    0x00, 0x00, 0x00, 0x00, 0x00, 0x00, 0x00, 0x00, 0x00, 0x00, 0x00, 0x00,
    0x00, 0x00, 0x00, 0x00, 0x00, 0x00, 0x00, 0x00, 0x00, 0x00, 0x00, 0x00,
    0x00, 0x00, 0x00, 0x00, 0x00, 0x00, 0x00, 0x00, 0x00, 0x00, 0x00, 0x00,
    0x00, 0x00, 0x00, 0x00, 0x00, 0x00, 0x00, 0x00, 0x00, 0x00, 0x00, 0x00,
    0x00, 0x00, 0x00, 0x00, 0x00, 0x00, 0x00, 0x00, 0x00, 0x00, 0x00, 0x00,
    0x00, 0x00, 0x00, 0x00, 0x00, 0x00, 0x00, 0x00, 0x00, 0x00, 0x00, 0x00,
    0x00, 0x00, 0x00, 0x00, 0x00, 0x00, 0x00, 0x00, 0x00, 0x00, 0x00, 0x00,
    0x00, 0x00, 0x00, 0x00, 0x00, 0x00, 0x00, 0x00, 0x00, 0x00, 0x00, 0x00,
    0x00, 0x00, 0x00, 0x00, 0x00, 0x00, 0x00, 0x00, 0x00, 0x00, 0x00, 0x00,
    0x00, 0x00, 0x00, 0x00, 0x00, 0x00, 0x00, 0x00, 0x00, 0x00, 0x00, 0x00,
    0x00, 0x00, 0x00, 0x00, 0x00, 0x00, 0x00, 0x00, 0x00, 0x00, 0x00, 0x00,
    0x00, 0x00, 0x00, 0x00, 0x00, 0x00, 0x00, 0x00, 0x00, 0x00, 0x00, 0x00,
    0x00, 0x00, 0x00, 0x00, 0x00, 0x00, 0x00, 0x00, 0x00, 0x00, 0x00, 0x00,
    0x00, 0x00, 0x00, 0x00, 0x00, 0x00, 0x00, 0x00, 0x00, 0x00, 0x00, 0x00,
    0x00, 0x00, 0x00, 0x00, 0x00, 0x00, 0x00, 0x00, 0x00, 0x00, 0x00, 0x00,
    0x00, 0x00, 0x00, 0x00, 0x00, 0x00, 0x00, 0x00, 0x00, 0x00, 0x00, 0x00,
    0x00, 0x00, 0x00, 0x00, 0x00, 0x00, 0x00, 0x00, 0x00, 0x00, 0x00, 0x00,
    0x00, 0x00, 0x00, 0x00, 0x00, 0x00, 0x00, 0x00, 0x00, 0x00, 0x00, 0x00,
    0x00, 0x00, 0x00, 0x00, 0x00, 0x00, 0x00, 0x00, 0x00, 0x00, 0x00, 0x00,
    0x00, 0x00, 0x00, 0x00, 0x00, 0x00, 0x00, 0x00, 0x3c, 0x00, 0x00, 0x00,
    0x5f, 0x9f, 0x85, 0x37, 0x73, 0xbc, 0x02, 0x38, 0x08, 0x98, 0xf4, 0x37,
    0x98, 0xda, 0x5b, 0x38, 0x20, 0xf1, 0x07, 0x38, 0x2b, 0xdb, 0x08, 0x38,
    0x30, 0xec, 0x5c, 0x37, 0xe1, 0x23, 0xc4, 0x37, 0xdf, 0xf9, 0x3e, 0x37,
    0xaa, 0x1a, 0x0e, 0x38, 0xd3, 0xaf, 0xf5, 0x37, 0xf2, 0x7a, 0x17, 0x38,
    0x0e, 0x85, 0xc4, 0x37, 0xc3, 0xba, 0xe7, 0x37, 0x86, 0xa0, 0xed, 0x37,
    0x25, 0x54, 0xd2, 0x37, 0xd6, 0xbc, 0x63, 0x37, 0x66, 0x83, 0xdf, 0x37,
    0x70, 0x2f, 0xf5, 0x37, 0x1f, 0x06, 0x3d, 0x38, 0x4e, 0xab, 0xdc, 0x37,
    0x69, 0xfd, 0x5d, 0x38, 0x66, 0x40, 0xe5, 0x37, 0xb1, 0x0b, 0x96, 0x37,
    0x74, 0xf3, 0x8f, 0x37, 0xfd, 0x6c, 0xf7, 0x37, 0x3f, 0xfb, 0x92, 0x38,
    0x89, 0x30, 0x94, 0x37, 0x84, 0x96, 0x4a, 0x37, 0x1e, 0xc0, 0x0d, 0x37,
    0x41, 0x5c, 0xa8, 0x37, 0xd3, 0xf3, 0x34, 0x38, 0xb8, 0x35, 0xd7, 0x37,
    0x5f, 0xdc, 0xd4, 0x37, 0x26, 0x6c, 0xec, 0x37, 0xe2, 0x5e, 0x85, 0x37,
    0x7f, 0x51, 0xbc, 0x37, 0xd4, 0x57, 0x1c, 0x38, 0xcf, 0x64, 0xea, 0x37,
    0x2a, 0x31, 0x62, 0x37, 0x6e, 0xfc, 0xf9, 0x37, 0x00, 0x03, 0xf4, 0x37,
    0x09, 0x62, 0x00, 0x38, 0xf8, 0x3c, 0x04, 0x38, 0x01, 0xda, 0x11, 0x38,
    0x8d, 0x70, 0xbe, 0x37, 0x2a, 0xc6, 0x48, 0x37, 0x3a, 0xbb, 0x96, 0x37,
    0x51, 0x3f, 0x0c, 0x38, 0x54, 0x43, 0xc9, 0x37, 0x95, 0x13, 0x0c, 0x38,
    0x25, 0x52, 0x02, 0x38, 0x33, 0x30, 0x89, 0x38, 0xe9, 0x8e, 0x66, 0x38,
    0x31, 0xa3, 0x09, 0x38, 0xda, 0xea, 0x04, 0x38, 0x2e, 0x3a, 0xf8, 0x37,
    0xcc, 0x09, 0x3b, 0x38, 0x3c, 0xb2, 0x7e, 0x37, 0x7e, 0x3f, 0xde, 0x37,
    0x12, 0x00, 0x00, 0x00, 0x74, 0x66, 0x6c, 0x2e, 0x70, 0x73, 0x65, 0x75,
    0x64, 0x6f, 0x5f, 0x71, 0x63, 0x6f, 0x6e, 0x73, 0x74, 0x34, 0x00, 0x00,
    0x01, 0x00, 0x00, 0x00, 0x3c, 0x00, 0x00, 0x00, 0x82, 0xf7, 0xff, 0xff,
    0x00, 0x00, 0x00, 0x01, 0x14, 0x00, 0x00, 0x00, 0xf8, 0x02, 0x00, 0x00,
    0x0b, 0x00, 0x00, 0x00, 0x00, 0x00, 0x00, 0x09, 0x04, 0x03, 0x00, 0x00,
    0x6c, 0xf7, 0xff, 0xff, 0x08, 0x00, 0x00, 0x00, 0xec, 0x01, 0x00, 0x00,
    0x3c, 0x00, 0x00, 0x00, 0x00, 0x00, 0x00, 0x00, 0x00, 0x00, 0x00, 0x00,
    0x00, 0x00, 0x00, 0x00, 0x00, 0x00, 0x00, 0x00, 0x00, 0x00, 0x00, 0x00,
    0x00, 0x00, 0x00, 0x00, 0x00, 0x00, 0x00, 0x00, 0x00, 0x00, 0x00, 0x00,
    0x00, 0x00, 0x00, 0x00, 0x00, 0x00, 0x00, 0x00, 0x00, 0x00, 0x00, 0x00,
    0x00, 0x00, 0x00, 0x00, 0x00, 0x00, 0x00, 0x00, 0x00, 0x00, 0x00, 0x00,
    0x00, 0x00, 0x00, 0x00, 0x00, 0x00, 0x00, 0x00, 0x00, 0x00, 0x00, 0x00,
    0x00, 0x00, 0x00, 0x00, 0x00, 0x00, 0x00, 0x00, 0x00, 0x00, 0x00, 0x00,
    0x00, 0x00, 0x00, 0x00, 0x00, 0x00, 0x00, 0x00, 0x00, 0x00, 0x00, 0x00,
    0x00, 0x00, 0x00, 0x00, 0x00, 0x00, 0x00, 0x00, 0x00, 0x00, 0x00, 0x00,
    0x00, 0x00, 0x00, 0x00, 0x00, 0x00, 0x00, 0x00, 0x00, 0x00, 0x00, 0x00,
    0x00, 0x00, 0x00, 0x00, 0x00, 0x00, 0x00, 0x00, 0x00, 0x00, 0x00, 0x00,
    0x00, 0x00, 0x00, 0x00, 0x00, 0x00, 0x00, 0x00, 0x00, 0x00, 0x00, 0x00,
    0x00, 0x00, 0x00, 0x00, 0x00, 0x00, 0x00, 0x00, 0x00, 0x00, 0x00, 0x00,
    0x00, 0x00, 0x00, 0x00, 0x00, 0x00, 0x00, 0x00, 0x00, 0x00, 0x00, 0x00,
    0x00, 0x00, 0x00, 0x00, 0x00, 0x00, 0x00, 0x00, 0x00, 0x00, 0x00, 0x00,
    0x00, 0x00, 0x00, 0x00, 0x00, 0x00, 0x00, 0x00, 0x00, 0x00, 0x00, 0x00,
    0x00, 0x00, 0x00, 0x00, 0x00, 0x00, 0x00, 0x00, 0x00, 0x00, 0x00, 0x00,
    0x00, 0x00, 0x00, 0x00, 0x00, 0x00, 0x00, 0x00, 0x00, 0x00, 0x00, 0x00,
    0x00, 0x00, 0x00, 0x00, 0x00, 0x00, 0x00, 0x00, 0x00, 0x00, 0x00, 0x00,
    0x00, 0x00, 0x00, 0x00, 0x00, 0x00, 0x00, 0x00, 0x00, 0x00, 0x00, 0x00,
    0x00, 0x00, 0x00, 0x00, 0x00, 0x00, 0x00, 0x00, 0x00, 0x00, 0x00, 0x00,
    0x00, 0x00, 0x00, 0x00, 0x00, 0x00, 0x00, 0x00, 0x00, 0x00, 0x00, 0x00,
    0x00, 0x00, 0x00, 0x00, 0x00, 0x00, 0x00, 0x00, 0x00, 0x00, 0x00, 0x00,
    0x00, 0x00, 0x00, 0x00, 0x00, 0x00, 0x00, 0x00, 0x00, 0x00, 0x00, 0x00,
    0x00, 0x00, 0x00, 0x00, 0x00, 0x00, 0x00, 0x00, 0x00, 0x00, 0x00, 0x00,
    0x00, 0x00, 0x00, 0x00, 0x00, 0x00, 0x00, 0x00, 0x00, 0x00, 0x00, 0x00,
    0x00, 0x00, 0x00, 0x00, 0x00, 0x00, 0x00, 0x00, 0x00, 0x00, 0x00, 0x00,
    0x00, 0x00, 0x00, 0x00, 0x00, 0x00, 0x00, 0x00, 0x00, 0x00, 0x00, 0x00,
    0x00, 0x00, 0x00, 0x00, 0x00, 0x00, 0x00, 0x00, 0x00, 0x00, 0x00, 0x00,
    0x00, 0x00, 0x00, 0x00, 0x00, 0x00, 0x00, 0x00, 0x00, 0x00, 0x00, 0x00,
    0x00, 0x00, 0x00, 0x00, 0x00, 0x00, 0x00, 0x00, 0x00, 0x00, 0x00, 0x00,
    0x00, 0x00, 0x00, 0x00, 0x00, 0x00, 0x00, 0x00, 0x00, 0x00, 0x00, 0x00,
    0x00, 0x00, 0x00, 0x00, 0x00, 0x00, 0x00, 0x00, 0x00, 0x00, 0x00, 0x00,
    0x00, 0x00, 0x00, 0x00, 0x00, 0x00, 0x00, 0x00, 0x00, 0x00, 0x00, 0x00,
    0x00, 0x00, 0x00, 0x00, 0x00, 0x00, 0x00, 0x00, 0x00, 0x00, 0x00, 0x00,
    0x00, 0x00, 0x00, 0x00, 0x00, 0x00, 0x00, 0x00, 0x00, 0x00, 0x00, 0x00,
    0x00, 0x00, 0x00, 0x00, 0x00, 0x00, 0x00, 0x00, 0x00, 0x00, 0x00, 0x00,
    0x00, 0x00, 0x00, 0x00, 0x00, 0x00, 0x00, 0x00, 0x00, 0x00, 0x00, 0x00,
    0x00, 0x00, 0x00, 0x00, 0x00, 0x00, 0x00, 0x00, 0x00, 0x00, 0x00, 0x00,
    0x00, 0x00, 0x00, 0x00, 0x00, 0x00, 0x00, 0x00, 0x00, 0x00, 0x00, 0x00,
    0x00, 0x00, 0x00, 0x00, 0x00, 0x00, 0x00, 0x00, 0x3c, 0x00, 0x00, 0x00,
    0x43, 0xa0, 0x9f, 0x3b, 0xd7, 0x7e, 0xe9, 0x3b, 0xf9, 0x62, 0x16, 0x3c,
    0xaf, 0xa0, 0x8a, 0x3b, 0x42, 0x6a, 0xc5, 0x3b, 0x18, 0x4e, 0x17, 0x3c,
    0xa3, 0x68, 0x87, 0x3b, 0xfa, 0xed, 0x01, 0x3c, 0xf2, 0xa5, 0x74, 0x3b,
    0x93, 0x1c, 0x8b, 0x3c, 0x4d, 0xcd, 0x03, 0x3c, 0x22, 0x27, 0x70, 0x3b,
    0x2b, 0xd1, 0xbe, 0x3b, 0x41, 0xc9, 0xd4, 0x3b, 0xed, 0x5d, 0x95, 0x3b,
    0xdc, 0x67, 0x8c, 0x3b, 0xcd, 0xe2, 0x92, 0x3b, 0xb6, 0xab, 0x04, 0x3c,
    0x38, 0x26, 0x29, 0x3c, 0x46, 0xb5, 0x2a, 0x3c, 0x0a, 0x0a, 0xd5, 0x3b,
    0x7c, 0xe3, 0x86, 0x3b, 0xfc, 0x13, 0xb0, 0x3b, 0x6a, 0x52, 0x11, 0x3c,
    0xec, 0xb4, 0x15, 0x3c, 0xf4, 0xf0, 0x95, 0x3b, 0xf0, 0x59, 0xa1, 0x3b,
    0x8b, 0xfa, 0xd2, 0x3b, 0x67, 0xc7, 0x93, 0x3b, 0xfa, 0x06, 0xaf, 0x3b,
    0x60, 0xfa, 0xab, 0x3b, 0x2f, 0x24, 0xac, 0x3b, 0xac, 0xce, 0x6c, 0x3c,
    0xc1, 0x3f, 0x95, 0x3b, 0xde, 0x9c, 0x12, 0x3c, 0xd0, 0x08, 0x36, 0x3c,
    0xda, 0x8a, 0xd8, 0x3b, 0xd2, 0x13, 0xcb, 0x3b, 0x4c, 0x23, 0xae, 0x3b,
    0xb8, 0xdb, 0x9e, 0x3b, 0xe7, 0xc8, 0xdc, 0x3b, 0xfb, 0x00, 0x90, 0x3c,
    0xc3, 0xac, 0x03, 0x3c, 0x21, 0xb8, 0x75, 0x3c, 0x37, 0x59, 0xc6, 0x3b,
    0x84, 0x8c, 0x95, 0x3b, 0xf0, 0x53, 0xe3, 0x3b, 0x81, 0x3d, 0xac, 0x3b,
    0xae, 0x63, 0xbe, 0x3b, 0x05, 0xbb, 0x90, 0x3c, 0x68, 0x41, 0xd0, 0x3b,
    0xfa, 0x80, 0x13, 0x3c, 0x58, 0x41, 0x30, 0x3c, 0x1f, 0x75, 0x09, 0x3c,
    0x0b, 0x62, 0x8a, 0x3b, 0xe7, 0x94, 0xdb, 0x3b, 0xec, 0x22, 0xb3, 0x3b,
    0x62, 0x15, 0xd5, 0x3b, 0x70, 0x1f, 0x91, 0x3b, 0x1b, 0x47, 0xa4, 0x3b,
    0x12, 0x00, 0x00, 0x00, 0x74, 0x66, 0x6c, 0x2e, 0x70, 0x73, 0x65, 0x75,
    0x64, 0x6f, 0x5f, 0x71, 0x63, 0x6f, 0x6e, 0x73, 0x74, 0x33, 0x00, 0x00,
    0x04, 0x00, 0x00, 0x00, 0x3c, 0x00, 0x00, 0x00, 0x01, 0x00, 0x00, 0x00,
    0x01, 0x00, 0x00, 0x00, 0x3c, 0x00, 0x00, 0x00, 0xb2, 0xfa, 0xff, 0xff,
    0x00, 0x00, 0x00, 0x01, 0x14, 0x00, 0x00, 0x00, 0xf4, 0x02, 0x00, 0x00,
    0x0a, 0x00, 0x00, 0x00, 0x00, 0x00, 0x00, 0x02, 0x00, 0x03, 0x00, 0x00,
    0x9c, 0xfa, 0xff, 0xff, 0x08, 0x00, 0x00, 0x00, 0xe8, 0x01, 0x00, 0x00,
    0x3c, 0x00, 0x00, 0x00, 0x00, 0x00, 0x00, 0x00, 0x00, 0x00, 0x00, 0x00,
    0x00, 0x00, 0x00, 0x00, 0x00, 0x00, 0x00, 0x00, 0x00, 0x00, 0x00, 0x00,
    0x00, 0x00, 0x00, 0x00, 0x00, 0x00, 0x00, 0x00, 0x00, 0x00, 0x00, 0x00,
    0x00, 0x00, 0x00, 0x00, 0x00, 0x00, 0x00, 0x00, 0x00, 0x00, 0x00, 0x00,
    0x00, 0x00, 0x00, 0x00, 0x00, 0x00, 0x00, 0x00, 0x00, 0x00, 0x00, 0x00,
    0x00, 0x00, 0x00, 0x00, 0x00, 0x00, 0x00, 0x00, 0x00, 0x00, 0x00, 0x00,
    0x00, 0x00, 0x00, 0x00, 0x00, 0x00, 0x00, 0x00, 0x00, 0x00, 0x00, 0x00,
    0x00, 0x00, 0x00, 0x00, 0x00, 0x00, 0x00, 0x00, 0x00, 0x00, 0x00, 0x00,
    0x00, 0x00, 0x00, 0x00, 0x00, 0x00, 0x00, 0x00, 0x00, 0x00, 0x00, 0x00,
    0x00, 0x00, 0x00, 0x00, 0x00, 0x00, 0x00, 0x00, 0x00, 0x00, 0x00, 0x00,
    0x00, 0x00, 0x00, 0x00, 0x00, 0x00, 0x00, 0x00, 0x00, 0x00, 0x00, 0x00,
    0x00, 0x00, 0x00, 0x00, 0x00, 0x00, 0x00, 0x00, 0x00, 0x00, 0x00, 0x00,
    0x00, 0x00, 0x00, 0x00, 0x00, 0x00, 0x00, 0x00, 0x00, 0x00, 0x00, 0x00,
    0x00, 0x00, 0x00, 0x00, 0x00, 0x00, 0x00, 0x00, 0x00, 0x00, 0x00, 0x00,
    0x00, 0x00, 0x00, 0x00, 0x00, 0x00, 0x00, 0x00, 0x00, 0x00, 0x00, 0x00,
    0x00, 0x00, 0x00, 0x00, 0x00, 0x00, 0x00, 0x00, 0x00, 0x00, 0x00, 0x00,
    0x00, 0x00, 0x00, 0x00, 0x00, 0x00, 0x00, 0x00, 0x00, 0x00, 0x00, 0x00,
    0x00, 0x00, 0x00, 0x00, 0x00, 0x00, 0x00, 0x00, 0x00, 0x00, 0x00, 0x00,
    0x00, 0x00, 0x00, 0x00, 0x00, 0x00, 0x00, 0x00, 0x00, 0x00, 0x00, 0x00,
    0x00, 0x00, 0x00, 0x00, 0x00, 0x00, 0x00, 0x00, 0x00, 0x00, 0x00, 0x00,
    0x00, 0x00, 0x00, 0x00, 0x00, 0x00, 0x00, 0x00, 0x00, 0x00, 0x00, 0x00,
    0x00, 0x00, 0x00, 0x00, 0x00, 0x00, 0x00, 0x00, 0x00, 0x00, 0x00, 0x00,
    0x00, 0x00, 0x00, 0x00, 0x00, 0x00, 0x00, 0x00, 0x00, 0x00, 0x00, 0x00,
    0x00, 0x00, 0x00, 0x00, 0x00, 0x00, 0x00, 0x00, 0x00, 0x00, 0x00, 0x00,
    0x00, 0x00, 0x00, 0x00, 0x00, 0x00, 0x00, 0x00, 0x00, 0x00, 0x00, 0x00,
    0x00, 0x00, 0x00, 0x00, 0x00, 0x00, 0x00, 0x00, 0x00, 0x00, 0x00, 0x00,
    0x00, 0x00, 0x00, 0x00, 0x00, 0x00, 0x00, 0x00, 0x00, 0x00, 0x00, 0x00,
    0x00, 0x00, 0x00, 0x00, 0x00, 0x00, 0x00, 0x00, 0x00, 0x00, 0x00, 0x00,
    0x00, 0x00, 0x00, 0x00, 0x00, 0x00, 0x00, 0x00, 0x00, 0x00, 0x00, 0x00,
    0x00, 0x00, 0x00, 0x00, 0x00, 0x00, 0x00, 0x00, 0x00, 0x00, 0x00, 0x00,
    0x00, 0x00, 0x00, 0x00, 0x00, 0x00, 0x00, 0x00, 0x00, 0x00, 0x00, 0x00,
    0x00, 0x00, 0x00, 0x00, 0x00, 0x00, 0x00, 0x00, 0x00, 0x00, 0x00, 0x00,
    0x00, 0x00, 0x00, 0x00, 0x00, 0x00, 0x00, 0x00, 0x00, 0x00, 0x00, 0x00,
    0x00, 0x00, 0x00, 0x00, 0x00, 0x00, 0x00, 0x00, 0x00, 0x00, 0x00, 0x00,
    0x00, 0x00, 0x00, 0x00, 0x00, 0x00, 0x00, 0x00, 0x00, 0x00, 0x00, 0x00,
    0x00, 0x00, 0x00, 0x00, 0x00, 0x00, 0x00, 0x00, 0x00, 0x00, 0x00, 0x00,
    0x00, 0x00, 0x00, 0x00, 0x00, 0x00, 0x00, 0x00, 0x00, 0x00, 0x00, 0x00,
    0x00, 0x00, 0x00, 0x00, 0x00, 0x00, 0x00, 0x00, 0x00, 0x00, 0x00, 0x00,
    0x00, 0x00, 0x00, 0x00, 0x00, 0x00, 0x00, 0x00, 0x00, 0x00, 0x00, 0x00,
    0x00, 0x00, 0x00, 0x00, 0x00, 0x00, 0x00, 0x00, 0x00, 0x00, 0x00, 0x00,
    0x00, 0x00, 0x00, 0x00, 0x3c, 0x00, 0x00, 0x00, 0xea, 0x30, 0xb1, 0x38,
    0x32, 0x98, 0x01, 0x39, 0x5a, 0xef, 0x26, 0x39, 0xd0, 0xe1, 0x99, 0x38,
    0x6d, 0x23, 0xdb, 0x38, 0x58, 0xf4, 0x27, 0x39, 0x17, 0x4f, 0x96, 0x38,
    0x15, 0x3a, 0x10, 0x39, 0xd5, 0xc8, 0x87, 0x38, 0x56, 0x6b, 0x9a, 0x39,
    0x27, 0x4e, 0x12, 0x39, 0x1c, 0x4a, 0x85, 0x38, 0x78, 0xd0, 0xd3, 0x38,
    0x6c, 0x33, 0xec, 0x38, 0x94, 0xcd, 0xa5, 0x38, 0x14, 0xdb, 0x9b, 0x38,
    0x91, 0x0c, 0xa3, 0x38, 0x09, 0x45, 0x13, 0x39, 0x24, 0xc3, 0x3b, 0x39,
    0x1b, 0x7e, 0x3d, 0x39, 0x56, 0x7b, 0xec, 0x38, 0x49, 0xbb, 0x95, 0x38,
    0x17, 0x74, 0xc3, 0x38, 0x1f, 0x50, 0x21, 0x39, 0x26, 0x2e, 0x26, 0x39,
    0xc9, 0x70, 0xa6, 0x38, 0x31, 0x1b, 0xb3, 0x38, 0xcc, 0x31, 0xea, 0x38,
    0x53, 0x0a, 0xa4, 0x38, 0x7b, 0x49, 0xc2, 0x38, 0xfc, 0xe6, 0xbe, 0x38,
    0x64, 0x15, 0xbf, 0x38, 0xc2, 0x6e, 0x83, 0x39, 0x16, 0xac, 0xa5, 0x38,
    0xf0, 0xbe, 0x22, 0x39, 0xb5, 0x10, 0x4a, 0x39, 0xd5, 0x5e, 0xf0, 0x38,
    0x7f, 0x6c, 0xe1, 0x38, 0xbf, 0x4c, 0xc1, 0x38, 0xbe, 0x56, 0xb0, 0x38,
    0x64, 0x14, 0xf5, 0x38, 0x8f, 0xd9, 0x9f, 0x39, 0x08, 0x2a, 0x12, 0x39,
    0x03, 0x61, 0x88, 0x39, 0xad, 0x2c, 0xdc, 0x38, 0x4c, 0x01, 0xa6, 0x38,
    0xbf, 0x57, 0xfc, 0x38, 0x80, 0x31, 0xbf, 0x38, 0xef, 0x56, 0xd3, 0x38,
    0x11, 0xa8, 0xa0, 0x39, 0xf2, 0x2b, 0xe7, 0x38, 0x26, 0xbc, 0x23, 0x39,
    0x71, 0xa6, 0x43, 0x39, 0x4a, 0x95, 0x18, 0x39, 0x48, 0x9c, 0x99, 0x38,
    0x80, 0xbe, 0xf3, 0x38, 0x2e, 0xd9, 0xc6, 0x38, 0xee, 0x87, 0xec, 0x38,
    0x89, 0x17, 0xa1, 0x38, 0xcc, 0x5a, 0xb6, 0x38, 0x12, 0x00, 0x00, 0x00,
    0x74, 0x66, 0x6c, 0x2e, 0x70, 0x73, 0x65, 0x75, 0x64, 0x6f, 0x5f, 0x71,
    0x63, 0x6f, 0x6e, 0x73, 0x74, 0x32, 0x00, 0x00, 0x01, 0x00, 0x00, 0x00,
    0x3c, 0x00, 0x00, 0x00, 0xd2, 0xfd, 0xff, 0xff, 0x00, 0x00, 0x00, 0x01,
    0x14, 0x00, 0x00, 0x00, 0x30, 0x00, 0x00, 0x00, 0x09, 0x00, 0x00, 0x00,
    0x00, 0x00, 0x00, 0x09, 0x3c, 0x00, 0x00, 0x00, 0xbc, 0xfd, 0xff, 0xff,
    0x08, 0x00, 0x00, 0x00, 0x10, 0x00, 0x00, 0x00, 0x01, 0x00, 0x00, 0x00,
    0x00, 0x00, 0x00, 0x00, 0x00, 0x00, 0x00, 0x00, 0x01, 0x00, 0x00, 0x00,
    0x65, 0x65, 0x40, 0x3b, 0x12, 0x00, 0x00, 0x00, 0x74, 0x66, 0x6c, 0x2e,
    0x70, 0x73, 0x65, 0x75, 0x64, 0x6f, 0x5f, 0x71, 0x63, 0x6f, 0x6e, 0x73,
    0x74, 0x31, 0x00, 0x00, 0x02, 0x00, 0x00, 0x00, 0x01, 0x00, 0x00, 0x00,
    0x2c, 0x01, 0x00, 0x00, 0x32, 0xfe, 0xff, 0xff, 0x00, 0x00, 0x00, 0x01,
    0x14, 0x00, 0x00, 0x00, 0x34, 0x00, 0x00, 0x00, 0x08, 0x00, 0x00, 0x00,
    0x00, 0x00, 0x00, 0x02, 0x40, 0x00, 0x00, 0x00, 0x1c, 0xfe, 0xff, 0xff,
    0x08, 0x00, 0x00, 0x00, 0x14, 0x00, 0x00, 0x00, 0x01, 0x00, 0x00, 0x00,
    0x00, 0x00, 0x00, 0x00, 0x00, 0x00, 0x00, 0x00, 0x00, 0x00, 0x00, 0x00,
    0x01, 0x00, 0x00, 0x00, 0x5c, 0x78, 0xe5, 0x38, 0x11, 0x00, 0x00, 0x00,
    0x74, 0x66, 0x6c, 0x2e, 0x70, 0x73, 0x65, 0x75, 0x64, 0x6f, 0x5f, 0x71,
    0x63, 0x6f, 0x6e, 0x73, 0x74, 0x00, 0x00, 0x00, 0x01, 0x00, 0x00, 0x00,
    0x01, 0x00, 0x00, 0x00, 0x92, 0xfe, 0xff, 0xff, 0x00, 0x00, 0x00, 0x01,
    0x14, 0x00, 0x00, 0x00, 0x14, 0x00, 0x00, 0x00, 0x07, 0x00, 0x00, 0x00,
    0x00, 0x00, 0x00, 0x02, 0x1c, 0x00, 0x00, 0x00, 0xd4, 0xfe, 0xff, 0xff,
    0x0f, 0x00, 0x00, 0x00, 0x61, 0x72, 0x69, 0x74, 0x68, 0x2e, 0x63, 0x6f,
    0x6e, 0x73, 0x74, 0x61, 0x6e, 0x74, 0x35, 0x00, 0x01, 0x00, 0x00, 0x00,
    0x04, 0x00, 0x00, 0x00, 0xce, 0xfe, 0xff, 0xff, 0x00, 0x00, 0x00, 0x01,
    0x14, 0x00, 0x00, 0x00, 0x14, 0x00, 0x00, 0x00, 0x06, 0x00, 0x00, 0x00,
    0x00, 0x00, 0x00, 0x02, 0x1c, 0x00, 0x00, 0x00, 0x10, 0xff, 0xff, 0xff,
    0x0f, 0x00, 0x00, 0x00, 0x61, 0x72, 0x69, 0x74, 0x68, 0x2e, 0x63, 0x6f,
    0x6e, 0x73, 0x74, 0x61, 0x6e, 0x74, 0x34, 0x00, 0x01, 0x00, 0x00, 0x00,
    0x04, 0x00, 0x00, 0x00, 0x0a, 0xff, 0xff, 0xff, 0x00, 0x00, 0x00, 0x01,
    0x14, 0x00, 0x00, 0x00, 0x14, 0x00, 0x00, 0x00, 0x05, 0x00, 0x00, 0x00,
    0x00, 0x00, 0x00, 0x02, 0x1c, 0x00, 0x00, 0x00, 0x4c, 0xff, 0xff, 0xff,
    0x0f, 0x00, 0x00, 0x00, 0x61, 0x72, 0x69, 0x74, 0x68, 0x2e, 0x63, 0x6f,
    0x6e, 0x73, 0x74, 0x61, 0x6e, 0x74, 0x33, 0x00, 0x01, 0x00, 0x00, 0x00,
    0x04, 0x00, 0x00, 0x00, 0x46, 0xff, 0xff, 0xff, 0x00, 0x00, 0x00, 0x01,
    0x14, 0x00, 0x00, 0x00, 0x14, 0x00, 0x00, 0x00, 0x04, 0x00, 0x00, 0x00,
    0x00, 0x00, 0x00, 0x02, 0x1c, 0x00, 0x00, 0x00, 0x88, 0xff, 0xff, 0xff,
    0x0f, 0x00, 0x00, 0x00, 0x61, 0x72, 0x69, 0x74, 0x68, 0x2e, 0x63, 0x6f,
    0x6e, 0x73, 0x74, 0x61, 0x6e, 0x74, 0x32, 0x00, 0x01, 0x00, 0x00, 0x00,
    0x04, 0x00, 0x00, 0x00, 0x82, 0xff, 0xff, 0xff, 0x00, 0x00, 0x00, 0x01,
    0x14, 0x00, 0x00, 0x00, 0x14, 0x00, 0x00, 0x00, 0x03, 0x00, 0x00, 0x00,
    0x00, 0x00, 0x00, 0x02, 0x1c, 0x00, 0x00, 0x00, 0xc4, 0xff, 0xff, 0xff,
    0x0f, 0x00, 0x00, 0x00, 0x61, 0x72, 0x69, 0x74, 0x68, 0x2e, 0x63, 0x6f,
    0x6e, 0x73, 0x74, 0x61, 0x6e, 0x74, 0x31, 0x00, 0x01, 0x00, 0x00, 0x00,
    0x02, 0x00, 0x00, 0x00, 0xbe, 0xff, 0xff, 0xff, 0x00, 0x00, 0x00, 0x01,
    0x18, 0x00, 0x00, 0x00, 0x18, 0x00, 0x00, 0x00, 0x02, 0x00, 0x00, 0x00,
    0x00, 0x00, 0x00, 0x02, 0x20, 0x00, 0x00, 0x00, 0x04, 0x00, 0x04, 0x00,
    0x04, 0x00, 0x00, 0x00, 0x0e, 0x00, 0x00, 0x00, 0x61, 0x72, 0x69, 0x74,
    0x68, 0x2e, 0x63, 0x6f, 0x6e, 0x73, 0x74, 0x61, 0x6e, 0x74, 0x00, 0x00,
    0x01, 0x00, 0x00, 0x00, 0x04, 0x00, 0x00, 0x00, 0x00, 0x00, 0x16, 0x00,
    0x1c, 0x00, 0x18, 0x00, 0x17, 0x00, 0x10, 0x00, 0x0c, 0x00, 0x08, 0x00,
    0x00, 0x00, 0x00, 0x00, 0x00, 0x00, 0x07, 0x00, 0x16, 0x00, 0x00, 0x00,
    0x00, 0x00, 0x00, 0x01, 0x20, 0x00, 0x00, 0x00, 0x3c, 0x00, 0x00, 0x00,
    0x01, 0x00, 0x00, 0x00, 0x00, 0x00, 0x00, 0x09, 0x54, 0x00, 0x00, 0x00,
    0x0c, 0x00, 0x0c, 0x00, 0x00, 0x00, 0x00, 0x00, 0x08, 0x00, 0x04, 0x00,
    0x0c, 0x00, 0x00, 0x00, 0x08, 0x00, 0x00, 0x00, 0x10, 0x00, 0x00, 0x00,
    0x01, 0x00, 0x00, 0x00, 0xff, 0xff, 0xff, 0xff, 0xff, 0xff, 0xff, 0xff,
    0x01, 0x00, 0x00, 0x00, 0x81, 0x80, 0x00, 0x3c, 0x1d, 0x00, 0x00, 0x00,
    0x73, 0x65, 0x72, 0x76, 0x69, 0x6e, 0x67, 0x5f, 0x64, 0x65, 0x66, 0x61,
    0x75, 0x6c, 0x74, 0x5f, 0x69, 0x6e, 0x70, 0x75, 0x74, 0x5f, 0x61, 0x75,
    0x64, 0x69, 0x6f, 0x3a, 0x30, 0x00, 0x00, 0x00, 0x03, 0x00, 0x00, 0x00,
    0x01, 0x00, 0x00, 0x00, 0x03, 0x00, 0x00, 0x00, 0x28, 0x00, 0x00, 0x00,
    0x0d, 0x00, 0x00, 0x00, 0xf4, 0x00, 0x00, 0x00, 0xd8, 0x00, 0x00, 0x00,
    0xc8, 0x00, 0x00, 0x00, 0xb8, 0x00, 0x00, 0x00, 0xa4, 0x00, 0x00, 0x00,
    0x88, 0x00, 0x00, 0x00, 0x78, 0x00, 0x00, 0x00, 0x64, 0x00, 0x00, 0x00,
    0x50, 0x00, 0x00, 0x00, 0x3c, 0x00, 0x00, 0x00, 0x28, 0x00, 0x00, 0x00,
    0x14, 0x00, 0x00, 0x00, 0x04, 0x00, 0x00, 0x00, 0x4c, 0xff, 0xff, 0xff,
    0x90, 0x00, 0x00, 0x00, 0x00, 0x00, 0x00, 0x7f, 0x98, 0xff, 0xff, 0xff,
    0x2d, 0x00, 0x00, 0x00, 0x02, 0x00, 0x00, 0x00, 0x00, 0x00, 0x00, 0x2d,
    0xa8, 0xff, 0xff, 0xff, 0x0e, 0x00, 0x00, 0x00, 0x02, 0x00, 0x00, 0x00,
    0x00, 0x00, 0x00, 0x0e, 0xb8, 0xff, 0xff, 0xff, 0x09, 0x00, 0x00, 0x00,
    0x04, 0x00, 0x00, 0x00, 0x00, 0x00, 0x00, 0x09, 0xc8, 0xff, 0xff, 0xff,
    0x04, 0x00, 0x00, 0x00, 0x03, 0x00, 0x00, 0x00, 0x00, 0x00, 0x00, 0x04,
    0xd8, 0xff, 0xff, 0xff, 0x03, 0x00, 0x00, 0x00, 0x03, 0x00, 0x00, 0x00,
    0x00, 0x00, 0x00, 0x03, 0xa8, 0xff, 0xff, 0xff, 0x72, 0x00, 0x00, 0x00,
    0x00, 0x00, 0x00, 0x72, 0xb4, 0xff, 0xff, 0xff, 0x02, 0x00, 0x00, 0x00,
    0x00, 0x00, 0x00, 0x02, 0x0c, 0x00, 0x10, 0x00, 0x0f, 0x00, 0x00, 0x00,
    0x08, 0x00, 0x04, 0x00, 0x0c, 0x00, 0x00, 0x00, 0x06, 0x00, 0x00, 0x00,
    0x02, 0x00, 0x00, 0x00, 0x00, 0x00, 0x00, 0x06, 0xdc, 0xff, 0xff, 0xff,
    0x16, 0x00, 0x00, 0x00, 0x00, 0x00, 0x00, 0x16, 0xe8, 0xff, 0xff, 0xff,
    0x8f, 0x00, 0x00, 0x00, 0x00, 0x00, 0x00, 0x7f, 0xf4, 0xff, 0xff, 0xff,
    0x8e, 0x00, 0x00, 0x00, 0x00, 0x00, 0x00, 0x7f, 0x0c, 0x00, 0x0c, 0x00,
    0x0b, 0x00, 0x00, 0x00, 0x00, 0x00, 0x04, 0x00, 0x0c, 0x00, 0x00, 0x00,
    0x81, 0x00, 0x00, 0x00, 0x00, 0x00, 0x00, 0x7f,
};

const size_t mww_model_data_size = 55472;
