// SPDX-License-Identifier: BSD-3-Clause
// Auto-generated by sof_mww_train_pcan.py — do not edit.

#ifndef MWW_MODEL_DATA_BANANA_H_
#define MWW_MODEL_DATA_BANANA_H_

#include <cstddef>
#include <cstdint>

alignas(16) static const unsigned char mww_model_data_banana[] = {
    0x1c, 0x00, 0x00, 0x00, 0x54, 0x46, 0x4c, 0x33, 0x14, 0x00, 0x20, 0x00,
    0x1c, 0x00, 0x18, 0x00, 0x14, 0x00, 0x10, 0x00, 0x0c, 0x00, 0x00, 0x00,
    0x08, 0x00, 0x04, 0x00, 0x14, 0x00, 0x00, 0x00, 0x1c, 0x00, 0x00, 0x00,
    0x88, 0x00, 0x00, 0x00, 0x00, 0x01, 0x00, 0x00, 0x5c, 0x8e, 0x00, 0x00,
    0x6c, 0x8e, 0x00, 0x00, 0x60, 0xeb, 0x00, 0x00, 0x03, 0x00, 0x00, 0x00,
    0x01, 0x00, 0x00, 0x00, 0x04, 0x00, 0x00, 0x00, 0x26, 0x61, 0xff, 0xff,
    0x0c, 0x00, 0x00, 0x00, 0x1c, 0x00, 0x00, 0x00, 0x3c, 0x00, 0x00, 0x00,
    0x0f, 0x00, 0x00, 0x00, 0x73, 0x65, 0x72, 0x76, 0x69, 0x6e, 0x67, 0x5f,
    0x64, 0x65, 0x66, 0x61, 0x75, 0x6c, 0x74, 0x00, 0x01, 0x00, 0x00, 0x00,
    0x04, 0x00, 0x00, 0x00, 0x98, 0x5f, 0xff, 0xff, 0x45, 0x00, 0x00, 0x00,
    0x04, 0x00, 0x00, 0x00, 0x08, 0x00, 0x00, 0x00, 0x6f, 0x75, 0x74, 0x70,
    0x75, 0x74, 0x5f, 0x31, 0x00, 0x00, 0x00, 0x00, 0x01, 0x00, 0x00, 0x00,
    0x04, 0x00, 0x00, 0x00, 0x62, 0x5f, 0xff, 0xff, 0x04, 0x00, 0x00, 0x00,
    0x0b, 0x00, 0x00, 0x00, 0x69, 0x6e, 0x70, 0x75, 0x74, 0x5f, 0x61, 0x75,
    0x64, 0x69, 0x6f, 0x00, 0x03, 0x00, 0x00, 0x00, 0x54, 0x00, 0x00, 0x00,
    0x2c, 0x00, 0x00, 0x00, 0x04, 0x00, 0x00, 0x00, 0xe4, 0x5f, 0xff, 0xff,
    0x61, 0x00, 0x00, 0x00, 0x04, 0x00, 0x00, 0x00, 0x13, 0x00, 0x00, 0x00,
    0x43, 0x4f, 0x4e, 0x56, 0x45, 0x52, 0x53, 0x49, 0x4f, 0x4e, 0x5f, 0x4d,
    0x45, 0x54, 0x41, 0x44, 0x41, 0x54, 0x41, 0x00, 0x08, 0x60, 0xff, 0xff,
    0x60, 0x00, 0x00, 0x00, 0x04, 0x00, 0x00, 0x00, 0x13, 0x00, 0x00, 0x00,
    0x6d, 0x69, 0x6e, 0x5f, 0x72, 0x75, 0x6e, 0x74, 0x69, 0x6d, 0x65, 0x5f,
    0x76, 0x65, 0x72, 0x73, 0x69, 0x6f, 0x6e, 0x00, 0x2c, 0x60, 0xff, 0xff,
    0x5f, 0x00, 0x00, 0x00, 0x04, 0x00, 0x00, 0x00, 0x13, 0x00, 0x00, 0x00,
    0x6d, 0x69, 0x6e, 0x5f, 0x72, 0x75, 0x6e, 0x74, 0x69, 0x6d, 0x65, 0x5f,
    0x76, 0x65, 0x72, 0x73, 0x69, 0x6f, 0x6e, 0x00, 0x62, 0x00, 0x00, 0x00,
    0x58, 0x8d, 0x00, 0x00, 0x50, 0x8d, 0x00, 0x00, 0x30, 0x8d, 0x00, 0x00,
    0x18, 0x8d, 0x00, 0x00, 0xf8, 0x8c, 0x00, 0x00, 0xd8, 0x8c, 0x00, 0x00,
    0xb8, 0x8c, 0x00, 0x00, 0x98, 0x8c, 0x00, 0x00, 0x84, 0x8c, 0x00, 0x00,
    0x48, 0x8b, 0x00, 0x00, 0x48, 0x8a, 0x00, 0x00, 0x28, 0x7c, 0x00, 0x00,
    0x28, 0x7b, 0x00, 0x00, 0x2c, 0x76, 0x00, 0x00, 0x2c, 0x75, 0x00, 0x00,
    0x0c, 0x67, 0x00, 0x00, 0x0c, 0x66, 0x00, 0x00, 0xf0, 0x62, 0x00, 0x00,
    0xf0, 0x61, 0x00, 0x00, 0xd0, 0x53, 0x00, 0x00, 0xd0, 0x52, 0x00, 0x00,
    0xa4, 0x50, 0x00, 0x00, 0xa4, 0x4f, 0x00, 0x00, 0x8c, 0x48, 0x00, 0x00,
    0x04, 0x48, 0x00, 0x00, 0x5c, 0x47, 0x00, 0x00, 0xd4, 0x46, 0x00, 0x00,
    0x54, 0x2f, 0x00, 0x00, 0x4c, 0x2f, 0x00, 0x00, 0x44, 0x2f, 0x00, 0x00,
    0x3c, 0x2f, 0x00, 0x00, 0x34, 0x2f, 0x00, 0x00, 0x2c, 0x2f, 0x00, 0x00,
    0x24, 0x2f, 0x00, 0x00, 0x1c, 0x2f, 0x00, 0x00, 0x14, 0x2f, 0x00, 0x00,
    0x0c, 0x2f, 0x00, 0x00, 0x04, 0x2f, 0x00, 0x00, 0xfc, 0x2e, 0x00, 0x00,
    0xf4, 0x2e, 0x00, 0x00, 0xec, 0x2e, 0x00, 0x00, 0xe4, 0x2e, 0x00, 0x00,
    0xdc, 0x2e, 0x00, 0x00, 0xd4, 0x2e, 0x00, 0x00, 0xcc, 0x2e, 0x00, 0x00,
    0xc4, 0x2e, 0x00, 0x00, 0xbc, 0x2e, 0x00, 0x00, 0xb4, 0x2e, 0x00, 0x00,
    0xac, 0x2e, 0x00, 0x00, 0xa4, 0x2e, 0x00, 0x00, 0x9c, 0x2e, 0x00, 0x00,
    0x94, 0x2e, 0x00, 0x00, 0x8c, 0x2e, 0x00, 0x00, 0x84, 0x2e, 0x00, 0x00,
    0x7c, 0x2e, 0x00, 0x00, 0x74, 0x2e, 0x00, 0x00, 0x6c, 0x2e, 0x00, 0x00,
    0x64, 0x2e, 0x00, 0x00, 0x5c, 0x2e, 0x00, 0x00, 0x54, 0x2e, 0x00, 0x00,
    0x4c, 0x2e, 0x00, 0x00, 0x44, 0x2e, 0x00, 0x00, 0x3c, 0x2e, 0x00, 0x00,
    0x34, 0x2e, 0x00, 0x00, 0x2c, 0x2e, 0x00, 0x00, 0x24, 0x2e, 0x00, 0x00,
    0x1c, 0x2e, 0x00, 0x00, 0x14, 0x2e, 0x00, 0x00, 0x0c, 0x2e, 0x00, 0x00,
    0x04, 0x2e, 0x00, 0x00, 0xfc, 0x2d, 0x00, 0x00, 0xf4, 0x2d, 0x00, 0x00,
    0xec, 0x2d, 0x00, 0x00, 0xe4, 0x2d, 0x00, 0x00, 0xdc, 0x2d, 0x00, 0x00,
    0xd4, 0x2d, 0x00, 0x00, 0xcc, 0x2d, 0x00, 0x00, 0xc4, 0x2d, 0x00, 0x00,
    0xbc, 0x2d, 0x00, 0x00, 0xb4, 0x2d, 0x00, 0x00, 0xac, 0x2d, 0x00, 0x00,
    0xa4, 0x2d, 0x00, 0x00, 0x9c, 0x2d, 0x00, 0x00, 0x4c, 0x2c, 0x00, 0x00,
    0x5c, 0x2a, 0x00, 0x00, 0xcc, 0x22, 0x00, 0x00, 0x7c, 0x17, 0x00, 0x00,
    0xac, 0x04, 0x00, 0x00, 0xdc, 0x00, 0x00, 0x00, 0xd4, 0x00, 0x00, 0x00,
    0xcc, 0x00, 0x00, 0x00, 0xc4, 0x00, 0x00, 0x00, 0xbc, 0x00, 0x00, 0x00,
    0xb4, 0x00, 0x00, 0x00, 0xac, 0x00, 0x00, 0x00, 0x8c, 0x00, 0x00, 0x00,
    0x6c, 0x00, 0x00, 0x00, 0x04, 0x00, 0x00, 0x00, 0x82, 0x61, 0xff, 0xff,
    0x04, 0x00, 0x00, 0x00, 0x58, 0x00, 0x00, 0x00, 0x0c, 0x00, 0x00, 0x00,
    0x08, 0x00, 0x0e, 0x00, 0x08, 0x00, 0x04, 0x00, 0x08, 0x00, 0x00, 0x00,
    0x10, 0x00, 0x00, 0x00, 0x28, 0x00, 0x00, 0x00, 0x00, 0x00, 0x06, 0x00,
    0x08, 0x00, 0x04, 0x00, 0x06, 0x00, 0x00, 0x00, 0x04, 0x00, 0x00, 0x00,
    0x01, 0x00, 0x00, 0x00, 0xeb, 0x03, 0x00, 0x00, 0x00, 0x00, 0x0a, 0x00,
    0x10, 0x00, 0x0c, 0x00, 0x08, 0x00, 0x04, 0x00, 0x0a, 0x00, 0x00, 0x00,
    0x02, 0x00, 0x00, 0x00, 0x02, 0x00, 0x00, 0x00, 0x04, 0x00, 0x00, 0x00,
    0x06, 0x00, 0x00, 0x00, 0x32, 0x2e, 0x31, 0x36, 0x2e, 0x31, 0x00, 0x00,
    0xe6, 0x61, 0xff, 0xff, 0x04, 0x00, 0x00, 0x00, 0x10, 0x00, 0x00, 0x00,
    0x00, 0x00, 0x00, 0x00, 0x00, 0x00, 0x00, 0x00, 0x00, 0x00, 0x00, 0x00,
    0x00, 0x00, 0x00, 0x00, 0x02, 0x62, 0xff, 0xff, 0x04, 0x00, 0x00, 0x00,
    0x10, 0x00, 0x00, 0x00, 0x32, 0x2e, 0x36, 0x2e, 0x30, 0x00, 0x00, 0x00,
    0x00, 0x00, 0x00, 0x00, 0x00, 0x00, 0x00, 0x00, 0x74, 0x18, 0xff, 0xff,
    0x78, 0x18, 0xff, 0xff, 0x7c, 0x18, 0xff, 0xff, 0x80, 0x18, 0xff, 0xff,
    0x84, 0x18, 0xff, 0xff, 0x88, 0x18, 0xff, 0xff, 0x36, 0x62, 0xff, 0xff,
    0x04, 0x00, 0x00, 0x00, 0xc0, 0x03, 0x00, 0x00, 0x00, 0x00, 0x00, 0x00,
    0x00, 0x00, 0x00, 0x00, 0x00, 0x00, 0x00, 0x00, 0x00, 0x00, 0x00, 0x00,
    0x00, 0x00, 0x00, 0x00, 0x00, 0x00, 0x00, 0x00, 0x00, 0x00, 0x00, 0x00,
    0x00, 0x00, 0x00, 0x00, 0x00, 0x00, 0x00, 0x00, 0x00, 0x00, 0x00, 0x00,
    0x00, 0x00, 0x00, 0x00, 0x00, 0x00, 0x00, 0x00, 0x00, 0x00, 0x00, 0x00,
    0x00, 0x00, 0x00, 0x00, 0x00, 0x00, 0x00, 0x00, 0x00, 0x00, 0x00, 0x00,
    0x00, 0x00, 0x00, 0x00, 0x00, 0x00, 0x00, 0x00, 0x00, 0x00, 0x00, 0x00,
    0x00, 0x00, 0x00, 0x00, 0x00, 0x00, 0x00, 0x00, 0x00, 0x00, 0x00, 0x00,
    0x00, 0x00, 0x00, 0x00, 0x00, 0x00, 0x00, 0x00, 0x00, 0x00, 0x00, 0x00,
    0x00, 0x00, 0x00, 0x00, 0x00, 0x00, 0x00, 0x00, 0x00, 0x00, 0x00, 0x00,
    0x00, 0x00, 0x00, 0x00, 0x00, 0x00, 0x00, 0x00, 0x00, 0x00, 0x00, 0x00,
    0x00, 0x00, 0x00, 0x00, 0x00, 0x00, 0x00, 0x00, 0x00, 0x00, 0x00, 0x00,
    0x00, 0x00, 0x00, 0x00, 0x00, 0x00, 0x00, 0x00, 0x00, 0x00, 0x00, 0x00,
    0x00, 0x00, 0x00, 0x00, 0x00, 0x00, 0x00, 0x00, 0x00, 0x00, 0x00, 0x00,
    0x00, 0x00, 0x00, 0x00, 0x00, 0x00, 0x00, 0x00, 0x00, 0x00, 0x00, 0x00,
    0x00, 0x00, 0x00, 0x00, 0x00, 0x00, 0x00, 0x00, 0x00, 0x00, 0x00, 0x00,
    0x00, 0x00, 0x00, 0x00, 0x00, 0x00, 0x00, 0x00, 0x00, 0x00, 0x00, 0x00,
    0x00, 0x00, 0x00, 0x00, 0x00, 0x00, 0x00, 0x00, 0x00, 0x00, 0x00, 0x00,
    0x00, 0x00, 0x00, 0x00, 0x00, 0x00, 0x00, 0x00, 0x00, 0x00, 0x00, 0x00,
    0x00, 0x00, 0x00, 0x00, 0x00, 0x00, 0x00, 0x00, 0x00, 0x00, 0x00, 0x00,
    0x00, 0x00, 0x00, 0x00, 0x00, 0x00, 0x00, 0x00, 0x00, 0x00, 0x00, 0x00,
    0x00, 0x00, 0x00, 0x00, 0x00, 0x00, 0x00, 0x00, 0x00, 0x00, 0x00, 0x00,
    0x00, 0x00, 0x00, 0x00, 0x00, 0x00, 0x00, 0x00, 0x00, 0x00, 0x00, 0x00,
    0x00, 0x00, 0x00, 0x00, 0x00, 0x00, 0x00, 0x00, 0x00, 0x00, 0x00, 0x00,
    0x00, 0x00, 0x00, 0x00, 0x00, 0x00, 0x00, 0x00, 0x00, 0x00, 0x00, 0x00,
    0x00, 0x00, 0x00, 0x00, 0x00, 0x00, 0x00, 0x00, 0x00, 0x00, 0x00, 0x00,
    0x00, 0x00, 0x00, 0x00, 0x00, 0x00, 0x00, 0x00, 0x00, 0x00, 0x00, 0x00,
    0x00, 0x00, 0x00, 0x00, 0x00, 0x00, 0x00, 0x00, 0x00, 0x00, 0x00, 0x00,
    0x00, 0x00, 0x00, 0x00, 0x00, 0x00, 0x00, 0x00, 0x00, 0x00, 0x00, 0x00,
    0x00, 0x00, 0x00, 0x00, 0x00, 0x00, 0x00, 0x00, 0x00, 0x00, 0x00, 0x00,
    0x00, 0x00, 0x00, 0x00, 0x00, 0x00, 0x00, 0x00, 0x00, 0x00, 0x00, 0x00,
    0x00, 0x00, 0x00, 0x00, 0x00, 0x00, 0x00, 0x00, 0x00, 0x00, 0x00, 0x00,
    0x00, 0x00, 0x00, 0x00, 0x00, 0x00, 0x00, 0x00, 0x00, 0x00, 0x00, 0x00,
    0x00, 0x00, 0x00, 0x00, 0x00, 0x00, 0x00, 0x00, 0x00, 0x00, 0x00, 0x00,
    0x00, 0x00, 0x00, 0x00, 0x00, 0x00, 0x00, 0x00, 0x00, 0x00, 0x00, 0x00,
    0x00, 0x00, 0x00, 0x00, 0x00, 0x00, 0x00, 0x00, 0x00, 0x00, 0x00, 0x00,
    0x00, 0x00, 0x00, 0x00, 0x00, 0x00, 0x00, 0x00, 0x00, 0x00, 0x00, 0x00,
    0x00, 0x00, 0x00, 0x00, 0x00, 0x00, 0x00, 0x00, 0x00, 0x00, 0x00, 0x00,
    0x00, 0x00, 0x00, 0x00, 0x00, 0x00, 0x00, 0x00, 0x00, 0x00, 0x00, 0x00,
    0x00, 0x00, 0x00, 0x00, 0x00, 0x00, 0x00, 0x00, 0x00, 0x00, 0x00, 0x00,
    0x00, 0x00, 0x00, 0x00, 0x00, 0x00, 0x00, 0x00, 0x00, 0x00, 0x00, 0x00,
    0x00, 0x00, 0x00, 0x00, 0x00, 0x00, 0x00, 0x00, 0x00, 0x00, 0x00, 0x00,
    0x00, 0x00, 0x00, 0x00, 0x00, 0x00, 0x00, 0x00, 0x00, 0x00, 0x00, 0x00,
    0x00, 0x00, 0x00, 0x00, 0x00, 0x00, 0x00, 0x00, 0x00, 0x00, 0x00, 0x00,
    0x00, 0x00, 0x00, 0x00, 0x00, 0x00, 0x00, 0x00, 0x00, 0x00, 0x00, 0x00,
    0x00, 0x00, 0x00, 0x00, 0x00, 0x00, 0x00, 0x00, 0x00, 0x00, 0x00, 0x00,
    0x00, 0x00, 0x00, 0x00, 0x00, 0x00, 0x00, 0x00, 0x00, 0x00, 0x00, 0x00,
    0x00, 0x00, 0x00, 0x00, 0x00, 0x00, 0x00, 0x00, 0x00, 0x00, 0x00, 0x00,
    0x00, 0x00, 0x00, 0x00, 0x00, 0x00, 0x00, 0x00, 0x00, 0x00, 0x00, 0x00,
    0x00, 0x00, 0x00, 0x00, 0x00, 0x00, 0x00, 0x00, 0x00, 0x00, 0x00, 0x00,
    0x00, 0x00, 0x00, 0x00, 0x00, 0x00, 0x00, 0x00, 0x00, 0x00, 0x00, 0x00,
    0x00, 0x00, 0x00, 0x00, 0x00, 0x00, 0x00, 0x00, 0x00, 0x00, 0x00, 0x00,
    0x00, 0x00, 0x00, 0x00, 0x00, 0x00, 0x00, 0x00, 0x00, 0x00, 0x00, 0x00,
    0x00, 0x00, 0x00, 0x00, 0x00, 0x00, 0x00, 0x00, 0x00, 0x00, 0x00, 0x00,
    0x00, 0x00, 0x00, 0x00, 0x00, 0x00, 0x00, 0x00, 0x00, 0x00, 0x00, 0x00,
    0x00, 0x00, 0x00, 0x00, 0x00, 0x00, 0x00, 0x00, 0x00, 0x00, 0x00, 0x00,
    0x00, 0x00, 0x00, 0x00, 0x00, 0x00, 0x00, 0x00, 0x00, 0x00, 0x00, 0x00,
    0x00, 0x00, 0x00, 0x00, 0x00, 0x00, 0x00, 0x00, 0x00, 0x00, 0x00, 0x00,
    0x00, 0x00, 0x00, 0x00, 0x00, 0x00, 0x00, 0x00, 0x00, 0x00, 0x00, 0x00,
    0x00, 0x00, 0x00, 0x00, 0x00, 0x00, 0x00, 0x00, 0x00, 0x00, 0x00, 0x00,
    0x00, 0x00, 0x00, 0x00, 0x00, 0x00, 0x00, 0x00, 0x00, 0x00, 0x00, 0x00,
    0x00, 0x00, 0x00, 0x00, 0x00, 0x00, 0x00, 0x00, 0x00, 0x00, 0x00, 0x00,
    0x00, 0x00, 0x00, 0x00, 0x00, 0x00, 0x00, 0x00, 0x00, 0x00, 0x00, 0x00,
    0x00, 0x00, 0x00, 0x00, 0x00, 0x00, 0x00, 0x00, 0x00, 0x00, 0x00, 0x00,
    0x00, 0x00, 0x00, 0x00, 0x00, 0x00, 0x00, 0x00, 0x00, 0x00, 0x00, 0x00,
    0x00, 0x00, 0x00, 0x00, 0x00, 0x00, 0x00, 0x00, 0x00, 0x00, 0x00, 0x00,
    0x00, 0x00, 0x00, 0x00, 0x00, 0x00, 0x00, 0x00, 0x00, 0x00, 0x00, 0x00,
    0x00, 0x00, 0x00, 0x00, 0x00, 0x00, 0x00, 0x00, 0x00, 0x00, 0x00, 0x00,
    0x00, 0x00, 0x00, 0x00, 0x00, 0x00, 0x00, 0x00, 0x00, 0x00, 0x00, 0x00,
    0x00, 0x00, 0x00, 0x00, 0x00, 0x00, 0x00, 0x00, 0x00, 0x00, 0x00, 0x00,
    0x00, 0x00, 0x00, 0x00, 0x00, 0x00, 0x00, 0x00, 0x00, 0x00, 0x00, 0x00,
    0x00, 0x00, 0x00, 0x00, 0x00, 0x00, 0x00, 0x00, 0x00, 0x00, 0x00, 0x00,
    0x00, 0x00, 0x00, 0x00, 0x00, 0x00, 0x00, 0x00, 0x00, 0x00, 0x00, 0x00,
    0x00, 0x00, 0x00, 0x00, 0x00, 0x00, 0x00, 0x00, 0x00, 0x00, 0x00, 0x00,
    0x00, 0x00, 0x00, 0x00, 0x00, 0x00, 0x00, 0x00, 0x00, 0x00, 0x00, 0x00,
    0x00, 0x00, 0x00, 0x00, 0x00, 0x00, 0x00, 0x00, 0x00, 0x00, 0x00, 0x00,
    0x00, 0x00, 0x00, 0x00, 0x00, 0x00, 0x00, 0x00, 0x00, 0x00, 0x00, 0x00,
    0x00, 0x00, 0x00, 0x00, 0x00, 0x00, 0x00, 0x00, 0x00, 0x00, 0x00, 0x00,
    0x00, 0x00, 0x00, 0x00, 0x00, 0x00, 0x00, 0x00, 0x00, 0x00, 0x00, 0x00,
    0x00, 0x00, 0x00, 0x00, 0x00, 0x00, 0x00, 0x00, 0x00, 0x00, 0x00, 0x00,
    0x00, 0x00, 0x00, 0x00, 0x00, 0x00, 0x00, 0x00, 0x02, 0x66, 0xff, 0xff,
    0x04, 0x00, 0x00, 0x00, 0xc0, 0x12, 0x00, 0x00, 0x00, 0x00, 0x00, 0x00,
    0x00, 0x00, 0x00, 0x00, 0x00, 0x00, 0x00, 0x00, 0x00, 0x00, 0x00, 0x00,
    0x00, 0x00, 0x00, 0x00, 0x00, 0x00, 0x00, 0x00, 0x00, 0x00, 0x00, 0x00,
    0x00, 0x00, 0x00, 0x00, 0x00, 0x00, 0x00, 0x00, 0x00, 0x00, 0x00, 0x00,
    0x00, 0x00, 0x00, 0x00, 0x00, 0x00, 0x00, 0x00, 0x00, 0x00, 0x00, 0x00,
    0x00, 0x00, 0x00, 0x00, 0x00, 0x00, 0x00, 0x00, 0x00, 0x00, 0x00, 0x00,
    0x00, 0x00, 0x00, 0x00, 0x00, 0x00, 0x00, 0x00, 0x00, 0x00, 0x00, 0x00,
    0x00, 0x00, 0x00, 0x00, 0x00, 0x00, 0x00, 0x00, 0x00, 0x00, 0x00, 0x00,
    0x00, 0x00, 0x00, 0x00, 0x00, 0x00, 0x00, 0x00, 0x00, 0x00, 0x00, 0x00,
    0x00, 0x00, 0x00, 0x00, 0x00, 0x00, 0x00, 0x00, 0x00, 0x00, 0x00, 0x00,
    0x00, 0x00, 0x00, 0x00, 0x00, 0x00, 0x00, 0x00, 0x00, 0x00, 0x00, 0x00,
    0x00, 0x00, 0x00, 0x00, 0x00, 0x00, 0x00, 0x00, 0x00, 0x00, 0x00, 0x00,
    0x00, 0x00, 0x00, 0x00, 0x00, 0x00, 0x00, 0x00, 0x00, 0x00, 0x00, 0x00,
    0x00, 0x00, 0x00, 0x00, 0x00, 0x00, 0x00, 0x00, 0x00, 0x00, 0x00, 0x00,
    0x00, 0x00, 0x00, 0x00, 0x00, 0x00, 0x00, 0x00, 0x00, 0x00, 0x00, 0x00,
    0x00, 0x00, 0x00, 0x00, 0x00, 0x00, 0x00, 0x00, 0x00, 0x00, 0x00, 0x00,
    0x00, 0x00, 0x00, 0x00, 0x00, 0x00, 0x00, 0x00, 0x00, 0x00, 0x00, 0x00,
    0x00, 0x00, 0x00, 0x00, 0x00, 0x00, 0x00, 0x00, 0x00, 0x00, 0x00, 0x00,
    0x00, 0x00, 0x00, 0x00, 0x00, 0x00, 0x00, 0x00, 0x00, 0x00, 0x00, 0x00,
    0x00, 0x00, 0x00, 0x00, 0x00, 0x00, 0x00, 0x00, 0x00, 0x00, 0x00, 0x00,
    0x00, 0x00, 0x00, 0x00, 0x00, 0x00, 0x00, 0x00, 0x00, 0x00, 0x00, 0x00,
    0x00, 0x00, 0x00, 0x00, 0x00, 0x00, 0x00, 0x00, 0x00, 0x00, 0x00, 0x00,
    0x00, 0x00, 0x00, 0x00, 0x00, 0x00, 0x00, 0x00, 0x00, 0x00, 0x00, 0x00,
    0x00, 0x00, 0x00, 0x00, 0x00, 0x00, 0x00, 0x00, 0x00, 0x00, 0x00, 0x00,
    0x00, 0x00, 0x00, 0x00, 0x00, 0x00, 0x00, 0x00, 0x00, 0x00, 0x00, 0x00,
    0x00, 0x00, 0x00, 0x00, 0x00, 0x00, 0x00, 0x00, 0x00, 0x00, 0x00, 0x00,
    0x00, 0x00, 0x00, 0x00, 0x00, 0x00, 0x00, 0x00, 0x00, 0x00, 0x00, 0x00,
    0x00, 0x00, 0x00, 0x00, 0x00, 0x00, 0x00, 0x00, 0x00, 0x00, 0x00, 0x00,
    0x00, 0x00, 0x00, 0x00, 0x00, 0x00, 0x00, 0x00, 0x00, 0x00, 0x00, 0x00,
    0x00, 0x00, 0x00, 0x00, 0x00, 0x00, 0x00, 0x00, 0x00, 0x00, 0x00, 0x00,
    0x00, 0x00, 0x00, 0x00, 0x00, 0x00, 0x00, 0x00, 0x00, 0x00, 0x00, 0x00,
    0x00, 0x00, 0x00, 0x00, 0x00, 0x00, 0x00, 0x00, 0x00, 0x00, 0x00, 0x00,
    0x00, 0x00, 0x00, 0x00, 0x00, 0x00, 0x00, 0x00, 0x00, 0x00, 0x00, 0x00,
    0x00, 0x00, 0x00, 0x00, 0x00, 0x00, 0x00, 0x00, 0x00, 0x00, 0x00, 0x00,
    0x00, 0x00, 0x00, 0x00, 0x00, 0x00, 0x00, 0x00, 0x00, 0x00, 0x00, 0x00,
    0x00, 0x00, 0x00, 0x00, 0x00, 0x00, 0x00, 0x00, 0x00, 0x00, 0x00, 0x00,
    0x00, 0x00, 0x00, 0x00, 0x00, 0x00, 0x00, 0x00, 0x00, 0x00, 0x00, 0x00,
    0x00, 0x00, 0x00, 0x00, 0x00, 0x00, 0x00, 0x00, 0x00, 0x00, 0x00, 0x00,
    0x00, 0x00, 0x00, 0x00, 0x00, 0x00, 0x00, 0x00, 0x00, 0x00, 0x00, 0x00,
    0x00, 0x00, 0x00, 0x00, 0x00, 0x00, 0x00, 0x00, 0x00, 0x00, 0x00, 0x00,
    0x00, 0x00, 0x00, 0x00, 0x00, 0x00, 0x00, 0x00, 0x00, 0x00, 0x00, 0x00,
    0x00, 0x00, 0x00, 0x00, 0x00, 0x00, 0x00, 0x00, 0x00, 0x00, 0x00, 0x00,
    0x00, 0x00, 0x00, 0x00, 0x00, 0x00, 0x00, 0x00, 0x00, 0x00, 0x00, 0x00,
    0x00, 0x00, 0x00, 0x00, 0x00, 0x00, 0x00, 0x00, 0x00, 0x00, 0x00, 0x00,
    0x00, 0x00, 0x00, 0x00, 0x00, 0x00, 0x00, 0x00, 0x00, 0x00, 0x00, 0x00,
    0x00, 0x00, 0x00, 0x00, 0x00, 0x00, 0x00, 0x00, 0x00, 0x00, 0x00, 0x00,
    0x00, 0x00, 0x00, 0x00, 0x00, 0x00, 0x00, 0x00, 0x00, 0x00, 0x00, 0x00,
    0x00, 0x00, 0x00, 0x00, 0x00, 0x00, 0x00, 0x00, 0x00, 0x00, 0x00, 0x00,
    0x00, 0x00, 0x00, 0x00, 0x00, 0x00, 0x00, 0x00, 0x00, 0x00, 0x00, 0x00,
    0x00, 0x00, 0x00, 0x00, 0x00, 0x00, 0x00, 0x00, 0x00, 0x00, 0x00, 0x00,
    0x00, 0x00, 0x00, 0x00, 0x00, 0x00, 0x00, 0x00, 0x00, 0x00, 0x00, 0x00,
    0x00, 0x00, 0x00, 0x00, 0x00, 0x00, 0x00, 0x00, 0x00, 0x00, 0x00, 0x00,
    0x00, 0x00, 0x00, 0x00, 0x00, 0x00, 0x00, 0x00, 0x00, 0x00, 0x00, 0x00,
    0x00, 0x00, 0x00, 0x00, 0x00, 0x00, 0x00, 0x00, 0x00, 0x00, 0x00, 0x00,
    0x00, 0x00, 0x00, 0x00, 0x00, 0x00, 0x00, 0x00, 0x00, 0x00, 0x00, 0x00,
    0x00, 0x00, 0x00, 0x00, 0x00, 0x00, 0x00, 0x00, 0x00, 0x00, 0x00, 0x00,
    0x00, 0x00, 0x00, 0x00, 0x00, 0x00, 0x00, 0x00, 0x00, 0x00, 0x00, 0x00,
    0x00, 0x00, 0x00, 0x00, 0x00, 0x00, 0x00, 0x00, 0x00, 0x00, 0x00, 0x00,
    0x00, 0x00, 0x00, 0x00, 0x00, 0x00, 0x00, 0x00, 0x00, 0x00, 0x00, 0x00,
    0x00, 0x00, 0x00, 0x00, 0x00, 0x00, 0x00, 0x00, 0x00, 0x00, 0x00, 0x00,
    0x00, 0x00, 0x00, 0x00, 0x00, 0x00, 0x00, 0x00, 0x00, 0x00, 0x00, 0x00,
    0x00, 0x00, 0x00, 0x00, 0x00, 0x00, 0x00, 0x00, 0x00, 0x00, 0x00, 0x00,
    0x00, 0x00, 0x00, 0x00, 0x00, 0x00, 0x00, 0x00, 0x00, 0x00, 0x00, 0x00,
    0x00, 0x00, 0x00, 0x00, 0x00, 0x00, 0x00, 0x00, 0x00, 0x00, 0x00, 0x00,
    0x00, 0x00, 0x00, 0x00, 0x00, 0x00, 0x00, 0x00, 0x00, 0x00, 0x00, 0x00,
    0x00, 0x00, 0x00, 0x00, 0x00, 0x00, 0x00, 0x00, 0x00, 0x00, 0x00, 0x00,
    0x00, 0x00, 0x00, 0x00, 0x00, 0x00, 0x00, 0x00, 0x00, 0x00, 0x00, 0x00,
    0x00, 0x00, 0x00, 0x00, 0x00, 0x00, 0x00, 0x00, 0x00, 0x00, 0x00, 0x00,
    0x00, 0x00, 0x00, 0x00, 0x00, 0x00, 0x00, 0x00, 0x00, 0x00, 0x00, 0x00,
    0x00, 0x00, 0x00, 0x00, 0x00, 0x00, 0x00, 0x00, 0x00, 0x00, 0x00, 0x00,
    0x00, 0x00, 0x00, 0x00, 0x00, 0x00, 0x00, 0x00, 0x00, 0x00, 0x00, 0x00,
    0x00, 0x00, 0x00, 0x00, 0x00, 0x00, 0x00, 0x00, 0x00, 0x00, 0x00, 0x00,
    0x00, 0x00, 0x00, 0x00, 0x00, 0x00, 0x00, 0x00, 0x00, 0x00, 0x00, 0x00,
    0x00, 0x00, 0x00, 0x00, 0x00, 0x00, 0x00, 0x00, 0x00, 0x00, 0x00, 0x00,
    0x00, 0x00, 0x00, 0x00, 0x00, 0x00, 0x00, 0x00, 0x00, 0x00, 0x00, 0x00,
    0x00, 0x00, 0x00, 0x00, 0x00, 0x00, 0x00, 0x00, 0x00, 0x00, 0x00, 0x00,
    0x00, 0x00, 0x00, 0x00, 0x00, 0x00, 0x00, 0x00, 0x00, 0x00, 0x00, 0x00,
    0x00, 0x00, 0x00, 0x00, 0x00, 0x00, 0x00, 0x00, 0x00, 0x00, 0x00, 0x00,
    0x00, 0x00, 0x00, 0x00, 0x00, 0x00, 0x00, 0x00, 0x00, 0x00, 0x00, 0x00,
    0x00, 0x00, 0x00, 0x00, 0x00, 0x00, 0x00, 0x00, 0x00, 0x00, 0x00, 0x00,
    0x00, 0x00, 0x00, 0x00, 0x00, 0x00, 0x00, 0x00, 0x00, 0x00, 0x00, 0x00,
    0x00, 0x00, 0x00, 0x00, 0x00, 0x00, 0x00, 0x00, 0x00, 0x00, 0x00, 0x00,
    0x00, 0x00, 0x00, 0x00, 0x00, 0x00, 0x00, 0x00, 0x00, 0x00, 0x00, 0x00,
    0x00, 0x00, 0x00, 0x00, 0x00, 0x00, 0x00, 0x00, 0x00, 0x00, 0x00, 0x00,
    0x00, 0x00, 0x00, 0x00, 0x00, 0x00, 0x00, 0x00, 0x00, 0x00, 0x00, 0x00,
    0x00, 0x00, 0x00, 0x00, 0x00, 0x00, 0x00, 0x00, 0x00, 0x00, 0x00, 0x00,
    0x00, 0x00, 0x00, 0x00, 0x00, 0x00, 0x00, 0x00, 0x00, 0x00, 0x00, 0x00,
    0x00, 0x00, 0x00, 0x00, 0x00, 0x00, 0x00, 0x00, 0x00, 0x00, 0x00, 0x00,
    0x00, 0x00, 0x00, 0x00, 0x00, 0x00, 0x00, 0x00, 0x00, 0x00, 0x00, 0x00,
    0x00, 0x00, 0x00, 0x00, 0x00, 0x00, 0x00, 0x00, 0x00, 0x00, 0x00, 0x00,
    0x00, 0x00, 0x00, 0x00, 0x00, 0x00, 0x00, 0x00, 0x00, 0x00, 0x00, 0x00,
    0x00, 0x00, 0x00, 0x00, 0x00, 0x00, 0x00, 0x00, 0x00, 0x00, 0x00, 0x00,
    0x00, 0x00, 0x00, 0x00, 0x00, 0x00, 0x00, 0x00, 0x00, 0x00, 0x00, 0x00,
    0x00, 0x00, 0x00, 0x00, 0x00, 0x00, 0x00, 0x00, 0x00, 0x00, 0x00, 0x00,
    0x00, 0x00, 0x00, 0x00, 0x00, 0x00, 0x00, 0x00, 0x00, 0x00, 0x00, 0x00,
    0x00, 0x00, 0x00, 0x00, 0x00, 0x00, 0x00, 0x00, 0x00, 0x00, 0x00, 0x00,
    0x00, 0x00, 0x00, 0x00, 0x00, 0x00, 0x00, 0x00, 0x00, 0x00, 0x00, 0x00,
    0x00, 0x00, 0x00, 0x00, 0x00, 0x00, 0x00, 0x00, 0x00, 0x00, 0x00, 0x00,
    0x00, 0x00, 0x00, 0x00, 0x00, 0x00, 0x00, 0x00, 0x00, 0x00, 0x00, 0x00,
    0x00, 0x00, 0x00, 0x00, 0x00, 0x00, 0x00, 0x00, 0x00, 0x00, 0x00, 0x00,
    0x00, 0x00, 0x00, 0x00, 0x00, 0x00, 0x00, 0x00, 0x00, 0x00, 0x00, 0x00,
    0x00, 0x00, 0x00, 0x00, 0x00, 0x00, 0x00, 0x00, 0x00, 0x00, 0x00, 0x00,
    0x00, 0x00, 0x00, 0x00, 0x00, 0x00, 0x00, 0x00, 0x00, 0x00, 0x00, 0x00,
    0x00, 0x00, 0x00, 0x00, 0x00, 0x00, 0x00, 0x00, 0x00, 0x00, 0x00, 0x00,
    0x00, 0x00, 0x00, 0x00, 0x00, 0x00, 0x00, 0x00, 0x00, 0x00, 0x00, 0x00,
    0x00, 0x00, 0x00, 0x00, 0x00, 0x00, 0x00, 0x00, 0x00, 0x00, 0x00, 0x00,
    0x00, 0x00, 0x00, 0x00, 0x00, 0x00, 0x00, 0x00, 0x00, 0x00, 0x00, 0x00,
    0x00, 0x00, 0x00, 0x00, 0x00, 0x00, 0x00, 0x00, 0x00, 0x00, 0x00, 0x00,
    0x00, 0x00, 0x00, 0x00, 0x00, 0x00, 0x00, 0x00, 0x00, 0x00, 0x00, 0x00,
    0x00, 0x00, 0x00, 0x00, 0x00, 0x00, 0x00, 0x00, 0x00, 0x00, 0x00, 0x00,
    0x00, 0x00, 0x00, 0x00, 0x00, 0x00, 0x00, 0x00, 0x00, 0x00, 0x00, 0x00,
    0x00, 0x00, 0x00, 0x00, 0x00, 0x00, 0x00, 0x00, 0x00, 0x00, 0x00, 0x00,
    0x00, 0x00, 0x00, 0x00, 0x00, 0x00, 0x00, 0x00, 0x00, 0x00, 0x00, 0x00,
    0x00, 0x00, 0x00, 0x00, 0x00, 0x00, 0x00, 0x00, 0x00, 0x00, 0x00, 0x00,
    0x00, 0x00, 0x00, 0x00, 0x00, 0x00, 0x00, 0x00, 0x00, 0x00, 0x00, 0x00,
    0x00, 0x00, 0x00, 0x00, 0x00, 0x00, 0x00, 0x00, 0x00, 0x00, 0x00, 0x00,
    0x00, 0x00, 0x00, 0x00, 0x00, 0x00, 0x00, 0x00, 0x00, 0x00, 0x00, 0x00,
    0x00, 0x00, 0x00, 0x00, 0x00, 0x00, 0x00, 0x00, 0x00, 0x00, 0x00, 0x00,
    0x00, 0x00, 0x00, 0x00, 0x00, 0x00, 0x00, 0x00, 0x00, 0x00, 0x00, 0x00,
    0x00, 0x00, 0x00, 0x00, 0x00, 0x00, 0x00, 0x00, 0x00, 0x00, 0x00, 0x00,
    0x00, 0x00, 0x00, 0x00, 0x00, 0x00, 0x00, 0x00, 0x00, 0x00, 0x00, 0x00,
    0x00, 0x00, 0x00, 0x00, 0x00, 0x00, 0x00, 0x00, 0x00, 0x00, 0x00, 0x00,
    0x00, 0x00, 0x00, 0x00, 0x00, 0x00, 0x00, 0x00, 0x00, 0x00, 0x00, 0x00,
    0x00, 0x00, 0x00, 0x00, 0x00, 0x00, 0x00, 0x00, 0x00, 0x00, 0x00, 0x00,
    0x00, 0x00, 0x00, 0x00, 0x00, 0x00, 0x00, 0x00, 0x00, 0x00, 0x00, 0x00,
    0x00, 0x00, 0x00, 0x00, 0x00, 0x00, 0x00, 0x00, 0x00, 0x00, 0x00, 0x00,
    0x00, 0x00, 0x00, 0x00, 0x00, 0x00, 0x00, 0x00, 0x00, 0x00, 0x00, 0x00,
    0x00, 0x00, 0x00, 0x00, 0x00, 0x00, 0x00, 0x00, 0x00, 0x00, 0x00, 0x00,
    0x00, 0x00, 0x00, 0x00, 0x00, 0x00, 0x00, 0x00, 0x00, 0x00, 0x00, 0x00,
    0x00, 0x00, 0x00, 0x00, 0x00, 0x00, 0x00, 0x00, 0x00, 0x00, 0x00, 0x00,
    0x00, 0x00, 0x00, 0x00, 0x00, 0x00, 0x00, 0x00, 0x00, 0x00, 0x00, 0x00,
    0x00, 0x00, 0x00, 0x00, 0x00, 0x00, 0x00, 0x00, 0x00, 0x00, 0x00, 0x00,
    0x00, 0x00, 0x00, 0x00, 0x00, 0x00, 0x00, 0x00, 0x00, 0x00, 0x00, 0x00,
    0x00, 0x00, 0x00, 0x00, 0x00, 0x00, 0x00, 0x00, 0x00, 0x00, 0x00, 0x00,
    0x00, 0x00, 0x00, 0x00, 0x00, 0x00, 0x00, 0x00, 0x00, 0x00, 0x00, 0x00,
    0x00, 0x00, 0x00, 0x00, 0x00, 0x00, 0x00, 0x00, 0x00, 0x00, 0x00, 0x00,
    0x00, 0x00, 0x00, 0x00, 0x00, 0x00, 0x00, 0x00, 0x00, 0x00, 0x00, 0x00,
    0x00, 0x00, 0x00, 0x00, 0x00, 0x00, 0x00, 0x00, 0x00, 0x00, 0x00, 0x00,
    0x00, 0x00, 0x00, 0x00, 0x00, 0x00, 0x00, 0x00, 0x00, 0x00, 0x00, 0x00,
    0x00, 0x00, 0x00, 0x00, 0x00, 0x00, 0x00, 0x00, 0x00, 0x00, 0x00, 0x00,
    0x00, 0x00, 0x00, 0x00, 0x00, 0x00, 0x00, 0x00, 0x00, 0x00, 0x00, 0x00,
    0x00, 0x00, 0x00, 0x00, 0x00, 0x00, 0x00, 0x00, 0x00, 0x00, 0x00, 0x00,
    0x00, 0x00, 0x00, 0x00, 0x00, 0x00, 0x00, 0x00, 0x00, 0x00, 0x00, 0x00,
    0x00, 0x00, 0x00, 0x00, 0x00, 0x00, 0x00, 0x00, 0x00, 0x00, 0x00, 0x00,
    0x00, 0x00, 0x00, 0x00, 0x00, 0x00, 0x00, 0x00, 0x00, 0x00, 0x00, 0x00,
    0x00, 0x00, 0x00, 0x00, 0x00, 0x00, 0x00, 0x00, 0x00, 0x00, 0x00, 0x00,
    0x00, 0x00, 0x00, 0x00, 0x00, 0x00, 0x00, 0x00, 0x00, 0x00, 0x00, 0x00,
    0x00, 0x00, 0x00, 0x00, 0x00, 0x00, 0x00, 0x00, 0x00, 0x00, 0x00, 0x00,
    0x00, 0x00, 0x00, 0x00, 0x00, 0x00, 0x00, 0x00, 0x00, 0x00, 0x00, 0x00,
    0x00, 0x00, 0x00, 0x00, 0x00, 0x00, 0x00, 0x00, 0x00, 0x00, 0x00, 0x00,
    0x00, 0x00, 0x00, 0x00, 0x00, 0x00, 0x00, 0x00, 0x00, 0x00, 0x00, 0x00,
    0x00, 0x00, 0x00, 0x00, 0x00, 0x00, 0x00, 0x00, 0x00, 0x00, 0x00, 0x00,
    0x00, 0x00, 0x00, 0x00, 0x00, 0x00, 0x00, 0x00, 0x00, 0x00, 0x00, 0x00,
    0x00, 0x00, 0x00, 0x00, 0x00, 0x00, 0x00, 0x00, 0x00, 0x00, 0x00, 0x00,
    0x00, 0x00, 0x00, 0x00, 0x00, 0x00, 0x00, 0x00, 0x00, 0x00, 0x00, 0x00,
    0x00, 0x00, 0x00, 0x00, 0x00, 0x00, 0x00, 0x00, 0x00, 0x00, 0x00, 0x00,
    0x00, 0x00, 0x00, 0x00, 0x00, 0x00, 0x00, 0x00, 0x00, 0x00, 0x00, 0x00,
    0x00, 0x00, 0x00, 0x00, 0x00, 0x00, 0x00, 0x00, 0x00, 0x00, 0x00, 0x00,
    0x00, 0x00, 0x00, 0x00, 0x00, 0x00, 0x00, 0x00, 0x00, 0x00, 0x00, 0x00,
    0x00, 0x00, 0x00, 0x00, 0x00, 0x00, 0x00, 0x00, 0x00, 0x00, 0x00, 0x00,
    0x00, 0x00, 0x00, 0x00, 0x00, 0x00, 0x00, 0x00, 0x00, 0x00, 0x00, 0x00,
    0x00, 0x00, 0x00, 0x00, 0x00, 0x00, 0x00, 0x00, 0x00, 0x00, 0x00, 0x00,
    0x00, 0x00, 0x00, 0x00, 0x00, 0x00, 0x00, 0x00, 0x00, 0x00, 0x00, 0x00,
    0x00, 0x00, 0x00, 0x00, 0x00, 0x00, 0x00, 0x00, 0x00, 0x00, 0x00, 0x00,
    0x00, 0x00, 0x00, 0x00, 0x00, 0x00, 0x00, 0x00, 0x00, 0x00, 0x00, 0x00,
    0x00, 0x00, 0x00, 0x00, 0x00, 0x00, 0x00, 0x00, 0x00, 0x00, 0x00, 0x00,
    0x00, 0x00, 0x00, 0x00, 0x00, 0x00, 0x00, 0x00, 0x00, 0x00, 0x00, 0x00,
    0x00, 0x00, 0x00, 0x00, 0x00, 0x00, 0x00, 0x00, 0x00, 0x00, 0x00, 0x00,
    0x00, 0x00, 0x00, 0x00, 0x00, 0x00, 0x00, 0x00, 0x00, 0x00, 0x00, 0x00,
    0x00, 0x00, 0x00, 0x00, 0x00, 0x00, 0x00, 0x00, 0x00, 0x00, 0x00, 0x00,
    0x00, 0x00, 0x00, 0x00, 0x00, 0x00, 0x00, 0x00, 0x00, 0x00, 0x00, 0x00,
    0x00, 0x00, 0x00, 0x00, 0x00, 0x00, 0x00, 0x00, 0x00, 0x00, 0x00, 0x00,
    0x00, 0x00, 0x00, 0x00, 0x00, 0x00, 0x00, 0x00, 0x00, 0x00, 0x00, 0x00,
    0x00, 0x00, 0x00, 0x00, 0x00, 0x00, 0x00, 0x00, 0x00, 0x00, 0x00, 0x00,
    0x00, 0x00, 0x00, 0x00, 0x00, 0x00, 0x00, 0x00, 0x00, 0x00, 0x00, 0x00,
    0x00, 0x00, 0x00, 0x00, 0x00, 0x00, 0x00, 0x00, 0x00, 0x00, 0x00, 0x00,
    0x00, 0x00, 0x00, 0x00, 0x00, 0x00, 0x00, 0x00, 0x00, 0x00, 0x00, 0x00,
    0x00, 0x00, 0x00, 0x00, 0x00, 0x00, 0x00, 0x00, 0x00, 0x00, 0x00, 0x00,
    0x00, 0x00, 0x00, 0x00, 0x00, 0x00, 0x00, 0x00, 0x00, 0x00, 0x00, 0x00,
    0x00, 0x00, 0x00, 0x00, 0x00, 0x00, 0x00, 0x00, 0x00, 0x00, 0x00, 0x00,
    0x00, 0x00, 0x00, 0x00, 0x00, 0x00, 0x00, 0x00, 0x00, 0x00, 0x00, 0x00,
    0x00, 0x00, 0x00, 0x00, 0x00, 0x00, 0x00, 0x00, 0x00, 0x00, 0x00, 0x00,
    0x00, 0x00, 0x00, 0x00, 0x00, 0x00, 0x00, 0x00, 0x00, 0x00, 0x00, 0x00,
    0x00, 0x00, 0x00, 0x00, 0x00, 0x00, 0x00, 0x00, 0x00, 0x00, 0x00, 0x00,
    0x00, 0x00, 0x00, 0x00, 0x00, 0x00, 0x00, 0x00, 0x00, 0x00, 0x00, 0x00,
    0x00, 0x00, 0x00, 0x00, 0x00, 0x00, 0x00, 0x00, 0x00, 0x00, 0x00, 0x00,
    0x00, 0x00, 0x00, 0x00, 0x00, 0x00, 0x00, 0x00, 0x00, 0x00, 0x00, 0x00,
    0x00, 0x00, 0x00, 0x00, 0x00, 0x00, 0x00, 0x00, 0x00, 0x00, 0x00, 0x00,
    0x00, 0x00, 0x00, 0x00, 0x00, 0x00, 0x00, 0x00, 0x00, 0x00, 0x00, 0x00,
    0x00, 0x00, 0x00, 0x00, 0x00, 0x00, 0x00, 0x00, 0x00, 0x00, 0x00, 0x00,
    0x00, 0x00, 0x00, 0x00, 0x00, 0x00, 0x00, 0x00, 0x00, 0x00, 0x00, 0x00,
    0x00, 0x00, 0x00, 0x00, 0x00, 0x00, 0x00, 0x00, 0x00, 0x00, 0x00, 0x00,
    0x00, 0x00, 0x00, 0x00, 0x00, 0x00, 0x00, 0x00, 0x00, 0x00, 0x00, 0x00,
    0x00, 0x00, 0x00, 0x00, 0x00, 0x00, 0x00, 0x00, 0x00, 0x00, 0x00, 0x00,
    0x00, 0x00, 0x00, 0x00, 0x00, 0x00, 0x00, 0x00, 0x00, 0x00, 0x00, 0x00,
    0x00, 0x00, 0x00, 0x00, 0x00, 0x00, 0x00, 0x00, 0x00, 0x00, 0x00, 0x00,
    0x00, 0x00, 0x00, 0x00, 0x00, 0x00, 0x00, 0x00, 0x00, 0x00, 0x00, 0x00,
    0x00, 0x00, 0x00, 0x00, 0x00, 0x00, 0x00, 0x00, 0x00, 0x00, 0x00, 0x00,
    0x00, 0x00, 0x00, 0x00, 0x00, 0x00, 0x00, 0x00, 0x00, 0x00, 0x00, 0x00,
    0x00, 0x00, 0x00, 0x00, 0x00, 0x00, 0x00, 0x00, 0x00, 0x00, 0x00, 0x00,
    0x00, 0x00, 0x00, 0x00, 0x00, 0x00, 0x00, 0x00, 0x00, 0x00, 0x00, 0x00,
    0x00, 0x00, 0x00, 0x00, 0x00, 0x00, 0x00, 0x00, 0x00, 0x00, 0x00, 0x00,
    0x00, 0x00, 0x00, 0x00, 0x00, 0x00, 0x00, 0x00, 0x00, 0x00, 0x00, 0x00,
    0x00, 0x00, 0x00, 0x00, 0x00, 0x00, 0x00, 0x00, 0x00, 0x00, 0x00, 0x00,
    0x00, 0x00, 0x00, 0x00, 0x00, 0x00, 0x00, 0x00, 0x00, 0x00, 0x00, 0x00,
    0x00, 0x00, 0x00, 0x00, 0x00, 0x00, 0x00, 0x00, 0x00, 0x00, 0x00, 0x00,
    0x00, 0x00, 0x00, 0x00, 0x00, 0x00, 0x00, 0x00, 0x00, 0x00, 0x00, 0x00,
    0x00, 0x00, 0x00, 0x00, 0x00, 0x00, 0x00, 0x00, 0x00, 0x00, 0x00, 0x00,
    0x00, 0x00, 0x00, 0x00, 0x00, 0x00, 0x00, 0x00, 0x00, 0x00, 0x00, 0x00,
    0x00, 0x00, 0x00, 0x00, 0x00, 0x00, 0x00, 0x00, 0x00, 0x00, 0x00, 0x00,
    0x00, 0x00, 0x00, 0x00, 0x00, 0x00, 0x00, 0x00, 0x00, 0x00, 0x00, 0x00,
    0x00, 0x00, 0x00, 0x00, 0x00, 0x00, 0x00, 0x00, 0x00, 0x00, 0x00, 0x00,
    0x00, 0x00, 0x00, 0x00, 0x00, 0x00, 0x00, 0x00, 0x00, 0x00, 0x00, 0x00,
    0x00, 0x00, 0x00, 0x00, 0x00, 0x00, 0x00, 0x00, 0x00, 0x00, 0x00, 0x00,
    0x00, 0x00, 0x00, 0x00, 0x00, 0x00, 0x00, 0x00, 0x00, 0x00, 0x00, 0x00,
    0x00, 0x00, 0x00, 0x00, 0x00, 0x00, 0x00, 0x00, 0x00, 0x00, 0x00, 0x00,
    0x00, 0x00, 0x00, 0x00, 0x00, 0x00, 0x00, 0x00, 0x00, 0x00, 0x00, 0x00,
    0x00, 0x00, 0x00, 0x00, 0x00, 0x00, 0x00, 0x00, 0x00, 0x00, 0x00, 0x00,
    0x00, 0x00, 0x00, 0x00, 0x00, 0x00, 0x00, 0x00, 0x00, 0x00, 0x00, 0x00,
    0x00, 0x00, 0x00, 0x00, 0x00, 0x00, 0x00, 0x00, 0x00, 0x00, 0x00, 0x00,
    0x00, 0x00, 0x00, 0x00, 0x00, 0x00, 0x00, 0x00, 0x00, 0x00, 0x00, 0x00,
    0x00, 0x00, 0x00, 0x00, 0x00, 0x00, 0x00, 0x00, 0x00, 0x00, 0x00, 0x00,
    0x00, 0x00, 0x00, 0x00, 0x00, 0x00, 0x00, 0x00, 0x00, 0x00, 0x00, 0x00,
    0x00, 0x00, 0x00, 0x00, 0x00, 0x00, 0x00, 0x00, 0x00, 0x00, 0x00, 0x00,
    0x00, 0x00, 0x00, 0x00, 0x00, 0x00, 0x00, 0x00, 0x00, 0x00, 0x00, 0x00,
    0x00, 0x00, 0x00, 0x00, 0x00, 0x00, 0x00, 0x00, 0x00, 0x00, 0x00, 0x00,
    0x00, 0x00, 0x00, 0x00, 0x00, 0x00, 0x00, 0x00, 0x00, 0x00, 0x00, 0x00,
    0x00, 0x00, 0x00, 0x00, 0x00, 0x00, 0x00, 0x00, 0x00, 0x00, 0x00, 0x00,
    0x00, 0x00, 0x00, 0x00, 0x00, 0x00, 0x00, 0x00, 0x00, 0x00, 0x00, 0x00,
    0x00, 0x00, 0x00, 0x00, 0x00, 0x00, 0x00, 0x00, 0x00, 0x00, 0x00, 0x00,
    0x00, 0x00, 0x00, 0x00, 0x00, 0x00, 0x00, 0x00, 0x00, 0x00, 0x00, 0x00,
    0x00, 0x00, 0x00, 0x00, 0x00, 0x00, 0x00, 0x00, 0x00, 0x00, 0x00, 0x00,
    0x00, 0x00, 0x00, 0x00, 0x00, 0x00, 0x00, 0x00, 0x00, 0x00, 0x00, 0x00,
    0x00, 0x00, 0x00, 0x00, 0x00, 0x00, 0x00, 0x00, 0x00, 0x00, 0x00, 0x00,
    0x00, 0x00, 0x00, 0x00, 0x00, 0x00, 0x00, 0x00, 0x00, 0x00, 0x00, 0x00,
    0x00, 0x00, 0x00, 0x00, 0x00, 0x00, 0x00, 0x00, 0x00, 0x00, 0x00, 0x00,
    0x00, 0x00, 0x00, 0x00, 0x00, 0x00, 0x00, 0x00, 0x00, 0x00, 0x00, 0x00,
    0x00, 0x00, 0x00, 0x00, 0x00, 0x00, 0x00, 0x00, 0x00, 0x00, 0x00, 0x00,
    0x00, 0x00, 0x00, 0x00, 0x00, 0x00, 0x00, 0x00, 0x00, 0x00, 0x00, 0x00,
    0x00, 0x00, 0x00, 0x00, 0x00, 0x00, 0x00, 0x00, 0x00, 0x00, 0x00, 0x00,
    0x00, 0x00, 0x00, 0x00, 0x00, 0x00, 0x00, 0x00, 0x00, 0x00, 0x00, 0x00,
    0x00, 0x00, 0x00, 0x00, 0x00, 0x00, 0x00, 0x00, 0x00, 0x00, 0x00, 0x00,
    0x00, 0x00, 0x00, 0x00, 0x00, 0x00, 0x00, 0x00, 0x00, 0x00, 0x00, 0x00,
    0x00, 0x00, 0x00, 0x00, 0x00, 0x00, 0x00, 0x00, 0x00, 0x00, 0x00, 0x00,
    0x00, 0x00, 0x00, 0x00, 0x00, 0x00, 0x00, 0x00, 0x00, 0x00, 0x00, 0x00,
    0x00, 0x00, 0x00, 0x00, 0x00, 0x00, 0x00, 0x00, 0x00, 0x00, 0x00, 0x00,
    0x00, 0x00, 0x00, 0x00, 0x00, 0x00, 0x00, 0x00, 0x00, 0x00, 0x00, 0x00,
    0x00, 0x00, 0x00, 0x00, 0x00, 0x00, 0x00, 0x00, 0x00, 0x00, 0x00, 0x00,
    0x00, 0x00, 0x00, 0x00, 0x00, 0x00, 0x00, 0x00, 0x00, 0x00, 0x00, 0x00,
    0x00, 0x00, 0x00, 0x00, 0x00, 0x00, 0x00, 0x00, 0x00, 0x00, 0x00, 0x00,
    0x00, 0x00, 0x00, 0x00, 0x00, 0x00, 0x00, 0x00, 0x00, 0x00, 0x00, 0x00,
    0x00, 0x00, 0x00, 0x00, 0x00, 0x00, 0x00, 0x00, 0x00, 0x00, 0x00, 0x00,
    0x00, 0x00, 0x00, 0x00, 0x00, 0x00, 0x00, 0x00, 0x00, 0x00, 0x00, 0x00,
    0x00, 0x00, 0x00, 0x00, 0x00, 0x00, 0x00, 0x00, 0x00, 0x00, 0x00, 0x00,
    0x00, 0x00, 0x00, 0x00, 0x00, 0x00, 0x00, 0x00, 0x00, 0x00, 0x00, 0x00,
    0x00, 0x00, 0x00, 0x00, 0x00, 0x00, 0x00, 0x00, 0x00, 0x00, 0x00, 0x00,
    0x00, 0x00, 0x00, 0x00, 0x00, 0x00, 0x00, 0x00, 0x00, 0x00, 0x00, 0x00,
    0x00, 0x00, 0x00, 0x00, 0x00, 0x00, 0x00, 0x00, 0x00, 0x00, 0x00, 0x00,
    0x00, 0x00, 0x00, 0x00, 0x00, 0x00, 0x00, 0x00, 0x00, 0x00, 0x00, 0x00,
    0x00, 0x00, 0x00, 0x00, 0x00, 0x00, 0x00, 0x00, 0x00, 0x00, 0x00, 0x00,
    0x00, 0x00, 0x00, 0x00, 0x00, 0x00, 0x00, 0x00, 0x00, 0x00, 0x00, 0x00,
    0x00, 0x00, 0x00, 0x00, 0x00, 0x00, 0x00, 0x00, 0x00, 0x00, 0x00, 0x00,
    0x00, 0x00, 0x00, 0x00, 0x00, 0x00, 0x00, 0x00, 0x00, 0x00, 0x00, 0x00,
    0x00, 0x00, 0x00, 0x00, 0x00, 0x00, 0x00, 0x00, 0x00, 0x00, 0x00, 0x00,
    0x00, 0x00, 0x00, 0x00, 0x00, 0x00, 0x00, 0x00, 0x00, 0x00, 0x00, 0x00,
    0x00, 0x00, 0x00, 0x00, 0x00, 0x00, 0x00, 0x00, 0x00, 0x00, 0x00, 0x00,
    0x00, 0x00, 0x00, 0x00, 0x00, 0x00, 0x00, 0x00, 0x00, 0x00, 0x00, 0x00,
    0x00, 0x00, 0x00, 0x00, 0x00, 0x00, 0x00, 0x00, 0x00, 0x00, 0x00, 0x00,
    0x00, 0x00, 0x00, 0x00, 0x00, 0x00, 0x00, 0x00, 0x00, 0x00, 0x00, 0x00,
    0x00, 0x00, 0x00, 0x00, 0x00, 0x00, 0x00, 0x00, 0x00, 0x00, 0x00, 0x00,
    0x00, 0x00, 0x00, 0x00, 0x00, 0x00, 0x00, 0x00, 0x00, 0x00, 0x00, 0x00,
    0x00, 0x00, 0x00, 0x00, 0x00, 0x00, 0x00, 0x00, 0x00, 0x00, 0x00, 0x00,
    0x00, 0x00, 0x00, 0x00, 0x00, 0x00, 0x00, 0x00, 0x00, 0x00, 0x00, 0x00,
    0x00, 0x00, 0x00, 0x00, 0x00, 0x00, 0x00, 0x00, 0x00, 0x00, 0x00, 0x00,
    0x00, 0x00, 0x00, 0x00, 0x00, 0x00, 0x00, 0x00, 0x00, 0x00, 0x00, 0x00,
    0x00, 0x00, 0x00, 0x00, 0x00, 0x00, 0x00, 0x00, 0x00, 0x00, 0x00, 0x00,
    0x00, 0x00, 0x00, 0x00, 0x00, 0x00, 0x00, 0x00, 0x00, 0x00, 0x00, 0x00,
    0x00, 0x00, 0x00, 0x00, 0x00, 0x00, 0x00, 0x00, 0x00, 0x00, 0x00, 0x00,
    0x00, 0x00, 0x00, 0x00, 0x00, 0x00, 0x00, 0x00, 0x00, 0x00, 0x00, 0x00,
    0x00, 0x00, 0x00, 0x00, 0x00, 0x00, 0x00, 0x00, 0x00, 0x00, 0x00, 0x00,
    0x00, 0x00, 0x00, 0x00, 0x00, 0x00, 0x00, 0x00, 0x00, 0x00, 0x00, 0x00,
    0x00, 0x00, 0x00, 0x00, 0x00, 0x00, 0x00, 0x00, 0x00, 0x00, 0x00, 0x00,
    0x00, 0x00, 0x00, 0x00, 0x00, 0x00, 0x00, 0x00, 0x00, 0x00, 0x00, 0x00,
    0x00, 0x00, 0x00, 0x00, 0x00, 0x00, 0x00, 0x00, 0x00, 0x00, 0x00, 0x00,
    0x00, 0x00, 0x00, 0x00, 0x00, 0x00, 0x00, 0x00, 0x00, 0x00, 0x00, 0x00,
    0x00, 0x00, 0x00, 0x00, 0x00, 0x00, 0x00, 0x00, 0x00, 0x00, 0x00, 0x00,
    0x00, 0x00, 0x00, 0x00, 0x00, 0x00, 0x00, 0x00, 0x00, 0x00, 0x00, 0x00,
    0x00, 0x00, 0x00, 0x00, 0x00, 0x00, 0x00, 0x00, 0x00, 0x00, 0x00, 0x00,
    0x00, 0x00, 0x00, 0x00, 0x00, 0x00, 0x00, 0x00, 0x00, 0x00, 0x00, 0x00,
    0x00, 0x00, 0x00, 0x00, 0x00, 0x00, 0x00, 0x00, 0x00, 0x00, 0x00, 0x00,
    0x00, 0x00, 0x00, 0x00, 0x00, 0x00, 0x00, 0x00, 0x00, 0x00, 0x00, 0x00,
    0x00, 0x00, 0x00, 0x00, 0x00, 0x00, 0x00, 0x00, 0x00, 0x00, 0x00, 0x00,
    0x00, 0x00, 0x00, 0x00, 0x00, 0x00, 0x00, 0x00, 0x00, 0x00, 0x00, 0x00,
    0x00, 0x00, 0x00, 0x00, 0x00, 0x00, 0x00, 0x00, 0x00, 0x00, 0x00, 0x00,
    0x00, 0x00, 0x00, 0x00, 0x00, 0x00, 0x00, 0x00, 0x00, 0x00, 0x00, 0x00,
    0x00, 0x00, 0x00, 0x00, 0x00, 0x00, 0x00, 0x00, 0x00, 0x00, 0x00, 0x00,
    0x00, 0x00, 0x00, 0x00, 0x00, 0x00, 0x00, 0x00, 0x00, 0x00, 0x00, 0x00,
    0x00, 0x00, 0x00, 0x00, 0x00, 0x00, 0x00, 0x00, 0x00, 0x00, 0x00, 0x00,
    0x00, 0x00, 0x00, 0x00, 0x00, 0x00, 0x00, 0x00, 0x00, 0x00, 0x00, 0x00,
    0x00, 0x00, 0x00, 0x00, 0x00, 0x00, 0x00, 0x00, 0x00, 0x00, 0x00, 0x00,
    0x00, 0x00, 0x00, 0x00, 0x00, 0x00, 0x00, 0x00, 0x00, 0x00, 0x00, 0x00,
    0x00, 0x00, 0x00, 0x00, 0x00, 0x00, 0x00, 0x00, 0x00, 0x00, 0x00, 0x00,
    0x00, 0x00, 0x00, 0x00, 0x00, 0x00, 0x00, 0x00, 0x00, 0x00, 0x00, 0x00,
    0x00, 0x00, 0x00, 0x00, 0x00, 0x00, 0x00, 0x00, 0x00, 0x00, 0x00, 0x00,
    0x00, 0x00, 0x00, 0x00, 0x00, 0x00, 0x00, 0x00, 0x00, 0x00, 0x00, 0x00,
    0x00, 0x00, 0x00, 0x00, 0x00, 0x00, 0x00, 0x00, 0x00, 0x00, 0x00, 0x00,
    0x00, 0x00, 0x00, 0x00, 0x00, 0x00, 0x00, 0x00, 0x00, 0x00, 0x00, 0x00,
    0x00, 0x00, 0x00, 0x00, 0x00, 0x00, 0x00, 0x00, 0x00, 0x00, 0x00, 0x00,
    0x00, 0x00, 0x00, 0x00, 0x00, 0x00, 0x00, 0x00, 0x00, 0x00, 0x00, 0x00,
    0x00, 0x00, 0x00, 0x00, 0x00, 0x00, 0x00, 0x00, 0x00, 0x00, 0x00, 0x00,
    0x00, 0x00, 0x00, 0x00, 0x00, 0x00, 0x00, 0x00, 0x00, 0x00, 0x00, 0x00,
    0x00, 0x00, 0x00, 0x00, 0x00, 0x00, 0x00, 0x00, 0x00, 0x00, 0x00, 0x00,
    0x00, 0x00, 0x00, 0x00, 0x00, 0x00, 0x00, 0x00, 0x00, 0x00, 0x00, 0x00,
    0x00, 0x00, 0x00, 0x00, 0x00, 0x00, 0x00, 0x00, 0x00, 0x00, 0x00, 0x00,
    0x00, 0x00, 0x00, 0x00, 0x00, 0x00, 0x00, 0x00, 0x00, 0x00, 0x00, 0x00,
    0x00, 0x00, 0x00, 0x00, 0x00, 0x00, 0x00, 0x00, 0x00, 0x00, 0x00, 0x00,
    0x00, 0x00, 0x00, 0x00, 0x00, 0x00, 0x00, 0x00, 0x00, 0x00, 0x00, 0x00,
    0x00, 0x00, 0x00, 0x00, 0x00, 0x00, 0x00, 0x00, 0x00, 0x00, 0x00, 0x00,
    0x00, 0x00, 0x00, 0x00, 0x00, 0x00, 0x00, 0x00, 0x00, 0x00, 0x00, 0x00,
    0x00, 0x00, 0x00, 0x00, 0x00, 0x00, 0x00, 0x00, 0x00, 0x00, 0x00, 0x00,
    0x00, 0x00, 0x00, 0x00, 0x00, 0x00, 0x00, 0x00, 0x00, 0x00, 0x00, 0x00,
    0x00, 0x00, 0x00, 0x00, 0x00, 0x00, 0x00, 0x00, 0x00, 0x00, 0x00, 0x00,
    0x00, 0x00, 0x00, 0x00, 0x00, 0x00, 0x00, 0x00, 0x00, 0x00, 0x00, 0x00,
    0x00, 0x00, 0x00, 0x00, 0x00, 0x00, 0x00, 0x00, 0x00, 0x00, 0x00, 0x00,
    0x00, 0x00, 0x00, 0x00, 0x00, 0x00, 0x00, 0x00, 0x00, 0x00, 0x00, 0x00,
    0x00, 0x00, 0x00, 0x00, 0x00, 0x00, 0x00, 0x00, 0x00, 0x00, 0x00, 0x00,
    0x00, 0x00, 0x00, 0x00, 0x00, 0x00, 0x00, 0x00, 0x00, 0x00, 0x00, 0x00,
    0x00, 0x00, 0x00, 0x00, 0x00, 0x00, 0x00, 0x00, 0x00, 0x00, 0x00, 0x00,
    0x00, 0x00, 0x00, 0x00, 0x00, 0x00, 0x00, 0x00, 0x00, 0x00, 0x00, 0x00,
    0x00, 0x00, 0x00, 0x00, 0x00, 0x00, 0x00, 0x00, 0x00, 0x00, 0x00, 0x00,
    0x00, 0x00, 0x00, 0x00, 0x00, 0x00, 0x00, 0x00, 0x00, 0x00, 0x00, 0x00,
    0x00, 0x00, 0x00, 0x00, 0x00, 0x00, 0x00, 0x00, 0x00, 0x00, 0x00, 0x00,
    0x00, 0x00, 0x00, 0x00, 0x00, 0x00, 0x00, 0x00, 0x00, 0x00, 0x00, 0x00,
    0x00, 0x00, 0x00, 0x00, 0x00, 0x00, 0x00, 0x00, 0x00, 0x00, 0x00, 0x00,
    0x00, 0x00, 0x00, 0x00, 0x00, 0x00, 0x00, 0x00, 0x00, 0x00, 0x00, 0x00,
    0x00, 0x00, 0x00, 0x00, 0x00, 0x00, 0x00, 0x00, 0x00, 0x00, 0x00, 0x00,
    0x00, 0x00, 0x00, 0x00, 0x00, 0x00, 0x00, 0x00, 0x00, 0x00, 0x00, 0x00,
    0x00, 0x00, 0x00, 0x00, 0x00, 0x00, 0x00, 0x00, 0x00, 0x00, 0x00, 0x00,
    0x00, 0x00, 0x00, 0x00, 0x00, 0x00, 0x00, 0x00, 0x00, 0x00, 0x00, 0x00,
    0x00, 0x00, 0x00, 0x00, 0x00, 0x00, 0x00, 0x00, 0x00, 0x00, 0x00, 0x00,
    0x00, 0x00, 0x00, 0x00, 0x00, 0x00, 0x00, 0x00, 0x00, 0x00, 0x00, 0x00,
    0x00, 0x00, 0x00, 0x00, 0x00, 0x00, 0x00, 0x00, 0x00, 0x00, 0x00, 0x00,
    0x00, 0x00, 0x00, 0x00, 0x00, 0x00, 0x00, 0x00, 0x00, 0x00, 0x00, 0x00,
    0x00, 0x00, 0x00, 0x00, 0x00, 0x00, 0x00, 0x00, 0x00, 0x00, 0x00, 0x00,
    0x00, 0x00, 0x00, 0x00, 0x00, 0x00, 0x00, 0x00, 0x00, 0x00, 0x00, 0x00,
    0x00, 0x00, 0x00, 0x00, 0x00, 0x00, 0x00, 0x00, 0x00, 0x00, 0x00, 0x00,
    0x00, 0x00, 0x00, 0x00, 0x00, 0x00, 0x00, 0x00, 0x00, 0x00, 0x00, 0x00,
    0x00, 0x00, 0x00, 0x00, 0x00, 0x00, 0x00, 0x00, 0x00, 0x00, 0x00, 0x00,
    0x00, 0x00, 0x00, 0x00, 0x00, 0x00, 0x00, 0x00, 0x00, 0x00, 0x00, 0x00,
    0x00, 0x00, 0x00, 0x00, 0x00, 0x00, 0x00, 0x00, 0x00, 0x00, 0x00, 0x00,
    0x00, 0x00, 0x00, 0x00, 0x00, 0x00, 0x00, 0x00, 0x00, 0x00, 0x00, 0x00,
    0x00, 0x00, 0x00, 0x00, 0x00, 0x00, 0x00, 0x00, 0x00, 0x00, 0x00, 0x00,
    0x00, 0x00, 0x00, 0x00, 0x00, 0x00, 0x00, 0x00, 0x00, 0x00, 0x00, 0x00,
    0x00, 0x00, 0x00, 0x00, 0x00, 0x00, 0x00, 0x00, 0x00, 0x00, 0x00, 0x00,
    0x00, 0x00, 0x00, 0x00, 0x00, 0x00, 0x00, 0x00, 0x00, 0x00, 0x00, 0x00,
    0x00, 0x00, 0x00, 0x00, 0x00, 0x00, 0x00, 0x00, 0x00, 0x00, 0x00, 0x00,
    0x00, 0x00, 0x00, 0x00, 0x00, 0x00, 0x00, 0x00, 0x00, 0x00, 0x00, 0x00,
    0x00, 0x00, 0x00, 0x00, 0x00, 0x00, 0x00, 0x00, 0x00, 0x00, 0x00, 0x00,
    0x00, 0x00, 0x00, 0x00, 0x00, 0x00, 0x00, 0x00, 0x00, 0x00, 0x00, 0x00,
    0x00, 0x00, 0x00, 0x00, 0x00, 0x00, 0x00, 0x00, 0x00, 0x00, 0x00, 0x00,
    0x00, 0x00, 0x00, 0x00, 0x00, 0x00, 0x00, 0x00, 0x00, 0x00, 0x00, 0x00,
    0x00, 0x00, 0x00, 0x00, 0x00, 0x00, 0x00, 0x00, 0x00, 0x00, 0x00, 0x00,
    0x00, 0x00, 0x00, 0x00, 0x00, 0x00, 0x00, 0x00, 0x00, 0x00, 0x00, 0x00,
    0x00, 0x00, 0x00, 0x00, 0x00, 0x00, 0x00, 0x00, 0x00, 0x00, 0x00, 0x00,
    0x00, 0x00, 0x00, 0x00, 0x00, 0x00, 0x00, 0x00, 0x00, 0x00, 0x00, 0x00,
    0x00, 0x00, 0x00, 0x00, 0x00, 0x00, 0x00, 0x00, 0x00, 0x00, 0x00, 0x00,
    0x00, 0x00, 0x00, 0x00, 0x00, 0x00, 0x00, 0x00, 0x00, 0x00, 0x00, 0x00,
    0x00, 0x00, 0x00, 0x00, 0x00, 0x00, 0x00, 0x00, 0x00, 0x00, 0x00, 0x00,
    0x00, 0x00, 0x00, 0x00, 0x00, 0x00, 0x00, 0x00, 0x00, 0x00, 0x00, 0x00,
    0x00, 0x00, 0x00, 0x00, 0x00, 0x00, 0x00, 0x00, 0x00, 0x00, 0x00, 0x00,
    0x00, 0x00, 0x00, 0x00, 0x00, 0x00, 0x00, 0x00, 0x00, 0x00, 0x00, 0x00,
    0x00, 0x00, 0x00, 0x00, 0x00, 0x00, 0x00, 0x00, 0x00, 0x00, 0x00, 0x00,
    0x00, 0x00, 0x00, 0x00, 0x00, 0x00, 0x00, 0x00, 0x00, 0x00, 0x00, 0x00,
    0x00, 0x00, 0x00, 0x00, 0x00, 0x00, 0x00, 0x00, 0x00, 0x00, 0x00, 0x00,
    0x00, 0x00, 0x00, 0x00, 0x00, 0x00, 0x00, 0x00, 0x00, 0x00, 0x00, 0x00,
    0x00, 0x00, 0x00, 0x00, 0x00, 0x00, 0x00, 0x00, 0x00, 0x00, 0x00, 0x00,
    0x00, 0x00, 0x00, 0x00, 0x00, 0x00, 0x00, 0x00, 0x00, 0x00, 0x00, 0x00,
    0x00, 0x00, 0x00, 0x00, 0x00, 0x00, 0x00, 0x00, 0x00, 0x00, 0x00, 0x00,
    0x00, 0x00, 0x00, 0x00, 0x00, 0x00, 0x00, 0x00, 0x00, 0x00, 0x00, 0x00,
    0x00, 0x00, 0x00, 0x00, 0x00, 0x00, 0x00, 0x00, 0x00, 0x00, 0x00, 0x00,
    0x00, 0x00, 0x00, 0x00, 0x00, 0x00, 0x00, 0x00, 0x00, 0x00, 0x00, 0x00,
    0x00, 0x00, 0x00, 0x00, 0x00, 0x00, 0x00, 0x00, 0x00, 0x00, 0x00, 0x00,
    0x00, 0x00, 0x00, 0x00, 0x00, 0x00, 0x00, 0x00, 0x00, 0x00, 0x00, 0x00,
    0x00, 0x00, 0x00, 0x00, 0x00, 0x00, 0x00, 0x00, 0x00, 0x00, 0x00, 0x00,
    0x00, 0x00, 0x00, 0x00, 0x00, 0x00, 0x00, 0x00, 0x00, 0x00, 0x00, 0x00,
    0x00, 0x00, 0x00, 0x00, 0x00, 0x00, 0x00, 0x00, 0x00, 0x00, 0x00, 0x00,
    0x00, 0x00, 0x00, 0x00, 0x00, 0x00, 0x00, 0x00, 0x00, 0x00, 0x00, 0x00,
    0x00, 0x00, 0x00, 0x00, 0x00, 0x00, 0x00, 0x00, 0x00, 0x00, 0x00, 0x00,
    0x00, 0x00, 0x00, 0x00, 0x00, 0x00, 0x00, 0x00, 0x00, 0x00, 0x00, 0x00,
    0x00, 0x00, 0x00, 0x00, 0x00, 0x00, 0x00, 0x00, 0x00, 0x00, 0x00, 0x00,
    0x00, 0x00, 0x00, 0x00, 0x00, 0x00, 0x00, 0x00, 0x00, 0x00, 0x00, 0x00,
    0x00, 0x00, 0x00, 0x00, 0x00, 0x00, 0x00, 0x00, 0x00, 0x00, 0x00, 0x00,
    0x00, 0x00, 0x00, 0x00, 0x00, 0x00, 0x00, 0x00, 0x00, 0x00, 0x00, 0x00,
    0x00, 0x00, 0x00, 0x00, 0x00, 0x00, 0x00, 0x00, 0x00, 0x00, 0x00, 0x00,
    0x00, 0x00, 0x00, 0x00, 0x00, 0x00, 0x00, 0x00, 0x00, 0x00, 0x00, 0x00,
    0x00, 0x00, 0x00, 0x00, 0x00, 0x00, 0x00, 0x00, 0x00, 0x00, 0x00, 0x00,
    0x00, 0x00, 0x00, 0x00, 0x00, 0x00, 0x00, 0x00, 0x00, 0x00, 0x00, 0x00,
    0x00, 0x00, 0x00, 0x00, 0x00, 0x00, 0x00, 0x00, 0x00, 0x00, 0x00, 0x00,
    0x00, 0x00, 0x00, 0x00, 0x00, 0x00, 0x00, 0x00, 0x00, 0x00, 0x00, 0x00,
    0x00, 0x00, 0x00, 0x00, 0x00, 0x00, 0x00, 0x00, 0x00, 0x00, 0x00, 0x00,
    0x00, 0x00, 0x00, 0x00, 0x00, 0x00, 0x00, 0x00, 0xce, 0x78, 0xff, 0xff,
    0x04, 0x00, 0x00, 0x00, 0x40, 0x0b, 0x00, 0x00, 0x00, 0x00, 0x00, 0x00,
    0x00, 0x00, 0x00, 0x00, 0x00, 0x00, 0x00, 0x00, 0x00, 0x00, 0x00, 0x00,
    0x00, 0x00, 0x00, 0x00, 0x00, 0x00, 0x00, 0x00, 0x00, 0x00, 0x00, 0x00,
    0x00, 0x00, 0x00, 0x00, 0x00, 0x00, 0x00, 0x00, 0x00, 0x00, 0x00, 0x00,
    0x00, 0x00, 0x00, 0x00, 0x00, 0x00, 0x00, 0x00, 0x00, 0x00, 0x00, 0x00,
    0x00, 0x00, 0x00, 0x00, 0x00, 0x00, 0x00, 0x00, 0x00, 0x00, 0x00, 0x00,
    0x00, 0x00, 0x00, 0x00, 0x00, 0x00, 0x00, 0x00, 0x00, 0x00, 0x00, 0x00,
    0x00, 0x00, 0x00, 0x00, 0x00, 0x00, 0x00, 0x00, 0x00, 0x00, 0x00, 0x00,
    0x00, 0x00, 0x00, 0x00, 0x00, 0x00, 0x00, 0x00, 0x00, 0x00, 0x00, 0x00,
    0x00, 0x00, 0x00, 0x00, 0x00, 0x00, 0x00, 0x00, 0x00, 0x00, 0x00, 0x00,
    0x00, 0x00, 0x00, 0x00, 0x00, 0x00, 0x00, 0x00, 0x00, 0x00, 0x00, 0x00,
    0x00, 0x00, 0x00, 0x00, 0x00, 0x00, 0x00, 0x00, 0x00, 0x00, 0x00, 0x00,
    0x00, 0x00, 0x00, 0x00, 0x00, 0x00, 0x00, 0x00, 0x00, 0x00, 0x00, 0x00,
    0x00, 0x00, 0x00, 0x00, 0x00, 0x00, 0x00, 0x00, 0x00, 0x00, 0x00, 0x00,
    0x00, 0x00, 0x00, 0x00, 0x00, 0x00, 0x00, 0x00, 0x00, 0x00, 0x00, 0x00,
    0x00, 0x00, 0x00, 0x00, 0x00, 0x00, 0x00, 0x00, 0x00, 0x00, 0x00, 0x00,
    0x00, 0x00, 0x00, 0x00, 0x00, 0x00, 0x00, 0x00, 0x00, 0x00, 0x00, 0x00,
    0x00, 0x00, 0x00, 0x00, 0x00, 0x00, 0x00, 0x00, 0x00, 0x00, 0x00, 0x00,
    0x00, 0x00, 0x00, 0x00, 0x00, 0x00, 0x00, 0x00, 0x00, 0x00, 0x00, 0x00,
    0x00, 0x00, 0x00, 0x00, 0x00, 0x00, 0x00, 0x00, 0x00, 0x00, 0x00, 0x00,
    0x00, 0x00, 0x00, 0x00, 0x00, 0x00, 0x00, 0x00, 0x00, 0x00, 0x00, 0x00,
    0x00, 0x00, 0x00, 0x00, 0x00, 0x00, 0x00, 0x00, 0x00, 0x00, 0x00, 0x00,
    0x00, 0x00, 0x00, 0x00, 0x00, 0x00, 0x00, 0x00, 0x00, 0x00, 0x00, 0x00,
    0x00, 0x00, 0x00, 0x00, 0x00, 0x00, 0x00, 0x00, 0x00, 0x00, 0x00, 0x00,
    0x00, 0x00, 0x00, 0x00, 0x00, 0x00, 0x00, 0x00, 0x00, 0x00, 0x00, 0x00,
    0x00, 0x00, 0x00, 0x00, 0x00, 0x00, 0x00, 0x00, 0x00, 0x00, 0x00, 0x00,
    0x00, 0x00, 0x00, 0x00, 0x00, 0x00, 0x00, 0x00, 0x00, 0x00, 0x00, 0x00,
    0x00, 0x00, 0x00, 0x00, 0x00, 0x00, 0x00, 0x00, 0x00, 0x00, 0x00, 0x00,
    0x00, 0x00, 0x00, 0x00, 0x00, 0x00, 0x00, 0x00, 0x00, 0x00, 0x00, 0x00,
    0x00, 0x00, 0x00, 0x00, 0x00, 0x00, 0x00, 0x00, 0x00, 0x00, 0x00, 0x00,
    0x00, 0x00, 0x00, 0x00, 0x00, 0x00, 0x00, 0x00, 0x00, 0x00, 0x00, 0x00,
    0x00, 0x00, 0x00, 0x00, 0x00, 0x00, 0x00, 0x00, 0x00, 0x00, 0x00, 0x00,
    0x00, 0x00, 0x00, 0x00, 0x00, 0x00, 0x00, 0x00, 0x00, 0x00, 0x00, 0x00,
    0x00, 0x00, 0x00, 0x00, 0x00, 0x00, 0x00, 0x00, 0x00, 0x00, 0x00, 0x00,
    0x00, 0x00, 0x00, 0x00, 0x00, 0x00, 0x00, 0x00, 0x00, 0x00, 0x00, 0x00,
    0x00, 0x00, 0x00, 0x00, 0x00, 0x00, 0x00, 0x00, 0x00, 0x00, 0x00, 0x00,
    0x00, 0x00, 0x00, 0x00, 0x00, 0x00, 0x00, 0x00, 0x00, 0x00, 0x00, 0x00,
    0x00, 0x00, 0x00, 0x00, 0x00, 0x00, 0x00, 0x00, 0x00, 0x00, 0x00, 0x00,
    0x00, 0x00, 0x00, 0x00, 0x00, 0x00, 0x00, 0x00, 0x00, 0x00, 0x00, 0x00,
    0x00, 0x00, 0x00, 0x00, 0x00, 0x00, 0x00, 0x00, 0x00, 0x00, 0x00, 0x00,
    0x00, 0x00, 0x00, 0x00, 0x00, 0x00, 0x00, 0x00, 0x00, 0x00, 0x00, 0x00,
    0x00, 0x00, 0x00, 0x00, 0x00, 0x00, 0x00, 0x00, 0x00, 0x00, 0x00, 0x00,
    0x00, 0x00, 0x00, 0x00, 0x00, 0x00, 0x00, 0x00, 0x00, 0x00, 0x00, 0x00,
    0x00, 0x00, 0x00, 0x00, 0x00, 0x00, 0x00, 0x00, 0x00, 0x00, 0x00, 0x00,
    0x00, 0x00, 0x00, 0x00, 0x00, 0x00, 0x00, 0x00, 0x00, 0x00, 0x00, 0x00,
    0x00, 0x00, 0x00, 0x00, 0x00, 0x00, 0x00, 0x00, 0x00, 0x00, 0x00, 0x00,
    0x00, 0x00, 0x00, 0x00, 0x00, 0x00, 0x00, 0x00, 0x00, 0x00, 0x00, 0x00,
    0x00, 0x00, 0x00, 0x00, 0x00, 0x00, 0x00, 0x00, 0x00, 0x00, 0x00, 0x00,
    0x00, 0x00, 0x00, 0x00, 0x00, 0x00, 0x00, 0x00, 0x00, 0x00, 0x00, 0x00,
    0x00, 0x00, 0x00, 0x00, 0x00, 0x00, 0x00, 0x00, 0x00, 0x00, 0x00, 0x00,
    0x00, 0x00, 0x00, 0x00, 0x00, 0x00, 0x00, 0x00, 0x00, 0x00, 0x00, 0x00,
    0x00, 0x00, 0x00, 0x00, 0x00, 0x00, 0x00, 0x00, 0x00, 0x00, 0x00, 0x00,
    0x00, 0x00, 0x00, 0x00, 0x00, 0x00, 0x00, 0x00, 0x00, 0x00, 0x00, 0x00,
    0x00, 0x00, 0x00, 0x00, 0x00, 0x00, 0x00, 0x00, 0x00, 0x00, 0x00, 0x00,
    0x00, 0x00, 0x00, 0x00, 0x00, 0x00, 0x00, 0x00, 0x00, 0x00, 0x00, 0x00,
    0x00, 0x00, 0x00, 0x00, 0x00, 0x00, 0x00, 0x00, 0x00, 0x00, 0x00, 0x00,
    0x00, 0x00, 0x00, 0x00, 0x00, 0x00, 0x00, 0x00, 0x00, 0x00, 0x00, 0x00,
    0x00, 0x00, 0x00, 0x00, 0x00, 0x00, 0x00, 0x00, 0x00, 0x00, 0x00, 0x00,
    0x00, 0x00, 0x00, 0x00, 0x00, 0x00, 0x00, 0x00, 0x00, 0x00, 0x00, 0x00,
    0x00, 0x00, 0x00, 0x00, 0x00, 0x00, 0x00, 0x00, 0x00, 0x00, 0x00, 0x00,
    0x00, 0x00, 0x00, 0x00, 0x00, 0x00, 0x00, 0x00, 0x00, 0x00, 0x00, 0x00,
    0x00, 0x00, 0x00, 0x00, 0x00, 0x00, 0x00, 0x00, 0x00, 0x00, 0x00, 0x00,
    0x00, 0x00, 0x00, 0x00, 0x00, 0x00, 0x00, 0x00, 0x00, 0x00, 0x00, 0x00,
    0x00, 0x00, 0x00, 0x00, 0x00, 0x00, 0x00, 0x00, 0x00, 0x00, 0x00, 0x00,
    0x00, 0x00, 0x00, 0x00, 0x00, 0x00, 0x00, 0x00, 0x00, 0x00, 0x00, 0x00,
    0x00, 0x00, 0x00, 0x00, 0x00, 0x00, 0x00, 0x00, 0x00, 0x00, 0x00, 0x00,
    0x00, 0x00, 0x00, 0x00, 0x00, 0x00, 0x00, 0x00, 0x00, 0x00, 0x00, 0x00,
    0x00, 0x00, 0x00, 0x00, 0x00, 0x00, 0x00, 0x00, 0x00, 0x00, 0x00, 0x00,
    0x00, 0x00, 0x00, 0x00, 0x00, 0x00, 0x00, 0x00, 0x00, 0x00, 0x00, 0x00,
    0x00, 0x00, 0x00, 0x00, 0x00, 0x00, 0x00, 0x00, 0x00, 0x00, 0x00, 0x00,
    0x00, 0x00, 0x00, 0x00, 0x00, 0x00, 0x00, 0x00, 0x00, 0x00, 0x00, 0x00,
    0x00, 0x00, 0x00, 0x00, 0x00, 0x00, 0x00, 0x00, 0x00, 0x00, 0x00, 0x00,
    0x00, 0x00, 0x00, 0x00, 0x00, 0x00, 0x00, 0x00, 0x00, 0x00, 0x00, 0x00,
    0x00, 0x00, 0x00, 0x00, 0x00, 0x00, 0x00, 0x00, 0x00, 0x00, 0x00, 0x00,
    0x00, 0x00, 0x00, 0x00, 0x00, 0x00, 0x00, 0x00, 0x00, 0x00, 0x00, 0x00,
    0x00, 0x00, 0x00, 0x00, 0x00, 0x00, 0x00, 0x00, 0x00, 0x00, 0x00, 0x00,
    0x00, 0x00, 0x00, 0x00, 0x00, 0x00, 0x00, 0x00, 0x00, 0x00, 0x00, 0x00,
    0x00, 0x00, 0x00, 0x00, 0x00, 0x00, 0x00, 0x00, 0x00, 0x00, 0x00, 0x00,
    0x00, 0x00, 0x00, 0x00, 0x00, 0x00, 0x00, 0x00, 0x00, 0x00, 0x00, 0x00,
    0x00, 0x00, 0x00, 0x00, 0x00, 0x00, 0x00, 0x00, 0x00, 0x00, 0x00, 0x00,
    0x00, 0x00, 0x00, 0x00, 0x00, 0x00, 0x00, 0x00, 0x00, 0x00, 0x00, 0x00,
    0x00, 0x00, 0x00, 0x00, 0x00, 0x00, 0x00, 0x00, 0x00, 0x00, 0x00, 0x00,
    0x00, 0x00, 0x00, 0x00, 0x00, 0x00, 0x00, 0x00, 0x00, 0x00, 0x00, 0x00,
    0x00, 0x00, 0x00, 0x00, 0x00, 0x00, 0x00, 0x00, 0x00, 0x00, 0x00, 0x00,
    0x00, 0x00, 0x00, 0x00, 0x00, 0x00, 0x00, 0x00, 0x00, 0x00, 0x00, 0x00,
    0x00, 0x00, 0x00, 0x00, 0x00, 0x00, 0x00, 0x00, 0x00, 0x00, 0x00, 0x00,
    0x00, 0x00, 0x00, 0x00, 0x00, 0x00, 0x00, 0x00, 0x00, 0x00, 0x00, 0x00,
    0x00, 0x00, 0x00, 0x00, 0x00, 0x00, 0x00, 0x00, 0x00, 0x00, 0x00, 0x00,
    0x00, 0x00, 0x00, 0x00, 0x00, 0x00, 0x00, 0x00, 0x00, 0x00, 0x00, 0x00,
    0x00, 0x00, 0x00, 0x00, 0x00, 0x00, 0x00, 0x00, 0x00, 0x00, 0x00, 0x00,
    0x00, 0x00, 0x00, 0x00, 0x00, 0x00, 0x00, 0x00, 0x00, 0x00, 0x00, 0x00,
    0x00, 0x00, 0x00, 0x00, 0x00, 0x00, 0x00, 0x00, 0x00, 0x00, 0x00, 0x00,
    0x00, 0x00, 0x00, 0x00, 0x00, 0x00, 0x00, 0x00, 0x00, 0x00, 0x00, 0x00,
    0x00, 0x00, 0x00, 0x00, 0x00, 0x00, 0x00, 0x00, 0x00, 0x00, 0x00, 0x00,
    0x00, 0x00, 0x00, 0x00, 0x00, 0x00, 0x00, 0x00, 0x00, 0x00, 0x00, 0x00,
    0x00, 0x00, 0x00, 0x00, 0x00, 0x00, 0x00, 0x00, 0x00, 0x00, 0x00, 0x00,
    0x00, 0x00, 0x00, 0x00, 0x00, 0x00, 0x00, 0x00, 0x00, 0x00, 0x00, 0x00,
    0x00, 0x00, 0x00, 0x00, 0x00, 0x00, 0x00, 0x00, 0x00, 0x00, 0x00, 0x00,
    0x00, 0x00, 0x00, 0x00, 0x00, 0x00, 0x00, 0x00, 0x00, 0x00, 0x00, 0x00,
    0x00, 0x00, 0x00, 0x00, 0x00, 0x00, 0x00, 0x00, 0x00, 0x00, 0x00, 0x00,
    0x00, 0x00, 0x00, 0x00, 0x00, 0x00, 0x00, 0x00, 0x00, 0x00, 0x00, 0x00,
    0x00, 0x00, 0x00, 0x00, 0x00, 0x00, 0x00, 0x00, 0x00, 0x00, 0x00, 0x00,
    0x00, 0x00, 0x00, 0x00, 0x00, 0x00, 0x00, 0x00, 0x00, 0x00, 0x00, 0x00,
    0x00, 0x00, 0x00, 0x00, 0x00, 0x00, 0x00, 0x00, 0x00, 0x00, 0x00, 0x00,
    0x00, 0x00, 0x00, 0x00, 0x00, 0x00, 0x00, 0x00, 0x00, 0x00, 0x00, 0x00,
    0x00, 0x00, 0x00, 0x00, 0x00, 0x00, 0x00, 0x00, 0x00, 0x00, 0x00, 0x00,
    0x00, 0x00, 0x00, 0x00, 0x00, 0x00, 0x00, 0x00, 0x00, 0x00, 0x00, 0x00,
    0x00, 0x00, 0x00, 0x00, 0x00, 0x00, 0x00, 0x00, 0x00, 0x00, 0x00, 0x00,
    0x00, 0x00, 0x00, 0x00, 0x00, 0x00, 0x00, 0x00, 0x00, 0x00, 0x00, 0x00,
    0x00, 0x00, 0x00, 0x00, 0x00, 0x00, 0x00, 0x00, 0x00, 0x00, 0x00, 0x00,
    0x00, 0x00, 0x00, 0x00, 0x00, 0x00, 0x00, 0x00, 0x00, 0x00, 0x00, 0x00,
    0x00, 0x00, 0x00, 0x00, 0x00, 0x00, 0x00, 0x00, 0x00, 0x00, 0x00, 0x00,
    0x00, 0x00, 0x00, 0x00, 0x00, 0x00, 0x00, 0x00, 0x00, 0x00, 0x00, 0x00,
    0x00, 0x00, 0x00, 0x00, 0x00, 0x00, 0x00, 0x00, 0x00, 0x00, 0x00, 0x00,
    0x00, 0x00, 0x00, 0x00, 0x00, 0x00, 0x00, 0x00, 0x00, 0x00, 0x00, 0x00,
    0x00, 0x00, 0x00, 0x00, 0x00, 0x00, 0x00, 0x00, 0x00, 0x00, 0x00, 0x00,
    0x00, 0x00, 0x00, 0x00, 0x00, 0x00, 0x00, 0x00, 0x00, 0x00, 0x00, 0x00,
    0x00, 0x00, 0x00, 0x00, 0x00, 0x00, 0x00, 0x00, 0x00, 0x00, 0x00, 0x00,
    0x00, 0x00, 0x00, 0x00, 0x00, 0x00, 0x00, 0x00, 0x00, 0x00, 0x00, 0x00,
    0x00, 0x00, 0x00, 0x00, 0x00, 0x00, 0x00, 0x00, 0x00, 0x00, 0x00, 0x00,
    0x00, 0x00, 0x00, 0x00, 0x00, 0x00, 0x00, 0x00, 0x00, 0x00, 0x00, 0x00,
    0x00, 0x00, 0x00, 0x00, 0x00, 0x00, 0x00, 0x00, 0x00, 0x00, 0x00, 0x00,
    0x00, 0x00, 0x00, 0x00, 0x00, 0x00, 0x00, 0x00, 0x00, 0x00, 0x00, 0x00,
    0x00, 0x00, 0x00, 0x00, 0x00, 0x00, 0x00, 0x00, 0x00, 0x00, 0x00, 0x00,
    0x00, 0x00, 0x00, 0x00, 0x00, 0x00, 0x00, 0x00, 0x00, 0x00, 0x00, 0x00,
    0x00, 0x00, 0x00, 0x00, 0x00, 0x00, 0x00, 0x00, 0x00, 0x00, 0x00, 0x00,
    0x00, 0x00, 0x00, 0x00, 0x00, 0x00, 0x00, 0x00, 0x00, 0x00, 0x00, 0x00,
    0x00, 0x00, 0x00, 0x00, 0x00, 0x00, 0x00, 0x00, 0x00, 0x00, 0x00, 0x00,
    0x00, 0x00, 0x00, 0x00, 0x00, 0x00, 0x00, 0x00, 0x00, 0x00, 0x00, 0x00,
    0x00, 0x00, 0x00, 0x00, 0x00, 0x00, 0x00, 0x00, 0x00, 0x00, 0x00, 0x00,
    0x00, 0x00, 0x00, 0x00, 0x00, 0x00, 0x00, 0x00, 0x00, 0x00, 0x00, 0x00,
    0x00, 0x00, 0x00, 0x00, 0x00, 0x00, 0x00, 0x00, 0x00, 0x00, 0x00, 0x00,
    0x00, 0x00, 0x00, 0x00, 0x00, 0x00, 0x00, 0x00, 0x00, 0x00, 0x00, 0x00,
    0x00, 0x00, 0x00, 0x00, 0x00, 0x00, 0x00, 0x00, 0x00, 0x00, 0x00, 0x00,
    0x00, 0x00, 0x00, 0x00, 0x00, 0x00, 0x00, 0x00, 0x00, 0x00, 0x00, 0x00,
    0x00, 0x00, 0x00, 0x00, 0x00, 0x00, 0x00, 0x00, 0x00, 0x00, 0x00, 0x00,
    0x00, 0x00, 0x00, 0x00, 0x00, 0x00, 0x00, 0x00, 0x00, 0x00, 0x00, 0x00,
    0x00, 0x00, 0x00, 0x00, 0x00, 0x00, 0x00, 0x00, 0x00, 0x00, 0x00, 0x00,
    0x00, 0x00, 0x00, 0x00, 0x00, 0x00, 0x00, 0x00, 0x00, 0x00, 0x00, 0x00,
    0x00, 0x00, 0x00, 0x00, 0x00, 0x00, 0x00, 0x00, 0x00, 0x00, 0x00, 0x00,
    0x00, 0x00, 0x00, 0x00, 0x00, 0x00, 0x00, 0x00, 0x00, 0x00, 0x00, 0x00,
    0x00, 0x00, 0x00, 0x00, 0x00, 0x00, 0x00, 0x00, 0x00, 0x00, 0x00, 0x00,
    0x00, 0x00, 0x00, 0x00, 0x00, 0x00, 0x00, 0x00, 0x00, 0x00, 0x00, 0x00,
    0x00, 0x00, 0x00, 0x00, 0x00, 0x00, 0x00, 0x00, 0x00, 0x00, 0x00, 0x00,
    0x00, 0x00, 0x00, 0x00, 0x00, 0x00, 0x00, 0x00, 0x00, 0x00, 0x00, 0x00,
    0x00, 0x00, 0x00, 0x00, 0x00, 0x00, 0x00, 0x00, 0x00, 0x00, 0x00, 0x00,
    0x00, 0x00, 0x00, 0x00, 0x00, 0x00, 0x00, 0x00, 0x00, 0x00, 0x00, 0x00,
    0x00, 0x00, 0x00, 0x00, 0x00, 0x00, 0x00, 0x00, 0x00, 0x00, 0x00, 0x00,
    0x00, 0x00, 0x00, 0x00, 0x00, 0x00, 0x00, 0x00, 0x00, 0x00, 0x00, 0x00,
    0x00, 0x00, 0x00, 0x00, 0x00, 0x00, 0x00, 0x00, 0x00, 0x00, 0x00, 0x00,
    0x00, 0x00, 0x00, 0x00, 0x00, 0x00, 0x00, 0x00, 0x00, 0x00, 0x00, 0x00,
    0x00, 0x00, 0x00, 0x00, 0x00, 0x00, 0x00, 0x00, 0x00, 0x00, 0x00, 0x00,
    0x00, 0x00, 0x00, 0x00, 0x00, 0x00, 0x00, 0x00, 0x00, 0x00, 0x00, 0x00,
    0x00, 0x00, 0x00, 0x00, 0x00, 0x00, 0x00, 0x00, 0x00, 0x00, 0x00, 0x00,
    0x00, 0x00, 0x00, 0x00, 0x00, 0x00, 0x00, 0x00, 0x00, 0x00, 0x00, 0x00,
    0x00, 0x00, 0x00, 0x00, 0x00, 0x00, 0x00, 0x00, 0x00, 0x00, 0x00, 0x00,
    0x00, 0x00, 0x00, 0x00, 0x00, 0x00, 0x00, 0x00, 0x00, 0x00, 0x00, 0x00,
    0x00, 0x00, 0x00, 0x00, 0x00, 0x00, 0x00, 0x00, 0x00, 0x00, 0x00, 0x00,
    0x00, 0x00, 0x00, 0x00, 0x00, 0x00, 0x00, 0x00, 0x00, 0x00, 0x00, 0x00,
    0x00, 0x00, 0x00, 0x00, 0x00, 0x00, 0x00, 0x00, 0x00, 0x00, 0x00, 0x00,
    0x00, 0x00, 0x00, 0x00, 0x00, 0x00, 0x00, 0x00, 0x00, 0x00, 0x00, 0x00,
    0x00, 0x00, 0x00, 0x00, 0x00, 0x00, 0x00, 0x00, 0x00, 0x00, 0x00, 0x00,
    0x00, 0x00, 0x00, 0x00, 0x00, 0x00, 0x00, 0x00, 0x00, 0x00, 0x00, 0x00,
    0x00, 0x00, 0x00, 0x00, 0x00, 0x00, 0x00, 0x00, 0x00, 0x00, 0x00, 0x00,
    0x00, 0x00, 0x00, 0x00, 0x00, 0x00, 0x00, 0x00, 0x00, 0x00, 0x00, 0x00,
    0x00, 0x00, 0x00, 0x00, 0x00, 0x00, 0x00, 0x00, 0x00, 0x00, 0x00, 0x00,
    0x00, 0x00, 0x00, 0x00, 0x00, 0x00, 0x00, 0x00, 0x00, 0x00, 0x00, 0x00,
    0x00, 0x00, 0x00, 0x00, 0x00, 0x00, 0x00, 0x00, 0x00, 0x00, 0x00, 0x00,
    0x00, 0x00, 0x00, 0x00, 0x00, 0x00, 0x00, 0x00, 0x00, 0x00, 0x00, 0x00,
    0x00, 0x00, 0x00, 0x00, 0x00, 0x00, 0x00, 0x00, 0x00, 0x00, 0x00, 0x00,
    0x00, 0x00, 0x00, 0x00, 0x00, 0x00, 0x00, 0x00, 0x00, 0x00, 0x00, 0x00,
    0x00, 0x00, 0x00, 0x00, 0x00, 0x00, 0x00, 0x00, 0x00, 0x00, 0x00, 0x00,
    0x00, 0x00, 0x00, 0x00, 0x00, 0x00, 0x00, 0x00, 0x00, 0x00, 0x00, 0x00,
    0x00, 0x00, 0x00, 0x00, 0x00, 0x00, 0x00, 0x00, 0x00, 0x00, 0x00, 0x00,
    0x00, 0x00, 0x00, 0x00, 0x00, 0x00, 0x00, 0x00, 0x00, 0x00, 0x00, 0x00,
    0x00, 0x00, 0x00, 0x00, 0x00, 0x00, 0x00, 0x00, 0x00, 0x00, 0x00, 0x00,
    0x00, 0x00, 0x00, 0x00, 0x00, 0x00, 0x00, 0x00, 0x00, 0x00, 0x00, 0x00,
    0x00, 0x00, 0x00, 0x00, 0x00, 0x00, 0x00, 0x00, 0x00, 0x00, 0x00, 0x00,
    0x00, 0x00, 0x00, 0x00, 0x00, 0x00, 0x00, 0x00, 0x00, 0x00, 0x00, 0x00,
    0x00, 0x00, 0x00, 0x00, 0x00, 0x00, 0x00, 0x00, 0x00, 0x00, 0x00, 0x00,
    0x00, 0x00, 0x00, 0x00, 0x00, 0x00, 0x00, 0x00, 0x00, 0x00, 0x00, 0x00,
    0x00, 0x00, 0x00, 0x00, 0x00, 0x00, 0x00, 0x00, 0x00, 0x00, 0x00, 0x00,
    0x00, 0x00, 0x00, 0x00, 0x00, 0x00, 0x00, 0x00, 0x00, 0x00, 0x00, 0x00,
    0x00, 0x00, 0x00, 0x00, 0x00, 0x00, 0x00, 0x00, 0x00, 0x00, 0x00, 0x00,
    0x00, 0x00, 0x00, 0x00, 0x00, 0x00, 0x00, 0x00, 0x00, 0x00, 0x00, 0x00,
    0x00, 0x00, 0x00, 0x00, 0x00, 0x00, 0x00, 0x00, 0x00, 0x00, 0x00, 0x00,
    0x00, 0x00, 0x00, 0x00, 0x00, 0x00, 0x00, 0x00, 0x00, 0x00, 0x00, 0x00,
    0x00, 0x00, 0x00, 0x00, 0x00, 0x00, 0x00, 0x00, 0x00, 0x00, 0x00, 0x00,
    0x00, 0x00, 0x00, 0x00, 0x00, 0x00, 0x00, 0x00, 0x00, 0x00, 0x00, 0x00,
    0x00, 0x00, 0x00, 0x00, 0x00, 0x00, 0x00, 0x00, 0x00, 0x00, 0x00, 0x00,
    0x00, 0x00, 0x00, 0x00, 0x00, 0x00, 0x00, 0x00, 0x00, 0x00, 0x00, 0x00,
    0x00, 0x00, 0x00, 0x00, 0x00, 0x00, 0x00, 0x00, 0x00, 0x00, 0x00, 0x00,
    0x00, 0x00, 0x00, 0x00, 0x00, 0x00, 0x00, 0x00, 0x00, 0x00, 0x00, 0x00,
    0x00, 0x00, 0x00, 0x00, 0x00, 0x00, 0x00, 0x00, 0x00, 0x00, 0x00, 0x00,
    0x00, 0x00, 0x00, 0x00, 0x00, 0x00, 0x00, 0x00, 0x00, 0x00, 0x00, 0x00,
    0x00, 0x00, 0x00, 0x00, 0x00, 0x00, 0x00, 0x00, 0x00, 0x00, 0x00, 0x00,
    0x00, 0x00, 0x00, 0x00, 0x00, 0x00, 0x00, 0x00, 0x00, 0x00, 0x00, 0x00,
    0x00, 0x00, 0x00, 0x00, 0x00, 0x00, 0x00, 0x00, 0x00, 0x00, 0x00, 0x00,
    0x00, 0x00, 0x00, 0x00, 0x00, 0x00, 0x00, 0x00, 0x00, 0x00, 0x00, 0x00,
    0x00, 0x00, 0x00, 0x00, 0x00, 0x00, 0x00, 0x00, 0x00, 0x00, 0x00, 0x00,
    0x00, 0x00, 0x00, 0x00, 0x00, 0x00, 0x00, 0x00, 0x00, 0x00, 0x00, 0x00,
    0x00, 0x00, 0x00, 0x00, 0x00, 0x00, 0x00, 0x00, 0x00, 0x00, 0x00, 0x00,
    0x00, 0x00, 0x00, 0x00, 0x00, 0x00, 0x00, 0x00, 0x00, 0x00, 0x00, 0x00,
    0x00, 0x00, 0x00, 0x00, 0x00, 0x00, 0x00, 0x00, 0x00, 0x00, 0x00, 0x00,
    0x00, 0x00, 0x00, 0x00, 0x00, 0x00, 0x00, 0x00, 0x00, 0x00, 0x00, 0x00,
    0x00, 0x00, 0x00, 0x00, 0x00, 0x00, 0x00, 0x00, 0x00, 0x00, 0x00, 0x00,
    0x00, 0x00, 0x00, 0x00, 0x00, 0x00, 0x00, 0x00, 0x00, 0x00, 0x00, 0x00,
    0x00, 0x00, 0x00, 0x00, 0x00, 0x00, 0x00, 0x00, 0x00, 0x00, 0x00, 0x00,
    0x00, 0x00, 0x00, 0x00, 0x00, 0x00, 0x00, 0x00, 0x00, 0x00, 0x00, 0x00,
    0x00, 0x00, 0x00, 0x00, 0x00, 0x00, 0x00, 0x00, 0x00, 0x00, 0x00, 0x00,
    0x00, 0x00, 0x00, 0x00, 0x00, 0x00, 0x00, 0x00, 0x00, 0x00, 0x00, 0x00,
    0x00, 0x00, 0x00, 0x00, 0x00, 0x00, 0x00, 0x00, 0x00, 0x00, 0x00, 0x00,
    0x00, 0x00, 0x00, 0x00, 0x00, 0x00, 0x00, 0x00, 0x00, 0x00, 0x00, 0x00,
    0x00, 0x00, 0x00, 0x00, 0x00, 0x00, 0x00, 0x00, 0x00, 0x00, 0x00, 0x00,
    0x00, 0x00, 0x00, 0x00, 0x00, 0x00, 0x00, 0x00, 0x00, 0x00, 0x00, 0x00,
    0x00, 0x00, 0x00, 0x00, 0x00, 0x00, 0x00, 0x00, 0x00, 0x00, 0x00, 0x00,
    0x00, 0x00, 0x00, 0x00, 0x00, 0x00, 0x00, 0x00, 0x00, 0x00, 0x00, 0x00,
    0x00, 0x00, 0x00, 0x00, 0x00, 0x00, 0x00, 0x00, 0x00, 0x00, 0x00, 0x00,
    0x00, 0x00, 0x00, 0x00, 0x00, 0x00, 0x00, 0x00, 0x00, 0x00, 0x00, 0x00,
    0x00, 0x00, 0x00, 0x00, 0x00, 0x00, 0x00, 0x00, 0x00, 0x00, 0x00, 0x00,
    0x00, 0x00, 0x00, 0x00, 0x00, 0x00, 0x00, 0x00, 0x00, 0x00, 0x00, 0x00,
    0x00, 0x00, 0x00, 0x00, 0x00, 0x00, 0x00, 0x00, 0x00, 0x00, 0x00, 0x00,
    0x00, 0x00, 0x00, 0x00, 0x00, 0x00, 0x00, 0x00, 0x00, 0x00, 0x00, 0x00,
    0x00, 0x00, 0x00, 0x00, 0x00, 0x00, 0x00, 0x00, 0x00, 0x00, 0x00, 0x00,
    0x00, 0x00, 0x00, 0x00, 0x00, 0x00, 0x00, 0x00, 0x00, 0x00, 0x00, 0x00,
    0x00, 0x00, 0x00, 0x00, 0x00, 0x00, 0x00, 0x00, 0x00, 0x00, 0x00, 0x00,
    0x00, 0x00, 0x00, 0x00, 0x00, 0x00, 0x00, 0x00, 0x00, 0x00, 0x00, 0x00,
    0x00, 0x00, 0x00, 0x00, 0x00, 0x00, 0x00, 0x00, 0x00, 0x00, 0x00, 0x00,
    0x00, 0x00, 0x00, 0x00, 0x00, 0x00, 0x00, 0x00, 0x00, 0x00, 0x00, 0x00,
    0x00, 0x00, 0x00, 0x00, 0x00, 0x00, 0x00, 0x00, 0x00, 0x00, 0x00, 0x00,
    0x00, 0x00, 0x00, 0x00, 0x00, 0x00, 0x00, 0x00, 0x00, 0x00, 0x00, 0x00,
    0x00, 0x00, 0x00, 0x00, 0x00, 0x00, 0x00, 0x00, 0x00, 0x00, 0x00, 0x00,
    0x00, 0x00, 0x00, 0x00, 0x00, 0x00, 0x00, 0x00, 0x00, 0x00, 0x00, 0x00,
    0x00, 0x00, 0x00, 0x00, 0x00, 0x00, 0x00, 0x00, 0x00, 0x00, 0x00, 0x00,
    0x00, 0x00, 0x00, 0x00, 0x00, 0x00, 0x00, 0x00, 0x00, 0x00, 0x00, 0x00,
    0x00, 0x00, 0x00, 0x00, 0x00, 0x00, 0x00, 0x00, 0x00, 0x00, 0x00, 0x00,
    0x00, 0x00, 0x00, 0x00, 0x00, 0x00, 0x00, 0x00, 0x00, 0x00, 0x00, 0x00,
    0x00, 0x00, 0x00, 0x00, 0x00, 0x00, 0x00, 0x00, 0x00, 0x00, 0x00, 0x00,
    0x00, 0x00, 0x00, 0x00, 0x00, 0x00, 0x00, 0x00, 0x00, 0x00, 0x00, 0x00,
    0x00, 0x00, 0x00, 0x00, 0x00, 0x00, 0x00, 0x00, 0x00, 0x00, 0x00, 0x00,
    0x00, 0x00, 0x00, 0x00, 0x00, 0x00, 0x00, 0x00, 0x1a, 0x84, 0xff, 0xff,
    0x04, 0x00, 0x00, 0x00, 0x80, 0x07, 0x00, 0x00, 0x00, 0x00, 0x00, 0x00,
    0x00, 0x00, 0x00, 0x00, 0x00, 0x00, 0x00, 0x00, 0x00, 0x00, 0x00, 0x00,
    0x00, 0x00, 0x00, 0x00, 0x00, 0x00, 0x00, 0x00, 0x00, 0x00, 0x00, 0x00,
    0x00, 0x00, 0x00, 0x00, 0x00, 0x00, 0x00, 0x00, 0x00, 0x00, 0x00, 0x00,
    0x00, 0x00, 0x00, 0x00, 0x00, 0x00, 0x00, 0x00, 0x00, 0x00, 0x00, 0x00,
    0x00, 0x00, 0x00, 0x00, 0x00, 0x00, 0x00, 0x00, 0x00, 0x00, 0x00, 0x00,
    0x00, 0x00, 0x00, 0x00, 0x00, 0x00, 0x00, 0x00, 0x00, 0x00, 0x00, 0x00,
    0x00, 0x00, 0x00, 0x00, 0x00, 0x00, 0x00, 0x00, 0x00, 0x00, 0x00, 0x00,
    0x00, 0x00, 0x00, 0x00, 0x00, 0x00, 0x00, 0x00, 0x00, 0x00, 0x00, 0x00,
    0x00, 0x00, 0x00, 0x00, 0x00, 0x00, 0x00, 0x00, 0x00, 0x00, 0x00, 0x00,
    0x00, 0x00, 0x00, 0x00, 0x00, 0x00, 0x00, 0x00, 0x00, 0x00, 0x00, 0x00,
    0x00, 0x00, 0x00, 0x00, 0x00, 0x00, 0x00, 0x00, 0x00, 0x00, 0x00, 0x00,
    0x00, 0x00, 0x00, 0x00, 0x00, 0x00, 0x00, 0x00, 0x00, 0x00, 0x00, 0x00,
    0x00, 0x00, 0x00, 0x00, 0x00, 0x00, 0x00, 0x00, 0x00, 0x00, 0x00, 0x00,
    0x00, 0x00, 0x00, 0x00, 0x00, 0x00, 0x00, 0x00, 0x00, 0x00, 0x00, 0x00,
    0x00, 0x00, 0x00, 0x00, 0x00, 0x00, 0x00, 0x00, 0x00, 0x00, 0x00, 0x00,
    0x00, 0x00, 0x00, 0x00, 0x00, 0x00, 0x00, 0x00, 0x00, 0x00, 0x00, 0x00,
    0x00, 0x00, 0x00, 0x00, 0x00, 0x00, 0x00, 0x00, 0x00, 0x00, 0x00, 0x00,
    0x00, 0x00, 0x00, 0x00, 0x00, 0x00, 0x00, 0x00, 0x00, 0x00, 0x00, 0x00,
    0x00, 0x00, 0x00, 0x00, 0x00, 0x00, 0x00, 0x00, 0x00, 0x00, 0x00, 0x00,
    0x00, 0x00, 0x00, 0x00, 0x00, 0x00, 0x00, 0x00, 0x00, 0x00, 0x00, 0x00,
    0x00, 0x00, 0x00, 0x00, 0x00, 0x00, 0x00, 0x00, 0x00, 0x00, 0x00, 0x00,
    0x00, 0x00, 0x00, 0x00, 0x00, 0x00, 0x00, 0x00, 0x00, 0x00, 0x00, 0x00,
    0x00, 0x00, 0x00, 0x00, 0x00, 0x00, 0x00, 0x00, 0x00, 0x00, 0x00, 0x00,
    0x00, 0x00, 0x00, 0x00, 0x00, 0x00, 0x00, 0x00, 0x00, 0x00, 0x00, 0x00,
    0x00, 0x00, 0x00, 0x00, 0x00, 0x00, 0x00, 0x00, 0x00, 0x00, 0x00, 0x00,
    0x00, 0x00, 0x00, 0x00, 0x00, 0x00, 0x00, 0x00, 0x00, 0x00, 0x00, 0x00,
    0x00, 0x00, 0x00, 0x00, 0x00, 0x00, 0x00, 0x00, 0x00, 0x00, 0x00, 0x00,
    0x00, 0x00, 0x00, 0x00, 0x00, 0x00, 0x00, 0x00, 0x00, 0x00, 0x00, 0x00,
    0x00, 0x00, 0x00, 0x00, 0x00, 0x00, 0x00, 0x00, 0x00, 0x00, 0x00, 0x00,
    0x00, 0x00, 0x00, 0x00, 0x00, 0x00, 0x00, 0x00, 0x00, 0x00, 0x00, 0x00,
    0x00, 0x00, 0x00, 0x00, 0x00, 0x00, 0x00, 0x00, 0x00, 0x00, 0x00, 0x00,
    0x00, 0x00, 0x00, 0x00, 0x00, 0x00, 0x00, 0x00, 0x00, 0x00, 0x00, 0x00,
    0x00, 0x00, 0x00, 0x00, 0x00, 0x00, 0x00, 0x00, 0x00, 0x00, 0x00, 0x00,
    0x00, 0x00, 0x00, 0x00, 0x00, 0x00, 0x00, 0x00, 0x00, 0x00, 0x00, 0x00,
    0x00, 0x00, 0x00, 0x00, 0x00, 0x00, 0x00, 0x00, 0x00, 0x00, 0x00, 0x00,
    0x00, 0x00, 0x00, 0x00, 0x00, 0x00, 0x00, 0x00, 0x00, 0x00, 0x00, 0x00,
    0x00, 0x00, 0x00, 0x00, 0x00, 0x00, 0x00, 0x00, 0x00, 0x00, 0x00, 0x00,
    0x00, 0x00, 0x00, 0x00, 0x00, 0x00, 0x00, 0x00, 0x00, 0x00, 0x00, 0x00,
    0x00, 0x00, 0x00, 0x00, 0x00, 0x00, 0x00, 0x00, 0x00, 0x00, 0x00, 0x00,
    0x00, 0x00, 0x00, 0x00, 0x00, 0x00, 0x00, 0x00, 0x00, 0x00, 0x00, 0x00,
    0x00, 0x00, 0x00, 0x00, 0x00, 0x00, 0x00, 0x00, 0x00, 0x00, 0x00, 0x00,
    0x00, 0x00, 0x00, 0x00, 0x00, 0x00, 0x00, 0x00, 0x00, 0x00, 0x00, 0x00,
    0x00, 0x00, 0x00, 0x00, 0x00, 0x00, 0x00, 0x00, 0x00, 0x00, 0x00, 0x00,
    0x00, 0x00, 0x00, 0x00, 0x00, 0x00, 0x00, 0x00, 0x00, 0x00, 0x00, 0x00,
    0x00, 0x00, 0x00, 0x00, 0x00, 0x00, 0x00, 0x00, 0x00, 0x00, 0x00, 0x00,
    0x00, 0x00, 0x00, 0x00, 0x00, 0x00, 0x00, 0x00, 0x00, 0x00, 0x00, 0x00,
    0x00, 0x00, 0x00, 0x00, 0x00, 0x00, 0x00, 0x00, 0x00, 0x00, 0x00, 0x00,
    0x00, 0x00, 0x00, 0x00, 0x00, 0x00, 0x00, 0x00, 0x00, 0x00, 0x00, 0x00,
    0x00, 0x00, 0x00, 0x00, 0x00, 0x00, 0x00, 0x00, 0x00, 0x00, 0x00, 0x00,
    0x00, 0x00, 0x00, 0x00, 0x00, 0x00, 0x00, 0x00, 0x00, 0x00, 0x00, 0x00,
    0x00, 0x00, 0x00, 0x00, 0x00, 0x00, 0x00, 0x00, 0x00, 0x00, 0x00, 0x00,
    0x00, 0x00, 0x00, 0x00, 0x00, 0x00, 0x00, 0x00, 0x00, 0x00, 0x00, 0x00,
    0x00, 0x00, 0x00, 0x00, 0x00, 0x00, 0x00, 0x00, 0x00, 0x00, 0x00, 0x00,
    0x00, 0x00, 0x00, 0x00, 0x00, 0x00, 0x00, 0x00, 0x00, 0x00, 0x00, 0x00,
    0x00, 0x00, 0x00, 0x00, 0x00, 0x00, 0x00, 0x00, 0x00, 0x00, 0x00, 0x00,
    0x00, 0x00, 0x00, 0x00, 0x00, 0x00, 0x00, 0x00, 0x00, 0x00, 0x00, 0x00,
    0x00, 0x00, 0x00, 0x00, 0x00, 0x00, 0x00, 0x00, 0x00, 0x00, 0x00, 0x00,
    0x00, 0x00, 0x00, 0x00, 0x00, 0x00, 0x00, 0x00, 0x00, 0x00, 0x00, 0x00,
    0x00, 0x00, 0x00, 0x00, 0x00, 0x00, 0x00, 0x00, 0x00, 0x00, 0x00, 0x00,
    0x00, 0x00, 0x00, 0x00, 0x00, 0x00, 0x00, 0x00, 0x00, 0x00, 0x00, 0x00,
    0x00, 0x00, 0x00, 0x00, 0x00, 0x00, 0x00, 0x00, 0x00, 0x00, 0x00, 0x00,
    0x00, 0x00, 0x00, 0x00, 0x00, 0x00, 0x00, 0x00, 0x00, 0x00, 0x00, 0x00,
    0x00, 0x00, 0x00, 0x00, 0x00, 0x00, 0x00, 0x00, 0x00, 0x00, 0x00, 0x00,
    0x00, 0x00, 0x00, 0x00, 0x00, 0x00, 0x00, 0x00, 0x00, 0x00, 0x00, 0x00,
    0x00, 0x00, 0x00, 0x00, 0x00, 0x00, 0x00, 0x00, 0x00, 0x00, 0x00, 0x00,
    0x00, 0x00, 0x00, 0x00, 0x00, 0x00, 0x00, 0x00, 0x00, 0x00, 0x00, 0x00,
    0x00, 0x00, 0x00, 0x00, 0x00, 0x00, 0x00, 0x00, 0x00, 0x00, 0x00, 0x00,
    0x00, 0x00, 0x00, 0x00, 0x00, 0x00, 0x00, 0x00, 0x00, 0x00, 0x00, 0x00,
    0x00, 0x00, 0x00, 0x00, 0x00, 0x00, 0x00, 0x00, 0x00, 0x00, 0x00, 0x00,
    0x00, 0x00, 0x00, 0x00, 0x00, 0x00, 0x00, 0x00, 0x00, 0x00, 0x00, 0x00,
    0x00, 0x00, 0x00, 0x00, 0x00, 0x00, 0x00, 0x00, 0x00, 0x00, 0x00, 0x00,
    0x00, 0x00, 0x00, 0x00, 0x00, 0x00, 0x00, 0x00, 0x00, 0x00, 0x00, 0x00,
    0x00, 0x00, 0x00, 0x00, 0x00, 0x00, 0x00, 0x00, 0x00, 0x00, 0x00, 0x00,
    0x00, 0x00, 0x00, 0x00, 0x00, 0x00, 0x00, 0x00, 0x00, 0x00, 0x00, 0x00,
    0x00, 0x00, 0x00, 0x00, 0x00, 0x00, 0x00, 0x00, 0x00, 0x00, 0x00, 0x00,
    0x00, 0x00, 0x00, 0x00, 0x00, 0x00, 0x00, 0x00, 0x00, 0x00, 0x00, 0x00,
    0x00, 0x00, 0x00, 0x00, 0x00, 0x00, 0x00, 0x00, 0x00, 0x00, 0x00, 0x00,
    0x00, 0x00, 0x00, 0x00, 0x00, 0x00, 0x00, 0x00, 0x00, 0x00, 0x00, 0x00,
    0x00, 0x00, 0x00, 0x00, 0x00, 0x00, 0x00, 0x00, 0x00, 0x00, 0x00, 0x00,
    0x00, 0x00, 0x00, 0x00, 0x00, 0x00, 0x00, 0x00, 0x00, 0x00, 0x00, 0x00,
    0x00, 0x00, 0x00, 0x00, 0x00, 0x00, 0x00, 0x00, 0x00, 0x00, 0x00, 0x00,
    0x00, 0x00, 0x00, 0x00, 0x00, 0x00, 0x00, 0x00, 0x00, 0x00, 0x00, 0x00,
    0x00, 0x00, 0x00, 0x00, 0x00, 0x00, 0x00, 0x00, 0x00, 0x00, 0x00, 0x00,
    0x00, 0x00, 0x00, 0x00, 0x00, 0x00, 0x00, 0x00, 0x00, 0x00, 0x00, 0x00,
    0x00, 0x00, 0x00, 0x00, 0x00, 0x00, 0x00, 0x00, 0x00, 0x00, 0x00, 0x00,
    0x00, 0x00, 0x00, 0x00, 0x00, 0x00, 0x00, 0x00, 0x00, 0x00, 0x00, 0x00,
    0x00, 0x00, 0x00, 0x00, 0x00, 0x00, 0x00, 0x00, 0x00, 0x00, 0x00, 0x00,
    0x00, 0x00, 0x00, 0x00, 0x00, 0x00, 0x00, 0x00, 0x00, 0x00, 0x00, 0x00,
    0x00, 0x00, 0x00, 0x00, 0x00, 0x00, 0x00, 0x00, 0x00, 0x00, 0x00, 0x00,
    0x00, 0x00, 0x00, 0x00, 0x00, 0x00, 0x00, 0x00, 0x00, 0x00, 0x00, 0x00,
    0x00, 0x00, 0x00, 0x00, 0x00, 0x00, 0x00, 0x00, 0x00, 0x00, 0x00, 0x00,
    0x00, 0x00, 0x00, 0x00, 0x00, 0x00, 0x00, 0x00, 0x00, 0x00, 0x00, 0x00,
    0x00, 0x00, 0x00, 0x00, 0x00, 0x00, 0x00, 0x00, 0x00, 0x00, 0x00, 0x00,
    0x00, 0x00, 0x00, 0x00, 0x00, 0x00, 0x00, 0x00, 0x00, 0x00, 0x00, 0x00,
    0x00, 0x00, 0x00, 0x00, 0x00, 0x00, 0x00, 0x00, 0x00, 0x00, 0x00, 0x00,
    0x00, 0x00, 0x00, 0x00, 0x00, 0x00, 0x00, 0x00, 0x00, 0x00, 0x00, 0x00,
    0x00, 0x00, 0x00, 0x00, 0x00, 0x00, 0x00, 0x00, 0x00, 0x00, 0x00, 0x00,
    0x00, 0x00, 0x00, 0x00, 0x00, 0x00, 0x00, 0x00, 0x00, 0x00, 0x00, 0x00,
    0x00, 0x00, 0x00, 0x00, 0x00, 0x00, 0x00, 0x00, 0x00, 0x00, 0x00, 0x00,
    0x00, 0x00, 0x00, 0x00, 0x00, 0x00, 0x00, 0x00, 0x00, 0x00, 0x00, 0x00,
    0x00, 0x00, 0x00, 0x00, 0x00, 0x00, 0x00, 0x00, 0x00, 0x00, 0x00, 0x00,
    0x00, 0x00, 0x00, 0x00, 0x00, 0x00, 0x00, 0x00, 0x00, 0x00, 0x00, 0x00,
    0x00, 0x00, 0x00, 0x00, 0x00, 0x00, 0x00, 0x00, 0x00, 0x00, 0x00, 0x00,
    0x00, 0x00, 0x00, 0x00, 0x00, 0x00, 0x00, 0x00, 0x00, 0x00, 0x00, 0x00,
    0x00, 0x00, 0x00, 0x00, 0x00, 0x00, 0x00, 0x00, 0x00, 0x00, 0x00, 0x00,
    0x00, 0x00, 0x00, 0x00, 0x00, 0x00, 0x00, 0x00, 0x00, 0x00, 0x00, 0x00,
    0x00, 0x00, 0x00, 0x00, 0x00, 0x00, 0x00, 0x00, 0x00, 0x00, 0x00, 0x00,
    0x00, 0x00, 0x00, 0x00, 0x00, 0x00, 0x00, 0x00, 0x00, 0x00, 0x00, 0x00,
    0x00, 0x00, 0x00, 0x00, 0x00, 0x00, 0x00, 0x00, 0x00, 0x00, 0x00, 0x00,
    0x00, 0x00, 0x00, 0x00, 0x00, 0x00, 0x00, 0x00, 0x00, 0x00, 0x00, 0x00,
    0x00, 0x00, 0x00, 0x00, 0x00, 0x00, 0x00, 0x00, 0x00, 0x00, 0x00, 0x00,
    0x00, 0x00, 0x00, 0x00, 0x00, 0x00, 0x00, 0x00, 0x00, 0x00, 0x00, 0x00,
    0x00, 0x00, 0x00, 0x00, 0x00, 0x00, 0x00, 0x00, 0x00, 0x00, 0x00, 0x00,
    0x00, 0x00, 0x00, 0x00, 0x00, 0x00, 0x00, 0x00, 0x00, 0x00, 0x00, 0x00,
    0x00, 0x00, 0x00, 0x00, 0x00, 0x00, 0x00, 0x00, 0x00, 0x00, 0x00, 0x00,
    0x00, 0x00, 0x00, 0x00, 0x00, 0x00, 0x00, 0x00, 0x00, 0x00, 0x00, 0x00,
    0x00, 0x00, 0x00, 0x00, 0x00, 0x00, 0x00, 0x00, 0x00, 0x00, 0x00, 0x00,
    0x00, 0x00, 0x00, 0x00, 0x00, 0x00, 0x00, 0x00, 0x00, 0x00, 0x00, 0x00,
    0x00, 0x00, 0x00, 0x00, 0x00, 0x00, 0x00, 0x00, 0x00, 0x00, 0x00, 0x00,
    0x00, 0x00, 0x00, 0x00, 0x00, 0x00, 0x00, 0x00, 0x00, 0x00, 0x00, 0x00,
    0x00, 0x00, 0x00, 0x00, 0x00, 0x00, 0x00, 0x00, 0x00, 0x00, 0x00, 0x00,
    0x00, 0x00, 0x00, 0x00, 0x00, 0x00, 0x00, 0x00, 0x00, 0x00, 0x00, 0x00,
    0x00, 0x00, 0x00, 0x00, 0x00, 0x00, 0x00, 0x00, 0x00, 0x00, 0x00, 0x00,
    0x00, 0x00, 0x00, 0x00, 0x00, 0x00, 0x00, 0x00, 0x00, 0x00, 0x00, 0x00,
    0x00, 0x00, 0x00, 0x00, 0x00, 0x00, 0x00, 0x00, 0x00, 0x00, 0x00, 0x00,
    0x00, 0x00, 0x00, 0x00, 0x00, 0x00, 0x00, 0x00, 0x00, 0x00, 0x00, 0x00,
    0x00, 0x00, 0x00, 0x00, 0x00, 0x00, 0x00, 0x00, 0x00, 0x00, 0x00, 0x00,
    0x00, 0x00, 0x00, 0x00, 0x00, 0x00, 0x00, 0x00, 0x00, 0x00, 0x00, 0x00,
    0x00, 0x00, 0x00, 0x00, 0x00, 0x00, 0x00, 0x00, 0x00, 0x00, 0x00, 0x00,
    0x00, 0x00, 0x00, 0x00, 0x00, 0x00, 0x00, 0x00, 0x00, 0x00, 0x00, 0x00,
    0x00, 0x00, 0x00, 0x00, 0x00, 0x00, 0x00, 0x00, 0x00, 0x00, 0x00, 0x00,
    0x00, 0x00, 0x00, 0x00, 0x00, 0x00, 0x00, 0x00, 0x00, 0x00, 0x00, 0x00,
    0x00, 0x00, 0x00, 0x00, 0x00, 0x00, 0x00, 0x00, 0x00, 0x00, 0x00, 0x00,
    0x00, 0x00, 0x00, 0x00, 0x00, 0x00, 0x00, 0x00, 0x00, 0x00, 0x00, 0x00,
    0x00, 0x00, 0x00, 0x00, 0x00, 0x00, 0x00, 0x00, 0x00, 0x00, 0x00, 0x00,
    0x00, 0x00, 0x00, 0x00, 0x00, 0x00, 0x00, 0x00, 0x00, 0x00, 0x00, 0x00,
    0x00, 0x00, 0x00, 0x00, 0x00, 0x00, 0x00, 0x00, 0x00, 0x00, 0x00, 0x00,
    0x00, 0x00, 0x00, 0x00, 0x00, 0x00, 0x00, 0x00, 0x00, 0x00, 0x00, 0x00,
    0x00, 0x00, 0x00, 0x00, 0x00, 0x00, 0x00, 0x00, 0x00, 0x00, 0x00, 0x00,
    0x00, 0x00, 0x00, 0x00, 0x00, 0x00, 0x00, 0x00, 0x00, 0x00, 0x00, 0x00,
    0x00, 0x00, 0x00, 0x00, 0x00, 0x00, 0x00, 0x00, 0x00, 0x00, 0x00, 0x00,
    0x00, 0x00, 0x00, 0x00, 0x00, 0x00, 0x00, 0x00, 0x00, 0x00, 0x00, 0x00,
    0x00, 0x00, 0x00, 0x00, 0x00, 0x00, 0x00, 0x00, 0x00, 0x00, 0x00, 0x00,
    0x00, 0x00, 0x00, 0x00, 0x00, 0x00, 0x00, 0x00, 0x00, 0x00, 0x00, 0x00,
    0x00, 0x00, 0x00, 0x00, 0x00, 0x00, 0x00, 0x00, 0x00, 0x00, 0x00, 0x00,
    0x00, 0x00, 0x00, 0x00, 0x00, 0x00, 0x00, 0x00, 0x00, 0x00, 0x00, 0x00,
    0x00, 0x00, 0x00, 0x00, 0x00, 0x00, 0x00, 0x00, 0x00, 0x00, 0x00, 0x00,
    0x00, 0x00, 0x00, 0x00, 0x00, 0x00, 0x00, 0x00, 0x00, 0x00, 0x00, 0x00,
    0x00, 0x00, 0x00, 0x00, 0x00, 0x00, 0x00, 0x00, 0x00, 0x00, 0x00, 0x00,
    0x00, 0x00, 0x00, 0x00, 0x00, 0x00, 0x00, 0x00, 0x00, 0x00, 0x00, 0x00,
    0x00, 0x00, 0x00, 0x00, 0x00, 0x00, 0x00, 0x00, 0x00, 0x00, 0x00, 0x00,
    0x00, 0x00, 0x00, 0x00, 0x00, 0x00, 0x00, 0x00, 0x00, 0x00, 0x00, 0x00,
    0x00, 0x00, 0x00, 0x00, 0x00, 0x00, 0x00, 0x00, 0x00, 0x00, 0x00, 0x00,
    0x00, 0x00, 0x00, 0x00, 0x00, 0x00, 0x00, 0x00, 0x00, 0x00, 0x00, 0x00,
    0x00, 0x00, 0x00, 0x00, 0x00, 0x00, 0x00, 0x00, 0x00, 0x00, 0x00, 0x00,
    0x00, 0x00, 0x00, 0x00, 0x00, 0x00, 0x00, 0x00, 0x00, 0x00, 0x00, 0x00,
    0x00, 0x00, 0x00, 0x00, 0x00, 0x00, 0x00, 0x00, 0x00, 0x00, 0x00, 0x00,
    0x00, 0x00, 0x00, 0x00, 0x00, 0x00, 0x00, 0x00, 0x00, 0x00, 0x00, 0x00,
    0x00, 0x00, 0x00, 0x00, 0x00, 0x00, 0x00, 0x00, 0x00, 0x00, 0x00, 0x00,
    0x00, 0x00, 0x00, 0x00, 0x00, 0x00, 0x00, 0x00, 0xa6, 0x8b, 0xff, 0xff,
    0x04, 0x00, 0x00, 0x00, 0xe0, 0x01, 0x00, 0x00, 0x00, 0x00, 0x00, 0x00,
    0x00, 0x00, 0x00, 0x00, 0x00, 0x00, 0x00, 0x00, 0x00, 0x00, 0x00, 0x00,
    0x00, 0x00, 0x00, 0x00, 0x00, 0x00, 0x00, 0x00, 0x00, 0x00, 0x00, 0x00,
    0x00, 0x00, 0x00, 0x00, 0x00, 0x00, 0x00, 0x00, 0x00, 0x00, 0x00, 0x00,
    0x00, 0x00, 0x00, 0x00, 0x00, 0x00, 0x00, 0x00, 0x00, 0x00, 0x00, 0x00,
    0x00, 0x00, 0x00, 0x00, 0x00, 0x00, 0x00, 0x00, 0x00, 0x00, 0x00, 0x00,
    0x00, 0x00, 0x00, 0x00, 0x00, 0x00, 0x00, 0x00, 0x00, 0x00, 0x00, 0x00,
    0x00, 0x00, 0x00, 0x00, 0x00, 0x00, 0x00, 0x00, 0x00, 0x00, 0x00, 0x00,
    0x00, 0x00, 0x00, 0x00, 0x00, 0x00, 0x00, 0x00, 0x00, 0x00, 0x00, 0x00,
    0x00, 0x00, 0x00, 0x00, 0x00, 0x00, 0x00, 0x00, 0x00, 0x00, 0x00, 0x00,
    0x00, 0x00, 0x00, 0x00, 0x00, 0x00, 0x00, 0x00, 0x00, 0x00, 0x00, 0x00,
    0x00, 0x00, 0x00, 0x00, 0x00, 0x00, 0x00, 0x00, 0x00, 0x00, 0x00, 0x00,
    0x00, 0x00, 0x00, 0x00, 0x00, 0x00, 0x00, 0x00, 0x00, 0x00, 0x00, 0x00,
    0x00, 0x00, 0x00, 0x00, 0x00, 0x00, 0x00, 0x00, 0x00, 0x00, 0x00, 0x00,
    0x00, 0x00, 0x00, 0x00, 0x00, 0x00, 0x00, 0x00, 0x00, 0x00, 0x00, 0x00,
    0x00, 0x00, 0x00, 0x00, 0x00, 0x00, 0x00, 0x00, 0x00, 0x00, 0x00, 0x00,
    0x00, 0x00, 0x00, 0x00, 0x00, 0x00, 0x00, 0x00, 0x00, 0x00, 0x00, 0x00,
    0x00, 0x00, 0x00, 0x00, 0x00, 0x00, 0x00, 0x00, 0x00, 0x00, 0x00, 0x00,
    0x00, 0x00, 0x00, 0x00, 0x00, 0x00, 0x00, 0x00, 0x00, 0x00, 0x00, 0x00,
    0x00, 0x00, 0x00, 0x00, 0x00, 0x00, 0x00, 0x00, 0x00, 0x00, 0x00, 0x00,
    0x00, 0x00, 0x00, 0x00, 0x00, 0x00, 0x00, 0x00, 0x00, 0x00, 0x00, 0x00,
    0x00, 0x00, 0x00, 0x00, 0x00, 0x00, 0x00, 0x00, 0x00, 0x00, 0x00, 0x00,
    0x00, 0x00, 0x00, 0x00, 0x00, 0x00, 0x00, 0x00, 0x00, 0x00, 0x00, 0x00,
    0x00, 0x00, 0x00, 0x00, 0x00, 0x00, 0x00, 0x00, 0x00, 0x00, 0x00, 0x00,
    0x00, 0x00, 0x00, 0x00, 0x00, 0x00, 0x00, 0x00, 0x00, 0x00, 0x00, 0x00,
    0x00, 0x00, 0x00, 0x00, 0x00, 0x00, 0x00, 0x00, 0x00, 0x00, 0x00, 0x00,
    0x00, 0x00, 0x00, 0x00, 0x00, 0x00, 0x00, 0x00, 0x00, 0x00, 0x00, 0x00,
    0x00, 0x00, 0x00, 0x00, 0x00, 0x00, 0x00, 0x00, 0x00, 0x00, 0x00, 0x00,
    0x00, 0x00, 0x00, 0x00, 0x00, 0x00, 0x00, 0x00, 0x00, 0x00, 0x00, 0x00,
    0x00, 0x00, 0x00, 0x00, 0x00, 0x00, 0x00, 0x00, 0x00, 0x00, 0x00, 0x00,
    0x00, 0x00, 0x00, 0x00, 0x00, 0x00, 0x00, 0x00, 0x00, 0x00, 0x00, 0x00,
    0x00, 0x00, 0x00, 0x00, 0x00, 0x00, 0x00, 0x00, 0x00, 0x00, 0x00, 0x00,
    0x00, 0x00, 0x00, 0x00, 0x00, 0x00, 0x00, 0x00, 0x00, 0x00, 0x00, 0x00,
    0x00, 0x00, 0x00, 0x00, 0x00, 0x00, 0x00, 0x00, 0x00, 0x00, 0x00, 0x00,
    0x00, 0x00, 0x00, 0x00, 0x00, 0x00, 0x00, 0x00, 0x00, 0x00, 0x00, 0x00,
    0x00, 0x00, 0x00, 0x00, 0x00, 0x00, 0x00, 0x00, 0x00, 0x00, 0x00, 0x00,
    0x00, 0x00, 0x00, 0x00, 0x00, 0x00, 0x00, 0x00, 0x00, 0x00, 0x00, 0x00,
    0x00, 0x00, 0x00, 0x00, 0x00, 0x00, 0x00, 0x00, 0x00, 0x00, 0x00, 0x00,
    0x00, 0x00, 0x00, 0x00, 0x00, 0x00, 0x00, 0x00, 0x00, 0x00, 0x00, 0x00,
    0x00, 0x00, 0x00, 0x00, 0x00, 0x00, 0x00, 0x00, 0x00, 0x00, 0x00, 0x00,
    0x00, 0x00, 0x00, 0x00, 0x00, 0x00, 0x00, 0x00, 0x92, 0x8d, 0xff, 0xff,
    0x04, 0x00, 0x00, 0x00, 0x40, 0x01, 0x00, 0x00, 0x00, 0x00, 0x00, 0x00,
    0x00, 0x00, 0x00, 0x00, 0x00, 0x00, 0x00, 0x00, 0x00, 0x00, 0x00, 0x00,
    0x00, 0x00, 0x00, 0x00, 0x00, 0x00, 0x00, 0x00, 0x00, 0x00, 0x00, 0x00,
    0x00, 0x00, 0x00, 0x00, 0x00, 0x00, 0x00, 0x00, 0x00, 0x00, 0x00, 0x00,
    0x00, 0x00, 0x00, 0x00, 0x00, 0x00, 0x00, 0x00, 0x00, 0x00, 0x00, 0x00,
    0x00, 0x00, 0x00, 0x00, 0x00, 0x00, 0x00, 0x00, 0x00, 0x00, 0x00, 0x00,
    0x00, 0x00, 0x00, 0x00, 0x00, 0x00, 0x00, 0x00, 0x00, 0x00, 0x00, 0x00,
    0x00, 0x00, 0x00, 0x00, 0x00, 0x00, 0x00, 0x00, 0x00, 0x00, 0x00, 0x00,
    0x00, 0x00, 0x00, 0x00, 0x00, 0x00, 0x00, 0x00, 0x00, 0x00, 0x00, 0x00,
    0x00, 0x00, 0x00, 0x00, 0x00, 0x00, 0x00, 0x00, 0x00, 0x00, 0x00, 0x00,
    0x00, 0x00, 0x00, 0x00, 0x00, 0x00, 0x00, 0x00, 0x00, 0x00, 0x00, 0x00,
    0x00, 0x00, 0x00, 0x00, 0x00, 0x00, 0x00, 0x00, 0x00, 0x00, 0x00, 0x00,
    0x00, 0x00, 0x00, 0x00, 0x00, 0x00, 0x00, 0x00, 0x00, 0x00, 0x00, 0x00,
    0x00, 0x00, 0x00, 0x00, 0x00, 0x00, 0x00, 0x00, 0x00, 0x00, 0x00, 0x00,
    0x00, 0x00, 0x00, 0x00, 0x00, 0x00, 0x00, 0x00, 0x00, 0x00, 0x00, 0x00,
    0x00, 0x00, 0x00, 0x00, 0x00, 0x00, 0x00, 0x00, 0x00, 0x00, 0x00, 0x00,
    0x00, 0x00, 0x00, 0x00, 0x00, 0x00, 0x00, 0x00, 0x00, 0x00, 0x00, 0x00,
    0x00, 0x00, 0x00, 0x00, 0x00, 0x00, 0x00, 0x00, 0x00, 0x00, 0x00, 0x00,
    0x00, 0x00, 0x00, 0x00, 0x00, 0x00, 0x00, 0x00, 0x00, 0x00, 0x00, 0x00,
    0x00, 0x00, 0x00, 0x00, 0x00, 0x00, 0x00, 0x00, 0x00, 0x00, 0x00, 0x00,
    0x00, 0x00, 0x00, 0x00, 0x00, 0x00, 0x00, 0x00, 0x00, 0x00, 0x00, 0x00,
    0x00, 0x00, 0x00, 0x00, 0x00, 0x00, 0x00, 0x00, 0x00, 0x00, 0x00, 0x00,
    0x00, 0x00, 0x00, 0x00, 0x00, 0x00, 0x00, 0x00, 0x00, 0x00, 0x00, 0x00,
    0x00, 0x00, 0x00, 0x00, 0x00, 0x00, 0x00, 0x00, 0x00, 0x00, 0x00, 0x00,
    0x00, 0x00, 0x00, 0x00, 0x00, 0x00, 0x00, 0x00, 0x00, 0x00, 0x00, 0x00,
    0x00, 0x00, 0x00, 0x00, 0x00, 0x00, 0x00, 0x00, 0x00, 0x00, 0x00, 0x00,
    0x00, 0x00, 0x00, 0x00, 0x00, 0x00, 0x00, 0x00, 0x00, 0x00, 0x00, 0x00,
    0x00, 0x00, 0x00, 0x00, 0x34, 0x45, 0xff, 0xff, 0x38, 0x45, 0xff, 0xff,
    0x3c, 0x45, 0xff, 0xff, 0x40, 0x45, 0xff, 0xff, 0x44, 0x45, 0xff, 0xff,
    0x48, 0x45, 0xff, 0xff, 0x4c, 0x45, 0xff, 0xff, 0x50, 0x45, 0xff, 0xff,
    0x54, 0x45, 0xff, 0xff, 0x58, 0x45, 0xff, 0xff, 0x5c, 0x45, 0xff, 0xff,
    0x60, 0x45, 0xff, 0xff, 0x64, 0x45, 0xff, 0xff, 0x68, 0x45, 0xff, 0xff,
    0x6c, 0x45, 0xff, 0xff, 0x70, 0x45, 0xff, 0xff, 0x74, 0x45, 0xff, 0xff,
    0x78, 0x45, 0xff, 0xff, 0x7c, 0x45, 0xff, 0xff, 0x80, 0x45, 0xff, 0xff,
    0x84, 0x45, 0xff, 0xff, 0x88, 0x45, 0xff, 0xff, 0x8c, 0x45, 0xff, 0xff,
    0x90, 0x45, 0xff, 0xff, 0x94, 0x45, 0xff, 0xff, 0x98, 0x45, 0xff, 0xff,
    0x9c, 0x45, 0xff, 0xff, 0xa0, 0x45, 0xff, 0xff, 0xa4, 0x45, 0xff, 0xff,
    0xa8, 0x45, 0xff, 0xff, 0xac, 0x45, 0xff, 0xff, 0xb0, 0x45, 0xff, 0xff,
    0xb4, 0x45, 0xff, 0xff, 0xb8, 0x45, 0xff, 0xff, 0xbc, 0x45, 0xff, 0xff,
    0xc0, 0x45, 0xff, 0xff, 0xc4, 0x45, 0xff, 0xff, 0xc8, 0x45, 0xff, 0xff,
    0xcc, 0x45, 0xff, 0xff, 0xd0, 0x45, 0xff, 0xff, 0xd4, 0x45, 0xff, 0xff,
    0xd8, 0x45, 0xff, 0xff, 0xdc, 0x45, 0xff, 0xff, 0xe0, 0x45, 0xff, 0xff,
    0xe4, 0x45, 0xff, 0xff, 0xe8, 0x45, 0xff, 0xff, 0xec, 0x45, 0xff, 0xff,
    0xf0, 0x45, 0xff, 0xff, 0xf4, 0x45, 0xff, 0xff, 0xf8, 0x45, 0xff, 0xff,
    0xfc, 0x45, 0xff, 0xff, 0x00, 0x46, 0xff, 0xff, 0x04, 0x46, 0xff, 0xff,
    0x08, 0x46, 0xff, 0xff, 0x0c, 0x46, 0xff, 0xff, 0xba, 0x8f, 0xff, 0xff,
    0x04, 0x00, 0x00, 0x00, 0x70, 0x17, 0x00, 0x00, 0x04, 0x3f, 0x0b, 0x03,
    0x09, 0xd7, 0xf7, 0xe5, 0xdc, 0xf8, 0xd1, 0xfc, 0x1b, 0x04, 0xf8, 0x01,
    0xee, 0xce, 0x0e, 0x1d, 0x2d, 0xfb, 0x03, 0x15, 0x1b, 0x2e, 0xe2, 0x1d,
    0xe9, 0xfc, 0x10, 0xf7, 0xe3, 0x01, 0x16, 0xf3, 0x08, 0x09, 0xc6, 0x11,
    0x22, 0x11, 0xef, 0x08, 0x0f, 0xec, 0xe5, 0xdb, 0xc3, 0x1e, 0x17, 0x06,
    0x0c, 0x29, 0xd9, 0xd9, 0xef, 0x0e, 0xf8, 0xf4, 0xf5, 0x00, 0xf0, 0xf1,
    0x08, 0x00, 0xdb, 0x81, 0xdd, 0x2d, 0x01, 0xe9, 0xeb, 0xfc, 0xee, 0x09,
    0xed, 0x11, 0xb8, 0xd8, 0x0b, 0x27, 0x05, 0xec, 0xff, 0xb8, 0xe9, 0xdf,
    0xfc, 0x0d, 0x14, 0x08, 0x14, 0x21, 0x0c, 0xd0, 0xff, 0xea, 0xf4, 0x10,
    0x41, 0x02, 0xf0, 0xe9, 0x0a, 0x16, 0x1f, 0x14, 0xf6, 0x33, 0x13, 0x29,
    0xea, 0xdc, 0xec, 0xe2, 0xc7, 0xc0, 0xae, 0xc4, 0x16, 0x0c, 0xea, 0xd5,
    0x08, 0xc2, 0xc5, 0xf2, 0xd2, 0x07, 0xf0, 0x18, 0x11, 0xd6, 0xf1, 0x01,
    0x06, 0xf6, 0x28, 0x1d, 0x45, 0xf3, 0xf1, 0x2c, 0x04, 0x30, 0x03, 0xfc,
    0x1f, 0xee, 0xd9, 0xef, 0xe3, 0x00, 0x27, 0xd8, 0xc8, 0xf8, 0x9e, 0xed,
    0x06, 0x03, 0x08, 0xcb, 0xf7, 0xef, 0xfb, 0xdb, 0xdd, 0xe3, 0xfd, 0xf1,
    0x13, 0xe5, 0xcb, 0xa7, 0xf0, 0xff, 0x07, 0xea, 0xdb, 0xe9, 0xfb, 0xe5,
    0xf4, 0xfe, 0xdc, 0xca, 0xe9, 0x14, 0xff, 0xf4, 0xf6, 0xdb, 0x07, 0xe3,
    0xcb, 0xfa, 0xcf, 0x07, 0xf4, 0x10, 0xb6, 0x1e, 0xd6, 0x3e, 0xe2, 0xe9,
    0xa4, 0x06, 0xe6, 0xea, 0x01, 0x1c, 0xfa, 0xf8, 0xc9, 0x11, 0xcb, 0xf8,
    0x1d, 0x2f, 0xfa, 0x00, 0x21, 0x0f, 0xf3, 0xf1, 0x07, 0xe3, 0x3a, 0x0a,
    0x2d, 0x3d, 0x08, 0x5b, 0xec, 0xfe, 0xee, 0x2e, 0xd9, 0x05, 0xb8, 0x0a,
    0xc1, 0x09, 0xbc, 0xfd, 0xcd, 0x1e, 0xa9, 0x1b, 0xed, 0x1b, 0x0c, 0x27,
    0xdc, 0x0c, 0xc9, 0x42, 0xf9, 0x05, 0xcd, 0x08, 0xca, 0x04, 0x0e, 0xf7,
    0xf9, 0xfb, 0xf3, 0x5b, 0x3c, 0x31, 0x25, 0x0d, 0x24, 0x29, 0x14, 0x44,
    0xde, 0xcf, 0xbf, 0x1a, 0xfc, 0x24, 0xd1, 0x17, 0xc3, 0x0a, 0xce, 0x10,
    0xc1, 0x20, 0xeb, 0x14, 0xf5, 0x01, 0xec, 0xff, 0x00, 0x1a, 0xd3, 0xf4,
    0xe9, 0x44, 0x15, 0x30, 0xc8, 0xf6, 0xfd, 0x63, 0x19, 0x2a, 0x07, 0x68,
    0xf1, 0x25, 0x1b, 0x1e, 0x98, 0xf8, 0xc9, 0x32, 0xe9, 0x42, 0xcf, 0x2f,
    0xde, 0x0d, 0xbd, 0x0f, 0xf7, 0x17, 0xe0, 0xf1, 0xb2, 0x20, 0xc7, 0xf4,
    0xe6, 0xec, 0xc6, 0x1f, 0xfc, 0x41, 0x04, 0x23, 0xc8, 0x2a, 0x27, 0x3c,
    0x36, 0x7f, 0x28, 0x66, 0x24, 0x3f, 0x0f, 0x0f, 0xaf, 0xf9, 0xd1, 0x2e,
    0xc2, 0x05, 0xea, 0xec, 0xbf, 0xfb, 0x9c, 0x21, 0xe7, 0xee, 0xd5, 0x43,
    0xb2, 0xf9, 0xf1, 0x09, 0x02, 0xf4, 0xe7, 0x33, 0xee, 0x2a, 0xce, 0x1c,
    0xe8, 0x33, 0x37, 0x24, 0x32, 0x51, 0x10, 0x45, 0xf3, 0x3f, 0x20, 0x35,
    0x07, 0xfb, 0xe5, 0x2a, 0xdd, 0x07, 0xc2, 0xf2, 0x1f, 0x2f, 0xf5, 0x3a,
    0xd7, 0xdc, 0x9a, 0xc1, 0xdf, 0x3e, 0xfb, 0x09, 0xc0, 0x23, 0x41, 0x17,
    0x0c, 0xb1, 0xc4, 0xf7, 0xdd, 0x03, 0x07, 0x02, 0xc0, 0xcf, 0xd3, 0xc4,
    0xe7, 0xdd, 0xdd, 0x1a, 0xaa, 0x14, 0xf8, 0xf8, 0xba, 0x20, 0xcc, 0xe6,
    0xe0, 0x35, 0xbf, 0xc4, 0x0c, 0xfd, 0xdc, 0xdb, 0xa4, 0xd3, 0xe2, 0x03,
    0xbe, 0xf6, 0xec, 0xb3, 0xec, 0xf1, 0xcf, 0xe9, 0x0c, 0xf9, 0xaa, 0xcb,
    0x0a, 0x24, 0xdb, 0xbf, 0xac, 0xd1, 0xd8, 0xef, 0xdb, 0xf6, 0xd2, 0xcc,
    0xf8, 0x04, 0x14, 0x30, 0x3c, 0x3e, 0xc7, 0x64, 0xe9, 0x22, 0xde, 0xc4,
    0xe2, 0x30, 0x07, 0x29, 0xf4, 0x1c, 0x2f, 0x2b, 0x22, 0x58, 0xd4, 0xc2,
    0xa8, 0x34, 0xe2, 0xcf, 0x2d, 0xea, 0xe0, 0x27, 0x06, 0x21, 0xd3, 0x01,
    0xdb, 0xea, 0x1e, 0x9e, 0x87, 0x9f, 0xfd, 0x2c, 0xe2, 0xfd, 0xf9, 0xf7,
    0xab, 0xea, 0x98, 0xa2, 0x82, 0xfb, 0x15, 0xdd, 0xa0, 0x81, 0x01, 0xef,
    0x4b, 0xfd, 0xa0, 0xe3, 0xf1, 0x15, 0x1f, 0xc5, 0x1e, 0x00, 0xab, 0xa9,
    0xea, 0xb4, 0xf1, 0xbe, 0x12, 0x74, 0x18, 0xec, 0xfa, 0x26, 0x1c, 0x36,
    0xe7, 0x25, 0xd8, 0x19, 0xb2, 0xc4, 0x0b, 0xd0, 0xde, 0xdd, 0xef, 0xee,
    0xe9, 0xe6, 0xdd, 0xed, 0xe8, 0x03, 0xd4, 0xc0, 0x39, 0x36, 0x27, 0xf4,
    0x00, 0x08, 0xe2, 0xd3, 0xa9, 0x87, 0xdf, 0x14, 0x22, 0xbc, 0x21, 0xad,
    0x36, 0xf6, 0xdd, 0xe6, 0xaf, 0xc7, 0xe0, 0xaf, 0xe9, 0xcc, 0xd0, 0xf5,
    0x1d, 0x98, 0xab, 0xbd, 0x01, 0xd9, 0x1a, 0xdb, 0xe1, 0xbe, 0x28, 0xfa,
    0xd9, 0xc9, 0x2a, 0x20, 0xf8, 0xd5, 0xf5, 0x05, 0x23, 0x04, 0x1a, 0xe5,
    0xfd, 0xe2, 0x3c, 0x91, 0x32, 0x9f, 0xdd, 0xef, 0xd7, 0xc9, 0xa5, 0xd5,
    0x06, 0x0f, 0x0c, 0x32, 0xd8, 0xb2, 0xbc, 0x4b, 0x01, 0xbf, 0xf3, 0xd2,
    0xe9, 0xdf, 0x18, 0x67, 0xf2, 0xc7, 0x04, 0x0c, 0xe6, 0xf3, 0xfa, 0x03,
    0xee, 0xf9, 0xfe, 0xe0, 0xfb, 0xc0, 0x36, 0xb3, 0xed, 0x00, 0xd2, 0xc3,
    0xa7, 0xb6, 0xd6, 0x84, 0xc8, 0xef, 0x21, 0xfc, 0xe7, 0xa8, 0xf5, 0xff,
    0xdc, 0xdd, 0xed, 0xc1, 0xcb, 0x05, 0x25, 0x55, 0x15, 0xab, 0xe8, 0xd7,
    0x14, 0xaf, 0x12, 0xe5, 0x16, 0xed, 0x25, 0xd5, 0x0c, 0xad, 0x05, 0xc6,
    0x17, 0xd9, 0x04, 0xfc, 0xfe, 0xf6, 0x14, 0xfa, 0xfd, 0x14, 0x1f, 0x23,
    0x35, 0x1c, 0x0b, 0xe2, 0x15, 0x00, 0x1d, 0xd3, 0xe6, 0xd8, 0x3d, 0x16,
    0x1a, 0xc7, 0xf5, 0x05, 0x03, 0xee, 0xfb, 0xe9, 0x1c, 0xcd, 0xf9, 0xe8,
    0xd4, 0x81, 0xcb, 0xd7, 0x1b, 0xc2, 0x1c, 0x3f, 0x4a, 0xf1, 0x2f, 0x37,
    0x00, 0x33, 0x2c, 0x57, 0x12, 0x27, 0xe1, 0x20, 0xfc, 0x07, 0xfb, 0xa5,
    0x05, 0xf2, 0x5d, 0x29, 0x14, 0x19, 0x1b, 0x15, 0xff, 0xed, 0x16, 0xcf,
    0x21, 0xe7, 0x53, 0x23, 0x19, 0x38, 0x07, 0x28, 0x28, 0x07, 0x1e, 0x15,
    0xe8, 0xfe, 0x01, 0xf6, 0x13, 0x15, 0x13, 0xea, 0xe5, 0xf8, 0xfb, 0x3c,
    0x06, 0x38, 0x04, 0xdd, 0x0a, 0x30, 0x07, 0xe1, 0xdc, 0xec, 0x0f, 0xf7,
    0xfe, 0x12, 0xdc, 0x0c, 0xf9, 0xfa, 0x1f, 0xbc, 0x31, 0x1b, 0x08, 0x50,
    0x19, 0x2b, 0xfb, 0xee, 0xe1, 0x20, 0xe4, 0x0a, 0xd8, 0xf6, 0xe8, 0xf0,
    0xcb, 0x0e, 0xe7, 0x22, 0x15, 0x39, 0xed, 0xf3, 0xd7, 0x24, 0xfb, 0x10,
    0xd7, 0xf5, 0x0a, 0x12, 0xf3, 0xd8, 0xd3, 0xea, 0xd4, 0xf9, 0xd3, 0xf7,
    0x1f, 0x58, 0x28, 0x66, 0x51, 0x34, 0x20, 0x3a, 0xe2, 0x03, 0xe3, 0x1f,
    0x1f, 0xf2, 0xce, 0x18, 0xdb, 0xe6, 0xf9, 0x27, 0x1d, 0x48, 0x1b, 0xf9,
    0x02, 0x15, 0x1a, 0xf9, 0xec, 0xe6, 0xf0, 0x1c, 0x01, 0x21, 0xdc, 0x08,
    0xfe, 0x21, 0x18, 0x1e, 0x1e, 0x70, 0xe6, 0x6d, 0x51, 0x19, 0xe4, 0x29,
    0xb1, 0x12, 0xe9, 0x3d, 0x10, 0x22, 0xc5, 0x0e, 0xfd, 0x0d, 0xe9, 0x22,
    0xfd, 0x14, 0xf2, 0x44, 0x2d, 0x4d, 0xfd, 0xeb, 0xeb, 0x1a, 0x1b, 0xf9,
    0xe5, 0xe8, 0x12, 0x19, 0x12, 0x0d, 0x12, 0xe8, 0x40, 0x7f, 0x0d, 0x52,
    0x0a, 0x3b, 0xda, 0x28, 0xb0, 0x31, 0xf5, 0x3c, 0xd5, 0x42, 0xcb, 0x15,
    0xe4, 0x0f, 0xd8, 0x39, 0xfc, 0x4e, 0x2f, 0x27, 0x00, 0x3e, 0xfd, 0x16,
    0xd5, 0x29, 0xf0, 0x40, 0xf3, 0xe2, 0xe3, 0x2d, 0xee, 0xdb, 0xe3, 0xbb,
    0xde, 0xfb, 0x47, 0x81, 0x27, 0x03, 0xd6, 0xdc, 0xdc, 0xf2, 0x38, 0xfd,
    0x1b, 0xe5, 0x15, 0x0f, 0x03, 0xf2, 0x09, 0xfd, 0xf8, 0xd8, 0xd6, 0xd8,
    0xd1, 0x2a, 0x23, 0x2a, 0x15, 0xea, 0x36, 0x3d, 0x2f, 0x00, 0x59, 0x15,
    0x78, 0xc4, 0x15, 0xeb, 0xbd, 0xe9, 0x13, 0x9a, 0x00, 0xc8, 0xd6, 0x2f,
    0xe7, 0x01, 0x36, 0xca, 0xe5, 0x0f, 0xfa, 0xed, 0x13, 0x40, 0x31, 0x03,
    0x2b, 0xbf, 0xfe, 0xd9, 0x02, 0x18, 0x45, 0x3d, 0x4e, 0x04, 0x15, 0x2b,
    0x1c, 0xb7, 0x36, 0x42, 0x4c, 0x40, 0x04, 0xdc, 0xac, 0xf8, 0xd9, 0xe7,
    0xfe, 0x3a, 0xdf, 0x39, 0x1c, 0xed, 0x19, 0xcd, 0x09, 0xec, 0x19, 0x1e,
    0x08, 0x2f, 0x15, 0xd8, 0x70, 0xc7, 0x21, 0x4b, 0x11, 0x12, 0x49, 0x44,
    0x3a, 0xc5, 0xe2, 0x05, 0x05, 0xf6, 0x5f, 0x24, 0x73, 0xd3, 0x2c, 0x15,
    0x88, 0xae, 0x1a, 0x21, 0xfa, 0x00, 0xf3, 0xf9, 0x1a, 0x09, 0x40, 0xfe,
    0xff, 0xd8, 0x73, 0x38, 0x21, 0x52, 0xfe, 0x01, 0xff, 0x1f, 0xe3, 0xe5,
    0xec, 0x47, 0x4f, 0x39, 0x01, 0xb7, 0xde, 0x02, 0x50, 0x19, 0x52, 0xe0,
    0x6a, 0xf4, 0x1f, 0x05, 0xbb, 0xef, 0xfb, 0x17, 0xf7, 0xd3, 0x2d, 0xea,
    0x12, 0xdd, 0x1f, 0xdd, 0x0d, 0xf3, 0xff, 0xb2, 0xf9, 0xe1, 0xe1, 0x1d,
    0x02, 0x2e, 0x2b, 0x9b, 0xf8, 0xfd, 0x35, 0xe5, 0xfa, 0xb9, 0xd6, 0x03,
    0x43, 0x0b, 0x3c, 0x23, 0x55, 0xef, 0x11, 0xe6, 0xcd, 0x17, 0x0d, 0xe6,
    0xfa, 0x20, 0x1e, 0x4e, 0x1b, 0xec, 0xf0, 0xd8, 0xe1, 0xf6, 0xf3, 0x22,
    0xf9, 0x11, 0xf4, 0xfe, 0x24, 0x0f, 0x06, 0xfd, 0x0e, 0x1c, 0x17, 0x3e,
    0xe6, 0xce, 0x15, 0xf9, 0xda, 0x08, 0xcf, 0xcf, 0xef, 0x0f, 0xd6, 0xdd,
    0xd7, 0x05, 0x24, 0xe6, 0x1e, 0xe9, 0xf9, 0x6e, 0x24, 0xed, 0x01, 0x1d,
    0xfb, 0x1e, 0x23, 0x13, 0x06, 0x08, 0xfa, 0xed, 0x23, 0xe4, 0x11, 0xf0,
    0xe5, 0xf6, 0x45, 0xff, 0x27, 0xdc, 0xf9, 0x22, 0xa7, 0x0b, 0x18, 0x1f,
    0x14, 0x51, 0x06, 0x01, 0xf6, 0x00, 0x0c, 0xee, 0x21, 0xf0, 0x0a, 0x2a,
    0x34, 0xff, 0x26, 0xf9, 0x0f, 0x18, 0xe9, 0x19, 0x28, 0x0f, 0xed, 0x1d,
    0x28, 0xf5, 0x10, 0x27, 0xf4, 0xef, 0x0f, 0x28, 0x1c, 0xc5, 0x14, 0xd8,
    0xd6, 0x03, 0x06, 0xf2, 0x16, 0xcc, 0xfc, 0xdd, 0x09, 0xfb, 0x03, 0xfc,
    0xea, 0xc5, 0x0a, 0xde, 0xfe, 0xb7, 0xc1, 0xde, 0xf0, 0x11, 0xed, 0xf6,
    0xd9, 0xf2, 0xde, 0xdd, 0xe4, 0x02, 0x1a, 0xf8, 0xe7, 0xe3, 0x08, 0x1d,
    0xbd, 0x81, 0xe4, 0xfc, 0xe5, 0xd4, 0x03, 0xb2, 0xec, 0xfc, 0xe1, 0xab,
    0xf8, 0xfb, 0x03, 0xe0, 0x0a, 0xcd, 0xb5, 0xe1, 0xc5, 0xd7, 0xd7, 0xed,
    0xb5, 0x05, 0xfe, 0xf5, 0xec, 0xf4, 0xc1, 0xd6, 0xe6, 0xf2, 0xdd, 0xc5,
    0x0c, 0xdb, 0x04, 0x1b, 0xcf, 0xa8, 0xff, 0xfe, 0xfe, 0xc4, 0xf2, 0xba,
    0xec, 0x1b, 0xdb, 0x85, 0xce, 0xf7, 0x22, 0xe8, 0x00, 0xed, 0x04, 0x20,
    0x2c, 0xf8, 0xf7, 0xf3, 0x16, 0x13, 0xf1, 0xf9, 0x17, 0x5d, 0x38, 0xf8,
    0xe7, 0xec, 0x07, 0xdd, 0xed, 0x20, 0xf5, 0xd7, 0x21, 0xf9, 0x44, 0x27,
    0xe7, 0xff, 0x24, 0x0e, 0x07, 0x12, 0xfd, 0x1e, 0xe7, 0x0f, 0x18, 0x46,
    0xf5, 0x1c, 0xf0, 0x20, 0xef, 0xfa, 0xdd, 0x04, 0xee, 0x05, 0xce, 0xda,
    0xfe, 0x0f, 0x13, 0x16, 0xef, 0xf9, 0xfc, 0xdb, 0x02, 0xf7, 0x0a, 0xdc,
    0x1f, 0x0c, 0x2a, 0xfc, 0xe0, 0xfb, 0x1f, 0x16, 0xe6, 0xdb, 0xf1, 0x05,
    0x43, 0x7f, 0x43, 0x54, 0x3c, 0x61, 0xff, 0x70, 0x0a, 0x13, 0xee, 0xf4,
    0xff, 0x1b, 0x1e, 0x1d, 0x54, 0x17, 0xed, 0xd4, 0xf9, 0x17, 0x02, 0x02,
    0xe6, 0xd6, 0x12, 0xc5, 0x05, 0x1b, 0x39, 0x03, 0x05, 0x00, 0xf8, 0xfd,
    0x07, 0xe3, 0xee, 0xf1, 0x6b, 0x51, 0x31, 0x5c, 0x29, 0x15, 0x09, 0x31,
    0xe5, 0x18, 0xef, 0x08, 0xdb, 0xf7, 0xf6, 0x05, 0xf5, 0x02, 0xf4, 0xf8,
    0x02, 0xd8, 0x12, 0xf4, 0xe6, 0x1e, 0xfe, 0x05, 0x05, 0xce, 0x12, 0xc9,
    0xe2, 0xda, 0xcf, 0xf2, 0xf8, 0x13, 0xdf, 0xee, 0x58, 0x42, 0x35, 0x7d,
    0x21, 0x1e, 0x0a, 0xfd, 0xd3, 0xc5, 0xcb, 0xfc, 0xc8, 0xfb, 0xd9, 0x00,
    0xfa, 0xda, 0xc9, 0xdc, 0xee, 0x17, 0x2a, 0x09, 0xf5, 0xd3, 0x16, 0xf5,
    0xef, 0xd7, 0x06, 0xe8, 0xeb, 0xe0, 0xed, 0x0e, 0x00, 0x16, 0xf9, 0xd5,
    0x06, 0x37, 0x3e, 0xfd, 0x20, 0x24, 0xe5, 0x16, 0xcd, 0xe9, 0xd6, 0xe8,
    0x09, 0xe1, 0x14, 0x29, 0xda, 0x0b, 0xd3, 0xc5, 0xf4, 0xf0, 0xf1, 0xda,
    0xe0, 0xd0, 0xe7, 0xdb, 0xcb, 0xe3, 0xc0, 0xc8, 0x0c, 0xf0, 0xfb, 0x17,
    0xfa, 0xc1, 0xde, 0xfd, 0xdc, 0xff, 0x39, 0xd3, 0x21, 0xc3, 0xc7, 0xec,
    0xc7, 0xdf, 0x2e, 0xf6, 0x00, 0x01, 0x22, 0x19, 0x04, 0x24, 0xf5, 0xd9,
    0xf1, 0xe0, 0xfb, 0xdc, 0xb5, 0xe8, 0xe3, 0xfc, 0xe6, 0xd4, 0xdf, 0x98,
    0xed, 0xd0, 0x1e, 0xec, 0x04, 0xc8, 0xd9, 0xd2, 0xcf, 0xf9, 0x3c, 0xdb,
    0xec, 0xcc, 0xc1, 0xe9, 0xe3, 0x0d, 0x2a, 0x14, 0x2a, 0xf2, 0x38, 0x14,
    0x2a, 0x48, 0xea, 0xe8, 0x15, 0x03, 0xfb, 0xdd, 0xf9, 0xf1, 0xf7, 0x2b,
    0x0e, 0xe2, 0xe7, 0xbf, 0xd5, 0xcf, 0xf7, 0xdb, 0x0a, 0xe1, 0x22, 0x0f,
    0xec, 0xee, 0x19, 0xc1, 0x39, 0xf1, 0xd9, 0x2d, 0x14, 0x44, 0x5e, 0xe1,
    0x41, 0x4b, 0x46, 0x1f, 0x1b, 0x19, 0x20, 0x31, 0x24, 0x1c, 0x04, 0xf3,
    0x02, 0x1f, 0x35, 0x25, 0x15, 0x2a, 0x2f, 0xec, 0x27, 0x26, 0x50, 0x34,
    0x14, 0x10, 0x3a, 0x45, 0x2b, 0xf7, 0x3b, 0xf5, 0x11, 0xc7, 0x0e, 0xf4,
    0x46, 0x1b, 0x54, 0xf7, 0x0c, 0x46, 0x61, 0x08, 0x2d, 0x3c, 0x1f, 0x42,
    0x1e, 0x20, 0x31, 0x34, 0x3d, 0x1f, 0x4d, 0x33, 0x11, 0xd9, 0x3d, 0x1f,
    0xf3, 0xf7, 0x59, 0x59, 0x58, 0x07, 0x7f, 0x38, 0xde, 0xc8, 0xdc, 0xd2,
    0x36, 0x1b, 0xfe, 0xfd, 0xeb, 0x09, 0xf0, 0x09, 0xf2, 0x09, 0xf9, 0x07,
    0x37, 0x24, 0xf5, 0xc8, 0xf1, 0xee, 0x09, 0xe8, 0x0b, 0xe3, 0x31, 0xfa,
    0xf2, 0xe2, 0x0c, 0x03, 0xec, 0x08, 0x23, 0x07, 0x12, 0xbf, 0x3b, 0x06,
    0xc8, 0xe0, 0xfd, 0xfc, 0x1d, 0xf9, 0xf2, 0x35, 0x09, 0x03, 0xf8, 0x20,
    0x0f, 0x18, 0x0b, 0x37, 0x19, 0x16, 0xe1, 0x29, 0x18, 0xf6, 0x0d, 0x1f,
    0x31, 0xf3, 0xff, 0x29, 0x00, 0xe2, 0xfe, 0x2f, 0x2a, 0xf9, 0x2f, 0xfa,
    0x42, 0x0a, 0x1f, 0x0f, 0xe8, 0xca, 0xdc, 0x12, 0xff, 0xff, 0xe7, 0x25,
    0xc2, 0x21, 0x03, 0x09, 0xf5, 0x11, 0x14, 0x32, 0xe9, 0x0a, 0xf6, 0xeb,
    0x0b, 0xf0, 0x01, 0x23, 0xf6, 0xf5, 0xec, 0xf6, 0xfb, 0xbb, 0x0a, 0xdf,
    0xf0, 0x12, 0x05, 0xfa, 0x1f, 0x18, 0xfc, 0x01, 0xad, 0xd3, 0xcf, 0xe9,
    0xdb, 0x21, 0xe0, 0x1c, 0xef, 0x17, 0xcd, 0xfb, 0x0e, 0x06, 0x26, 0x1b,
    0xfe, 0xef, 0xf6, 0xee, 0xed, 0x21, 0x10, 0x1b, 0x06, 0xcb, 0x01, 0xd9,
    0xfa, 0xd4, 0xfc, 0xfd, 0xed, 0x19, 0x0a, 0x10, 0x2e, 0xd2, 0x2c, 0x17,
    0x92, 0x8e, 0x81, 0xc6, 0xbc, 0x04, 0xc6, 0x1b, 0xc6, 0xda, 0xd7, 0xff,
    0x02, 0xea, 0x0b, 0x19, 0xf5, 0xdb, 0x9f, 0xdf, 0x06, 0xed, 0xfa, 0xf1,
    0x08, 0xca, 0xf2, 0xc6, 0xe6, 0xf5, 0xec, 0x2b, 0x05, 0xd6, 0xf5, 0x05,
    0xf1, 0x04, 0xf1, 0xcf, 0xe6, 0xdc, 0xe2, 0xe8, 0x07, 0x0b, 0xba, 0xff,
    0x11, 0x27, 0x20, 0x67, 0x49, 0x7f, 0xfd, 0x14, 0xdf, 0xfe, 0x09, 0x07,
    0x0e, 0xc6, 0x06, 0xba, 0x15, 0x27, 0x0e, 0xe4, 0x1a, 0x21, 0xfc, 0x3f,
    0xd7, 0xf7, 0x05, 0xd4, 0x07, 0xfe, 0x1a, 0x35, 0x1c, 0xd2, 0xe7, 0x11,
    0xf8, 0xdf, 0x10, 0x1e, 0xeb, 0x4b, 0x0c, 0x32, 0x41, 0x2e, 0x06, 0x2d,
    0xd1, 0x2d, 0x15, 0xd6, 0x2d, 0xfd, 0xef, 0xed, 0xfd, 0x1a, 0xf7, 0xf9,
    0x0d, 0x24, 0x09, 0xe4, 0xe9, 0xd7, 0xfe, 0xe2, 0xdb, 0x19, 0xf0, 0x19,
    0x41, 0x08, 0xfd, 0x13, 0xfc, 0x0b, 0x22, 0x31, 0x38, 0x6b, 0x44, 0x53,
    0x2b, 0x31, 0xea, 0x1b, 0x18, 0x59, 0x40, 0xcb, 0xe1, 0xa3, 0x13, 0xee,
    0x1c, 0xe2, 0xf1, 0xcc, 0x00, 0xfa, 0x0b, 0xf8, 0xe3, 0x1f, 0xd7, 0x16,
    0x22, 0x44, 0x11, 0x10, 0x31, 0x16, 0xf7, 0xcb, 0x2d, 0x0f, 0x2c, 0x3d,
    0x29, 0x2d, 0x18, 0x18, 0x21, 0x24, 0x11, 0xe1, 0x16, 0x33, 0x24, 0xfe,
    0xd9, 0xac, 0xec, 0xd1, 0x19, 0xcd, 0xcf, 0xe5, 0xe8, 0xf6, 0x12, 0xcd,
    0x05, 0xd1, 0xf1, 0x14, 0xf8, 0x18, 0x06, 0x47, 0x43, 0x0d, 0x2d, 0x11,
    0x13, 0xfd, 0x58, 0x48, 0x13, 0x22, 0x28, 0x42, 0xfa, 0x0b, 0x17, 0xfe,
    0x46, 0x2a, 0x12, 0xbf, 0xf2, 0xed, 0x13, 0xf5, 0xf7, 0xed, 0xef, 0xe8,
    0x20, 0x43, 0x35, 0x09, 0x07, 0xf5, 0x0e, 0x1b, 0xde, 0xc4, 0xfc, 0x33,
    0x24, 0x3e, 0xdf, 0xfc, 0x1a, 0x0f, 0xd5, 0xde, 0xc7, 0x31, 0xe6, 0x22,
    0x1b, 0x26, 0x00, 0x0c, 0x0b, 0x15, 0x25, 0x0a, 0x49, 0xf5, 0xf7, 0x09,
    0x15, 0xdd, 0x9d, 0xac, 0xe5, 0xd1, 0xb9, 0xfd, 0x01, 0x36, 0xda, 0x0c,
    0x0a, 0x32, 0x01, 0xf7, 0x28, 0x01, 0xc9, 0xcf, 0xcc, 0x21, 0xf0, 0xc2,
    0xab, 0x60, 0xdd, 0x15, 0x0c, 0x31, 0xeb, 0xfa, 0xe3, 0x05, 0x43, 0xf3,
    0x2f, 0x40, 0xc5, 0xf0, 0xf0, 0xfa, 0x96, 0xa6, 0xba, 0x44, 0xcc, 0x42,
    0xfb, 0x1d, 0xdc, 0x39, 0xfb, 0x4c, 0xd9, 0x49, 0xe9, 0x07, 0xa7, 0x9e,
    0xe9, 0xff, 0xf5, 0xde, 0xfe, 0xfa, 0x01, 0x0e, 0x09, 0x36, 0x06, 0xf2,
    0xed, 0x1a, 0xf5, 0x11, 0x6c, 0x18, 0xe2, 0xdc, 0xe7, 0xc8, 0x20, 0xd6,
    0xaa, 0xe1, 0xdd, 0x3d, 0xff, 0x0a, 0xf6, 0x2b, 0xf0, 0xe8, 0xa8, 0xe4,
    0x10, 0xf1, 0x8d, 0xf6, 0xdd, 0xe6, 0xeb, 0xe7, 0xef, 0x2d, 0xe7, 0x1c,
    0x09, 0x0b, 0x0a, 0x35, 0x03, 0xdd, 0x23, 0x67, 0x42, 0xe7, 0x19, 0xe2,
    0x08, 0xce, 0xb4, 0xba, 0xba, 0xca, 0xef, 0x13, 0x04, 0x65, 0xd1, 0xec,
    0xf7, 0x35, 0xf3, 0x53, 0xc3, 0xc2, 0x81, 0x97, 0xb6, 0xd5, 0xe4, 0xdf,
    0xbf, 0x1c, 0xdf, 0xfc, 0xf8, 0xd3, 0xe3, 0xcc, 0xfa, 0x0b, 0x2c, 0xe3,
    0x23, 0x07, 0xef, 0xfc, 0xda, 0xd1, 0x96, 0x91, 0x11, 0x26, 0xfc, 0x39,
    0x0a, 0x5b, 0x31, 0x09, 0xaa, 0xf3, 0xc7, 0x47, 0x20, 0x48, 0x0d, 0x1b,
    0xe4, 0xed, 0x02, 0x16, 0x1c, 0x0a, 0xdb, 0xc2, 0xd1, 0xef, 0x01, 0x02,
    0x9f, 0xf7, 0x02, 0x1e, 0x17, 0xbb, 0xe7, 0xd3, 0xbd, 0xf9, 0xf8, 0xd9,
    0xb1, 0x06, 0xbb, 0x09, 0x07, 0x23, 0xce, 0xe3, 0xcf, 0xe0, 0x19, 0x1a,
    0x19, 0x49, 0x02, 0x03, 0xe9, 0xf7, 0x06, 0x04, 0x0a, 0x0e, 0xe4, 0xf6,
    0xfc, 0xde, 0xf3, 0xcc, 0xac, 0xf4, 0xca, 0x1b, 0xd7, 0xc0, 0xe0, 0xd4,
    0xce, 0xe6, 0xe8, 0xb5, 0x05, 0x1f, 0xd4, 0x97, 0x20, 0xfc, 0xfc, 0x0a,
    0xc6, 0xea, 0x13, 0x1d, 0x6c, 0x7f, 0x70, 0x05, 0x36, 0x19, 0x5d, 0x1a,
    0x63, 0x34, 0x28, 0x36, 0x31, 0xe6, 0x37, 0xb1, 0x09, 0xe3, 0xfd, 0x02,
    0x39, 0x11, 0xf8, 0xfc, 0x03, 0x0d, 0x2a, 0x18, 0x3d, 0x5c, 0x0f, 0xf2,
    0x1f, 0x07, 0x25, 0x27, 0x1e, 0xfc, 0x46, 0x62, 0x07, 0x0e, 0x45, 0xdb,
    0xe9, 0xbd, 0x0b, 0xcd, 0x2e, 0xb8, 0x36, 0xc4, 0x10, 0xb5, 0x18, 0x87,
    0xb7, 0x92, 0x03, 0xd2, 0x03, 0x03, 0xeb, 0xfd, 0xcf, 0xdd, 0xfd, 0x11,
    0xe5, 0x09, 0xea, 0xca, 0x24, 0xe9, 0x44, 0xf6, 0xe7, 0x25, 0x28, 0x30,
    0x60, 0x7f, 0x48, 0x0b, 0x17, 0x17, 0x4b, 0x1d, 0x66, 0x03, 0x6d, 0xee,
    0x3b, 0xbf, 0x40, 0xed, 0xcd, 0xb3, 0x26, 0x32, 0x02, 0xc6, 0xfd, 0xe3,
    0xfa, 0xbf, 0x14, 0xe0, 0x32, 0x22, 0x1d, 0xc3, 0x50, 0x19, 0x5c, 0x2b,
    0x2c, 0x14, 0x3b, 0x56, 0x01, 0xe7, 0x0f, 0x0a, 0x04, 0xdf, 0xad, 0x2d,
    0x20, 0xfe, 0x05, 0xf1, 0x38, 0x17, 0xed, 0xe8, 0xfb, 0x19, 0x28, 0x07,
    0x28, 0xd9, 0xd8, 0xe2, 0x1b, 0xe0, 0xe2, 0xcb, 0x06, 0x03, 0xf0, 0x12,
    0x2a, 0xfa, 0x18, 0xc8, 0x0c, 0xdf, 0x17, 0x03, 0xfa, 0xfe, 0xf3, 0x0a,
    0x11, 0xec, 0xb6, 0x21, 0x28, 0x05, 0x40, 0x13, 0x37, 0x46, 0xed, 0xd0,
    0x1a, 0x65, 0x35, 0xce, 0x18, 0xb3, 0xd8, 0x81, 0xc7, 0xd3, 0x12, 0x09,
    0x2a, 0xe8, 0x01, 0xf8, 0xde, 0xe3, 0xe1, 0x1a, 0x43, 0x4b, 0xe5, 0x3c,
    0x17, 0xd6, 0x04, 0xee, 0x03, 0xc1, 0xca, 0x35, 0x73, 0x18, 0x43, 0x0d,
    0x48, 0x40, 0x11, 0x09, 0xfc, 0x2b, 0x15, 0xc1, 0xf4, 0xce, 0xa9, 0xce,
    0xd4, 0x99, 0xd4, 0x2a, 0x14, 0xf0, 0x24, 0xf1, 0x1f, 0xea, 0xf3, 0x1f,
    0x2e, 0xfe, 0x18, 0x27, 0x05, 0xfe, 0xe6, 0x1a, 0x07, 0xc4, 0xf2, 0xe1,
    0x07, 0xe2, 0x4b, 0x24, 0xfd, 0x24, 0x0f, 0x10, 0xe6, 0x11, 0x15, 0xe3,
    0xe7, 0xaa, 0xe6, 0xe3, 0xe0, 0xe2, 0xcb, 0x15, 0xef, 0xd4, 0xf8, 0xf3,
    0xcd, 0xec, 0x5b, 0x13, 0x0d, 0xe1, 0x08, 0xfb, 0x1e, 0xe9, 0x37, 0xe5,
    0xef, 0xd3, 0xa1, 0xbf, 0xda, 0xcf, 0xe8, 0xf9, 0x10, 0x15, 0xec, 0x05,
    0xd4, 0xde, 0xc0, 0xb5, 0x18, 0xf0, 0x1f, 0xbf, 0x10, 0xdb, 0x0a, 0x32,
    0xe8, 0x97, 0xce, 0xe5, 0xf7, 0x05, 0x4f, 0xda, 0x1b, 0x0a, 0x0a, 0x2e,
    0x0e, 0xdd, 0xfb, 0x09, 0x04, 0xd9, 0xee, 0xb3, 0x18, 0xce, 0x35, 0x01,
    0x0d, 0xef, 0x3e, 0x0e, 0x26, 0x17, 0xfd, 0x42, 0x30, 0x26, 0x25, 0x06,
    0xdf, 0xed, 0xe0, 0xca, 0x0c, 0xbf, 0xbe, 0xc2, 0xe9, 0xff, 0xf9, 0x01,
    0x01, 0x07, 0x26, 0x10, 0x2f, 0x0d, 0xec, 0x02, 0xf3, 0xfe, 0xf2, 0xdb,
    0xed, 0xd7, 0x40, 0xca, 0xe5, 0xdc, 0x13, 0xf7, 0xfd, 0xdc, 0x09, 0x14,
    0x46, 0x2a, 0xfd, 0x14, 0x03, 0xce, 0x07, 0xdb, 0xcf, 0xef, 0xea, 0xe0,
    0xee, 0xc2, 0xd4, 0xc5, 0x1c, 0xfe, 0x12, 0x3e, 0x1e, 0xf3, 0xe8, 0x0c,
    0x06, 0xf8, 0xe8, 0xc6, 0x20, 0xfe, 0x16, 0x0b, 0x1d, 0x20, 0x18, 0x02,
    0x21, 0x1f, 0xf3, 0x35, 0x42, 0x1b, 0x2e, 0x1f, 0x20, 0xe0, 0xdf, 0xc6,
    0x15, 0xe1, 0xe3, 0x04, 0xd4, 0x0b, 0xfe, 0xd7, 0x0d, 0xe4, 0x2d, 0x18,
    0x51, 0xfa, 0x24, 0x07, 0x15, 0xbc, 0xdb, 0xf1, 0x2a, 0xdb, 0x22, 0x12,
    0x00, 0xf0, 0x2d, 0x18, 0xfe, 0x2d, 0x20, 0x4b, 0x24, 0x23, 0x23, 0x18,
    0x06, 0xfc, 0xf2, 0xd8, 0x01, 0x04, 0x03, 0xde, 0x04, 0xeb, 0xf9, 0x02,
    0x17, 0x14, 0x47, 0x25, 0x7f, 0x3b, 0x38, 0x21, 0xfc, 0x14, 0x14, 0xc0,
    0xef, 0xe3, 0x3f, 0xf1, 0xec, 0xfa, 0x02, 0x06, 0x19, 0x06, 0x14, 0x1f,
    0x59, 0x3d, 0x0c, 0x13, 0x1d, 0xe5, 0x0f, 0xd7, 0xfc, 0x2b, 0x0b, 0xf9,
    0xfa, 0xff, 0xe1, 0x1a, 0x1d, 0x0d, 0x45, 0x33, 0x31, 0xfc, 0x20, 0x0e,
    0x01, 0xf9, 0x04, 0x95, 0xd8, 0x97, 0xa2, 0x99, 0xc7, 0xb1, 0x01, 0xee,
    0xf4, 0xd9, 0xd9, 0xb1, 0xf9, 0xe6, 0x10, 0xed, 0xff, 0xb1, 0x03, 0xf0,
    0xd3, 0xb9, 0x1c, 0xf5, 0x2b, 0xfc, 0xcf, 0xdd, 0x01, 0xee, 0x25, 0xfe,
    0x4e, 0x30, 0x4d, 0x20, 0x0b, 0x33, 0x2d, 0xc2, 0xe6, 0xa1, 0xc9, 0xb0,
    0x01, 0xb9, 0xfc, 0xec, 0x08, 0xbe, 0x07, 0xda, 0xfc, 0x15, 0x28, 0x18,
    0xec, 0x21, 0x06, 0xce, 0xcf, 0xf8, 0x09, 0xec, 0x11, 0xcf, 0x1b, 0xef,
    0xe0, 0xc8, 0xf3, 0xd0, 0x69, 0x44, 0x76, 0x17, 0x34, 0x51, 0x38, 0xca,
    0xd6, 0xa0, 0x08, 0xee, 0x10, 0x12, 0x2f, 0x0c, 0x16, 0xeb, 0xf4, 0xcb,
    0xe3, 0xf6, 0x43, 0xf8, 0xe7, 0x24, 0x18, 0xf4, 0xda, 0x3f, 0xd0, 0xe2,
    0x30, 0xec, 0x20, 0xef, 0x17, 0xe4, 0x0c, 0x1b, 0x7f, 0x0b, 0x3c, 0x11,
    0x32, 0x23, 0x1e, 0x02, 0xf9, 0xdf, 0xea, 0xbd, 0x00, 0xe6, 0x06, 0x0d,
    0x25, 0xec, 0xf8, 0x0b, 0x19, 0xe9, 0x00, 0xcc, 0xdc, 0xcb, 0x25, 0x04,
    0xe0, 0x0b, 0x19, 0xe2, 0xfa, 0xe5, 0xdc, 0xe6, 0xf7, 0xe5, 0x21, 0x0d,
    0x56, 0x26, 0x36, 0x12, 0x13, 0x1d, 0x29, 0xf8, 0x24, 0xcc, 0x46, 0xfb,
    0x19, 0x13, 0x2f, 0xfe, 0x6e, 0x07, 0x30, 0x60, 0x25, 0xfa, 0x00, 0xef,
    0xe4, 0xf1, 0x08, 0x16, 0x04, 0xf3, 0x18, 0x27, 0x17, 0xf3, 0xf5, 0xff,
    0x24, 0x01, 0x26, 0x3f, 0xef, 0x05, 0x15, 0x31, 0x25, 0x21, 0xee, 0xf5,
    0xd2, 0x13, 0x0d, 0xe6, 0xeb, 0xdc, 0xc6, 0xe6, 0xbe, 0x0e, 0xe4, 0xd1,
    0xb0, 0x1a, 0x2f, 0x1e, 0xea, 0xb8, 0xfd, 0xf3, 0x12, 0xd8, 0xe1, 0xe4,
    0x3a, 0x22, 0x03, 0xcf, 0x11, 0xe6, 0xfd, 0x0e, 0xfe, 0xb6, 0x10, 0x08,
    0xda, 0x0b, 0xf5, 0x0f, 0xd6, 0xca, 0xc9, 0xd3, 0xb5, 0xc9, 0xf2, 0xef,
    0xab, 0xef, 0xcc, 0xc3, 0xbf, 0xf1, 0x11, 0xcc, 0xe6, 0xc1, 0xb3, 0xfd,
    0x14, 0x95, 0xf3, 0xc2, 0xdc, 0xa9, 0x18, 0x81, 0xf8, 0xf3, 0xdf, 0xa6,
    0x02, 0xdc, 0x0e, 0x04, 0xf3, 0x0c, 0x1c, 0xf4, 0x12, 0x1d, 0x45, 0x20,
    0xee, 0x13, 0x1e, 0x18, 0x15, 0x35, 0x1a, 0xf5, 0xe7, 0x00, 0x41, 0x20,
    0x16, 0xeb, 0xf4, 0x14, 0x46, 0xdc, 0x33, 0x18, 0x1a, 0x10, 0xf9, 0x0d,
    0x0c, 0x31, 0x45, 0xfa, 0xbf, 0xb7, 0x17, 0xd7, 0xf7, 0x0b, 0xf5, 0xeb,
    0x18, 0xf9, 0x0d, 0xcf, 0xd8, 0xd6, 0xf8, 0xc6, 0xf1, 0xfa, 0xcf, 0xb5,
    0xe2, 0x07, 0xf2, 0xf0, 0xe2, 0xaf, 0x2c, 0xb9, 0xec, 0xca, 0x12, 0xac,
    0x07, 0xd3, 0x1d, 0xca, 0xf2, 0xee, 0x2e, 0x12, 0xc8, 0xfb, 0x1f, 0x05,
    0x01, 0xe0, 0x1f, 0x1c, 0x3a, 0x1d, 0x2b, 0x0c, 0x01, 0xf7, 0xee, 0x06,
    0x0f, 0x0e, 0x0c, 0xe7, 0xe3, 0xe0, 0x13, 0xeb, 0x00, 0xee, 0xe1, 0xdf,
    0xf7, 0xd4, 0xed, 0xb5, 0x1c, 0xed, 0x07, 0xfc, 0xef, 0x1c, 0x08, 0x37,
    0x14, 0xab, 0xe7, 0x10, 0xfd, 0x22, 0x19, 0xf3, 0xe2, 0x38, 0x1d, 0xeb,
    0x0d, 0x35, 0x11, 0x39, 0x00, 0x01, 0xeb, 0x21, 0xf2, 0x19, 0x02, 0x2d,
    0x39, 0xf6, 0xda, 0x29, 0x1d, 0x0f, 0xd8, 0x3f, 0x16, 0xdf, 0xee, 0xf7,
    0xf2, 0x3a, 0x15, 0xdc, 0x2e, 0xe4, 0x16, 0x3e, 0xde, 0x34, 0x27, 0x64,
    0x0c, 0x25, 0xed, 0x4e, 0xfd, 0x36, 0xf2, 0x6e, 0x06, 0x00, 0x14, 0xf8,
    0xfe, 0x14, 0xfd, 0x2b, 0x12, 0x0c, 0x19, 0x46, 0xfd, 0xf7, 0xfc, 0x3e,
    0x1f, 0x4b, 0x14, 0x48, 0x42, 0x68, 0x33, 0x55, 0x05, 0xe3, 0xe5, 0x2e,
    0xe4, 0x52, 0xf2, 0x14, 0xfb, 0xf9, 0xdf, 0x14, 0xe7, 0x49, 0xde, 0x20,
    0xfa, 0x43, 0x13, 0x13, 0xf4, 0x2f, 0x12, 0x15, 0x0e, 0x0d, 0xd0, 0xfb,
    0xf5, 0xd8, 0x1c, 0x1c, 0x10, 0x04, 0xd2, 0x27, 0x1c, 0xe9, 0xd3, 0xf5,
    0x08, 0x09, 0x05, 0x7f, 0xd3, 0x42, 0x27, 0x0f, 0x00, 0x17, 0xd4, 0x18,
    0xc6, 0x04, 0x00, 0x2b, 0xe0, 0x51, 0x0c, 0x22, 0x02, 0x06, 0x22, 0x35,
    0x42, 0x42, 0xc2, 0xf7, 0xf5, 0xd9, 0x1d, 0x5d, 0xf3, 0x14, 0xe7, 0xf8,
    0xe6, 0xe9, 0xdf, 0xe9, 0x07, 0xaf, 0x04, 0x27, 0xb5, 0xf5, 0x14, 0x00,
    0x0f, 0x23, 0xf7, 0x21, 0xf4, 0xd4, 0xd6, 0x19, 0x08, 0x01, 0xfa, 0xe5,
    0x00, 0xe6, 0x05, 0xe6, 0x1b, 0x17, 0x18, 0xdf, 0xc4, 0xf3, 0xf3, 0xea,
    0xe7, 0x13, 0x00, 0xfa, 0xf1, 0x19, 0xe9, 0x2d, 0x5d, 0xe2, 0xf0, 0x5d,
    0x0e, 0xe5, 0xea, 0xb0, 0x3a, 0x0c, 0x73, 0x18, 0xee, 0x08, 0x25, 0x35,
    0x28, 0x0f, 0x22, 0x42, 0x32, 0x08, 0x29, 0x13, 0x27, 0xdb, 0xf1, 0xa5,
    0x03, 0xe7, 0xf5, 0xd8, 0x1f, 0xf7, 0x0f, 0xd1, 0xf3, 0xc2, 0x08, 0xbf,
    0x67, 0xf1, 0x34, 0x43, 0xc7, 0x24, 0x1c, 0xe4, 0xba, 0xb1, 0x38, 0xf0,
    0xf6, 0x00, 0xff, 0xed, 0xea, 0xb7, 0x02, 0xe8, 0x3f, 0x61, 0x07, 0x06,
    0xe8, 0xc5, 0xfc, 0xc1, 0xe9, 0x06, 0xfd, 0xeb, 0x0b, 0xe3, 0xe3, 0x98,
    0x12, 0xea, 0x16, 0xf9, 0x44, 0x0a, 0x0f, 0x2f, 0xed, 0x05, 0x39, 0xc3,
    0x05, 0xff, 0x0b, 0x29, 0x06, 0xce, 0x06, 0xaf, 0xdf, 0x21, 0xdc, 0xdf,
    0x11, 0x08, 0x31, 0xf3, 0x44, 0xb6, 0xd6, 0x8c, 0x18, 0xd3, 0x1c, 0xde,
    0x25, 0x1e, 0xb5, 0xb5, 0xe4, 0xe4, 0x00, 0x14, 0x28, 0x2e, 0x24, 0x49,
    0x01, 0x0b, 0x01, 0xfe, 0x11, 0xfe, 0x4c, 0x13, 0x07, 0xcd, 0x11, 0x0d,
    0x06, 0x0e, 0x17, 0x27, 0x39, 0x45, 0xdc, 0xe5, 0x09, 0xfc, 0xe2, 0xf3,
    0x4c, 0x5a, 0xf2, 0x18, 0x19, 0xd8, 0xbf, 0xe1, 0xf8, 0x05, 0x01, 0xf2,
    0x7f, 0x35, 0x71, 0x45, 0x06, 0x1f, 0x1b, 0xe7, 0xd8, 0xd8, 0x49, 0xda,
    0x05, 0xe7, 0x21, 0x21, 0xf8, 0xe1, 0x34, 0x18, 0x3a, 0x66, 0x05, 0xf9,
    0xd4, 0xe6, 0xdb, 0xc3, 0x36, 0x26, 0x38, 0x03, 0x0b, 0xea, 0xfc, 0x07,
    0xeb, 0x22, 0x0d, 0xe6, 0xbc, 0xe3, 0xfc, 0x0b, 0xd3, 0x0f, 0x09, 0x3a,
    0x1e, 0x35, 0xe0, 0x1c, 0xbe, 0xee, 0x26, 0x3d, 0xfb, 0x07, 0xf0, 0xff,
    0xfa, 0x3b, 0x4a, 0xf1, 0x21, 0x39, 0x4b, 0x22, 0x16, 0x25, 0x00, 0xea,
    0x29, 0x05, 0xec, 0xe4, 0x33, 0x29, 0xe9, 0xbf, 0xe8, 0xd4, 0x0a, 0x0e,
    0x99, 0xcd, 0xd3, 0xe9, 0xdb, 0x11, 0xb4, 0xce, 0xd3, 0xa5, 0x0c, 0xc9,
    0xc9, 0xa4, 0xb5, 0x9d, 0x17, 0xfc, 0x32, 0x2f, 0x24, 0x04, 0xea, 0x09,
    0x04, 0xf7, 0xee, 0x0b, 0x06, 0xba, 0x24, 0xb3, 0xb6, 0x0b, 0x19, 0x89,
    0x70, 0x76, 0x6b, 0x60, 0x4c, 0x65, 0x7f, 0x28, 0x0f, 0x42, 0x2c, 0x17,
    0x5a, 0xd3, 0x22, 0xe3, 0x3e, 0xef, 0x05, 0xcf, 0x25, 0x2f, 0x3d, 0x23,
    0x6e, 0x31, 0x3b, 0x14, 0x13, 0x5f, 0x21, 0x15, 0x23, 0xeb, 0x2f, 0x46,
    0x0d, 0x3d, 0x57, 0x39, 0x04, 0xf0, 0x3d, 0x0e, 0xe8, 0x0c, 0x56, 0x2e,
    0x05, 0xd8, 0xe6, 0xe3, 0xde, 0xe4, 0xe8, 0x05, 0x07, 0xa0, 0xbd, 0xa8,
    0xe7, 0x1b, 0x0a, 0xf0, 0x1e, 0x42, 0x57, 0x18, 0xf6, 0x20, 0x18, 0xa6,
    0xee, 0x20, 0xed, 0x01, 0xf5, 0xd4, 0xf6, 0xf6, 0xca, 0xdc, 0x52, 0x10,
    0xe9, 0x09, 0x25, 0x47, 0xfe, 0xf5, 0x35, 0xd2, 0xd1, 0xfb, 0xfc, 0x03,
    0x0d, 0xcd, 0x21, 0x26, 0xef, 0xe1, 0xd7, 0xe5, 0xf8, 0x2e, 0x0e, 0xd1,
    0x1b, 0x21, 0x1e, 0xce, 0x01, 0x10, 0xf9, 0xd5, 0xef, 0xee, 0xbd, 0xc3,
    0xe3, 0x41, 0xfa, 0x46, 0xef, 0x56, 0x3e, 0x2b, 0x1a, 0x0e, 0xe3, 0xb9,
    0xef, 0xf8, 0x03, 0xe2, 0x08, 0xf9, 0x0c, 0x02, 0x01, 0xee, 0xfd, 0x2d,
    0xf9, 0x44, 0x02, 0x18, 0x15, 0x9d, 0xf0, 0x36, 0x2c, 0x0d, 0x19, 0x24,
    0x25, 0x14, 0x3f, 0x32, 0x51, 0x7f, 0xf7, 0x3f, 0xfd, 0x64, 0x3a, 0xc0,
    0xb9, 0xaf, 0x10, 0xf5, 0xe5, 0xfc, 0xd9, 0xfc, 0xe7, 0x14, 0xfa, 0xff,
    0xe1, 0x03, 0x14, 0x35, 0xf1, 0x07, 0x2d, 0xf3, 0x05, 0xe1, 0xe8, 0x57,
    0x11, 0x18, 0x1d, 0x07, 0x36, 0x04, 0x5a, 0x5a, 0x13, 0x74, 0x1f, 0x40,
    0x13, 0x76, 0x2a, 0xc6, 0xd7, 0xd2, 0xee, 0x14, 0xe4, 0x16, 0xfe, 0x1d,
    0xd6, 0xee, 0xc1, 0xfc, 0x1a, 0x4c, 0xf3, 0x3b, 0x0c, 0xee, 0xec, 0x0e,
    0x0e, 0x99, 0xe7, 0x45, 0x1b, 0x09, 0xcb, 0x18, 0xf3, 0xe4, 0x20, 0x3a,
    0x01, 0x67, 0x07, 0x69, 0x1e, 0x2f, 0x41, 0x0b, 0x0d, 0xbe, 0xfb, 0xd5,
    0x07, 0xfc, 0xd9, 0xf6, 0x02, 0xf7, 0xf7, 0x18, 0xed, 0x0f, 0x22, 0x46,
    0xef, 0x30, 0xd2, 0xcc, 0xe7, 0xf8, 0xcb, 0x53, 0x43, 0x20, 0xfd, 0x11,
    0x0f, 0xed, 0x34, 0x60, 0x0c, 0x3b, 0xe3, 0x54, 0xe1, 0x3b, 0x01, 0xe5,
    0xd3, 0x8d, 0xe4, 0x06, 0x03, 0xfe, 0xcb, 0xea, 0xe8, 0xd1, 0xfa, 0xf2,
    0xce, 0x18, 0xe7, 0x3f, 0xca, 0xd3, 0xc5, 0xd8, 0xf8, 0xdb, 0xb7, 0x5c,
    0xf4, 0x14, 0xfe, 0xf9, 0x12, 0xde, 0x3d, 0x67, 0xfa, 0x64, 0x52, 0x57,
    0x1d, 0x37, 0x26, 0x32, 0xd9, 0xf6, 0xe8, 0x36, 0x49, 0x20, 0xfb, 0xed,
    0xaa, 0xad, 0xc3, 0x0c, 0xfe, 0x0c, 0xd8, 0x11, 0xfd, 0x11, 0x15, 0x2f,
    0xf4, 0xed, 0xeb, 0x01, 0xc7, 0xb1, 0xf4, 0xd5, 0xa5, 0xf9, 0xbc, 0xce,
    0x67, 0x6e, 0x38, 0x33, 0x05, 0x78, 0xec, 0x67, 0x06, 0x1b, 0x1e, 0x12,
    0x68, 0x6c, 0xeb, 0xd6, 0xa4, 0xa3, 0xd4, 0xd4, 0xc7, 0x33, 0x06, 0x2a,
    0xe7, 0x3f, 0xfe, 0x0c, 0xd2, 0x2b, 0xc8, 0xf1, 0x0c, 0xce, 0xa8, 0xd9,
    0xab, 0x00, 0xcb, 0xac, 0x2c, 0x53, 0x17, 0x60, 0x69, 0x7f, 0xe2, 0x5b,
    0x00, 0x34, 0x36, 0x35, 0x6d, 0x5a, 0x48, 0xb4, 0x9b, 0xb1, 0xb8, 0xf3,
    0xde, 0x0d, 0xaf, 0x0f, 0xee, 0x23, 0x20, 0xfe, 0xe5, 0x21, 0xc2, 0x32,
    0xd9, 0xd2, 0xc9, 0xfb, 0xcc, 0x00, 0xe1, 0xab, 0x4b, 0x75, 0x12, 0x12,
    0x40, 0x2b, 0xff, 0x55, 0x21, 0x22, 0xf2, 0x5a, 0xfc, 0x64, 0x07, 0xfd,
    0x81, 0xe1, 0xd0, 0xeb, 0xf1, 0xfe, 0xbe, 0x11, 0x0b, 0x2e, 0x0b, 0xf0,
    0xf9, 0x20, 0xf4, 0x16, 0x05, 0x0f, 0xe9, 0x09, 0xce, 0xd4, 0xdd, 0xb9,
    0x62, 0x5a, 0xe3, 0x0d, 0x40, 0x38, 0xfc, 0x31, 0xc1, 0x38, 0x39, 0x5f,
    0x12, 0x57, 0xc7, 0xde, 0x9d, 0xaf, 0x9c, 0x22, 0xdd, 0x56, 0xad, 0x3b,
    0xf8, 0x21, 0x02, 0x31, 0xdc, 0x01, 0xf8, 0x37, 0xef, 0x1e, 0x05, 0x11,
    0xd6, 0x1c, 0xf2, 0xce, 0x2e, 0x13, 0x37, 0x0c, 0xfc, 0xe5, 0x06, 0x07,
    0xb8, 0xf4, 0xef, 0xc6, 0xc2, 0xf7, 0xd4, 0x02, 0xff, 0x1f, 0x1e, 0xef,
    0xff, 0xf7, 0x2a, 0x2d, 0xf8, 0xcf, 0xf3, 0xe8, 0x0b, 0xfd, 0xf1, 0xfc,
    0xca, 0x07, 0xe9, 0x23, 0xd5, 0xd5, 0x04, 0xe7, 0xed, 0xf0, 0x47, 0x1b,
    0xe7, 0x24, 0xf0, 0x03, 0x0d, 0xfe, 0xe4, 0xdd, 0xef, 0xd0, 0x06, 0xec,
    0xcb, 0x05, 0x1c, 0xe3, 0xe7, 0xd7, 0x05, 0xd9, 0x03, 0xdc, 0xc3, 0xcb,
    0xeb, 0xe8, 0xd5, 0xbc, 0xe0, 0xf1, 0xde, 0xe5, 0xd9, 0xdc, 0xe6, 0xd6,
    0xca, 0xe3, 0x35, 0xd6, 0xe4, 0xff, 0x1a, 0x24, 0x49, 0x37, 0x32, 0xf6,
    0xe1, 0xeb, 0x1a, 0xe7, 0x01, 0x01, 0x31, 0xdd, 0x01, 0xe1, 0x13, 0xf4,
    0x00, 0x11, 0xf9, 0xdb, 0x07, 0x02, 0xf2, 0xb2, 0xd2, 0xd1, 0xe1, 0x02,
    0xd7, 0xb7, 0xf4, 0xe9, 0xd6, 0xdd, 0x3b, 0xf2, 0xf9, 0xfa, 0x2e, 0x46,
    0x68, 0x44, 0x72, 0x00, 0x24, 0xe4, 0x16, 0x0b, 0x1d, 0x07, 0x12, 0xf9,
    0xfe, 0x28, 0x03, 0xfe, 0xf3, 0x17, 0x31, 0x20, 0x18, 0xeb, 0xf0, 0x05,
    0x1a, 0xfa, 0x1f, 0x14, 0xde, 0x1d, 0xfe, 0x24, 0xc7, 0xec, 0x2d, 0xda,
    0xe0, 0xe0, 0x0c, 0xfb, 0x7f, 0x0e, 0x5d, 0xf8, 0x37, 0x27, 0x19, 0x0b,
    0x02, 0xea, 0xfd, 0x0f, 0x08, 0x04, 0xf8, 0xed, 0x0d, 0xd6, 0xfb, 0x00,
    0x2d, 0xf2, 0xe7, 0xc3, 0x28, 0x0e, 0x25, 0xeb, 0xe4, 0xeb, 0x29, 0x2c,
    0x0e, 0x0d, 0x04, 0x44, 0x08, 0xc8, 0xf8, 0x29, 0x10, 0x35, 0x54, 0x1c,
    0x02, 0x11, 0xf1, 0x21, 0xc2, 0x4b, 0xfb, 0xfc, 0x11, 0x08, 0xd7, 0xfc,
    0x0b, 0x02, 0xa8, 0xd0, 0x06, 0x27, 0xf6, 0x01, 0xfd, 0x0a, 0xc5, 0xd1,
    0xd2, 0xe1, 0x13, 0x30, 0x59, 0xce, 0xf5, 0x5f, 0x04, 0xf2, 0x2f, 0xe5,
    0xf0, 0x33, 0x3a, 0xf4, 0xe6, 0x0e, 0xfa, 0x08, 0xdf, 0xf5, 0xf8, 0x24,
    0x09, 0x1e, 0xfe, 0xff, 0x30, 0xd6, 0xed, 0xd2, 0xe7, 0x29, 0xd4, 0x1e,
    0x18, 0x36, 0xfe, 0xfc, 0x1f, 0xd2, 0xfe, 0x52, 0x2e, 0xf3, 0xc5, 0x31,
    0xd2, 0xc6, 0x43, 0xe1, 0x2c, 0x07, 0x17, 0x2f, 0xca, 0xc5, 0xd7, 0xc0,
    0xc4, 0xfe, 0xf4, 0x22, 0xd9, 0x2d, 0x27, 0x07, 0xe2, 0xd0, 0xb0, 0xed,
    0xf6, 0xe7, 0xee, 0xcb, 0x0a, 0xe8, 0xd5, 0x1b, 0xf3, 0x20, 0x0d, 0x1e,
    0x39, 0x02, 0xfc, 0x6a, 0xdb, 0xb6, 0x3e, 0x19, 0x2c, 0x23, 0x4d, 0x20,
    0x11, 0xf2, 0xf7, 0x17, 0xd7, 0x10, 0x2d, 0x29, 0x15, 0x0e, 0x48, 0x2f,
    0x1f, 0xfb, 0xb5, 0x14, 0x05, 0x7f, 0xec, 0xff, 0x3e, 0x24, 0xf9, 0x31,
    0xd6, 0x27, 0x1f, 0x69, 0x12, 0xe7, 0xe4, 0x02, 0xa2, 0xf4, 0x1a, 0xfa,
    0x1e, 0x11, 0x07, 0xe2, 0x0a, 0xd2, 0xff, 0xd6, 0xe0, 0xed, 0x0f, 0xf7,
    0xee, 0xe1, 0xf3, 0xd3, 0xec, 0xef, 0xf4, 0xf2, 0x10, 0x02, 0xdf, 0x15,
    0x4a, 0x42, 0x07, 0x22, 0x0a, 0x23, 0x42, 0x4e, 0xcc, 0xfd, 0x07, 0xfd,
    0x0e, 0x17, 0x04, 0x37, 0xea, 0x1a, 0xd5, 0xe3, 0x06, 0xcf, 0xf1, 0xd1,
    0xde, 0xe1, 0xe7, 0xe1, 0xf0, 0x16, 0xdf, 0xfd, 0xee, 0x03, 0x0d, 0x45,
    0x31, 0x50, 0x18, 0x63, 0x1c, 0xf6, 0xf8, 0x0d, 0xff, 0x10, 0xf1, 0xdb,
    0xb5, 0xe6, 0xd9, 0x18, 0xf1, 0x0f, 0x14, 0x48, 0x3b, 0x4d, 0xfd, 0x40,
    0x04, 0x05, 0xed, 0xf2, 0xee, 0xe6, 0xf5, 0xc0, 0x18, 0x2a, 0xee, 0x10,
    0xfe, 0x1d, 0xed, 0x39, 0x08, 0x40, 0x18, 0x37, 0x07, 0x16, 0x10, 0x2b,
    0x17, 0x07, 0xd7, 0x0d, 0xb7, 0xbe, 0xec, 0xe5, 0xde, 0xe1, 0x21, 0x5f,
    0x3e, 0xfb, 0xf0, 0xfa, 0x0c, 0x25, 0xee, 0xd5, 0xee, 0xfa, 0x05, 0x08,
    0x20, 0x34, 0x07, 0x10, 0xdd, 0x25, 0xd7, 0x2a, 0x0c, 0x4f, 0x06, 0x04,
    0x0f, 0xe7, 0x0b, 0x17, 0xe9, 0xe3, 0xce, 0xcd, 0xc3, 0xfc, 0xc9, 0xee,
    0xe3, 0xb3, 0x1a, 0x27, 0x1c, 0x27, 0xe3, 0x07, 0xf4, 0x05, 0xf6, 0x0e,
    0xe8, 0xe9, 0xfb, 0x09, 0x1e, 0x35, 0xfe, 0x00, 0x1d, 0x1c, 0x07, 0x7f,
    0x14, 0x2b, 0xfb, 0x3f, 0x19, 0xea, 0xff, 0x22, 0xf0, 0x05, 0xb2, 0xdc,
    0xca, 0xf3, 0xf3, 0xfa, 0xfb, 0xd4, 0x0c, 0x1e, 0x16, 0x30, 0xff, 0x1c,
    0x10, 0x10, 0xfe, 0xff, 0x14, 0x0d, 0x01, 0xf4, 0x23, 0xef, 0x00, 0xe7,
    0xf1, 0x0b, 0x02, 0x67, 0x36, 0x0d, 0x08, 0x0a, 0xce, 0xfd, 0x33, 0x2f,
    0xeb, 0x0d, 0xd2, 0xcb, 0xf9, 0xc0, 0xf9, 0x09, 0xb4, 0xbf, 0xa1, 0xfa,
    0x13, 0xc6, 0x2e, 0x29, 0xda, 0x01, 0x00, 0x09, 0xf6, 0x41, 0xfa, 0x2e,
    0x3e, 0xb0, 0x09, 0xfa, 0xe2, 0x14, 0xf0, 0x0a, 0x0e, 0xd3, 0xdf, 0x3f,
    0xe1, 0xd9, 0x49, 0xbd, 0x12, 0xd1, 0xdb, 0x5d, 0xf3, 0xc7, 0x16, 0xf3,
    0xcd, 0xe5, 0xff, 0x0b, 0x1a, 0x1d, 0xff, 0x00, 0xf8, 0x00, 0xfd, 0xeb,
    0x06, 0x1c, 0x06, 0x31, 0x4b, 0x04, 0x06, 0xbf, 0x2b, 0x19, 0x28, 0xd4,
    0x3a, 0xc6, 0x07, 0xe4, 0x27, 0xbf, 0x51, 0xf6, 0x15, 0xd9, 0xf1, 0x32,
    0x08, 0xfb, 0x0a, 0xf3, 0x1a, 0x1f, 0xe8, 0x0b, 0x7e, 0x5b, 0x4d, 0x04,
    0x5f, 0x0e, 0x3d, 0x0b, 0x1a, 0x51, 0x4e, 0x0e, 0x50, 0xbc, 0x00, 0x32,
    0x49, 0xf7, 0x0c, 0x24, 0x4e, 0xda, 0x3d, 0x1c, 0x17, 0x19, 0x36, 0x1c,
    0x56, 0x56, 0x0c, 0x2e, 0x03, 0x16, 0x38, 0xb5, 0xff, 0xd8, 0x09, 0x0e,
    0x12, 0x1f, 0x35, 0xf9, 0xee, 0xf9, 0x57, 0x02, 0x41, 0x1d, 0x0b, 0xfa,
    0xf0, 0x9a, 0x06, 0xe0, 0x1d, 0x06, 0x04, 0xd2, 0x48, 0xf7, 0xe4, 0xea,
    0x05, 0x0a, 0x7f, 0xfa, 0x54, 0xd3, 0x30, 0x68, 0x1d, 0xf6, 0x31, 0xfb,
    0xf9, 0xca, 0xe1, 0xba, 0x0e, 0x09, 0x2a, 0xfe, 0xe8, 0xef, 0x30, 0xe0,
    0x00, 0xe3, 0xf9, 0xb5, 0x0f, 0xd7, 0xf3, 0xf6, 0xf8, 0x18, 0x10, 0x9b,
    0x17, 0x07, 0xd7, 0xe6, 0x44, 0x04, 0x3a, 0xb5, 0xf7, 0x8a, 0x1f, 0x1e,
    0x2b, 0x28, 0x1e, 0xfb, 0xee, 0xdb, 0xe3, 0xb0, 0x08, 0xf9, 0xf4, 0x10,
    0x29, 0xe6, 0xd6, 0xfa, 0x0b, 0x34, 0x31, 0xda, 0x0a, 0x0c, 0x38, 0x07,
    0x31, 0x0d, 0xd5, 0xdf, 0x1d, 0xd9, 0xdb, 0x06, 0x1e, 0xd5, 0x0c, 0xfa,
    0xe7, 0x0a, 0x1b, 0x31, 0x23, 0x07, 0x0a, 0x14, 0x01, 0xcf, 0x0d, 0x05,
    0xb6, 0x1f, 0xb1, 0x02, 0xe5, 0xfc, 0x09, 0x03, 0xeb, 0x3d, 0xf9, 0xe4,
    0xed, 0x02, 0xe8, 0x04, 0x20, 0x03, 0x04, 0xfe, 0xee, 0x05, 0xef, 0xfe,
    0xe0, 0xe8, 0x11, 0xd7, 0xe7, 0xb2, 0xd1, 0x40, 0x04, 0x0a, 0x0d, 0xf0,
    0x1c, 0xc6, 0x01, 0x43, 0x27, 0x52, 0xd3, 0x22, 0x27, 0x0e, 0xd7, 0xd0,
    0x5c, 0x6a, 0x28, 0x06, 0x14, 0xed, 0xdc, 0x36, 0x54, 0x1f, 0x04, 0xd0,
    0x11, 0x27, 0x14, 0x14, 0x01, 0xf0, 0xe5, 0xfb, 0x1b, 0xce, 0xd0, 0x27,
    0x01, 0x2f, 0x13, 0x25, 0x22, 0xd8, 0x43, 0x61, 0x39, 0x1c, 0x02, 0x21,
    0xfb, 0xf9, 0xfc, 0x00, 0x54, 0x4a, 0x2e, 0x07, 0xfe, 0xf0, 0x00, 0x27,
    0x12, 0x25, 0xed, 0x41, 0x04, 0x7f, 0x34, 0x23, 0x35, 0xf1, 0x35, 0xff,
    0x4e, 0x3d, 0xde, 0x4e, 0xe9, 0xdb, 0xde, 0x07, 0x0f, 0xdb, 0x12, 0x38,
    0x25, 0xd3, 0xe0, 0xef, 0xf2, 0xf7, 0xbb, 0xd1, 0x25, 0xd4, 0xf2, 0xbc,
    0xa0, 0xbe, 0xea, 0x0e, 0xcf, 0xcf, 0xdc, 0xcb, 0x19, 0x35, 0x16, 0x23,
    0x24, 0x09, 0x28, 0x14, 0x1a, 0x2a, 0xe1, 0xf8, 0x13, 0x21, 0xfc, 0x0c,
    0xf5, 0x27, 0xec, 0xfb, 0xb6, 0x07, 0xba, 0xf8, 0xf1, 0x08, 0xbe, 0x09,
    0x18, 0x09, 0x28, 0x50, 0x50, 0x66, 0x2e, 0x7b, 0x3f, 0x7f, 0x44, 0x32,
    0x18, 0x1b, 0x05, 0x49, 0x07, 0x0b, 0xe2, 0x28, 0xe9, 0x54, 0xf8, 0x2b,
    0xed, 0x03, 0x00, 0x2b, 0x24, 0x30, 0xf7, 0x00, 0xcb, 0x0c, 0xdd, 0xdd,
    0x04, 0x03, 0xad, 0x15, 0xc5, 0x06, 0x10, 0x08, 0x31, 0x20, 0x09, 0x33,
    0x3b, 0x48, 0x0c, 0x22, 0x21, 0x31, 0xd7, 0x50, 0x10, 0x14, 0x2b, 0x2c,
    0x26, 0xfa, 0x0e, 0x3e, 0xc5, 0x20, 0x24, 0x1d, 0x2e, 0xfd, 0xc9, 0x05,
    0xcf, 0x16, 0xe4, 0x21, 0xe8, 0x25, 0xcc, 0xf1, 0xc7, 0x12, 0x29, 0xfe,
    0x40, 0x5c, 0xea, 0x0f, 0xf3, 0x61, 0x2d, 0xfe, 0xe0, 0x38, 0x0e, 0x4f,
    0xd2, 0x0e, 0xf5, 0x4a, 0x20, 0x19, 0xee, 0x30, 0xcd, 0x01, 0x04, 0x2e,
    0xdc, 0xe7, 0xd0, 0x06, 0x1e, 0x43, 0x18, 0xfa, 0xed, 0x24, 0x0e, 0x1a,
    0xed, 0x0b, 0xfa, 0x19, 0x3e, 0x32, 0xe2, 0x3f, 0x0a, 0x66, 0x11, 0x2e,
    0x08, 0x41, 0xbd, 0x0e, 0x18, 0x20, 0xe9, 0x55, 0x39, 0x18, 0x0b, 0x17,
    0xe1, 0xf8, 0x9f, 0xc0, 0xae, 0xdf, 0xcd, 0xf9, 0xee, 0x3c, 0x11, 0x31,
    0xe3, 0x17, 0xb2, 0xee, 0xd7, 0x0c, 0xe3, 0xf3, 0x06, 0x0d, 0xe1, 0x04,
    0xe1, 0xfa, 0xb0, 0xc2, 0xe0, 0x29, 0xcc, 0x46, 0xd3, 0x42, 0x02, 0x3a,
    0xcb, 0xff, 0xe6, 0x65, 0xe2, 0xeb, 0xc6, 0xfb, 0x03, 0xfa, 0x81, 0x1d,
    0xdf, 0x09, 0xdd, 0x23, 0x0c, 0x19, 0x11, 0x16, 0xd1, 0xc2, 0xe4, 0x26,
    0xe2, 0xfe, 0xed, 0xac, 0xcd, 0x03, 0x1c, 0xdd, 0x01, 0x9c, 0xd4, 0x02,
    0x22, 0xa7, 0x38, 0xcd, 0xf3, 0xd9, 0x11, 0xb9, 0xfd, 0xdd, 0xbd, 0xf1,
    0x0f, 0xfc, 0xaf, 0x04, 0xbc, 0x1e, 0x43, 0x1e, 0x2d, 0x03, 0xef, 0x12,
    0xdd, 0xe7, 0xc9, 0xb2, 0xe8, 0xfe, 0xcb, 0xcc, 0xe4, 0xc3, 0x2f, 0xe7,
    0x07, 0xd5, 0xa3, 0xdf, 0x4d, 0xc7, 0xe4, 0xdf, 0xc8, 0xf2, 0xe3, 0x14,
    0xe1, 0x16, 0xe9, 0x0d, 0xf7, 0x1e, 0xec, 0xfc, 0xf3, 0x02, 0xfa, 0x1a,
    0x11, 0x27, 0xe5, 0x0c, 0xbc, 0xe7, 0x09, 0xe2, 0x0a, 0xc1, 0xaf, 0xa2,
    0xe7, 0xb2, 0xfb, 0x25, 0x05, 0xe5, 0xc2, 0x3a, 0xf1, 0xd3, 0xcc, 0xbd,
    0xcd, 0xe2, 0xe6, 0xe1, 0x26, 0x10, 0x0e, 0x47, 0x42, 0xed, 0xa2, 0x2c,
    0xf4, 0x2d, 0x2c, 0x11, 0xfd, 0xfc, 0x06, 0xd9, 0x02, 0xce, 0xc7, 0x19,
    0xef, 0xb7, 0xeb, 0xd6, 0x11, 0x18, 0xd6, 0xe0, 0xda, 0x0d, 0xfd, 0xad,
    0xe4, 0xe9, 0x3b, 0xd7, 0xf7, 0xe1, 0xfc, 0xbd, 0x3d, 0x09, 0xdc, 0x4b,
    0x0d, 0x2c, 0xc3, 0xe1, 0xd0, 0x36, 0x09, 0x27, 0x32, 0xfb, 0xf8, 0xf9,
    0xef, 0xe3, 0x10, 0xdf, 0x27, 0x19, 0xd4, 0xc7, 0xd9, 0xc9, 0x1c, 0xd7,
    0xcf, 0xda, 0xc8, 0xcd, 0x33, 0x07, 0xf8, 0xe4, 0x01, 0xcc, 0xc9, 0xe8,
    0x1d, 0xcf, 0xcb, 0xfe, 0x29, 0x25, 0x14, 0xce, 0xf8, 0x27, 0x00, 0xe1,
    0xe8, 0x16, 0xfd, 0x06, 0x1b, 0xf8, 0xec, 0x84, 0xc4, 0x81, 0xe1, 0xd7,
    0xf6, 0xd3, 0x23, 0x06, 0xff, 0x20, 0x20, 0xfb, 0xff, 0x15, 0x3f, 0xdd,
    0x05, 0xde, 0xde, 0xf1, 0xf1, 0xe2, 0x08, 0xd9, 0xe3, 0xb7, 0x12, 0xb6,
    0x3d, 0xff, 0xe2, 0xe3, 0xf8, 0xf2, 0xf4, 0xd8, 0x07, 0xf7, 0xeb, 0xaa,
    0x22, 0xab, 0xfb, 0xcd, 0xd2, 0xda, 0xf7, 0x0d, 0x26, 0x02, 0xfe, 0x26,
    0xf6, 0xe7, 0xe5, 0xf8, 0x04, 0xb9, 0xc7, 0x22, 0xee, 0xd0, 0xe8, 0xf0,
    0x24, 0xf2, 0xd2, 0x04, 0x47, 0x02, 0x21, 0xdc, 0x40, 0xe5, 0x31, 0x20,
    0xeb, 0xc8, 0x2d, 0xe2, 0xf2, 0xb7, 0xc1, 0xa3, 0xcb, 0x0d, 0x08, 0x3a,
    0xe9, 0xd5, 0x2a, 0x27, 0x0a, 0x20, 0x12, 0x1b, 0xf2, 0xdb, 0x0a, 0xdd,
    0xd9, 0xd8, 0x04, 0xd2, 0xee, 0x26, 0xc3, 0xf6, 0x25, 0x05, 0x09, 0x3e,
    0x29, 0x0a, 0xf3, 0x24, 0x37, 0xe0, 0x1d, 0xc1, 0xcc, 0xe2, 0xf8, 0x14,
    0xf8, 0xcc, 0x04, 0x59, 0xfa, 0xbf, 0xd0, 0xe2, 0x02, 0x24, 0x02, 0xe8,
    0xe7, 0xad, 0xe3, 0xeb, 0xba, 0xb7, 0xfb, 0xee, 0xee, 0xdc, 0xc2, 0xd6,
    0x13, 0xa7, 0xbd, 0x27, 0xcd, 0x27, 0x0d, 0x2d, 0x17, 0xdd, 0x12, 0x0c,
    0x1f, 0xce, 0x23, 0x22, 0x27, 0xe7, 0x3c, 0x01, 0x21, 0x01, 0x36, 0x4b,
    0xf3, 0x04, 0xe0, 0xc6, 0xf1, 0xc3, 0xe3, 0xde, 0x36, 0xa7, 0xff, 0xff,
    0x04, 0x00, 0x00, 0x00, 0x78, 0x00, 0x00, 0x00, 0x4e, 0x95, 0x00, 0x00,
    0xcb, 0x30, 0x00, 0x00, 0x0b, 0x8f, 0x01, 0x00, 0xc0, 0x2c, 0x01, 0x00,
    0x58, 0xee, 0xfe, 0xff, 0x99, 0x3a, 0xff, 0xff, 0x65, 0xdd, 0x00, 0x00,
    0x41, 0xa5, 0xff, 0xff, 0x54, 0x0b, 0xff, 0xff, 0x48, 0xb1, 0x00, 0x00,
    0x9c, 0x29, 0xff, 0xff, 0x12, 0xef, 0x00, 0x00, 0x3e, 0x95, 0xff, 0xff,
    0x12, 0x67, 0x00, 0x00, 0x55, 0xf3, 0xfe, 0xff, 0xbd, 0x01, 0x00, 0x00,
    0x63, 0x20, 0x01, 0x00, 0xb1, 0xe3, 0xfe, 0xff, 0x2c, 0x2f, 0xff, 0xff,
    0x39, 0x84, 0xff, 0xff, 0x55, 0x03, 0xff, 0xff, 0xf2, 0x5d, 0xff, 0xff,
    0x86, 0x06, 0x00, 0x00, 0x49, 0x93, 0xff, 0xff, 0xa0, 0xba, 0xff, 0xff,
    0x8f, 0x87, 0xff, 0xff, 0x83, 0x76, 0xff, 0xff, 0xda, 0x2b, 0xff, 0xff,
    0x59, 0xf0, 0xff, 0xff, 0x28, 0x5c, 0x00, 0x00, 0xba, 0xa7, 0xff, 0xff,
    0x04, 0x00, 0x00, 0x00, 0x96, 0x00, 0x00, 0x00, 0x21, 0x1d, 0x98, 0x44,
    0x36, 0x7f, 0xa4, 0x1f, 0x81, 0xe0, 0xc0, 0xb4, 0x1e, 0xee, 0xfd, 0x0f,
    0x0a, 0xbc, 0x11, 0x08, 0x18, 0x27, 0x35, 0x9e, 0x2f, 0xf7, 0xf3, 0x13,
    0x7f, 0xc8, 0xff, 0xc4, 0xe3, 0x2c, 0x25, 0xeb, 0xcc, 0x75, 0xe5, 0xe7,
    0xda, 0xc7, 0x03, 0xb5, 0xa0, 0x59, 0xd0, 0x39, 0xc3, 0xd8, 0xa3, 0xbd,
    0x81, 0x6c, 0xa8, 0x81, 0x7d, 0x10, 0xa2, 0x7f, 0xcd, 0xe5, 0xea, 0x0e,
    0x46, 0xaa, 0x7f, 0xb6, 0xd8, 0x40, 0xea, 0xab, 0x15, 0x7f, 0x58, 0x07,
    0x7f, 0x35, 0x10, 0x0b, 0x81, 0x84, 0x4a, 0xad, 0xb7, 0x26, 0x81, 0xbf,
    0xc2, 0xa4, 0xbc, 0x95, 0x7f, 0xb2, 0xe8, 0x11, 0x0e, 0x81, 0xa8, 0xc2,
    0x7f, 0x89, 0x35, 0x3a, 0x7f, 0x81, 0xd2, 0x81, 0x42, 0x9a, 0x8d, 0x26,
    0xef, 0x7f, 0x7f, 0x45, 0xf9, 0x81, 0xb3, 0x36, 0x81, 0x81, 0x4a, 0x81,
    0x81, 0xaa, 0x07, 0x28, 0x18, 0x81, 0x5b, 0x81, 0x81, 0xa2, 0x38, 0x4c,
    0x61, 0xf9, 0x7f, 0x7f, 0x84, 0x81, 0xd3, 0x6f, 0x7d, 0x31, 0xd0, 0x33,
    0x30, 0x19, 0x00, 0x00, 0x5e, 0xa8, 0xff, 0xff, 0x04, 0x00, 0x00, 0x00,
    0x78, 0x00, 0x00, 0x00, 0x56, 0x00, 0x00, 0x00, 0xd6, 0xfe, 0xff, 0xff,
    0x1c, 0x01, 0x00, 0x00, 0x9c, 0x01, 0x00, 0x00, 0xc2, 0x00, 0x00, 0x00,
    0x34, 0x01, 0x00, 0x00, 0x46, 0xff, 0xff, 0xff, 0x2b, 0xff, 0xff, 0xff,
    0x08, 0x00, 0x00, 0x00, 0xa9, 0x00, 0x00, 0x00, 0xef, 0xfe, 0xff, 0xff,
    0x99, 0xff, 0xff, 0xff, 0x81, 0xfe, 0xff, 0xff, 0x9e, 0xff, 0xff, 0xff,
    0x9f, 0x00, 0x00, 0x00, 0x34, 0x00, 0x00, 0x00, 0x2f, 0xfd, 0xff, 0xff,
    0x64, 0xfe, 0xff, 0xff, 0x70, 0x01, 0x00, 0x00, 0x6b, 0x00, 0x00, 0x00,
    0xf4, 0x00, 0x00, 0x00, 0x38, 0xfe, 0xff, 0xff, 0x7e, 0x01, 0x00, 0x00,
    0xc7, 0x00, 0x00, 0x00, 0x47, 0xff, 0xff, 0xff, 0xc9, 0xfe, 0xff, 0xff,
    0x33, 0x02, 0x00, 0x00, 0xf9, 0x00, 0x00, 0x00, 0x66, 0x00, 0x00, 0x00,
    0xa6, 0x00, 0x00, 0x00, 0xe2, 0xa8, 0xff, 0xff, 0x04, 0x00, 0x00, 0x00,
    0x08, 0x07, 0x00, 0x00, 0x81, 0xca, 0x40, 0x03, 0x03, 0x2b, 0x24, 0x0a,
    0x0a, 0x16, 0xfd, 0xd7, 0x2e, 0x0e, 0xd8, 0xeb, 0x17, 0x19, 0xbb, 0xee,
    0x03, 0x06, 0xe4, 0xfd, 0x0c, 0xf2, 0x0f, 0xe0, 0xe7, 0x54, 0x47, 0x50,
    0x0c, 0x48, 0x48, 0x32, 0x07, 0x44, 0x12, 0x43, 0x64, 0x09, 0xdd, 0xcc,
    0x36, 0x19, 0xde, 0xf9, 0x00, 0x56, 0x38, 0x1b, 0x0a, 0xaf, 0xd7, 0x6e,
    0x81, 0x28, 0x58, 0x38, 0x47, 0xeb, 0x38, 0xd9, 0xeb, 0x05, 0x16, 0x33,
    0xf6, 0x03, 0x14, 0x1b, 0x28, 0xba, 0x05, 0x81, 0xf1, 0x7e, 0xff, 0xe2,
    0x4e, 0xf5, 0xbd, 0xfa, 0x07, 0x2d, 0x30, 0x40, 0x32, 0xe6, 0x81, 0x57,
    0x5c, 0xc1, 0x08, 0x12, 0xc5, 0xee, 0xf8, 0xf0, 0xe9, 0xe6, 0x9a, 0xc2,
    0x06, 0x4b, 0x0b, 0xee, 0xc6, 0xeb, 0x02, 0xf8, 0x3c, 0xe3, 0xe3, 0x3e,
    0x17, 0xfb, 0xc5, 0x42, 0x0c, 0x07, 0x08, 0xd6, 0xd5, 0xcd, 0xe9, 0xd5,
    0xf8, 0x7c, 0xf1, 0x7f, 0xa6, 0x0f, 0xc1, 0xec, 0x39, 0x47, 0xe5, 0x65,
    0x14, 0x52, 0xe0, 0xdf, 0x22, 0x3a, 0xe1, 0x04, 0x3b, 0xcd, 0x44, 0x43,
    0xc6, 0x16, 0x07, 0xfa, 0xf3, 0x69, 0xb4, 0xfd, 0x26, 0x58, 0xe0, 0xe8,
    0xe3, 0x1e, 0x81, 0x23, 0x9b, 0xf0, 0xfb, 0x32, 0xb9, 0x0f, 0xe3, 0xd0,
    0x2a, 0xdf, 0xc1, 0x2a, 0xd5, 0xcd, 0x96, 0x59, 0x11, 0x81, 0x18, 0x12,
    0x24, 0x00, 0xb7, 0x4c, 0x35, 0x1e, 0x2d, 0x2a, 0xb5, 0x38, 0x56, 0xf3,
    0x0b, 0xde, 0x04, 0xcc, 0xac, 0x2b, 0x0f, 0xe7, 0x43, 0x8c, 0x23, 0xde,
    0xe3, 0x6d, 0x5f, 0xfa, 0x4d, 0x5f, 0xf9, 0xfe, 0xc4, 0xf7, 0x3f, 0xf0,
    0xd4, 0x28, 0xc6, 0x2d, 0xf2, 0xff, 0x31, 0xb0, 0x0d, 0x98, 0x81, 0x4b,
    0x28, 0xb7, 0x5f, 0xe2, 0x1d, 0xdb, 0x4b, 0x02, 0xb8, 0x13, 0xe6, 0xcc,
    0x39, 0xfa, 0x0b, 0x25, 0x22, 0xbb, 0xdf, 0xd1, 0x7b, 0x76, 0x14, 0xa8,
    0x4f, 0xd2, 0x2f, 0x24, 0x81, 0x8d, 0xdd, 0x54, 0x02, 0xde, 0xd8, 0x31,
    0xdb, 0x31, 0x1b, 0x0b, 0xd7, 0x4a, 0x33, 0xd6, 0x81, 0x00, 0xfe, 0xd6,
    0xfa, 0xfd, 0xf2, 0xf4, 0xd8, 0x33, 0xda, 0xdd, 0x1f, 0x1b, 0xe4, 0x11,
    0x25, 0x1c, 0xf5, 0xdb, 0xd6, 0x20, 0x49, 0xde, 0xe9, 0x41, 0x09, 0xcc,
    0x0f, 0x39, 0x7f, 0xd4, 0xdb, 0xee, 0x08, 0xce, 0x2c, 0x07, 0x16, 0x33,
    0x0f, 0xc0, 0x01, 0x2c, 0x34, 0x36, 0x0b, 0x01, 0xf6, 0x23, 0x36, 0x2f,
    0xdc, 0x0b, 0x35, 0xb0, 0xcf, 0xb4, 0x24, 0x1e, 0xae, 0x52, 0xcd, 0x22,
    0xd3, 0x7f, 0x95, 0x15, 0x43, 0x57, 0xe5, 0xf9, 0x15, 0xd8, 0x33, 0x98,
    0x41, 0xd8, 0xb7, 0xdb, 0x0f, 0x05, 0xf0, 0x81, 0x12, 0xd1, 0x6a, 0xd5,
    0x10, 0xef, 0xa0, 0xf5, 0xa7, 0x7b, 0xe2, 0x36, 0xc8, 0xfd, 0x29, 0x37,
    0x13, 0x2e, 0xb9, 0x1f, 0x03, 0xce, 0x0a, 0x07, 0xf8, 0xe9, 0x08, 0x53,
    0xec, 0x0b, 0x1b, 0xbf, 0x4e, 0x81, 0x5a, 0xf9, 0xd9, 0x4d, 0x38, 0x1c,
    0x01, 0xcd, 0x07, 0xf5, 0x40, 0xe9, 0x3a, 0xee, 0xfa, 0xf2, 0x27, 0x2f,
    0xf3, 0x39, 0xfe, 0xf3, 0x3c, 0x02, 0xcc, 0xbc, 0x16, 0xe5, 0x0c, 0xf8,
    0x04, 0xd1, 0xce, 0x7f, 0x16, 0xcd, 0xe4, 0xf7, 0x10, 0x0d, 0xa4, 0xc9,
    0x0b, 0x3b, 0x19, 0xb7, 0x01, 0x1c, 0xe4, 0x3c, 0x0d, 0x1f, 0xee, 0xb4,
    0xc0, 0xc8, 0xf3, 0xe6, 0xf6, 0x5b, 0x43, 0xe8, 0x81, 0x3d, 0xf7, 0x1b,
    0x40, 0xa1, 0xd2, 0xc5, 0x04, 0xae, 0xc4, 0x15, 0xa4, 0x3a, 0x38, 0xf5,
    0x0c, 0x14, 0x41, 0xed, 0xec, 0xea, 0x4f, 0x4b, 0x18, 0x31, 0x0e, 0x81,
    0xe7, 0x92, 0x25, 0x9a, 0xaf, 0x18, 0xc0, 0xdc, 0xd3, 0x1d, 0x11, 0xb1,
    0x22, 0xef, 0xb3, 0xe3, 0x28, 0xba, 0x09, 0xf1, 0xc8, 0xa4, 0x61, 0x09,
    0x25, 0x86, 0xf5, 0x00, 0x16, 0x0a, 0x1a, 0x09, 0xba, 0x60, 0x81, 0xc2,
    0x14, 0x8c, 0x6f, 0x2f, 0xc6, 0x65, 0x6e, 0xc6, 0xd9, 0x11, 0xf9, 0xe3,
    0x2a, 0x6e, 0x19, 0xe3, 0x41, 0x30, 0x43, 0xcf, 0xf8, 0xcc, 0x11, 0xb6,
    0xf7, 0x4a, 0xec, 0x1d, 0x22, 0xc5, 0x05, 0xb2, 0x81, 0x5a, 0xb9, 0xd0,
    0xd3, 0x2f, 0xf8, 0xe1, 0x12, 0x06, 0x34, 0xf0, 0xf8, 0xe2, 0xdc, 0x08,
    0x56, 0xca, 0x27, 0x02, 0x0e, 0x08, 0x7f, 0x9d, 0xef, 0xb7, 0x88, 0x98,
    0x02, 0x06, 0x6a, 0x0c, 0x14, 0x0d, 0xea, 0x9b, 0x82, 0x40, 0xa8, 0x75,
    0xe9, 0x55, 0xfb, 0x58, 0x1b, 0xa2, 0x99, 0x27, 0x10, 0xad, 0x7f, 0x1c,
    0xfc, 0xdd, 0x33, 0xe6, 0xae, 0xff, 0x86, 0xf9, 0xd8, 0xd9, 0xc6, 0x23,
    0xcb, 0xac, 0x24, 0xfb, 0x26, 0x13, 0x04, 0xc4, 0x03, 0x13, 0xd3, 0x39,
    0xd0, 0x0d, 0x17, 0xa2, 0xe0, 0x65, 0xfd, 0x09, 0x03, 0x33, 0x7f, 0xbe,
    0x0a, 0x2b, 0xe6, 0x15, 0x1f, 0x19, 0x18, 0x28, 0x04, 0xf3, 0xed, 0xe9,
    0x0a, 0xf6, 0x22, 0x13, 0xf7, 0x19, 0x32, 0x5d, 0xeb, 0x02, 0x28, 0x81,
    0xec, 0xf8, 0x59, 0x3e, 0x20, 0xbf, 0x09, 0xce, 0xe3, 0x2e, 0xe0, 0xb1,
    0x08, 0xfe, 0x10, 0xc4, 0xce, 0x0e, 0x25, 0xd9, 0x16, 0x3a, 0x31, 0x13,
    0x11, 0xde, 0x11, 0xc5, 0x5f, 0xf1, 0xe6, 0xe4, 0x4c, 0x7c, 0x63, 0x50,
    0x04, 0x15, 0x83, 0x44, 0xf4, 0xbb, 0x43, 0x24, 0x0e, 0xbf, 0x81, 0x70,
    0x5b, 0x4d, 0xa7, 0x45, 0x37, 0xe6, 0x3c, 0x2d, 0x95, 0x67, 0xce, 0xe4,
    0x19, 0xdd, 0xb8, 0xbb, 0x2b, 0x6d, 0xe4, 0x00, 0x36, 0xc9, 0x81, 0x10,
    0x3f, 0x1b, 0xf1, 0xff, 0xc1, 0xc9, 0x35, 0xd5, 0xf0, 0xe5, 0x83, 0xba,
    0xe7, 0xf9, 0xf2, 0xf9, 0x1f, 0x5f, 0x7f, 0xe0, 0xef, 0xe7, 0x8d, 0xac,
    0xc6, 0x33, 0xa3, 0x02, 0xf2, 0xcb, 0xaf, 0x50, 0x9b, 0xb9, 0xc0, 0x81,
    0x3e, 0xf5, 0xd2, 0xfa, 0xd0, 0x40, 0xfd, 0xc3, 0x23, 0xdf, 0x29, 0xd7,
    0xe8, 0xfa, 0x81, 0x35, 0xb9, 0x3a, 0x2d, 0x45, 0x2b, 0x1e, 0xf7, 0x7a,
    0xe0, 0x05, 0x07, 0x12, 0xe4, 0xc6, 0x1a, 0xe6, 0xd4, 0xe1, 0x1e, 0xde,
    0x8e, 0x0b, 0x74, 0xc9, 0x14, 0xe2, 0x55, 0xcb, 0x81, 0x00, 0x3c, 0x43,
    0xfb, 0xca, 0x4c, 0x07, 0xac, 0xbe, 0xa0, 0xf0, 0x4a, 0xd8, 0xd2, 0xa8,
    0x61, 0x2d, 0x26, 0xc9, 0x45, 0xf4, 0x1c, 0xe0, 0xcf, 0xd7, 0x0b, 0xbc,
    0x18, 0x36, 0x00, 0x7f, 0xe6, 0x0e, 0xf9, 0x06, 0xfa, 0xf0, 0x1b, 0x1e,
    0x29, 0x30, 0x0e, 0xda, 0xe6, 0x11, 0xd8, 0x1d, 0x13, 0xfe, 0x4d, 0x09,
    0xba, 0xf1, 0x01, 0xc3, 0xec, 0x44, 0x20, 0x7f, 0xbf, 0x15, 0xdf, 0xe7,
    0xfa, 0x8e, 0xc7, 0xc5, 0x05, 0xf3, 0xe4, 0x56, 0xd9, 0xc7, 0x27, 0x09,
    0x7d, 0x02, 0xcd, 0xd4, 0xac, 0xac, 0x7f, 0xfa, 0xd8, 0x38, 0xfa, 0x95,
    0xd0, 0x90, 0xdb, 0x2f, 0x29, 0x1d, 0xfe, 0xd3, 0x2c, 0xdc, 0xbf, 0xd5,
    0x0f, 0xf0, 0xb3, 0x27, 0x10, 0x27, 0x40, 0x0e, 0x9d, 0x65, 0x01, 0xe7,
    0xd6, 0xc6, 0x12, 0xfd, 0xff, 0xf2, 0xef, 0x9b, 0xda, 0x40, 0x45, 0x7f,
    0xe8, 0xea, 0xad, 0xdd, 0xc8, 0x3a, 0xd9, 0xdf, 0xc8, 0xa4, 0xf5, 0xd1,
    0x3f, 0x55, 0x13, 0xfd, 0xb5, 0x3a, 0x0f, 0xd7, 0x81, 0xdd, 0xfb, 0xe2,
    0x94, 0xf5, 0x1d, 0xeb, 0xd3, 0x2f, 0x7d, 0x4d, 0x60, 0x17, 0x30, 0xda,
    0xb1, 0x4e, 0xdc, 0x34, 0xd2, 0x61, 0xcf, 0xcd, 0xfc, 0xf9, 0x5e, 0xb7,
    0xd9, 0xc3, 0xa9, 0xdd, 0x4e, 0xf2, 0xd8, 0xe6, 0xc6, 0xfa, 0x4c, 0x7f,
    0x97, 0xfc, 0x6f, 0x3b, 0xbe, 0x44, 0x6c, 0x3e, 0xc5, 0x96, 0xe2, 0xe7,
    0x4e, 0x27, 0x3a, 0xa8, 0x01, 0x88, 0x11, 0x72, 0xcd, 0x00, 0x7f, 0x75,
    0xbd, 0x4c, 0xc3, 0xec, 0xfd, 0x22, 0x03, 0x2e, 0xbf, 0x40, 0xa2, 0x2f,
    0x26, 0xef, 0xd2, 0x07, 0x62, 0xf1, 0xc5, 0xd0, 0x1d, 0x02, 0x5d, 0x88,
    0x2e, 0x16, 0xf4, 0xb8, 0x43, 0x03, 0xbb, 0x4f, 0x19, 0xde, 0xdb, 0x4f,
    0xff, 0x7f, 0xc7, 0xea, 0xaa, 0x7f, 0xb9, 0xd9, 0xa5, 0x3c, 0x32, 0x47,
    0xdd, 0x96, 0x0d, 0xad, 0x28, 0xd0, 0x1a, 0x31, 0xb0, 0x0d, 0x49, 0x05,
    0x3d, 0x8e, 0xd2, 0x07, 0xe1, 0x8f, 0x1a, 0xda, 0x1d, 0x6f, 0x63, 0x20,
    0x81, 0x23, 0xeb, 0x01, 0xa7, 0xaf, 0x24, 0x44, 0xa3, 0x39, 0x4e, 0x77,
    0xb5, 0x7f, 0xef, 0xc7, 0x53, 0x65, 0x38, 0x46, 0x24, 0x43, 0x98, 0x12,
    0x72, 0x03, 0x43, 0x12, 0x0e, 0x1a, 0x77, 0x3f, 0x24, 0xea, 0xde, 0x6e,
    0x6c, 0x31, 0xe5, 0x05, 0xe1, 0x31, 0xdc, 0x56, 0xcc, 0x05, 0x31, 0xed,
    0xea, 0x5b, 0xd3, 0x40, 0x98, 0x15, 0x0e, 0x35, 0x7f, 0xcb, 0xe5, 0x42,
    0x08, 0xf3, 0x13, 0xca, 0xae, 0xe0, 0x1e, 0x1f, 0xee, 0x27, 0xdb, 0x42,
    0xd7, 0x81, 0x10, 0xdb, 0xd1, 0x09, 0x0f, 0x28, 0xae, 0x0e, 0x18, 0xf4,
    0x07, 0x1f, 0x05, 0x1f, 0xd7, 0xe4, 0x30, 0xdc, 0x18, 0xec, 0x04, 0xf0,
    0x3f, 0xe4, 0x07, 0x11, 0xdd, 0x3d, 0x26, 0x52, 0xa3, 0x63, 0xf2, 0xcf,
    0x4c, 0x7f, 0xe5, 0x15, 0xf9, 0x2c, 0x15, 0xe4, 0xaa, 0x3c, 0x29, 0x3e,
    0x37, 0xb5, 0x18, 0xce, 0xec, 0xd7, 0x17, 0x76, 0xfc, 0xd8, 0xd2, 0xf1,
    0x02, 0xc1, 0xd1, 0x5c, 0x28, 0x38, 0xef, 0xee, 0x1b, 0xea, 0xfd, 0xff,
    0x8e, 0xdc, 0xdc, 0xfd, 0x90, 0x1b, 0x7f, 0xeb, 0x22, 0xaf, 0xc0, 0xf9,
    0x28, 0xd7, 0xe4, 0xeb, 0xdf, 0x31, 0x7f, 0xde, 0xdf, 0xc5, 0xe2, 0x6f,
    0x84, 0x20, 0xe5, 0x05, 0x00, 0xfd, 0xc1, 0x7e, 0x59, 0x1d, 0xf0, 0x69,
    0xe9, 0xeb, 0x34, 0xf4, 0xca, 0xe4, 0x36, 0x2b, 0x1f, 0x1d, 0xff, 0x21,
    0x39, 0x3e, 0xdf, 0x2e, 0x81, 0x23, 0xd5, 0xcc, 0xeb, 0x28, 0x14, 0x00,
    0xeb, 0x54, 0x5b, 0xfc, 0xc9, 0xcd, 0x25, 0xd3, 0x2c, 0xea, 0x30, 0x44,
    0x0c, 0xf8, 0xa9, 0xc2, 0xff, 0xc3, 0x11, 0x7f, 0x27, 0xbd, 0xa8, 0x8f,
    0x3a, 0xc8, 0xe5, 0xd6, 0x0e, 0x34, 0x10, 0xb2, 0x0e, 0xd8, 0x12, 0xb8,
    0x11, 0x2c, 0xd0, 0xb5, 0xfd, 0xcf, 0x03, 0xbc, 0x0e, 0xbe, 0x4f, 0x3b,
    0xf4, 0xfb, 0x1a, 0xd4, 0x2f, 0xc7, 0x34, 0x38, 0xf7, 0x21, 0x28, 0xfa,
    0xfc, 0xd5, 0xdc, 0x3c, 0x7f, 0xce, 0xbe, 0xe3, 0x37, 0xdc, 0x4b, 0xbc,
    0x2b, 0x08, 0x17, 0xef, 0x47, 0x1e, 0xdb, 0x5c, 0x10, 0xe4, 0x3e, 0xf1,
    0x0d, 0x59, 0xa5, 0x19, 0xd1, 0x2a, 0x54, 0x4c, 0x65, 0xf3, 0x00, 0x7f,
    0x10, 0x7e, 0x1c, 0x1a, 0xec, 0x60, 0x07, 0x1f, 0x2a, 0xeb, 0x0c, 0xc7,
    0x54, 0x15, 0xf5, 0xe6, 0xa5, 0xf2, 0x33, 0x78, 0x0a, 0x49, 0xe6, 0x38,
    0x0b, 0x1b, 0xcb, 0x0b, 0xde, 0x29, 0xe8, 0x81, 0x21, 0x1a, 0x06, 0xed,
    0x26, 0xfe, 0xcd, 0xf4, 0x1c, 0x8d, 0x00, 0x16, 0x76, 0x09, 0xd8, 0xb0,
    0x6f, 0xbd, 0x35, 0xfe, 0xdb, 0x0d, 0x81, 0x92, 0x1e, 0xcb, 0x20, 0xb8,
    0xf9, 0xf6, 0xc2, 0xf4, 0x8f, 0xce, 0x26, 0x1f, 0xd2, 0x01, 0xde, 0xd8,
    0x1e, 0x10, 0x05, 0x22, 0xcb, 0x29, 0x50, 0x2b, 0xed, 0x0d, 0x10, 0xb6,
    0x0f, 0x81, 0x1f, 0x1a, 0x03, 0xd1, 0x17, 0x0b, 0xe0, 0xfa, 0x29, 0x0e,
    0x5e, 0x02, 0x28, 0x4c, 0xe6, 0xba, 0x79, 0xe6, 0xd5, 0x09, 0xaf, 0x25,
    0x2c, 0x6e, 0x37, 0x42, 0x81, 0x3a, 0xa7, 0x0f, 0xd5, 0x2f, 0x2c, 0x45,
    0x1c, 0xde, 0x3e, 0x1c, 0x31, 0xe5, 0x34, 0x56, 0xd0, 0x02, 0x52, 0x87,
    0x27, 0x1f, 0xdc, 0x31, 0xad, 0xb2, 0xda, 0xad, 0x81, 0x21, 0xdb, 0x0e,
    0xe9, 0xf4, 0x1a, 0x7a, 0xf2, 0xa4, 0xe9, 0xe0, 0x49, 0x47, 0xc6, 0xdd,
    0x4c, 0x66, 0xb9, 0x4a, 0x5b, 0xb7, 0xd7, 0xa7, 0xf6, 0x14, 0x00, 0xb2,
    0x12, 0xbc, 0xe8, 0x06, 0x44, 0x2d, 0xd6, 0x27, 0xef, 0xd5, 0xd7, 0x04,
    0xb5, 0x25, 0x7f, 0xc4, 0xe8, 0xe1, 0xe1, 0xf0, 0x15, 0x26, 0x33, 0xed,
    0x20, 0x10, 0xe0, 0xc7, 0xdb, 0xdd, 0xe4, 0xd2, 0xb4, 0xb0, 0x1c, 0x26,
    0x56, 0xf5, 0xf3, 0xc6, 0x08, 0xe8, 0x81, 0x2e, 0x22, 0x40, 0x46, 0x04,
    0xf0, 0xd2, 0x0d, 0x18, 0x02, 0x16, 0x0f, 0x29, 0x15, 0xdf, 0x1d, 0xae,
    0x2f, 0x7f, 0xfc, 0x6a, 0x06, 0x06, 0xc8, 0xe3, 0xf5, 0x2c, 0xce, 0x27,
    0xf6, 0x17, 0xed, 0xda, 0x4c, 0x0d, 0xc7, 0x1e, 0x0c, 0xff, 0xc5, 0x35,
    0x13, 0xdd, 0xed, 0x15, 0x21, 0x35, 0xf3, 0xfe, 0xf8, 0xfa, 0xdc, 0xc8,
    0xf5, 0x81, 0x02, 0x11, 0xed, 0x05, 0x0f, 0x06, 0xc8, 0x1b, 0xe3, 0x03,
    0x40, 0x05, 0x01, 0x22, 0x01, 0xb4, 0xdb, 0xe8, 0xed, 0xb8, 0x06, 0x0c,
    0x69, 0x34, 0x0f, 0xde, 0x33, 0xf6, 0x00, 0xb7, 0x00, 0x28, 0xad, 0x3b,
    0x7f, 0x6f, 0xc8, 0xa2, 0x32, 0x03, 0xda, 0x3b, 0xed, 0xf6, 0xef, 0x32,
    0x21, 0x54, 0x36, 0xda, 0x1d, 0x67, 0x60, 0x05, 0x1b, 0xdb, 0xfd, 0x2c,
    0x13, 0x7f, 0x06, 0xfa, 0xe1, 0x2a, 0x02, 0xb8, 0xb5, 0xea, 0xe2, 0x5a,
    0xdd, 0xf5, 0x03, 0x11, 0x3b, 0xec, 0x50, 0xb7, 0xef, 0xda, 0xe8, 0x07,
    0x32, 0xd9, 0xee, 0xf4, 0x93, 0xf0, 0x09, 0x2e, 0x00, 0xd1, 0x09, 0x7f,
    0x2b, 0xfa, 0x22, 0xea, 0x23, 0x52, 0x10, 0xad, 0x0c, 0x20, 0x7f, 0xe5,
    0x0e, 0x22, 0x18, 0xe0, 0x13, 0xd5, 0xcf, 0xbf, 0x06, 0xdc, 0xfa, 0x1b,
    0xcd, 0x28, 0xfa, 0x4c, 0xe0, 0x11, 0x01, 0x49, 0x23, 0xf5, 0xbf, 0x15,
    0xe3, 0xeb, 0x27, 0xdf, 0xf6, 0xaf, 0xff, 0xff, 0x04, 0x00, 0x00, 0x00,
    0xf0, 0x00, 0x00, 0x00, 0x1a, 0xf7, 0xff, 0xff, 0xb5, 0x11, 0x00, 0x00,
    0xa6, 0x0b, 0x00, 0x00, 0x56, 0xf4, 0xff, 0xff, 0x5b, 0x20, 0x00, 0x00,
    0xb5, 0x1a, 0x00, 0x00, 0xf0, 0x11, 0x00, 0x00, 0x00, 0x0b, 0x00, 0x00,
    0x81, 0x09, 0x00, 0x00, 0xa9, 0x02, 0x00, 0x00, 0x87, 0xf5, 0xff, 0xff,
    0x6a, 0x0a, 0x00, 0x00, 0xb4, 0xf6, 0xff, 0xff, 0x66, 0x0f, 0x00, 0x00,
    0x2f, 0x1b, 0x00, 0x00, 0x82, 0x01, 0x00, 0x00, 0x79, 0xe7, 0xff, 0xff,
    0x52, 0x0c, 0x00, 0x00, 0xaa, 0x15, 0x00, 0x00, 0x9e, 0xe1, 0xff, 0xff,
    0x96, 0xf2, 0xff, 0xff, 0xbf, 0x0f, 0x00, 0x00, 0x7c, 0x0d, 0x00, 0x00,
    0xc6, 0x1d, 0x00, 0x00, 0xd2, 0x05, 0x00, 0x00, 0xe1, 0xf6, 0xff, 0xff,
    0x9c, 0xff, 0xff, 0xff, 0x88, 0xff, 0xff, 0xff, 0x24, 0x18, 0x00, 0x00,
    0xf8, 0x18, 0x00, 0x00, 0x3a, 0xf5, 0xff, 0xff, 0xc6, 0x06, 0x00, 0x00,
    0xde, 0xde, 0xff, 0xff, 0xed, 0x0b, 0x00, 0x00, 0xba, 0x09, 0x00, 0x00,
    0x62, 0xf7, 0xff, 0xff, 0x2d, 0xf0, 0xff, 0xff, 0x35, 0x1a, 0x00, 0x00,
    0x34, 0x0a, 0x00, 0x00, 0x79, 0x08, 0x00, 0x00, 0x02, 0x1a, 0x00, 0x00,
    0x5c, 0xef, 0xff, 0xff, 0x6c, 0xfc, 0xff, 0xff, 0x40, 0x00, 0x00, 0x00,
    0xd4, 0xf9, 0xff, 0xff, 0xc7, 0x02, 0x00, 0x00, 0xe3, 0x0c, 0x00, 0x00,
    0xa4, 0x09, 0x00, 0x00, 0x8f, 0xf8, 0xff, 0xff, 0x8f, 0x08, 0x00, 0x00,
    0xb6, 0x0b, 0x00, 0x00, 0x09, 0xfd, 0xff, 0xff, 0x8d, 0xfe, 0xff, 0xff,
    0x02, 0xe2, 0xff, 0xff, 0x6f, 0x1d, 0x00, 0x00, 0xc9, 0x00, 0x00, 0x00,
    0xce, 0xfa, 0xff, 0xff, 0xc5, 0xfa, 0xff, 0xff, 0xc0, 0xf5, 0xff, 0xff,
    0x9e, 0xfc, 0xff, 0xff, 0xf2, 0xb0, 0xff, 0xff, 0x04, 0x00, 0x00, 0x00,
    0x1c, 0x02, 0x00, 0x00, 0x23, 0xc6, 0x76, 0x7f, 0x7c, 0xe3, 0x81, 0xa6,
    0x7f, 0x0d, 0x7f, 0xe8, 0x0b, 0x07, 0x27, 0xdf, 0xdc, 0x18, 0x4a, 0x51,
    0x48, 0x4d, 0x7f, 0x01, 0x7f, 0x81, 0x7b, 0x76, 0x3b, 0x81, 0xd5, 0x28,
    0x0b, 0xd9, 0x4b, 0xec, 0x32, 0x78, 0x05, 0xf7, 0x40, 0x0c, 0x4f, 0xb6,
    0x7f, 0xee, 0x8e, 0xe9, 0x1b, 0xe9, 0x36, 0x0f, 0xfb, 0xb0, 0x63, 0xf3,
    0x18, 0x08, 0x1f, 0x05, 0x25, 0xdd, 0x79, 0xfb, 0x6d, 0x8a, 0xe6, 0xe6,
    0x3d, 0xae, 0x7f, 0x77, 0xc6, 0xdf, 0x12, 0x40, 0x3b, 0x6a, 0x19, 0xe2,
    0x36, 0x81, 0x0d, 0xe9, 0x55, 0x58, 0x59, 0xdb, 0x13, 0xca, 0xb5, 0x1a,
    0xdf, 0xdd, 0x27, 0x51, 0x38, 0x44, 0xb9, 0x2a, 0x2a, 0xe7, 0xfb, 0x81,
    0x70, 0xf9, 0xfe, 0x09, 0xf4, 0x69, 0x2f, 0xc9, 0xfe, 0xae, 0x2e, 0xef,
    0x4c, 0x16, 0x07, 0xb4, 0xc4, 0x26, 0x26, 0x29, 0xff, 0x4e, 0xd9, 0x21,
    0xb6, 0xe8, 0x36, 0x19, 0x9d, 0xce, 0x33, 0x5f, 0x18, 0x08, 0xf8, 0x4b,
    0x3a, 0x90, 0xd5, 0x00, 0x4f, 0x39, 0xe2, 0x81, 0x13, 0xb7, 0x81, 0xe5,
    0xbc, 0x04, 0x31, 0x52, 0x17, 0x03, 0xf0, 0x35, 0x20, 0x12, 0xbb, 0x9a,
    0x59, 0xb3, 0x83, 0x0d, 0x3d, 0x26, 0x26, 0x26, 0x08, 0xe1, 0xe5, 0x14,
    0xd5, 0x7f, 0x81, 0x01, 0x03, 0x39, 0xae, 0x69, 0x52, 0x7f, 0xf0, 0x69,
    0xdb, 0x9c, 0x09, 0x81, 0x8e, 0x1a, 0x1d, 0x5c, 0xea, 0xd8, 0x19, 0x81,
    0xf8, 0x92, 0xce, 0x22, 0x19, 0xe6, 0x8b, 0xe8, 0x35, 0x03, 0x9d, 0x21,
    0xbd, 0xfe, 0x7f, 0x12, 0x03, 0x81, 0x00, 0x3b, 0xe0, 0x1a, 0x81, 0xd1,
    0xf9, 0xf5, 0x60, 0x0e, 0x30, 0x0a, 0x15, 0xfc, 0x01, 0xd0, 0xeb, 0x0f,
    0x36, 0x4e, 0x42, 0xcd, 0xeb, 0x74, 0xe0, 0xb8, 0x0c, 0xe3, 0x06, 0xbc,
    0x0f, 0x81, 0xd7, 0xdc, 0x8d, 0x93, 0x25, 0xb8, 0x81, 0xa4, 0xa9, 0xea,
    0xf1, 0xad, 0x37, 0xe5, 0x29, 0x7e, 0x87, 0x07, 0xa0, 0x6b, 0xd8, 0x28,
    0xe5, 0xf7, 0x37, 0x81, 0xd2, 0xd6, 0x2d, 0x70, 0x37, 0xf5, 0x4e, 0xf5,
    0x0d, 0xeb, 0xe1, 0xc4, 0x2d, 0xa9, 0x26, 0x81, 0x21, 0xf0, 0x81, 0x31,
    0xef, 0x3c, 0x1e, 0xd2, 0xce, 0x5f, 0xf5, 0xd6, 0xfa, 0xee, 0x50, 0x81,
    0xb2, 0xc1, 0x82, 0x7f, 0xa7, 0xcc, 0xf7, 0xb1, 0xdb, 0x9e, 0xc1, 0x1d,
    0x1e, 0x01, 0x59, 0xac, 0xef, 0xdf, 0x14, 0x96, 0xf7, 0x3b, 0xe3, 0xdc,
    0xcf, 0xef, 0x3e, 0x06, 0xdc, 0x15, 0xe9, 0xf3, 0x3f, 0x31, 0x25, 0x2c,
    0x1e, 0x21, 0x7f, 0xe1, 0x1b, 0xbf, 0x04, 0xe8, 0x2c, 0xfe, 0x99, 0x07,
    0x9d, 0x3e, 0x41, 0xb2, 0x26, 0xeb, 0xa1, 0x46, 0x81, 0x1f, 0x6a, 0xe6,
    0x10, 0x91, 0xa5, 0x6d, 0xdf, 0x81, 0xd4, 0x54, 0x17, 0xc8, 0x26, 0xd5,
    0x74, 0x5f, 0x16, 0xd1, 0xeb, 0xe7, 0x7f, 0xbb, 0x61, 0xf4, 0x96, 0xc2,
    0x85, 0xd1, 0x4a, 0x19, 0x15, 0x32, 0x0a, 0xc5, 0x35, 0xc7, 0x96, 0x41,
    0x48, 0x53, 0x5b, 0xeb, 0xf6, 0x02, 0x96, 0xbe, 0x17, 0x71, 0xa5, 0x94,
    0xcc, 0xa7, 0x8b, 0x14, 0x52, 0x81, 0x81, 0xad, 0xea, 0xcc, 0x2a, 0x4f,
    0x01, 0xb9, 0x12, 0x83, 0x81, 0xd1, 0xb4, 0x7f, 0xfb, 0xca, 0x7f, 0x25,
    0x7f, 0x6d, 0x97, 0x52, 0x27, 0x4c, 0x03, 0x94, 0x65, 0xbe, 0xb2, 0x0d,
    0xbb, 0xb8, 0xee, 0x22, 0xc6, 0x3c, 0x1d, 0x81, 0x63, 0x7f, 0x34, 0x3a,
    0x26, 0x3a, 0x7c, 0x21, 0x30, 0x7f, 0x56, 0x67, 0xf8, 0x78, 0x33, 0x89,
    0xaf, 0x8b, 0x51, 0x7c, 0x7f, 0x09, 0x99, 0xda, 0xca, 0xf0, 0x98, 0x06,
    0xcf, 0x24, 0x52, 0x7f, 0x91, 0x3d, 0x81, 0xd9, 0x55, 0x81, 0x13, 0x17,
    0x7c, 0x1f, 0xb9, 0x7f, 0x0a, 0x45, 0xa8, 0x5c, 0x7f, 0x2c, 0x77, 0x7f,
    0x81, 0x81, 0xc7, 0x43, 0x81, 0x73, 0x7f, 0xd4, 0x7f, 0x1f, 0x47, 0xbc,
    0xce, 0x7f, 0x4d, 0x7f, 0x7f, 0xe5, 0x7f, 0x57, 0x81, 0x7f, 0x1b, 0x81,
    0x7f, 0x27, 0xc4, 0x7f, 0x1a, 0xb3, 0xff, 0xff, 0x04, 0x00, 0x00, 0x00,
    0xf0, 0x00, 0x00, 0x00, 0xc1, 0xff, 0xff, 0xff, 0xbb, 0xff, 0xff, 0xff,
    0x2d, 0xfd, 0xff, 0xff, 0x75, 0x00, 0x00, 0x00, 0xd5, 0xff, 0xff, 0xff,
    0xca, 0xff, 0xff, 0xff, 0x13, 0x00, 0x00, 0x00, 0x1c, 0x00, 0x00, 0x00,
    0x07, 0x00, 0x00, 0x00, 0x04, 0x00, 0x00, 0x00, 0x97, 0x00, 0x00, 0x00,
    0x2b, 0x01, 0x00, 0x00, 0x6f, 0x01, 0x00, 0x00, 0x5f, 0x00, 0x00, 0x00,
    0xaa, 0xff, 0xff, 0xff, 0xb4, 0xff, 0xff, 0xff, 0x3d, 0x00, 0x00, 0x00,
    0x69, 0xfd, 0xff, 0xff, 0x88, 0x00, 0x00, 0x00, 0xf8, 0xff, 0xff, 0xff,
    0x9f, 0x00, 0x00, 0x00, 0x5d, 0xff, 0xff, 0xff, 0x02, 0x00, 0x00, 0x00,
    0xa5, 0xff, 0xff, 0xff, 0xc4, 0xff, 0xff, 0xff, 0xf8, 0xff, 0xff, 0xff,
    0x45, 0xff, 0xff, 0xff, 0xb3, 0xff, 0xff, 0xff, 0x79, 0x00, 0x00, 0x00,
    0xa9, 0xff, 0xff, 0xff, 0xe6, 0xff, 0xff, 0xff, 0x1b, 0x00, 0x00, 0x00,
    0xa3, 0x00, 0x00, 0x00, 0xc9, 0xff, 0xff, 0xff, 0x39, 0xff, 0xff, 0xff,
    0xa5, 0xff, 0xff, 0xff, 0x0c, 0x00, 0x00, 0x00, 0xb5, 0x00, 0x00, 0x00,
    0x2f, 0x00, 0x00, 0x00, 0xc0, 0xff, 0xff, 0xff, 0x0b, 0x00, 0x00, 0x00,
    0xbf, 0xff, 0xff, 0xff, 0x11, 0x00, 0x00, 0x00, 0x36, 0x00, 0x00, 0x00,
    0x0c, 0x00, 0x00, 0x00, 0x0d, 0x00, 0x00, 0x00, 0x2c, 0x00, 0x00, 0x00,
    0xa1, 0xff, 0xff, 0xff, 0x4f, 0x00, 0x00, 0x00, 0x56, 0xff, 0xff, 0xff,
    0x19, 0x00, 0x00, 0x00, 0xd6, 0x00, 0x00, 0x00, 0xed, 0xff, 0xff, 0xff,
    0x79, 0x00, 0x00, 0x00, 0x59, 0x00, 0x00, 0x00, 0x79, 0x00, 0x00, 0x00,
    0x5f, 0x00, 0x00, 0x00, 0x0a, 0x00, 0x00, 0x00, 0x19, 0x00, 0x00, 0x00,
    0x42, 0x00, 0x00, 0x00, 0x16, 0xb4, 0xff, 0xff, 0x04, 0x00, 0x00, 0x00,
    0x10, 0x0e, 0x00, 0x00, 0xc5, 0x10, 0x0e, 0x2d, 0xf1, 0x12, 0xb1, 0x29,
    0x10, 0x23, 0xcf, 0xd3, 0x45, 0x48, 0xe5, 0xc6, 0x06, 0x0a, 0x11, 0xe7,
    0x0a, 0x21, 0xd3, 0x11, 0xd8, 0xed, 0x47, 0x2e, 0x1d, 0x1a, 0xc7, 0x0a,
    0x08, 0xbf, 0xee, 0x0e, 0xe3, 0x1d, 0x12, 0xfc, 0xe1, 0xe0, 0xab, 0xb4,
    0xe9, 0x10, 0x1d, 0x0f, 0xfb, 0xce, 0x81, 0xf8, 0xe6, 0x0a, 0x04, 0xf9,
    0xce, 0xad, 0xbf, 0x36, 0xc4, 0x00, 0x20, 0xf6, 0x23, 0x49, 0xe7, 0x04,
    0x35, 0x12, 0x33, 0xe9, 0x7f, 0x10, 0xf7, 0xe0, 0xf1, 0xf0, 0xc4, 0x1b,
    0xba, 0xd9, 0xf4, 0x3b, 0xc1, 0xdf, 0x1a, 0xcb, 0x34, 0x4c, 0xfb, 0x27,
    0xea, 0xd9, 0x00, 0x49, 0x29, 0x31, 0x22, 0x19, 0xe6, 0x08, 0xf5, 0xc4,
    0x3d, 0xe9, 0xf3, 0x41, 0x38, 0xcd, 0x18, 0x17, 0x27, 0xf4, 0x29, 0x64,
    0x2b, 0xca, 0x21, 0xfc, 0xee, 0xd7, 0x04, 0xbf, 0x19, 0xa7, 0xa3, 0x11,
    0xeb, 0xf6, 0xbc, 0xde, 0x12, 0xc8, 0x50, 0x3d, 0x1b, 0x2f, 0xc1, 0x3d,
    0x11, 0x1c, 0xcd, 0x19, 0xc7, 0xf8, 0x27, 0x03, 0x15, 0xe2, 0x12, 0x83,
    0xe8, 0x5d, 0x2f, 0x2a, 0x09, 0x68, 0x2b, 0xe8, 0x10, 0x1d, 0x6e, 0x1e,
    0xc4, 0x2b, 0xf7, 0x20, 0x18, 0x32, 0x74, 0x13, 0x65, 0xfa, 0x81, 0x09,
    0xd7, 0x1a, 0x49, 0xed, 0x1e, 0x2b, 0xdd, 0xc7, 0x25, 0x02, 0x10, 0x18,
    0xf3, 0x3d, 0xcf, 0xe7, 0x2c, 0x22, 0x04, 0x03, 0xd1, 0x09, 0xe4, 0x10,
    0x36, 0xf7, 0x71, 0x02, 0xff, 0x48, 0xd2, 0xf2, 0xfb, 0x07, 0x44, 0x43,
    0xfa, 0xf4, 0xfa, 0x81, 0xd4, 0xef, 0x1a, 0xd5, 0x09, 0xd9, 0x1c, 0xd0,
    0xdc, 0xf4, 0x24, 0x97, 0x53, 0xf3, 0x48, 0xbb, 0x1b, 0xea, 0xb7, 0xfd,
    0x1b, 0xc3, 0xff, 0xd1, 0xf9, 0x35, 0x2d, 0xe1, 0xf5, 0xa0, 0x1f, 0xeb,
    0xe1, 0xec, 0xd9, 0x05, 0x36, 0xe9, 0xd9, 0x05, 0x3a, 0x59, 0xe0, 0x29,
    0xce, 0x2e, 0x2b, 0x2c, 0x38, 0xf6, 0x16, 0x74, 0x1a, 0xa7, 0xc0, 0x32,
    0x38, 0xec, 0x41, 0xa2, 0x11, 0x24, 0x07, 0x4c, 0x5b, 0x31, 0x30, 0xa6,
    0xf7, 0x0e, 0x04, 0x81, 0x59, 0x6e, 0x11, 0xcd, 0xe9, 0x26, 0x32, 0x41,
    0xf6, 0x49, 0x05, 0xd7, 0x28, 0xf4, 0xf1, 0x48, 0x44, 0xfa, 0x07, 0x13,
    0x2a, 0xac, 0xef, 0xff, 0x0d, 0x1a, 0x06, 0xc7, 0x12, 0xce, 0xd4, 0xe4,
    0xff, 0x0a, 0x45, 0x96, 0xc7, 0xd2, 0x06, 0xf1, 0xd1, 0x7f, 0xf6, 0xf0,
    0x16, 0xe8, 0xf5, 0x02, 0x05, 0xb2, 0xd6, 0x0a, 0x07, 0x0f, 0xc8, 0xf5,
    0xcd, 0xd3, 0x32, 0x1d, 0xd3, 0xc2, 0xb5, 0x40, 0xa6, 0x08, 0xf3, 0x1e,
    0x03, 0x13, 0x22, 0x40, 0x34, 0xfe, 0xea, 0xb4, 0xc0, 0x09, 0x81, 0xf3,
    0xed, 0x09, 0xb6, 0x01, 0x0a, 0x34, 0xe2, 0xe4, 0x49, 0xfa, 0x27, 0x23,
    0xec, 0xb1, 0xff, 0x00, 0xd7, 0xea, 0x38, 0x44, 0x06, 0xef, 0x06, 0xea,
    0xcf, 0x04, 0xb0, 0x19, 0xfe, 0x10, 0xed, 0x0f, 0xc7, 0x0f, 0x10, 0x08,
    0x08, 0x15, 0x2b, 0x10, 0xf8, 0x0d, 0x9f, 0x13, 0xed, 0x1d, 0x45, 0x1c,
    0x10, 0xda, 0x25, 0x14, 0x17, 0xbc, 0x2c, 0x14, 0xed, 0x09, 0xdf, 0x3e,
    0x02, 0x24, 0x2b, 0xd9, 0x50, 0x63, 0x1d, 0x9a, 0x33, 0x0c, 0x81, 0x09,
    0x14, 0xfa, 0xda, 0x28, 0xa7, 0xfa, 0xff, 0x1f, 0x08, 0x79, 0x5c, 0xe1,
    0x1b, 0x0d, 0xfa, 0xda, 0xff, 0xf7, 0xe6, 0x2a, 0x0a, 0x3c, 0xb4, 0x2b,
    0xc9, 0xe3, 0xca, 0x0b, 0x14, 0x96, 0x0c, 0x27, 0xec, 0xd1, 0x1e, 0x39,
    0xc3, 0xb3, 0xe9, 0x5d, 0x06, 0x0e, 0x17, 0xf4, 0x92, 0x2f, 0xe4, 0xf1,
    0xc5, 0x13, 0xd0, 0xe9, 0x0f, 0x10, 0x81, 0x1f, 0x3a, 0x03, 0x14, 0xfc,
    0xc9, 0xbc, 0x17, 0xea, 0xe4, 0xc3, 0x7b, 0x27, 0x19, 0xd3, 0x05, 0x22,
    0x64, 0xf4, 0xdd, 0xda, 0x54, 0xda, 0x1d, 0x97, 0xff, 0x34, 0xfa, 0xce,
    0xf6, 0x0d, 0xe4, 0x1c, 0x09, 0x28, 0x2d, 0x3f, 0x26, 0xc7, 0x00, 0xc8,
    0xcd, 0x25, 0x37, 0xda, 0x08, 0x51, 0xbf, 0xec, 0xf4, 0x18, 0x33, 0x0a,
    0xe9, 0x27, 0x9a, 0x03, 0xdb, 0x05, 0xce, 0x1c, 0x23, 0xd0, 0xe7, 0xe7,
    0xeb, 0x0a, 0x03, 0x9b, 0xd7, 0x0c, 0x4d, 0xe5, 0x12, 0xeb, 0x1c, 0x81,
    0xf6, 0xfc, 0xfd, 0x08, 0x0d, 0xbe, 0x0f, 0xd3, 0xf5, 0x03, 0x1a, 0xfa,
    0xe4, 0x18, 0x16, 0x35, 0xf8, 0xf1, 0xf8, 0x11, 0xef, 0x30, 0xe9, 0xe4,
    0xf1, 0x0e, 0x03, 0x0b, 0xf8, 0x4f, 0x28, 0x23, 0x52, 0x2b, 0xfc, 0xc4,
    0xbf, 0x73, 0xb4, 0xf0, 0xe8, 0x8f, 0x1a, 0x29, 0xeb, 0xae, 0x1e, 0xb3,
    0xd0, 0xcd, 0x54, 0xb0, 0xf5, 0xa8, 0xb3, 0xda, 0x2e, 0xef, 0x09, 0x1b,
    0xc9, 0xcc, 0x8f, 0x90, 0xc3, 0xec, 0x4a, 0x30, 0xcb, 0x2f, 0xe7, 0xe7,
    0xeb, 0x47, 0x7f, 0xfe, 0x2e, 0x28, 0xf1, 0xf5, 0x47, 0x4f, 0xc9, 0x5c,
    0xcb, 0xeb, 0x3d, 0xc8, 0x90, 0x2e, 0x30, 0xc6, 0xfb, 0xda, 0xdc, 0x32,
    0x31, 0x0e, 0xcb, 0x19, 0xcc, 0xe4, 0xa2, 0xdf, 0xb1, 0x40, 0x25, 0xb1,
    0xe0, 0xf8, 0x1b, 0x72, 0x51, 0xa3, 0x57, 0xc7, 0x27, 0xee, 0xf5, 0xd8,
    0x2a, 0x2f, 0x20, 0x38, 0x17, 0xf5, 0x04, 0xd4, 0x47, 0x44, 0x0f, 0x81,
    0xf5, 0x0f, 0xc4, 0xff, 0x37, 0x12, 0xd0, 0x2f, 0xf9, 0x85, 0x4d, 0xcc,
    0x1c, 0xf6, 0x17, 0x42, 0x01, 0xd8, 0xbb, 0xf8, 0xd0, 0xe8, 0xfe, 0x14,
    0xe3, 0xfe, 0x02, 0xcf, 0xbd, 0x21, 0xe9, 0xab, 0xf6, 0xac, 0xdf, 0xee,
    0xe6, 0x2c, 0xd5, 0x4b, 0xc7, 0x0d, 0x8f, 0x09, 0x03, 0x7f, 0x1b, 0xf9,
    0xcf, 0x2d, 0xa2, 0xec, 0xbf, 0x27, 0x3a, 0x2d, 0xc2, 0xf1, 0x00, 0x62,
    0xe8, 0x34, 0x1a, 0xff, 0xc5, 0xa0, 0xe4, 0xeb, 0xeb, 0x17, 0x01, 0xec,
    0xfd, 0xac, 0xeb, 0xf0, 0x1e, 0xb7, 0x13, 0xfc, 0x03, 0xfd, 0x05, 0x2f,
    0x29, 0x07, 0x24, 0xf8, 0x4d, 0x0a, 0x40, 0xf4, 0x24, 0x36, 0xd9, 0x21,
    0xd5, 0x70, 0xd1, 0x56, 0x24, 0x11, 0xe2, 0xc7, 0xeb, 0x7f, 0xf4, 0x8e,
    0x1a, 0x14, 0xec, 0x3c, 0x16, 0x2a, 0xed, 0xcc, 0x1c, 0xf3, 0x11, 0x06,
    0xd2, 0xc9, 0xe8, 0x0a, 0xe0, 0xf1, 0xdd, 0xc9, 0x64, 0xe9, 0xcb, 0xda,
    0x2a, 0xc5, 0x22, 0xa5, 0xdf, 0x10, 0xf3, 0xeb, 0xe1, 0xc2, 0x4e, 0xd7,
    0x32, 0xbe, 0x1e, 0xf1, 0x26, 0xe3, 0xaf, 0xeb, 0xde, 0xe7, 0xe9, 0xef,
    0xe4, 0x54, 0x05, 0xcd, 0x12, 0x25, 0xce, 0x0e, 0x27, 0xe4, 0xf7, 0xc9,
    0xd5, 0x24, 0x00, 0xd9, 0x33, 0xf3, 0x1a, 0xd3, 0x54, 0xf0, 0x42, 0x21,
    0xfb, 0xbb, 0x58, 0x09, 0x10, 0x09, 0x7f, 0xcf, 0xdd, 0x15, 0xe8, 0x1d,
    0x15, 0x5b, 0xf6, 0xd3, 0x59, 0x33, 0xbc, 0x9c, 0x2c, 0x04, 0x25, 0xdc,
    0x03, 0xeb, 0x18, 0x46, 0xc2, 0xb9, 0x07, 0xcd, 0xef, 0xea, 0x08, 0xef,
    0x16, 0x65, 0x44, 0x4a, 0xea, 0x7f, 0xf4, 0x4d, 0xf6, 0xcf, 0xf6, 0x10,
    0xad, 0x16, 0x95, 0xeb, 0xdb, 0xac, 0x33, 0xbb, 0xc8, 0x05, 0x0b, 0xe9,
    0xef, 0x0d, 0x58, 0xae, 0xfd, 0xf5, 0x49, 0x19, 0xc4, 0xed, 0x91, 0xaf,
    0x1a, 0x42, 0xee, 0x8e, 0xc6, 0x24, 0xee, 0xfe, 0xed, 0x07, 0xe4, 0x13,
    0x01, 0x1c, 0xec, 0x07, 0xc8, 0xf5, 0x81, 0x13, 0x07, 0xe2, 0x15, 0x1c,
    0xd0, 0x05, 0xd0, 0x3e, 0xe5, 0xdf, 0x07, 0x0d, 0x15, 0xdf, 0x20, 0x3d,
    0x08, 0xcd, 0x14, 0x06, 0x39, 0xf3, 0xda, 0xc9, 0xf9, 0x04, 0x0a, 0xe8,
    0xcc, 0xe7, 0xf7, 0xf3, 0xf0, 0x3c, 0xde, 0xed, 0xdd, 0xca, 0xdd, 0xbd,
    0x0b, 0x0e, 0xe4, 0x0f, 0x37, 0xbc, 0x23, 0x9b, 0xb4, 0xc2, 0xc5, 0x84,
    0xd2, 0xca, 0xf2, 0xe4, 0x1a, 0x74, 0x3a, 0xaa, 0x13, 0x21, 0xf1, 0xff,
    0x40, 0xbd, 0xea, 0x36, 0xff, 0xf6, 0xcf, 0x2d, 0xc7, 0x02, 0x30, 0xed,
    0x1b, 0x1d, 0x37, 0x2f, 0xe2, 0xdb, 0xa2, 0x45, 0x37, 0x13, 0x05, 0x81,
    0xfb, 0xcd, 0x36, 0x4a, 0x49, 0xf7, 0x17, 0xc9, 0xe3, 0x42, 0xdf, 0xd9,
    0xb8, 0x32, 0x53, 0x0e, 0xd5, 0x44, 0xfb, 0x42, 0xce, 0xea, 0x0a, 0xe4,
    0x00, 0x4b, 0xec, 0x14, 0xe7, 0xe8, 0x58, 0x12, 0xf7, 0x11, 0x21, 0x1c,
    0x0c, 0xe1, 0xa0, 0xd3, 0xca, 0x03, 0xfc, 0xe9, 0x4e, 0xf1, 0xf3, 0xf2,
    0xa9, 0x7f, 0xce, 0x04, 0xc7, 0x27, 0x36, 0x10, 0x2c, 0x0b, 0x52, 0xde,
    0xa1, 0x52, 0xe0, 0x1b, 0x06, 0x37, 0x22, 0x10, 0x0c, 0x2f, 0xc5, 0x60,
    0xb4, 0x1e, 0xc1, 0x0c, 0x02, 0x26, 0xe5, 0xcc, 0xde, 0xd7, 0x28, 0x81,
    0x00, 0x5b, 0x48, 0x00, 0x2b, 0x1c, 0x20, 0xc0, 0x31, 0x08, 0xee, 0xf7,
    0x00, 0xda, 0x3f, 0xc4, 0xce, 0xc9, 0xe2, 0x33, 0x4e, 0xf6, 0x25, 0x04,
    0x1d, 0x19, 0x04, 0xde, 0x39, 0x47, 0xfd, 0xdd, 0x34, 0x1a, 0xd1, 0xe5,
    0x04, 0xdc, 0x0a, 0x1c, 0x0d, 0x1e, 0x4b, 0x26, 0x1e, 0xac, 0x0c, 0x09,
    0xe2, 0x31, 0x1b, 0xcc, 0xdb, 0x81, 0xbc, 0x23, 0xdd, 0xa3, 0x42, 0xfe,
    0x0c, 0xe1, 0xc6, 0xe6, 0x2d, 0x05, 0xb8, 0xc6, 0xcd, 0x0a, 0xad, 0x0c,
    0x20, 0x12, 0xef, 0xd7, 0x38, 0xc8, 0xe9, 0x0b, 0x01, 0x6c, 0x4c, 0xc2,
    0x6e, 0xb8, 0x23, 0x05, 0x2b, 0x2f, 0xcc, 0x36, 0xf2, 0x19, 0xf7, 0x4c,
    0x50, 0xaf, 0xeb, 0xa3, 0xf6, 0xc5, 0xd7, 0xd7, 0x35, 0x29, 0xa5, 0x71,
    0xf4, 0x90, 0xbb, 0xf5, 0x18, 0xfb, 0x19, 0x0c, 0x23, 0x2e, 0x07, 0x06,
    0xaa, 0xed, 0x15, 0xe5, 0x0a, 0xfd, 0x08, 0x16, 0xc8, 0xf5, 0xb9, 0xc6,
    0x28, 0x44, 0xe2, 0x17, 0xd6, 0x30, 0xee, 0xfa, 0x8d, 0xbb, 0xe5, 0x36,
    0xc5, 0xb7, 0x51, 0xe7, 0xcb, 0x81, 0xea, 0x06, 0xa5, 0xe3, 0xcd, 0x8e,
    0x08, 0x3c, 0x43, 0xd2, 0x1e, 0x2d, 0xcb, 0xfe, 0xd3, 0x5b, 0x2a, 0xc6,
    0xdf, 0x14, 0x00, 0x05, 0xed, 0x17, 0x91, 0x4e, 0x7f, 0x3f, 0xae, 0xfc,
    0xd3, 0xe7, 0x11, 0x08, 0xf1, 0xce, 0x4d, 0x12, 0xb4, 0xf9, 0xe1, 0xaf,
    0x16, 0x0e, 0x1b, 0x52, 0x85, 0x54, 0x17, 0x21, 0x3f, 0xf6, 0xa3, 0xcd,
    0x1d, 0x83, 0x54, 0x29, 0xef, 0x14, 0xff, 0xd9, 0x0a, 0x04, 0xc7, 0xcc,
    0x4d, 0xdc, 0xe1, 0xe6, 0x5e, 0xb0, 0x9e, 0xba, 0x88, 0xf9, 0x21, 0xf8,
    0xf6, 0x16, 0xf1, 0x22, 0xd4, 0xf9, 0x0c, 0xbd, 0xf9, 0x9b, 0xfa, 0xec,
    0x93, 0x74, 0x0e, 0xfb, 0x12, 0x15, 0x64, 0xf1, 0xfa, 0x2b, 0x33, 0xd2,
    0xd1, 0x4e, 0x98, 0xcc, 0x87, 0xeb, 0xe3, 0x32, 0x3c, 0xce, 0x60, 0xe1,
    0x25, 0x7b, 0x35, 0x81, 0xbe, 0x06, 0xe4, 0xe7, 0x67, 0x33, 0x5e, 0x13,
    0xe4, 0x24, 0xe1, 0x32, 0x11, 0x2e, 0x01, 0x16, 0x04, 0x41, 0xad, 0x20,
    0xec, 0xf4, 0xfd, 0xe9, 0x43, 0xcb, 0x10, 0xd5, 0x3c, 0x02, 0x11, 0xb3,
    0x42, 0xdc, 0x41, 0xc2, 0x03, 0xf9, 0x33, 0xd6, 0x0e, 0x35, 0xfa, 0xe4,
    0xc2, 0x04, 0xa7, 0x81, 0xf3, 0x0f, 0x02, 0x02, 0xe2, 0x12, 0x09, 0xda,
    0x3b, 0xde, 0x56, 0xd5, 0xf6, 0xb4, 0x08, 0x30, 0x23, 0x2d, 0x5b, 0x47,
    0xe2, 0x07, 0xb1, 0x38, 0xfb, 0x15, 0xd5, 0x2b, 0xc9, 0xef, 0x57, 0x18,
    0x1c, 0x19, 0xbb, 0xdd, 0x07, 0xff, 0x06, 0x81, 0x4e, 0x97, 0x0f, 0xdc,
    0xb5, 0x4f, 0xc4, 0x00, 0x45, 0xf0, 0xff, 0xb4, 0xfc, 0x6d, 0xf9, 0x06,
    0xe7, 0x12, 0xe8, 0xda, 0xe2, 0x68, 0xea, 0x0f, 0xd8, 0xe6, 0xda, 0xe2,
    0x0e, 0x3b, 0x09, 0x9f, 0xe0, 0xfb, 0xee, 0xc0, 0x0a, 0x3e, 0x55, 0x27,
    0xdb, 0x19, 0xcb, 0xac, 0x24, 0xfe, 0x58, 0xeb, 0xdd, 0xed, 0xa3, 0x2d,
    0xd9, 0xbc, 0x17, 0x06, 0x21, 0xe0, 0x2d, 0xe9, 0xa7, 0x10, 0xd5, 0xc4,
    0x12, 0x13, 0xc7, 0xfb, 0x25, 0xfa, 0x5a, 0x31, 0xe1, 0x6a, 0xb1, 0xd7,
    0x04, 0xf6, 0xcf, 0x6c, 0x69, 0x22, 0x24, 0xb1, 0xae, 0x69, 0x0a, 0xd8,
    0x1a, 0xff, 0x19, 0xd7, 0x23, 0xbf, 0xf9, 0xb7, 0x00, 0xe2, 0x56, 0xe5,
    0x22, 0x06, 0xaa, 0xfb, 0x1e, 0x9f, 0x09, 0xe5, 0x7f, 0xce, 0x0b, 0xd7,
    0xd3, 0xe3, 0x03, 0x36, 0xe5, 0xdb, 0xff, 0x06, 0xec, 0x89, 0x1b, 0x7f,
    0x43, 0xdb, 0xcb, 0x14, 0xcf, 0xf5, 0xee, 0xd3, 0xd9, 0x07, 0x49, 0xfd,
    0x22, 0xf8, 0xf3, 0x56, 0x2b, 0x68, 0x09, 0x11, 0x77, 0xb1, 0xfa, 0xd1,
    0x25, 0xa8, 0xf1, 0x18, 0xf6, 0xea, 0xd2, 0xf4, 0xc8, 0xdd, 0xbd, 0x25,
    0x24, 0x12, 0x12, 0xfd, 0x45, 0x05, 0xd4, 0x1d, 0x00, 0xf7, 0x1c, 0xf6,
    0x2c, 0xd9, 0x87, 0x3b, 0x17, 0x16, 0x57, 0xbc, 0xf6, 0x42, 0x00, 0xba,
    0x05, 0xec, 0x2e, 0xc7, 0xeb, 0x21, 0xcb, 0xf6, 0x17, 0x0c, 0xda, 0x14,
    0x81, 0xf8, 0x2a, 0xdb, 0xc7, 0x9e, 0xd5, 0xc9, 0x01, 0xe2, 0xdb, 0xf4,
    0x0a, 0xc9, 0x03, 0x00, 0x43, 0x8d, 0x0a, 0xba, 0xd4, 0x2a, 0xff, 0xec,
    0xa1, 0xc5, 0xc5, 0x32, 0xe1, 0x04, 0x3d, 0x11, 0x3b, 0xf1, 0x20, 0xd9,
    0xf9, 0x3a, 0xd0, 0x04, 0xd5, 0xba, 0x31, 0xef, 0xe8, 0x01, 0xe9, 0x56,
    0xac, 0xcf, 0xec, 0xd2, 0x6f, 0xf3, 0xfa, 0xe3, 0x36, 0xe0, 0x11, 0x11,
    0x9a, 0x10, 0xbb, 0x50, 0xd9, 0x7f, 0xf9, 0x2c, 0x08, 0xf7, 0x96, 0x92,
    0x3c, 0x92, 0xf2, 0x03, 0x13, 0x20, 0x41, 0x28, 0xce, 0xe5, 0x25, 0x92,
    0x1a, 0xfb, 0xe1, 0x1a, 0x12, 0xfe, 0xf6, 0xd0, 0x10, 0x24, 0x2c, 0xe1,
    0xf2, 0x32, 0x0a, 0x1e, 0xfb, 0x05, 0xd6, 0xe1, 0x8b, 0x1e, 0x5f, 0x29,
    0xe1, 0xfb, 0x03, 0x5a, 0x13, 0x20, 0xfb, 0x4c, 0xc2, 0x3f, 0x2b, 0x74,
    0xe2, 0x4a, 0x81, 0x05, 0x95, 0x29, 0x46, 0xf4, 0x31, 0x29, 0x50, 0xd9,
    0x28, 0x39, 0xde, 0x96, 0xbd, 0xd8, 0x63, 0xfe, 0xf1, 0x04, 0xdf, 0x33,
    0x95, 0x1b, 0x01, 0x94, 0x5b, 0x0f, 0xc8, 0xf0, 0x28, 0x26, 0xc5, 0x03,
    0x36, 0x0f, 0xd1, 0x3f, 0x0e, 0x05, 0x0a, 0x53, 0x98, 0x15, 0xf5, 0x0f,
    0xdb, 0xfd, 0xca, 0xe2, 0xfd, 0xf9, 0x04, 0xe7, 0x2a, 0xfa, 0x24, 0xcc,
    0xca, 0xb6, 0xa6, 0x35, 0xd5, 0xfa, 0x16, 0xe8, 0xff, 0xf1, 0x17, 0x02,
    0x24, 0xf1, 0x1e, 0xdd, 0xea, 0x2b, 0x13, 0xf0, 0xe4, 0x03, 0xd0, 0x20,
    0xc7, 0xfc, 0xf7, 0x1f, 0x06, 0xd4, 0x81, 0x27, 0x05, 0xf9, 0x51, 0xf6,
    0x30, 0xfa, 0xd0, 0x69, 0x00, 0x18, 0x1c, 0xd0, 0x4e, 0xa7, 0xe2, 0x23,
    0x27, 0x7f, 0xb1, 0xdd, 0x7d, 0xd2, 0x20, 0xea, 0xf0, 0x4d, 0xad, 0x02,
    0x2b, 0x12, 0xf3, 0x40, 0xd6, 0xd9, 0x07, 0x76, 0x26, 0xd2, 0x0d, 0x01,
    0x3b, 0x60, 0x0f, 0xd9, 0xfc, 0x55, 0x6d, 0xdf, 0x51, 0xd0, 0x24, 0xba,
    0x03, 0x4e, 0x1d, 0xdc, 0xe0, 0xec, 0x27, 0xc6, 0x4f, 0x03, 0xe8, 0x3c,
    0x03, 0xd2, 0xf4, 0x29, 0xf7, 0x24, 0x43, 0xcc, 0x29, 0xc6, 0x0c, 0xca,
    0xf9, 0x0b, 0xc9, 0xd9, 0xbe, 0x13, 0xcb, 0xfc, 0xe5, 0x24, 0xd4, 0xbf,
    0xf5, 0x6a, 0xfd, 0x99, 0x07, 0xea, 0xc9, 0x81, 0x25, 0x3e, 0xd4, 0xa3,
    0xe8, 0x08, 0xbc, 0xc6, 0x0d, 0x57, 0x1f, 0xd0, 0x49, 0xe1, 0x7a, 0x18,
    0x07, 0xcb, 0x6b, 0x0e, 0x1f, 0x2d, 0x14, 0xe7, 0xc4, 0xb5, 0x18, 0x16,
    0x1d, 0x0e, 0x00, 0x07, 0x21, 0x08, 0xc9, 0xe1, 0xd7, 0x24, 0x25, 0x3c,
    0x2b, 0xca, 0xd2, 0xde, 0x20, 0x45, 0xcb, 0x27, 0x34, 0x01, 0x5d, 0xfe,
    0x74, 0x96, 0xb3, 0xfd, 0x0c, 0x03, 0x3b, 0x4a, 0xe5, 0x2d, 0xf5, 0x2d,
    0x21, 0xe4, 0x17, 0xd1, 0x55, 0x0e, 0x34, 0x24, 0xef, 0xe0, 0x0c, 0x27,
    0x2c, 0x0a, 0x7f, 0xf0, 0x3c, 0xb9, 0xe0, 0x5a, 0x9b, 0x3e, 0x3a, 0x63,
    0xf0, 0x0e, 0x35, 0x3e, 0x22, 0x05, 0x78, 0xf5, 0x6b, 0x3c, 0xe8, 0xeb,
    0x2b, 0xbd, 0x43, 0xbf, 0xeb, 0x2d, 0xe4, 0xfa, 0x7f, 0x0d, 0x3f, 0x44,
    0xda, 0x0d, 0xfb, 0x41, 0xbe, 0x08, 0xe4, 0xf0, 0x2c, 0xbc, 0xeb, 0xb3,
    0x09, 0x17, 0xe5, 0xe1, 0x28, 0x40, 0x35, 0xf4, 0xf9, 0xf8, 0xf5, 0x1c,
    0xdb, 0xef, 0xcc, 0x3a, 0xb3, 0x05, 0x59, 0xf7, 0x4d, 0xec, 0x44, 0x3d,
    0x14, 0x0b, 0x40, 0x42, 0xf5, 0x19, 0xed, 0x23, 0x08, 0x17, 0xf5, 0xe4,
    0x0f, 0x02, 0xb1, 0xc6, 0xf6, 0xf0, 0xde, 0xd1, 0x16, 0x2a, 0xd4, 0xd6,
    0xe8, 0xed, 0xab, 0x54, 0x06, 0xdf, 0x02, 0xed, 0xea, 0xe3, 0xe3, 0x2e,
    0x63, 0xba, 0xc2, 0xc5, 0x19, 0x16, 0x0d, 0x0e, 0x90, 0xbd, 0xdc, 0xde,
    0x0a, 0xe9, 0x1e, 0xe1, 0xe8, 0x81, 0x11, 0xf0, 0x0f, 0x11, 0x48, 0x41,
    0xc7, 0x3e, 0x1b, 0xf5, 0xeb, 0x1f, 0x21, 0x3a, 0x61, 0xdb, 0x7f, 0xc8,
    0x1a, 0xff, 0xd7, 0xf1, 0x18, 0xf1, 0xd9, 0x02, 0xec, 0x1e, 0xcc, 0xab,
    0xd0, 0x4d, 0xc0, 0xa4, 0xdd, 0x27, 0xb8, 0xfa, 0x0c, 0x1f, 0x2e, 0x4f,
    0xff, 0x37, 0x1c, 0xd9, 0xfa, 0xd6, 0xb0, 0xf5, 0x2f, 0x29, 0xba, 0xd6,
    0xde, 0xe1, 0x5d, 0xb6, 0x09, 0x25, 0x4b, 0x07, 0x1a, 0xdd, 0xd0, 0x07,
    0xc4, 0xee, 0x44, 0xd9, 0x5e, 0x25, 0xe2, 0xd8, 0xd6, 0x5c, 0xba, 0x0b,
    0x49, 0x15, 0x26, 0xec, 0x64, 0x0f, 0x56, 0xa8, 0x1b, 0xfa, 0x13, 0x30,
    0x35, 0xff, 0x23, 0x1a, 0x04, 0x2d, 0x06, 0x00, 0x14, 0xee, 0x3b, 0x1d,
    0x1d, 0xec, 0x19, 0x33, 0xee, 0xc4, 0xe2, 0xec, 0x34, 0x04, 0x8f, 0x3f,
    0x0e, 0x33, 0xce, 0x56, 0x44, 0xcc, 0xe5, 0x25, 0xd5, 0xf2, 0xb6, 0x07,
    0x25, 0xc7, 0xd1, 0x81, 0x35, 0x41, 0x62, 0xf5, 0x9b, 0x06, 0x97, 0xb1,
    0xe0, 0x1c, 0x9c, 0xf6, 0x0e, 0xda, 0xe0, 0x16, 0x03, 0xa5, 0xb9, 0xd4,
    0x02, 0xbb, 0x5e, 0xf9, 0x16, 0xc5, 0x81, 0x12, 0xc9, 0xc9, 0xf6, 0x0c,
    0x17, 0xd2, 0xa6, 0xe6, 0x39, 0x15, 0x7c, 0x1b, 0x3b, 0x35, 0x54, 0xd3,
    0xd1, 0xdf, 0x39, 0x32, 0xc9, 0xc5, 0x1e, 0x14, 0xde, 0xe3, 0xd3, 0x1d,
    0xcc, 0x0d, 0x08, 0xec, 0xba, 0x14, 0x14, 0xe4, 0xd9, 0x35, 0x25, 0xf7,
    0x00, 0x6a, 0xcb, 0x44, 0x3e, 0x98, 0x21, 0x42, 0x1e, 0xda, 0x5e, 0xfe,
    0x45, 0xaf, 0x04, 0xa1, 0xae, 0x0b, 0xd6, 0xe7, 0x53, 0x0c, 0xe2, 0x34,
    0xe1, 0x2a, 0xd2, 0x14, 0x3c, 0xf3, 0xf4, 0xc2, 0x40, 0x21, 0x4a, 0xdf,
    0x4b, 0xf7, 0x33, 0x17, 0xcd, 0xe0, 0x03, 0x1b, 0xcc, 0x27, 0x47, 0x7f,
    0x06, 0xf6, 0xfa, 0xb6, 0xeb, 0x03, 0x59, 0x1c, 0xce, 0xeb, 0x0c, 0x81,
    0xf1, 0x05, 0xb3, 0x1e, 0xe0, 0x16, 0xda, 0xcb, 0x25, 0xe3, 0x28, 0x17,
    0xe5, 0x05, 0xbc, 0x02, 0xe4, 0x9e, 0x4c, 0xeb, 0x01, 0x01, 0xec, 0x2f,
    0xe0, 0x19, 0x10, 0xb7, 0x09, 0xfe, 0x2a, 0xaf, 0x56, 0x36, 0x0e, 0xb1,
    0xdb, 0xec, 0xa5, 0x1a, 0xfe, 0xfd, 0xc3, 0xf1, 0x2a, 0xd2, 0x2e, 0xc3,
    0x11, 0xea, 0xfd, 0xb1, 0x25, 0x51, 0xe9, 0xd5, 0x49, 0xbe, 0x0d, 0xc0,
    0x0a, 0x16, 0x08, 0xde, 0x0f, 0x1b, 0x22, 0x06, 0x37, 0x3f, 0x2a, 0xed,
    0x2c, 0x81, 0x45, 0x9d, 0xad, 0x33, 0x00, 0xdd, 0xee, 0xc9, 0xdb, 0xf3,
    0x1d, 0xc9, 0xbf, 0x4c, 0x36, 0xe3, 0xfa, 0x18, 0x22, 0xdc, 0x19, 0x2e,
    0x9a, 0xc8, 0xd5, 0xdf, 0x03, 0xcb, 0x45, 0xfd, 0x25, 0xf9, 0x3b, 0xfe,
    0x9f, 0x36, 0x0b, 0x2b, 0xeb, 0x5e, 0x03, 0x8c, 0x13, 0x7b, 0x81, 0xf1,
    0x76, 0xd4, 0x1d, 0xf4, 0x46, 0x09, 0x5c, 0xd2, 0xe3, 0x2c, 0xdb, 0x1a,
    0xd2, 0x09, 0x28, 0x90, 0xb7, 0xbd, 0xa9, 0x1b, 0xe0, 0xfa, 0x60, 0x1e,
    0xe6, 0x14, 0x3a, 0x68, 0x53, 0x39, 0xf7, 0xf5, 0x61, 0xf8, 0xd9, 0x25,
    0xc6, 0xee, 0x36, 0x40, 0x3d, 0xf1, 0x27, 0x47, 0x14, 0x04, 0x24, 0x52,
    0x22, 0x45, 0xa7, 0xc2, 0x13, 0xf7, 0x08, 0xc3, 0x21, 0xa1, 0x08, 0xe0,
    0x27, 0x0b, 0x23, 0x07, 0xe6, 0x65, 0x81, 0x22, 0x12, 0x44, 0x5c, 0x30,
    0xd8, 0xe6, 0xff, 0x09, 0x20, 0x4c, 0x13, 0xd9, 0x2b, 0x11, 0x0b, 0xf8,
    0x1c, 0xc8, 0xbc, 0x03, 0xcf, 0x1e, 0xee, 0xef, 0x94, 0xfe, 0xf2, 0x29,
    0xd9, 0x0d, 0xf3, 0xe0, 0x48, 0x01, 0xed, 0xd8, 0xe6, 0xef, 0x47, 0x0c,
    0xf2, 0x1f, 0x1b, 0xe8, 0x2c, 0x93, 0x32, 0x18, 0x4f, 0x2d, 0x29, 0x0e,
    0x07, 0x0d, 0x4a, 0x25, 0x1f, 0xd6, 0x56, 0x27, 0xfd, 0x50, 0xde, 0x20,
    0x16, 0x4c, 0xf8, 0x50, 0xdb, 0x0c, 0x27, 0xaf, 0x0e, 0x08, 0xeb, 0xaa,
    0x0f, 0xdd, 0x2e, 0x0b, 0xbc, 0x30, 0xef, 0x04, 0x14, 0x01, 0xe4, 0x24,
    0xfd, 0x16, 0x48, 0x34, 0x22, 0x1e, 0x24, 0xe6, 0x7f, 0xde, 0xba, 0x35,
    0xdc, 0xab, 0x58, 0xf9, 0xdd, 0x59, 0x69, 0x81, 0xf6, 0x3a, 0x14, 0xe6,
    0x13, 0x37, 0xd4, 0x02, 0xe1, 0x2c, 0x50, 0x18, 0xd8, 0x14, 0xb9, 0x39,
    0xb5, 0xda, 0x0d, 0xc1, 0x2e, 0x16, 0xf4, 0x19, 0x3a, 0x8f, 0xae, 0xde,
    0x49, 0xef, 0xca, 0xa2, 0x30, 0xc9, 0xcd, 0xe0, 0xdd, 0xf1, 0xc4, 0xae,
    0x01, 0xcf, 0x5d, 0xc2, 0xde, 0x28, 0xfc, 0xbb, 0x51, 0xaa, 0x36, 0xad,
    0xe1, 0xe4, 0x0d, 0x87, 0xc3, 0x20, 0x2a, 0x07, 0xde, 0xff, 0xf2, 0x12,
    0xf0, 0x0c, 0xf8, 0x3f, 0x02, 0x0b, 0x2f, 0x00, 0x00, 0xce, 0x0e, 0x07,
    0xe0, 0xed, 0x37, 0x0b, 0xc9, 0xf5, 0xcf, 0xea, 0x55, 0x26, 0x0e, 0xc4,
    0xe5, 0x4b, 0x01, 0x23, 0x08, 0x28, 0x43, 0x3a, 0x36, 0xeb, 0xf3, 0x09,
    0xbf, 0xe6, 0x22, 0x30, 0xf7, 0xde, 0x3b, 0x3e, 0xfa, 0xf4, 0xfb, 0x7f,
    0xf9, 0x1b, 0xe0, 0x02, 0xe0, 0x8e, 0xc2, 0xff, 0xf5, 0xe3, 0x0e, 0x2d,
    0xea, 0x6c, 0x20, 0x4d, 0xe2, 0xaf, 0x1b, 0xbf, 0x16, 0x0b, 0x35, 0x54,
    0x1e, 0xdf, 0xd6, 0xfa, 0xaa, 0xda, 0x1c, 0x4d, 0x3b, 0xc7, 0x40, 0x81,
    0xcd, 0x41, 0xfb, 0xf4, 0xf8, 0x1d, 0xec, 0x00, 0xff, 0xee, 0x01, 0x13,
    0xc8, 0x32, 0xb6, 0x0d, 0xcc, 0x27, 0x0e, 0xfe, 0x59, 0x1c, 0xaa, 0xc1,
    0xf3, 0xa8, 0xf6, 0xf6, 0x28, 0xe2, 0xc7, 0x10, 0x39, 0x0e, 0xfb, 0x03,
    0xc9, 0x44, 0x12, 0x4f, 0xf9, 0x3d, 0x81, 0x06, 0xea, 0x5b, 0x38, 0xff,
    0xf5, 0x55, 0xc8, 0x74, 0x08, 0xdb, 0xf0, 0x30, 0x15, 0xb0, 0xfd, 0x26,
    0xfb, 0xe1, 0xde, 0x09, 0x48, 0x0c, 0x08, 0xcb, 0xfb, 0x1d, 0x13, 0x2d,
    0x0a, 0x26, 0xc6, 0xf6, 0x02, 0x5f, 0x03, 0xca, 0x9c, 0x0d, 0x0e, 0x98,
    0xb8, 0x48, 0xae, 0xdf, 0x75, 0xe8, 0x61, 0xbe, 0x1a, 0x7f, 0x75, 0x0a,
    0x29, 0xe2, 0x08, 0xcc, 0x16, 0xcc, 0x0e, 0xf8, 0x2b, 0xe9, 0xc7, 0x39,
    0x60, 0xcf, 0x7c, 0xbf, 0x26, 0x12, 0x3d, 0xb2, 0xe3, 0x05, 0x16, 0xa6,
    0x51, 0xe5, 0x11, 0x02, 0x13, 0x10, 0xd0, 0xb5, 0x09, 0xec, 0xee, 0xf3,
    0x25, 0xe1, 0xef, 0xd2, 0x13, 0xe8, 0xb8, 0xb9, 0x34, 0x20, 0xb5, 0x83,
    0xf0, 0x18, 0x26, 0xe5, 0x52, 0x81, 0x3d, 0xd7, 0x58, 0xbd, 0xb7, 0xde,
    0x1c, 0x27, 0x0c, 0x03, 0xed, 0x36, 0xce, 0xf0, 0x46, 0x38, 0xec, 0xf5,
    0x12, 0x08, 0x93, 0x47, 0xb0, 0x2d, 0xe0, 0x30, 0xf6, 0xf1, 0x10, 0xf6,
    0xea, 0xc3, 0xdf, 0xf8, 0x1b, 0xf7, 0xb7, 0xec, 0x0f, 0x36, 0x2a, 0x5d,
    0xc5, 0x05, 0xef, 0x12, 0x34, 0x2c, 0x2f, 0xa4, 0xf7, 0x2e, 0x36, 0x13,
    0x0d, 0x00, 0x60, 0x15, 0x3c, 0x52, 0xc2, 0xd6, 0x59, 0xd7, 0x57, 0xd6,
    0x1c, 0xc3, 0xc2, 0xfc, 0x04, 0x2f, 0xe7, 0x1a, 0xfa, 0x12, 0x17, 0xcb,
    0x2d, 0xe4, 0x6f, 0xa0, 0xb5, 0xfc, 0xd4, 0xf5, 0xba, 0x5e, 0xfe, 0x20,
    0x0a, 0xdc, 0x0d, 0xdf, 0x2a, 0x81, 0x28, 0x11, 0x11, 0x13, 0xed, 0xda,
    0xe9, 0x13, 0x10, 0xaf, 0x31, 0xc5, 0x05, 0xb7, 0xfc, 0xac, 0xf2, 0xbd,
    0x01, 0xb1, 0x3d, 0x48, 0x1f, 0x11, 0x3e, 0xf7, 0xd8, 0x03, 0x07, 0x01,
    0x12, 0xfb, 0xc4, 0xdd, 0xda, 0xe0, 0x28, 0xe3, 0xf9, 0xef, 0xfa, 0xba,
    0xc8, 0x24, 0x27, 0x8c, 0x38, 0x23, 0x15, 0xe4, 0xc8, 0xc8, 0x10, 0x09,
    0x7f, 0xc1, 0x12, 0xd8, 0x19, 0x02, 0xf4, 0xe2, 0x3e, 0x1b, 0x42, 0x54,
    0xd9, 0xf1, 0xa2, 0x4d, 0x62, 0x17, 0x29, 0x44, 0xfd, 0x16, 0xb9, 0x27,
    0x0d, 0xe0, 0xab, 0xe7, 0x22, 0x61, 0xdb, 0xfd, 0xd9, 0x3a, 0x3c, 0xeb,
    0x37, 0x22, 0xcf, 0xfa, 0xf2, 0xa5, 0xfd, 0x0b, 0xfd, 0xeb, 0xd0, 0x12,
    0x07, 0x13, 0xe4, 0xa8, 0xbb, 0xd7, 0xe7, 0x71, 0xdc, 0xf3, 0x16, 0x1e,
    0xe4, 0xa7, 0xc2, 0xda, 0xe1, 0xcb, 0x03, 0x04, 0x19, 0x0c, 0xf0, 0xff,
    0x12, 0x3c, 0x50, 0x0a, 0x8d, 0xe7, 0x1a, 0x45, 0xe1, 0x7f, 0xc7, 0x0f,
    0xf4, 0x22, 0x05, 0x30, 0xc2, 0xf1, 0x3e, 0xfc, 0x11, 0x42, 0xd9, 0xea,
    0x0c, 0x42, 0x13, 0x08, 0x4f, 0xcd, 0x2b, 0xc7, 0x28, 0x14, 0x33, 0x24,
    0xd4, 0x01, 0x22, 0x1e, 0x81, 0xe0, 0xf6, 0x04, 0x56, 0x1f, 0x46, 0xb9,
    0xf8, 0x4e, 0x24, 0x46, 0xf1, 0x1d, 0x25, 0xf8, 0x38, 0x00, 0xd2, 0xbc,
    0xfc, 0x11, 0x14, 0x1b, 0x00, 0x1e, 0x25, 0x22, 0x23, 0x09, 0xad, 0x2a,
    0xcc, 0xd7, 0x07, 0xf7, 0xad, 0xe1, 0xee, 0x4b, 0x2f, 0xef, 0xf3, 0x02,
    0xe0, 0x0f, 0xf9, 0xd0, 0x01, 0xee, 0xea, 0xd7, 0x16, 0xb6, 0xce, 0x14,
    0xbd, 0xf1, 0x18, 0xec, 0x0e, 0xb8, 0x1d, 0x0d, 0x15, 0x2c, 0xee, 0x0b,
    0x38, 0xb5, 0xe4, 0xb9, 0xdb, 0x12, 0xfa, 0x1d, 0xad, 0x01, 0x27, 0xe1,
    0x0e, 0xe9, 0x25, 0xfd, 0x2c, 0xfe, 0xfd, 0x19, 0x0f, 0x28, 0xff, 0x7f,
    0x05, 0xdb, 0x24, 0x4e, 0x57, 0x16, 0x1e, 0xf8, 0x18, 0x06, 0x07, 0xcb,
    0xfc, 0x06, 0x02, 0x06, 0x2d, 0x03, 0x49, 0xe5, 0xe6, 0x29, 0xa8, 0x14,
    0xed, 0x47, 0xed, 0xfe, 0x38, 0xfd, 0x15, 0xfb, 0x18, 0x1b, 0xd9, 0xc9,
    0x01, 0x47, 0xf5, 0xa9, 0xf0, 0x32, 0x06, 0xf4, 0xc2, 0x2e, 0x45, 0xf9,
    0x14, 0x11, 0xcd, 0xbe, 0x03, 0x37, 0xff, 0x98, 0x71, 0xd3, 0xa9, 0x81,
    0x08, 0xf0, 0x03, 0xcb, 0xb9, 0x0f, 0x5a, 0xfa, 0xca, 0x78, 0x50, 0xe0,
    0xbe, 0xa7, 0x65, 0xdf, 0x75, 0x14, 0xeb, 0xff, 0x31, 0x28, 0x39, 0x16,
    0x3e, 0x1d, 0xdc, 0xab, 0xb5, 0x15, 0xc0, 0xc1, 0xc5, 0x7f, 0xda, 0xd2,
    0x2c, 0x05, 0x2f, 0xe7, 0xfb, 0xbf, 0xe3, 0xfc, 0x2c, 0x28, 0x23, 0xa8,
    0x46, 0xea, 0xcc, 0x41, 0x1d, 0x13, 0xec, 0xfe, 0x8d, 0x22, 0xb9, 0x08,
    0x08, 0xf3, 0xfc, 0x34, 0xcf, 0x06, 0xf7, 0x24, 0xbf, 0xe1, 0x48, 0xef,
    0x48, 0xc6, 0xfb, 0x16, 0xf6, 0x0d, 0xc4, 0xd6, 0x1a, 0xdf, 0xf0, 0x27,
    0x33, 0xcf, 0x1c, 0xfc, 0x19, 0xda, 0xc3, 0x05, 0xe5, 0x7f, 0x2f, 0x04,
    0x1a, 0x1b, 0xf2, 0x02, 0xd5, 0xb4, 0x57, 0x0a, 0xee, 0x00, 0x15, 0x4b,
    0x3d, 0x1a, 0x44, 0xbd, 0x0a, 0xbf, 0x0d, 0x32, 0xbc, 0x4e, 0x9c, 0x1e,
    0xc2, 0xf4, 0xbf, 0x4c, 0x32, 0xc2, 0xff, 0xff, 0x04, 0x00, 0x00, 0x00,
    0xf0, 0x00, 0x00, 0x00, 0x25, 0x0f, 0x00, 0x00, 0x24, 0x0a, 0x00, 0x00,
    0x72, 0xfe, 0xff, 0xff, 0x88, 0xf8, 0xff, 0xff, 0x35, 0xe9, 0xff, 0xff,
    0x12, 0x04, 0x00, 0x00, 0xda, 0x10, 0x00, 0x00, 0xed, 0x1d, 0x00, 0x00,
    0xb4, 0xf9, 0xff, 0xff, 0x00, 0x00, 0x00, 0x00, 0xa8, 0x02, 0x00, 0x00,
    0xf2, 0xf0, 0xff, 0xff, 0xc6, 0x0b, 0x00, 0x00, 0x15, 0x10, 0x00, 0x00,
    0x1a, 0xf7, 0xff, 0xff, 0xfc, 0xe8, 0xff, 0xff, 0x60, 0xf1, 0xff, 0xff,
    0x65, 0xf2, 0xff, 0xff, 0x6d, 0x07, 0x00, 0x00, 0xfb, 0x04, 0x00, 0x00,
    0xa2, 0x0b, 0x00, 0x00, 0x62, 0xf4, 0xff, 0xff, 0x36, 0xeb, 0xff, 0xff,
    0x0e, 0x12, 0x00, 0x00, 0x22, 0x08, 0x00, 0x00, 0x98, 0x0d, 0x00, 0x00,
    0x5c, 0x09, 0x00, 0x00, 0x11, 0xf3, 0xff, 0xff, 0x47, 0x0d, 0x00, 0x00,
    0xde, 0xfc, 0xff, 0xff, 0xc8, 0x14, 0x00, 0x00, 0xb1, 0x0b, 0x00, 0x00,
    0xa1, 0x0f, 0x00, 0x00, 0x66, 0x02, 0x00, 0x00, 0xad, 0xf3, 0xff, 0xff,
    0x2d, 0x08, 0x00, 0x00, 0xd5, 0x0a, 0x00, 0x00, 0x4f, 0x06, 0x00, 0x00,
    0x5a, 0xfe, 0xff, 0xff, 0x2d, 0xfa, 0xff, 0xff, 0x2b, 0x0a, 0x00, 0x00,
    0xcb, 0xfc, 0xff, 0xff, 0x57, 0x07, 0x00, 0x00, 0xda, 0x12, 0x00, 0x00,
    0xbb, 0xf9, 0xff, 0xff, 0x56, 0x00, 0x00, 0x00, 0x1e, 0x06, 0x00, 0x00,
    0x5f, 0x09, 0x00, 0x00, 0x9d, 0x05, 0x00, 0x00, 0xd8, 0xe9, 0xff, 0xff,
    0x0b, 0xf2, 0xff, 0xff, 0xb8, 0x03, 0x00, 0x00, 0x5d, 0xf4, 0xff, 0xff,
    0xe9, 0xfc, 0xff, 0xff, 0x96, 0xf5, 0xff, 0xff, 0xa6, 0x0f, 0x00, 0x00,
    0x89, 0x0b, 0x00, 0x00, 0x1b, 0x03, 0x00, 0x00, 0x83, 0x03, 0x00, 0x00,
    0x4f, 0xf7, 0xff, 0xff, 0x2e, 0xc3, 0xff, 0xff, 0x04, 0x00, 0x00, 0x00,
    0x0c, 0x03, 0x00, 0x00, 0xe4, 0x81, 0x59, 0xc1, 0xde, 0xfc, 0x94, 0x1f,
    0xe4, 0x2e, 0x56, 0x28, 0x07, 0x16, 0x4e, 0x77, 0x18, 0x15, 0xcc, 0x2e,
    0xf4, 0xe4, 0x28, 0x2f, 0xe6, 0x7f, 0x7a, 0xb0, 0x81, 0x84, 0x0a, 0x69,
    0x34, 0x2c, 0xfe, 0x7f, 0xcb, 0xfa, 0x68, 0xc1, 0xed, 0x5f, 0x9f, 0x02,
    0xf0, 0x00, 0xff, 0xe8, 0xe3, 0xe0, 0x18, 0x39, 0x04, 0x57, 0x59, 0x1a,
    0xd3, 0x19, 0xd5, 0xb1, 0x8b, 0xd2, 0xe4, 0xfd, 0xe2, 0x31, 0x1d, 0xc7,
    0x29, 0x0b, 0xfc, 0x67, 0x02, 0xb0, 0x13, 0x0a, 0x03, 0xc2, 0xee, 0x3d,
    0xda, 0x44, 0x08, 0x18, 0x15, 0x3b, 0x3a, 0xd3, 0xa9, 0x21, 0x68, 0x65,
    0x47, 0xf5, 0xfe, 0xc7, 0x06, 0x2b, 0x39, 0x51, 0x05, 0x7f, 0x86, 0xec,
    0x02, 0xe6, 0xbb, 0xf7, 0xf5, 0x11, 0x38, 0x34, 0x9e, 0x2a, 0x4f, 0xfe,
    0xd6, 0x0c, 0xbe, 0xdf, 0xed, 0x12, 0x0a, 0xe8, 0xcc, 0xbe, 0x4c, 0xaf,
    0x29, 0xb7, 0x31, 0x73, 0x1e, 0xe8, 0xe6, 0x54, 0xfd, 0x30, 0x06, 0xd6,
    0x1f, 0x41, 0xae, 0x06, 0x2d, 0xd8, 0xe5, 0x76, 0xa8, 0x55, 0xd5, 0x81,
    0x7f, 0xf7, 0xe1, 0xa8, 0x2e, 0xe4, 0x1b, 0xd3, 0xff, 0x35, 0x81, 0xe6,
    0xf6, 0xd4, 0x81, 0xf2, 0x18, 0x2b, 0x3c, 0x81, 0xee, 0xd2, 0x11, 0x0b,
    0xe8, 0x02, 0x40, 0x11, 0x52, 0x4e, 0x3d, 0x68, 0x07, 0x11, 0x7f, 0x81,
    0x35, 0xbc, 0x3b, 0x5d, 0x0f, 0xda, 0xd0, 0x7f, 0xe6, 0x62, 0xe5, 0x99,
    0x1d, 0x1b, 0x81, 0xf5, 0x5a, 0xea, 0x4e, 0x7f, 0xd6, 0x4e, 0x81, 0xdd,
    0x4d, 0xc2, 0xce, 0x22, 0xe4, 0x59, 0xfc, 0x81, 0x17, 0x05, 0xbc, 0xfd,
    0xb7, 0xfd, 0xdf, 0x38, 0x0f, 0xe8, 0xdf, 0x33, 0x0a, 0x2c, 0x3f, 0x17,
    0xf7, 0x19, 0xba, 0xf1, 0xfa, 0x02, 0xfa, 0x60, 0xf7, 0x3d, 0x17, 0xd5,
    0x15, 0x9a, 0xd9, 0x4d, 0x04, 0x02, 0xca, 0x21, 0x00, 0x75, 0x14, 0x81,
    0xee, 0x19, 0x9b, 0xca, 0x26, 0x5c, 0x6a, 0xc6, 0x2e, 0xc9, 0xb7, 0xb2,
    0x52, 0xde, 0x0f, 0x41, 0xba, 0x38, 0x02, 0x09, 0x10, 0x6a, 0x09, 0x02,
    0x32, 0x0c, 0xe9, 0x01, 0xd5, 0xff, 0xd5, 0x31, 0x02, 0x34, 0x4f, 0x18,
    0x05, 0x11, 0xb4, 0x28, 0x7f, 0x05, 0x1f, 0xfd, 0x49, 0x31, 0xf4, 0x1d,
    0x0b, 0xf9, 0xca, 0x61, 0x2c, 0x21, 0x81, 0xe6, 0x1b, 0x12, 0x08, 0x01,
    0xcb, 0xd4, 0x21, 0xe8, 0x81, 0xf0, 0x46, 0xa8, 0x34, 0xf5, 0x1e, 0x6f,
    0x04, 0xba, 0x57, 0x65, 0xb9, 0x7f, 0x0d, 0x58, 0x03, 0x41, 0x15, 0x54,
    0x01, 0xef, 0xa9, 0x11, 0xcb, 0x07, 0x2f, 0xc3, 0x7f, 0x30, 0x18, 0x0d,
    0xe3, 0x01, 0xc8, 0xd6, 0x4e, 0x48, 0xf8, 0xe7, 0x61, 0xa9, 0xb9, 0x8b,
    0xb1, 0xe2, 0x03, 0xe2, 0x18, 0xe0, 0xdc, 0xec, 0x0c, 0xbb, 0x05, 0x1c,
    0xc8, 0xd8, 0xec, 0xe7, 0x97, 0x60, 0x3e, 0x4f, 0x45, 0x7f, 0x01, 0x3a,
    0x36, 0xb0, 0x33, 0x0a, 0xe5, 0xc5, 0xc2, 0x1c, 0x24, 0xee, 0x0c, 0x22,
    0xec, 0xc5, 0xba, 0xec, 0xc8, 0x26, 0x7f, 0xf9, 0x21, 0x10, 0x44, 0x03,
    0xdd, 0x22, 0x0f, 0xcd, 0xeb, 0x15, 0xe6, 0x86, 0x10, 0x5f, 0xaa, 0x97,
    0x81, 0xe8, 0xed, 0x81, 0x33, 0xef, 0xc7, 0xd8, 0xe9, 0xea, 0xfc, 0x0d,
    0xb4, 0xcf, 0x24, 0xf2, 0xcb, 0xfb, 0x7f, 0xd4, 0x55, 0xbb, 0xda, 0xd7,
    0x3b, 0x18, 0x31, 0x18, 0x38, 0x3e, 0x07, 0xc0, 0x25, 0xd8, 0x39, 0xf2,
    0x37, 0xe7, 0xc6, 0xc9, 0xb2, 0x1d, 0x30, 0xfe, 0xf6, 0x21, 0xea, 0x23,
    0xe0, 0xf8, 0xa5, 0xe3, 0xfe, 0x12, 0x00, 0x81, 0xc1, 0x62, 0xc8, 0x04,
    0x95, 0x98, 0x41, 0xc0, 0x55, 0xf6, 0x53, 0x9e, 0xf3, 0x92, 0x09, 0xb2,
    0x81, 0xb3, 0x33, 0xc6, 0x6e, 0xe8, 0x14, 0xbe, 0x35, 0x9a, 0xf6, 0xed,
    0x25, 0x7f, 0x17, 0xe8, 0x17, 0xb5, 0xd5, 0x41, 0xdc, 0x05, 0x43, 0xf2,
    0xf8, 0xf4, 0xe5, 0xdf, 0xed, 0xef, 0xd3, 0x2f, 0x41, 0x6d, 0x19, 0xe7,
    0xf3, 0x14, 0x0d, 0x6f, 0xe8, 0xdc, 0x22, 0x36, 0xdf, 0xe7, 0xfd, 0x17,
    0xe9, 0x81, 0x27, 0xf9, 0x51, 0xc8, 0x5a, 0x46, 0xf9, 0x5c, 0xd7, 0xe5,
    0xb7, 0xe5, 0x45, 0xbf, 0x30, 0x4d, 0xd4, 0x38, 0xf3, 0x02, 0xa4, 0x46,
    0x1b, 0x1d, 0x46, 0xb8, 0xe6, 0xaa, 0x02, 0xff, 0xda, 0xe7, 0xd1, 0x0b,
    0xde, 0x35, 0x11, 0x1a, 0x93, 0xc9, 0xd1, 0xf2, 0x13, 0x31, 0x21, 0x1e,
    0x12, 0x10, 0xbb, 0x71, 0xea, 0xaf, 0x1f, 0x71, 0x41, 0x81, 0xc2, 0x1f,
    0xc0, 0x9f, 0xff, 0xe3, 0x52, 0xce, 0x72, 0x07, 0xc1, 0x7f, 0xd0, 0x2e,
    0x15, 0x1a, 0x20, 0x97, 0x5d, 0x04, 0xfe, 0x1a, 0xe4, 0x79, 0x28, 0x77,
    0x4a, 0x44, 0x7f, 0x09, 0x12, 0xc1, 0x0a, 0xc9, 0xf8, 0xf7, 0xfc, 0xd8,
    0x7f, 0x2d, 0xe0, 0x17, 0x84, 0x17, 0xe5, 0xcd, 0x17, 0xcf, 0xdb, 0x2f,
    0x39, 0x31, 0xd8, 0x7f, 0x9e, 0xe3, 0x26, 0x22, 0xe5, 0x3c, 0x9b, 0x22,
    0xec, 0x84, 0x01, 0x83, 0x56, 0xb2, 0x48, 0x0f, 0x99, 0x23, 0xb1, 0x48,
    0xdc, 0x66, 0x2c, 0x9b, 0x07, 0xfd, 0x6b, 0xf6, 0xb5, 0x16, 0x36, 0x09,
    0x23, 0x08, 0x72, 0xe6, 0x74, 0xbf, 0x59, 0x19, 0x77, 0xc1, 0xf6, 0x81,
    0x6b, 0x56, 0x98, 0x7f, 0xb1, 0x54, 0xe4, 0xd0, 0xf1, 0xa6, 0xbc, 0x7f,
    0x41, 0x35, 0xbe, 0x6d, 0x9c, 0xb0, 0x7f, 0xa1, 0x81, 0xc1, 0xff, 0x11,
    0xdb, 0xdd, 0x7f, 0xf8, 0x7f, 0x81, 0xaf, 0x65, 0x81, 0x7b, 0x81, 0x0f,
    0xc8, 0x7f, 0xef, 0x81, 0x4e, 0x3b, 0x43, 0x40, 0xf8, 0x31, 0x1c, 0x8c,
    0x6d, 0x97, 0x31, 0xf2, 0x7f, 0x58, 0x7f, 0x17, 0x7f, 0xde, 0xfe, 0x91,
    0xec, 0x7f, 0x81, 0x68, 0x81, 0x7f, 0xae, 0x00, 0x1f, 0x81, 0x81, 0x79,
    0x7f, 0x7f, 0x81, 0x5d, 0x46, 0xc6, 0xff, 0xff, 0x04, 0x00, 0x00, 0x00,
    0xf0, 0x00, 0x00, 0x00, 0xb0, 0xff, 0xff, 0xff, 0x5d, 0x00, 0x00, 0x00,
    0x0f, 0x00, 0x00, 0x00, 0x00, 0x00, 0x00, 0x00, 0xed, 0xff, 0xff, 0xff,
    0x2f, 0x00, 0x00, 0x00, 0xb6, 0xff, 0xff, 0xff, 0x06, 0x00, 0x00, 0x00,
    0x48, 0x00, 0x00, 0x00, 0x35, 0x00, 0x00, 0x00, 0x70, 0x00, 0x00, 0x00,
    0x0c, 0x00, 0x00, 0x00, 0x58, 0x00, 0x00, 0x00, 0x0e, 0x00, 0x00, 0x00,
    0xfc, 0xff, 0xff, 0xff, 0x67, 0xff, 0xff, 0xff, 0x32, 0x00, 0x00, 0x00,
    0x72, 0x00, 0x00, 0x00, 0xff, 0xff, 0xff, 0xff, 0xa2, 0xff, 0xff, 0xff,
    0x59, 0x00, 0x00, 0x00, 0xf3, 0xff, 0xff, 0xff, 0xaa, 0xff, 0xff, 0xff,
    0xc1, 0xff, 0xff, 0xff, 0x54, 0x00, 0x00, 0x00, 0x25, 0x00, 0x00, 0x00,
    0xe6, 0xff, 0xff, 0xff, 0x35, 0x00, 0x00, 0x00, 0xcb, 0xff, 0xff, 0xff,
    0xf3, 0xff, 0xff, 0xff, 0x0c, 0x00, 0x00, 0x00, 0xdb, 0xff, 0xff, 0xff,
    0x3b, 0x00, 0x00, 0x00, 0x1c, 0x00, 0x00, 0x00, 0x44, 0x00, 0x00, 0x00,
    0x12, 0x00, 0x00, 0x00, 0x11, 0x00, 0x00, 0x00, 0xf5, 0xff, 0xff, 0xff,
    0x90, 0xff, 0xff, 0xff, 0xd0, 0xff, 0xff, 0xff, 0xf0, 0xff, 0xff, 0xff,
    0x67, 0xff, 0xff, 0xff, 0x40, 0x00, 0x00, 0x00, 0xf1, 0xff, 0xff, 0xff,
    0x1f, 0x00, 0x00, 0x00, 0x12, 0x00, 0x00, 0x00, 0xf0, 0xff, 0xff, 0xff,
    0x2e, 0x00, 0x00, 0x00, 0x1c, 0x00, 0x00, 0x00, 0xdc, 0xff, 0xff, 0xff,
    0xe3, 0xff, 0xff, 0xff, 0xd5, 0xff, 0xff, 0xff, 0xf8, 0xff, 0xff, 0xff,
    0xcf, 0xff, 0xff, 0xff, 0x56, 0x00, 0x00, 0x00, 0x6a, 0x00, 0x00, 0x00,
    0x35, 0x00, 0x00, 0x00, 0x0d, 0x00, 0x00, 0x00, 0x73, 0xff, 0xff, 0xff,
    0x8f, 0xff, 0xff, 0xff, 0x42, 0xc7, 0xff, 0xff, 0x04, 0x00, 0x00, 0x00,
    0x10, 0x0e, 0x00, 0x00, 0x7f, 0x15, 0xf5, 0xf3, 0xea, 0xe5, 0x5f, 0x41,
    0x24, 0xd7, 0x17, 0xdc, 0xb7, 0x02, 0x10, 0xf3, 0x26, 0x3c, 0xdd, 0xfe,
    0x3a, 0x18, 0xce, 0xc5, 0x35, 0x13, 0x28, 0xf1, 0xeb, 0xeb, 0x15, 0xc2,
    0x14, 0x13, 0xcf, 0xe2, 0xd4, 0xd2, 0x32, 0x0b, 0x09, 0xdb, 0xc5, 0xca,
    0xe6, 0x02, 0xb0, 0xf2, 0xec, 0xeb, 0xdf, 0xc9, 0xcd, 0xfb, 0xe8, 0x14,
    0x95, 0x30, 0x10, 0xc0, 0x57, 0x44, 0xe8, 0xf8, 0x20, 0x2e, 0x03, 0xda,
    0xcb, 0x1d, 0xf3, 0x06, 0xdd, 0xa6, 0xf1, 0x1c, 0x2c, 0xbc, 0x51, 0xfa,
    0x08, 0xb3, 0xca, 0xf4, 0xe8, 0xf1, 0x3d, 0xf0, 0x14, 0xcc, 0x27, 0x28,
    0x13, 0xeb, 0xf9, 0x2f, 0xda, 0xe1, 0x40, 0x06, 0x02, 0xc0, 0x0a, 0xfb,
    0xfc, 0xe7, 0xbb, 0x02, 0x3d, 0x0a, 0xde, 0x18, 0xe7, 0xe0, 0xf6, 0xaf,
    0xd4, 0x7f, 0x25, 0x10, 0x23, 0xc7, 0x59, 0x18, 0x07, 0xfe, 0x1e, 0x5b,
    0xfc, 0xfc, 0x33, 0xfc, 0x18, 0xba, 0xf8, 0x02, 0x32, 0xe4, 0xa6, 0x30,
    0x67, 0xe1, 0x02, 0xd9, 0xee, 0x06, 0xf2, 0x0e, 0xf4, 0x03, 0x21, 0x21,
    0x19, 0xe2, 0x32, 0xe0, 0xee, 0x11, 0x18, 0xe9, 0x6d, 0xd9, 0x0d, 0xe4,
    0xe7, 0x7f, 0x06, 0x68, 0xd4, 0x15, 0xfb, 0xeb, 0x0b, 0xef, 0xfb, 0x3c,
    0xcf, 0x3c, 0xfe, 0x01, 0xdd, 0xf8, 0xb4, 0x96, 0xf7, 0xee, 0x35, 0x03,
    0x09, 0xfe, 0x20, 0x3e, 0xb0, 0x52, 0x26, 0xe8, 0xfb, 0x23, 0x35, 0xbb,
    0x01, 0x39, 0x28, 0xc9, 0x6c, 0xc4, 0xe8, 0x17, 0x50, 0x3d, 0xf6, 0x1b,
    0x61, 0xd2, 0xcb, 0x12, 0xe9, 0x2c, 0x78, 0x7f, 0xf0, 0xea, 0x3c, 0xa5,
    0x87, 0x40, 0xfd, 0xc7, 0x20, 0xd3, 0x15, 0xf4, 0x2b, 0xde, 0xdd, 0x49,
    0xbc, 0x02, 0xc1, 0xd3, 0x29, 0xe7, 0x18, 0xf9, 0x0c, 0xf8, 0x2d, 0x1d,
    0xe3, 0x20, 0xa5, 0xcb, 0x34, 0xc5, 0x32, 0xf8, 0xcd, 0xd6, 0xef, 0x6e,
    0x24, 0x1d, 0xce, 0x09, 0xff, 0x2b, 0x24, 0x30, 0x34, 0xea, 0x05, 0xcf,
    0x25, 0x3f, 0xf1, 0xda, 0x32, 0xee, 0xb9, 0x84, 0xfb, 0x1f, 0x0a, 0xf5,
    0xd9, 0x14, 0xb3, 0x32, 0xed, 0x51, 0x4e, 0x7f, 0x2b, 0xc8, 0x1b, 0xd6,
    0x0f, 0x17, 0x34, 0xff, 0x47, 0x2b, 0x1d, 0xd9, 0x9a, 0xbb, 0x03, 0xf9,
    0x26, 0x2a, 0xb2, 0x29, 0xac, 0x6f, 0x35, 0xcb, 0x09, 0x7f, 0xf5, 0xd1,
    0xe9, 0xbe, 0x05, 0x09, 0x3e, 0x21, 0xfe, 0xff, 0xfa, 0xdb, 0xf4, 0xfd,
    0x70, 0x6a, 0xc0, 0xdf, 0xce, 0xaa, 0x46, 0xe6, 0x4a, 0xe8, 0xdc, 0x99,
    0xb0, 0xb5, 0xfa, 0x2f, 0x02, 0x0f, 0xf6, 0xf5, 0x66, 0xeb, 0xf7, 0x78,
    0x1b, 0xc5, 0x23, 0xff, 0x55, 0x23, 0xdf, 0xeb, 0xf8, 0xdb, 0x0f, 0xc4,
    0x04, 0xe0, 0x1c, 0xeb, 0x04, 0xdf, 0xd5, 0xbf, 0x20, 0xd4, 0xfc, 0x23,
    0xde, 0xb7, 0xf7, 0xf8, 0xfe, 0xcf, 0x81, 0x95, 0x29, 0xaf, 0xa0, 0xf5,
    0x3b, 0xe5, 0xd3, 0x49, 0xf0, 0xcf, 0x02, 0xec, 0xd6, 0xdf, 0xf3, 0x05,
    0x57, 0x12, 0xe5, 0x14, 0x1e, 0xe0, 0x33, 0xff, 0x1c, 0xb1, 0x20, 0x11,
    0x28, 0x9f, 0x26, 0x21, 0x7e, 0x1a, 0xb4, 0xb0, 0x06, 0xc0, 0x0a, 0xdc,
    0x47, 0x2a, 0xcf, 0xc9, 0x81, 0xf5, 0x76, 0xd3, 0xc7, 0x36, 0x12, 0xdf,
    0xef, 0x26, 0xf5, 0xb4, 0x51, 0x5d, 0x40, 0xc8, 0xcd, 0x1d, 0xd8, 0xf7,
    0x32, 0x6f, 0x49, 0xac, 0xdd, 0x9f, 0x0f, 0xfa, 0x2f, 0x30, 0xe6, 0xa2,
    0xe8, 0xd5, 0x58, 0x12, 0x1c, 0xd4, 0xdc, 0xe3, 0x1c, 0x2b, 0xb5, 0x0b,
    0x92, 0xd8, 0xb4, 0x22, 0xec, 0xcb, 0xa6, 0xf6, 0x10, 0xc3, 0xee, 0x28,
    0xb0, 0x25, 0xd4, 0x36, 0xf8, 0x24, 0xaa, 0xe3, 0xf5, 0x9c, 0x77, 0xe3,
    0xab, 0xf8, 0xab, 0x00, 0x5e, 0x24, 0x54, 0x32, 0x1a, 0x12, 0x23, 0x15,
    0xf3, 0x25, 0xb6, 0xc4, 0xfd, 0x0c, 0xda, 0x31, 0xe1, 0xb0, 0x47, 0x35,
    0x07, 0xe3, 0xe9, 0x81, 0x42, 0xd5, 0x1b, 0x5a, 0xed, 0x0c, 0x28, 0x01,
    0x25, 0x39, 0x0a, 0x00, 0x1c, 0x02, 0xe5, 0x2a, 0xf5, 0x9e, 0xa7, 0x00,
    0xe7, 0x13, 0x3a, 0xfd, 0x32, 0x14, 0xe1, 0x29, 0xce, 0xf6, 0xcc, 0xe1,
    0xf8, 0x36, 0xc8, 0x97, 0xc6, 0x62, 0xce, 0x03, 0x5f, 0xe4, 0x05, 0xf3,
    0x15, 0x1a, 0x2d, 0xea, 0xd9, 0x3a, 0x2e, 0x7f, 0xee, 0x27, 0x32, 0xda,
    0x0f, 0xf9, 0x19, 0x2f, 0x0c, 0xa9, 0xec, 0x6f, 0xfd, 0xb1, 0xce, 0xce,
    0xf9, 0x0b, 0x3b, 0x3c, 0xd2, 0x5d, 0x03, 0x54, 0x3c, 0xae, 0xe9, 0x21,
    0xfe, 0x1b, 0x15, 0x18, 0xe3, 0xed, 0xb9, 0xb6, 0xc2, 0xf4, 0x20, 0xdf,
    0xca, 0xe7, 0x3d, 0xf2, 0x3f, 0xc1, 0xce, 0x81, 0x2e, 0xbf, 0x64, 0x25,
    0xcf, 0x17, 0xec, 0x41, 0xf2, 0xc8, 0xdc, 0xa7, 0xa6, 0xac, 0x25, 0x5c,
    0x3d, 0xa1, 0x25, 0xe2, 0xf0, 0x45, 0xea, 0xba, 0x43, 0x36, 0x25, 0xb0,
    0x5d, 0x14, 0xcb, 0xfd, 0x81, 0x1e, 0xf3, 0xfd, 0xde, 0x50, 0xe3, 0xc4,
    0x1e, 0xe7, 0xeb, 0x0c, 0x0b, 0xd2, 0x49, 0x35, 0x20, 0xac, 0x15, 0xd8,
    0xc5, 0x35, 0x07, 0x1b, 0x44, 0x70, 0x08, 0x21, 0x26, 0x5e, 0xf6, 0x92,
    0x11, 0xf8, 0xd9, 0x30, 0x52, 0x64, 0x1a, 0xe5, 0xda, 0x3b, 0xd6, 0x27,
    0xb9, 0x3f, 0xdc, 0xe0, 0x1b, 0x2e, 0x08, 0x14, 0xbf, 0x60, 0x15, 0x54,
    0xdd, 0xbd, 0x4e, 0x1d, 0xf6, 0x53, 0xff, 0xde, 0x01, 0x2c, 0xeb, 0x3a,
    0xb1, 0xbf, 0x02, 0x81, 0x71, 0x13, 0x13, 0xf2, 0xab, 0x05, 0xfb, 0x0e,
    0xfe, 0x19, 0x1a, 0xd5, 0x24, 0xf8, 0xd9, 0x19, 0xd8, 0x12, 0xd5, 0xf8,
    0xe0, 0x35, 0xef, 0x26, 0x21, 0xf8, 0xd4, 0x06, 0xff, 0xb9, 0x34, 0xef,
    0xee, 0x2a, 0x54, 0xe0, 0xb3, 0x13, 0xf2, 0x9b, 0xd2, 0x0d, 0x4b, 0x02,
    0xe8, 0xfb, 0x35, 0xf6, 0xe2, 0xe0, 0x14, 0x1a, 0x07, 0xd0, 0x11, 0x1f,
    0xe1, 0x32, 0x17, 0x13, 0xd5, 0xf8, 0xce, 0xf1, 0xda, 0x1d, 0x0e, 0x02,
    0x35, 0x36, 0xce, 0xe4, 0x0e, 0x3e, 0xcc, 0x5b, 0xd3, 0xf7, 0xdc, 0xf8,
    0x22, 0xd0, 0xee, 0x1b, 0x19, 0x06, 0xe8, 0x32, 0xe2, 0xea, 0xf5, 0xdb,
    0xdd, 0x3a, 0xeb, 0xf7, 0x13, 0x3d, 0x2d, 0x24, 0x81, 0xf5, 0x09, 0xf4,
    0xd3, 0xff, 0x37, 0xd2, 0x05, 0xe7, 0xde, 0xf9, 0x64, 0xb8, 0xce, 0xd7,
    0x2c, 0x54, 0x1b, 0x00, 0xb1, 0x7f, 0x68, 0x38, 0x11, 0xb5, 0xc9, 0x1a,
    0x28, 0x6c, 0x10, 0xb2, 0xc7, 0xfb, 0x24, 0x86, 0x62, 0xdf, 0x34, 0xb9,
    0xed, 0x57, 0xc0, 0x4b, 0xea, 0xb2, 0x74, 0x31, 0xc2, 0xd2, 0x2d, 0xf0,
    0xed, 0x48, 0x55, 0x24, 0x31, 0x9a, 0x3e, 0x4f, 0xe4, 0xda, 0xae, 0x09,
    0x11, 0xd4, 0x16, 0x22, 0x0c, 0xb9, 0xf3, 0xd1, 0xe6, 0x36, 0x07, 0x36,
    0xc7, 0xfc, 0x46, 0x37, 0xc5, 0x4b, 0x00, 0x42, 0xdd, 0xdf, 0xf1, 0xd4,
    0x0a, 0x13, 0x4a, 0xef, 0xe7, 0xd1, 0xc6, 0xe0, 0x0e, 0x30, 0x0b, 0x7f,
    0xd1, 0x32, 0x5c, 0x54, 0xe3, 0xc4, 0xcc, 0x30, 0x25, 0xd2, 0x77, 0xd5,
    0x16, 0x21, 0x28, 0xde, 0x2c, 0x06, 0x01, 0xeb, 0xce, 0x1e, 0x13, 0xff,
    0x05, 0xd0, 0xd3, 0x0e, 0x4b, 0xe4, 0xde, 0x31, 0x07, 0x09, 0x21, 0xf7,
    0xc4, 0x19, 0x16, 0x0c, 0x0a, 0xf5, 0x2c, 0x0c, 0x5d, 0x09, 0x14, 0x4d,
    0xe4, 0xc5, 0xfc, 0xfc, 0x3a, 0x2b, 0x5d, 0xdd, 0x5b, 0x2f, 0xc1, 0x9d,
    0x3b, 0xee, 0xd8, 0xbf, 0x81, 0xc1, 0xec, 0xfc, 0xf9, 0xb7, 0x07, 0xf0,
    0x34, 0xda, 0xe7, 0x20, 0xe4, 0xa8, 0xd8, 0x37, 0x0d, 0xc8, 0x0b, 0x2d,
    0xee, 0xeb, 0x0e, 0x1e, 0x05, 0xf0, 0xf4, 0x19, 0xd5, 0x27, 0xdb, 0x34,
    0x27, 0xec, 0x20, 0xf8, 0xe8, 0x3c, 0xfe, 0x09, 0xfb, 0xc7, 0xe7, 0xc3,
    0xf8, 0x17, 0x0a, 0x0d, 0xf9, 0xd1, 0xfa, 0x89, 0x29, 0xe8, 0x30, 0x7f,
    0x16, 0xe1, 0xc9, 0x02, 0xe0, 0xe9, 0x1e, 0x98, 0x17, 0x57, 0x01, 0x06,
    0xec, 0xf7, 0x04, 0xec, 0xf7, 0x11, 0x18, 0xcc, 0x0f, 0xcd, 0x2c, 0x27,
    0x00, 0x0d, 0xdf, 0x07, 0xcd, 0xd6, 0x2d, 0xbd, 0xd1, 0x49, 0xfa, 0x4d,
    0x55, 0x43, 0xf6, 0xbc, 0xbd, 0xf2, 0xd1, 0x2f, 0xe6, 0x1e, 0x7f, 0xf8,
    0x01, 0xd2, 0x55, 0x38, 0xbd, 0xfa, 0x27, 0x5c, 0xfc, 0x25, 0xe5, 0x10,
    0x4d, 0xbe, 0x5a, 0xc1, 0x38, 0x7c, 0x04, 0x00, 0x01, 0x32, 0xe6, 0x18,
    0x11, 0x16, 0xdc, 0x1a, 0x06, 0x29, 0x0b, 0x36, 0xc8, 0x08, 0xcd, 0xd7,
    0x0e, 0xfc, 0x41, 0xba, 0x3f, 0x0e, 0xd0, 0x26, 0x1c, 0xcb, 0xf4, 0x23,
    0x04, 0xeb, 0x3f, 0xe8, 0xc6, 0xc1, 0xe8, 0xc9, 0x64, 0xab, 0xc4, 0xcb,
    0xbe, 0x6d, 0xcc, 0x81, 0x09, 0xb2, 0x29, 0x2b, 0x61, 0x88, 0x0c, 0x13,
    0x5d, 0x47, 0xf5, 0x38, 0xaf, 0xd2, 0x30, 0x27, 0xbd, 0x0e, 0xb6, 0x0a,
    0x14, 0x13, 0xcb, 0x05, 0xdf, 0xce, 0xbb, 0x1d, 0xdc, 0x1e, 0xdd, 0xfa,
    0x9f, 0x7d, 0x71, 0x21, 0x0d, 0xb5, 0x9a, 0x7f, 0x3f, 0x91, 0x19, 0x1a,
    0xd0, 0x1d, 0xd9, 0xf4, 0xb4, 0x5f, 0xe4, 0xae, 0xd6, 0x76, 0x74, 0x39,
    0x8f, 0x2a, 0x6f, 0xe2, 0xdf, 0xe9, 0x28, 0x3b, 0x57, 0x0d, 0xc6, 0x34,
    0x30, 0x30, 0xff, 0x2d, 0x21, 0xba, 0x2d, 0xdc, 0xa3, 0xdd, 0x1b, 0xb4,
    0x03, 0xb6, 0xcd, 0xfd, 0x0e, 0xfc, 0xef, 0x1a, 0x30, 0x2e, 0x1a, 0xc7,
    0x12, 0x0d, 0x98, 0x16, 0xf7, 0x0f, 0xfa, 0x2a, 0xf2, 0x1e, 0x3f, 0x15,
    0xdb, 0x09, 0x05, 0x20, 0x0a, 0x19, 0xc6, 0xca, 0xd4, 0x16, 0x46, 0x17,
    0xa7, 0xea, 0x2a, 0xd4, 0x19, 0xd4, 0xc8, 0x05, 0x3e, 0xf7, 0x90, 0xe9,
    0x7f, 0xb7, 0x27, 0x10, 0xf2, 0xe2, 0x21, 0x35, 0x05, 0x27, 0x30, 0x98,
    0xf3, 0x1b, 0x42, 0xd2, 0x2f, 0x2c, 0xcd, 0xf6, 0x1b, 0xee, 0x15, 0xfb,
    0xe5, 0xc0, 0xd5, 0xc4, 0x1e, 0x00, 0xd9, 0x11, 0xe7, 0xce, 0x0f, 0xf1,
    0xc6, 0x19, 0x1c, 0x03, 0x81, 0xa1, 0x25, 0x10, 0x53, 0x35, 0x64, 0xf2,
    0x07, 0x18, 0x44, 0x0f, 0xe8, 0x16, 0x0f, 0x9b, 0xeb, 0xef, 0xab, 0xda,
    0x10, 0xf6, 0xf2, 0xfd, 0x1e, 0x98, 0x0f, 0x0e, 0x9a, 0xb2, 0xe9, 0x29,
    0xb6, 0x05, 0x15, 0xb4, 0x54, 0x97, 0xc4, 0xfe, 0xd6, 0xf7, 0xcc, 0x3b,
    0x31, 0xee, 0xbe, 0x2a, 0xb5, 0x19, 0x35, 0x2b, 0xd0, 0xe0, 0xf5, 0xf4,
    0x0e, 0x0d, 0xf1, 0x00, 0x10, 0x0f, 0xcd, 0xc6, 0xc1, 0xde, 0xd0, 0xdb,
    0xe7, 0xd2, 0x04, 0x50, 0x0b, 0x52, 0xb0, 0x16, 0x64, 0x94, 0x59, 0x3f,
    0x0c, 0x97, 0x17, 0x0e, 0x33, 0x33, 0xee, 0x81, 0xed, 0x0a, 0xcc, 0x48,
    0x94, 0xd4, 0xdc, 0x24, 0xeb, 0x15, 0xf7, 0x46, 0x0b, 0xf4, 0xef, 0x00,
    0x0e, 0xf3, 0xd6, 0x1f, 0xb3, 0xf0, 0xfe, 0xf2, 0x65, 0x92, 0xf7, 0x2c,
    0xe6, 0xe4, 0x4c, 0x14, 0x50, 0x3d, 0x14, 0xcd, 0x17, 0xe7, 0xaa, 0x58,
    0x2e, 0xf0, 0xfd, 0x23, 0xa1, 0x81, 0xe7, 0x6b, 0x13, 0x1e, 0xff, 0xf5,
    0xb6, 0xdb, 0x2b, 0x35, 0x38, 0xb0, 0xa1, 0x74, 0x03, 0xe1, 0xdc, 0x99,
    0xe1, 0x0c, 0x01, 0x4d, 0xf3, 0x84, 0x48, 0xac, 0xba, 0x3a, 0xd6, 0xd8,
    0x05, 0xb9, 0x0c, 0xdd, 0xf3, 0x29, 0xaf, 0x11, 0xca, 0x9e, 0x33, 0xff,
    0xd5, 0xbe, 0x4b, 0xba, 0x4d, 0x65, 0x37, 0x1b, 0x81, 0xc0, 0xa7, 0xfe,
    0x0b, 0x2e, 0x22, 0xcb, 0x57, 0x5d, 0x03, 0x14, 0xdf, 0x07, 0xe3, 0x0d,
    0xeb, 0x3d, 0xfe, 0x37, 0x14, 0x02, 0x42, 0xf7, 0x02, 0x1b, 0x50, 0xf6,
    0x37, 0xb9, 0x56, 0xe5, 0x2f, 0x59, 0x22, 0xf2, 0xbe, 0x27, 0xd7, 0xb2,
    0xf3, 0x17, 0x37, 0x49, 0x43, 0xd4, 0x21, 0x1c, 0xa4, 0x0e, 0x69, 0x11,
    0x31, 0xf2, 0xc1, 0x38, 0xf8, 0x15, 0xe9, 0xd4, 0xc9, 0x42, 0x11, 0xdf,
    0x30, 0xd4, 0x01, 0xf4, 0x17, 0x21, 0xf6, 0x2d, 0x11, 0x32, 0x1b, 0xba,
    0x7f, 0x0e, 0xf8, 0xf9, 0x0b, 0xf7, 0x4d, 0x09, 0x13, 0x3b, 0x50, 0xc5,
    0x36, 0x18, 0xf8, 0x24, 0xbc, 0xce, 0xf2, 0xc7, 0x2a, 0xc8, 0xe0, 0x2c,
    0xe9, 0xe3, 0x54, 0xe2, 0x07, 0xf8, 0xb3, 0x28, 0xe0, 0xbd, 0xde, 0x49,
    0x24, 0xf5, 0xfc, 0xfd, 0xfb, 0x01, 0xb7, 0xdf, 0x2a, 0xf1, 0x38, 0x81,
    0x07, 0x0f, 0x12, 0xfc, 0xe3, 0xcf, 0x0c, 0xd9, 0x3f, 0xf0, 0x09, 0xd6,
    0x0e, 0xf5, 0xcd, 0x2d, 0x01, 0xef, 0xe1, 0xc6, 0x11, 0x02, 0x0f, 0xcd,
    0xe2, 0xea, 0xf5, 0xd4, 0x26, 0xc7, 0x21, 0x39, 0xab, 0xc2, 0xe3, 0x09,
    0x2c, 0xff, 0x32, 0xbf, 0xa1, 0xe0, 0x09, 0x29, 0x36, 0x6b, 0x3d, 0x25,
    0x26, 0xf8, 0x81, 0xfd, 0x4f, 0xe9, 0x38, 0xca, 0xf1, 0xbc, 0x19, 0xf5,
    0x4f, 0xc6, 0x39, 0xce, 0x06, 0x25, 0xff, 0x19, 0x15, 0x16, 0x45, 0xea,
    0xeb, 0xfa, 0xca, 0xd6, 0x44, 0xb3, 0xbd, 0x0d, 0x28, 0x1d, 0x20, 0x05,
    0xe4, 0x2f, 0xe1, 0x42, 0xf9, 0x36, 0xa9, 0x11, 0xd7, 0xc2, 0x14, 0x36,
    0x07, 0x2f, 0x3d, 0xe0, 0x4a, 0x29, 0xd6, 0x93, 0xfd, 0x2d, 0x08, 0x19,
    0xd7, 0x39, 0xf4, 0x2b, 0x4c, 0xf2, 0xf4, 0xe2, 0x21, 0x4f, 0x26, 0xd9,
    0xf8, 0xcf, 0x57, 0xd0, 0xdf, 0x40, 0xd7, 0x08, 0xef, 0xd8, 0xab, 0x69,
    0xe5, 0x10, 0xe2, 0xd6, 0x1c, 0x81, 0xe3, 0x26, 0x2c, 0xe6, 0x4a, 0x39,
    0x29, 0x35, 0xfb, 0x3b, 0x0d, 0xd4, 0xe7, 0x95, 0xfb, 0xf8, 0x21, 0x09,
    0xf3, 0xe1, 0xd9, 0xcd, 0x8f, 0x09, 0x21, 0x0c, 0x15, 0xe4, 0x0c, 0x2a,
    0xdc, 0xfd, 0x15, 0x2d, 0x2a, 0x16, 0x20, 0x0a, 0x23, 0x3a, 0xc3, 0xdb,
    0x13, 0x05, 0x13, 0x34, 0xb3, 0xf6, 0xf2, 0xc0, 0x5b, 0xdf, 0x49, 0x7f,
    0x1a, 0xc5, 0xe5, 0x1b, 0xb2, 0xf9, 0x28, 0xd0, 0xe4, 0x31, 0x24, 0xc9,
    0xd7, 0xae, 0x15, 0x3e, 0x24, 0x17, 0x93, 0x17, 0x2c, 0xa4, 0xff, 0xe4,
    0x12, 0xfd, 0xe2, 0x55, 0x25, 0x4e, 0xe0, 0x13, 0x3b, 0xce, 0x3c, 0x36,
    0xed, 0x35, 0x0e, 0xc2, 0xcc, 0xc8, 0xe7, 0xeb, 0x23, 0x03, 0x21, 0x21,
    0xf2, 0xf2, 0xbb, 0x32, 0x2b, 0x13, 0x27, 0xf3, 0x1d, 0xed, 0x0f, 0x40,
    0xfe, 0xe9, 0x35, 0xe6, 0xf9, 0x39, 0x1b, 0x2a, 0xf4, 0xb2, 0x06, 0x1b,
    0xef, 0x26, 0xe0, 0xe6, 0x14, 0xdc, 0xc2, 0xe6, 0xfa, 0xe0, 0x43, 0x00,
    0x81, 0x35, 0xd9, 0x0d, 0x4d, 0x2a, 0xd7, 0x1b, 0x27, 0x10, 0xcf, 0x9a,
    0xba, 0x81, 0x18, 0xad, 0x55, 0xda, 0xe2, 0x3a, 0x82, 0x02, 0x43, 0xad,
    0x30, 0x2f, 0x06, 0x4b, 0xc8, 0xf5, 0xed, 0xee, 0xff, 0xf2, 0xe2, 0x38,
    0xd7, 0xdd, 0xfa, 0xf1, 0x60, 0x2c, 0xe1, 0x36, 0xd7, 0xeb, 0x6f, 0x34,
    0xdb, 0x0c, 0x5f, 0x3d, 0xf2, 0x68, 0x01, 0x9d, 0x24, 0xf5, 0x39, 0x0b,
    0x20, 0x98, 0x18, 0xf1, 0xec, 0x43, 0xe0, 0xf3, 0xff, 0xa5, 0x90, 0x2d,
    0x81, 0xda, 0x0d, 0xc9, 0x7a, 0xbe, 0x55, 0x11, 0xce, 0xff, 0xb4, 0xe0,
    0x1c, 0x48, 0xc5, 0xdf, 0xd2, 0x94, 0xf7, 0xc4, 0x59, 0x06, 0x16, 0xec,
    0xaa, 0x29, 0x0d, 0x16, 0x1d, 0x1e, 0xe3, 0x6e, 0xf5, 0xbe, 0x29, 0x14,
    0xd5, 0xef, 0xf1, 0x33, 0xf2, 0x2f, 0x27, 0xce, 0x29, 0xa3, 0xb3, 0xf9,
    0x54, 0xfa, 0x10, 0x4d, 0x4b, 0xea, 0x00, 0x00, 0xf3, 0x07, 0xe5, 0xeb,
    0xeb, 0x59, 0xdc, 0xf6, 0xe9, 0xf5, 0x15, 0x23, 0x5b, 0xb0, 0x30, 0x08,
    0x00, 0x92, 0x00, 0x50, 0xbb, 0x08, 0xd0, 0xc9, 0x07, 0x81, 0x1c, 0x18,
    0xa6, 0x4d, 0xf2, 0x5c, 0xaf, 0x42, 0x3d, 0x1b, 0x11, 0x28, 0x03, 0xe0,
    0x14, 0xc5, 0xba, 0x2a, 0x40, 0xad, 0xda, 0x05, 0x16, 0x00, 0x43, 0xc2,
    0x0f, 0xe9, 0xe7, 0x29, 0xc9, 0x34, 0x1b, 0xeb, 0xc0, 0x22, 0xad, 0x0a,
    0x05, 0x49, 0xf2, 0xf6, 0xb0, 0x51, 0x1f, 0x4b, 0xec, 0xf6, 0xfb, 0xe4,
    0xfb, 0xc0, 0xe0, 0xfb, 0x8c, 0x11, 0x4c, 0xfe, 0xd8, 0x7f, 0x17, 0xcd,
    0xc3, 0xe2, 0xe4, 0xd4, 0x08, 0x05, 0x6f, 0x26, 0x22, 0x43, 0x20, 0x09,
    0xb5, 0xd7, 0x03, 0x5d, 0x27, 0xce, 0x28, 0xdf, 0x21, 0xbf, 0xc9, 0x94,
    0x19, 0x24, 0x16, 0xb8, 0x2c, 0xf1, 0xe8, 0xb8, 0x12, 0x16, 0x0a, 0xf3,
    0x4a, 0x13, 0x1e, 0xfc, 0xd6, 0x5d, 0x40, 0xe5, 0x2f, 0x21, 0x03, 0xd3,
    0x13, 0xef, 0xdf, 0xd6, 0x4e, 0x02, 0xe1, 0xe3, 0xd8, 0xed, 0xeb, 0xf3,
    0x0b, 0x35, 0xd5, 0x05, 0xfb, 0xb6, 0xf7, 0xf7, 0x0d, 0xdf, 0x04, 0xb9,
    0xee, 0xde, 0x31, 0x09, 0x0c, 0xcd, 0xaa, 0xf8, 0x0e, 0xe3, 0x15, 0x3b,
    0x81, 0xc3, 0xd9, 0xb6, 0x40, 0xdb, 0x0f, 0x0d, 0xda, 0x07, 0x2f, 0xa7,
    0x4c, 0x01, 0xff, 0x45, 0xc7, 0x7f, 0xcb, 0xdf, 0x03, 0xaa, 0x22, 0xb8,
    0x92, 0x3e, 0xfc, 0xea, 0x44, 0x34, 0xd6, 0x0c, 0x2c, 0x2b, 0x10, 0x1a,
    0x3a, 0xf5, 0xca, 0xc9, 0xce, 0xea, 0x3e, 0x22, 0x13, 0x4d, 0xf7, 0xe3,
    0xc2, 0x29, 0xde, 0x0a, 0x41, 0xf2, 0x08, 0xe5, 0xde, 0x0f, 0xe7, 0xe8,
    0x19, 0x9c, 0xc4, 0x8b, 0x57, 0xdb, 0x1c, 0x35, 0xf6, 0x26, 0x19, 0x2d,
    0xfb, 0x06, 0xcf, 0xe1, 0xcf, 0x3f, 0x14, 0xe9, 0xf8, 0x19, 0x15, 0x4a,
    0xeb, 0x04, 0xc6, 0x1c, 0x32, 0xfa, 0x36, 0x03, 0x0d, 0x01, 0x04, 0x20,
    0x26, 0xb6, 0x62, 0x10, 0xba, 0x45, 0x7f, 0x31, 0xfa, 0xcd, 0x44, 0xf3,
    0x39, 0x43, 0x01, 0xcb, 0x5d, 0xc6, 0xeb, 0x02, 0x3c, 0xb6, 0x05, 0xdb,
    0xd0, 0xd4, 0xb3, 0x5e, 0x1a, 0x0d, 0xe7, 0xe5, 0xf4, 0xe2, 0xfc, 0xbb,
    0xc3, 0xc6, 0x26, 0xab, 0x55, 0x14, 0xe8, 0x0c, 0x81, 0x1a, 0x22, 0xe1,
    0xd6, 0xc8, 0xdb, 0x1e, 0x0d, 0xee, 0x9b, 0x15, 0x2e, 0xf5, 0xd4, 0x25,
    0xcd, 0xc8, 0xe7, 0xfe, 0x13, 0x2f, 0xd6, 0xe7, 0xc1, 0xdb, 0x4b, 0x15,
    0x34, 0xc7, 0x02, 0x2a, 0xed, 0x67, 0xe4, 0x06, 0xff, 0xcc, 0x55, 0xed,
    0x2a, 0xf0, 0x22, 0xf0, 0x88, 0x09, 0xc4, 0x7c, 0xe6, 0xc1, 0x13, 0x12,
    0x39, 0xbc, 0xd9, 0xca, 0xb8, 0x2e, 0x2d, 0xd3, 0xf5, 0xf6, 0x55, 0xdc,
    0x03, 0x47, 0x68, 0x20, 0x17, 0xf3, 0x21, 0xf6, 0xbe, 0x04, 0x42, 0x3a,
    0x61, 0xdf, 0xbd, 0xba, 0xdd, 0xa3, 0x88, 0xc8, 0xd5, 0x0e, 0x0e, 0x81,
    0xfe, 0xc8, 0x06, 0xdc, 0xee, 0x0b, 0x08, 0x78, 0xc8, 0xb2, 0x1c, 0xde,
    0x28, 0x13, 0xe1, 0x32, 0xda, 0xd4, 0x30, 0xf3, 0x45, 0x44, 0xb2, 0x9d,
    0xc6, 0x70, 0x92, 0x66, 0xac, 0xd2, 0x64, 0x05, 0x55, 0x61, 0xb0, 0x06,
    0x6d, 0x0d, 0xe5, 0xf7, 0x03, 0x3e, 0x19, 0xfe, 0x14, 0x3d, 0xf9, 0xc3,
    0xd0, 0xed, 0x45, 0xfa, 0x03, 0x98, 0x51, 0xd3, 0x44, 0xe4, 0xf1, 0xed,
    0xfd, 0x07, 0x0b, 0x05, 0xf0, 0x9d, 0x0e, 0x71, 0x81, 0x15, 0x26, 0x67,
    0x3f, 0x33, 0x9a, 0x20, 0xa2, 0xe9, 0x5f, 0x5d, 0x3f, 0x1a, 0x1a, 0x05,
    0x17, 0xf0, 0x20, 0x43, 0xf4, 0x5f, 0xaf, 0xa3, 0x27, 0x9e, 0x1a, 0x10,
    0x29, 0xf5, 0x00, 0x04, 0x38, 0xe4, 0xbc, 0xcc, 0xf7, 0xe3, 0x6d, 0x03,
    0x2e, 0x98, 0xf9, 0xc0, 0x23, 0x0d, 0xdd, 0x81, 0xc0, 0xe6, 0x0f, 0xcb,
    0xd6, 0xcd, 0x1b, 0xe9, 0xec, 0xbc, 0x1f, 0x34, 0x11, 0xeb, 0xea, 0xee,
    0x16, 0xef, 0x22, 0xc6, 0x15, 0x11, 0xca, 0x04, 0x3d, 0x31, 0xed, 0x5a,
    0x09, 0x49, 0x43, 0x79, 0xaf, 0x7e, 0x3b, 0x1e, 0x67, 0x70, 0xd2, 0x1c,
    0x70, 0xe2, 0x05, 0xb6, 0x42, 0x6e, 0xe0, 0xde, 0xc7, 0xe1, 0x11, 0x1a,
    0x59, 0xb5, 0x14, 0x4f, 0x51, 0xf0, 0x29, 0xc8, 0x26, 0x1e, 0x03, 0xde,
    0x11, 0xa5, 0x51, 0xdd, 0x0e, 0x12, 0xcf, 0x8f, 0x5c, 0x42, 0x58, 0x34,
    0xce, 0x04, 0x81, 0x2c, 0xfe, 0xe7, 0xbe, 0x41, 0x03, 0x26, 0x2d, 0x4a,
    0x3f, 0x02, 0xdd, 0x17, 0x1b, 0x68, 0xe1, 0xd3, 0xb7, 0xdf, 0x3c, 0xe8,
    0x38, 0xfc, 0xd4, 0x25, 0xae, 0xec, 0xb1, 0x26, 0xe7, 0xe7, 0x50, 0x16,
    0x12, 0x0f, 0xed, 0xa5, 0xe7, 0xff, 0xb0, 0x00, 0xfb, 0xf1, 0xe3, 0x53,
    0x63, 0xc5, 0x41, 0xe6, 0x22, 0x31, 0x05, 0xb9, 0xcf, 0x04, 0xf4, 0xa6,
    0xed, 0x81, 0xf9, 0x08, 0xdf, 0x43, 0x34, 0x06, 0xf1, 0x05, 0xf2, 0x17,
    0x32, 0x0e, 0x20, 0xe8, 0x9b, 0x5c, 0xa6, 0x0e, 0x4d, 0xff, 0xd4, 0xcf,
    0x49, 0x41, 0x1c, 0x81, 0xf2, 0x35, 0xd5, 0x1d, 0x6e, 0xe4, 0xed, 0xf6,
    0x1d, 0xa9, 0xc3, 0x1a, 0x13, 0x40, 0x18, 0xef, 0x06, 0xec, 0x2f, 0xf2,
    0x04, 0xbf, 0x63, 0x28, 0xaf, 0x1b, 0x1e, 0xea, 0x21, 0xff, 0x14, 0x4d,
    0xa9, 0x1c, 0xd7, 0xb6, 0xfc, 0xc4, 0xca, 0x30, 0xc2, 0x50, 0x7e, 0x52,
    0x14, 0xf7, 0xac, 0x43, 0x62, 0xa3, 0xa5, 0x81, 0xc4, 0x76, 0x27, 0xf4,
    0xce, 0xa6, 0x09, 0xc5, 0xbe, 0xcc, 0xb5, 0x22, 0x13, 0x21, 0x9f, 0xc8,
    0xf4, 0xa7, 0x18, 0x91, 0x43, 0x06, 0xb6, 0xd9, 0x3d, 0xf2, 0x29, 0x91,
    0xc9, 0x3d, 0x34, 0x27, 0xd2, 0x49, 0xbf, 0xf4, 0x3c, 0xbc, 0xde, 0x61,
    0xed, 0xe5, 0x1d, 0x16, 0xdb, 0xfc, 0xc4, 0xfc, 0xd1, 0xd4, 0x18, 0x1a,
    0xf8, 0xfc, 0x05, 0xe4, 0xc3, 0x05, 0xf5, 0xe1, 0x56, 0xfc, 0xca, 0x5b,
    0xf1, 0x1e, 0x0c, 0x01, 0x36, 0xdb, 0x1c, 0x23, 0xc1, 0xf5, 0xf3, 0x01,
    0xf5, 0x20, 0xfa, 0xdb, 0x2a, 0xd4, 0x64, 0x30, 0x5d, 0xf8, 0xdf, 0x81,
    0xf2, 0x0b, 0xd0, 0x04, 0x2c, 0xa6, 0x28, 0x0c, 0xa9, 0x0c, 0x02, 0x2d,
    0x9f, 0xe2, 0x12, 0xc6, 0x37, 0x7f, 0xab, 0x10, 0xfe, 0x47, 0xdc, 0x08,
    0x32, 0xc7, 0x21, 0xef, 0x12, 0x18, 0x07, 0x44, 0x9d, 0x13, 0xe7, 0x9a,
    0x16, 0x4a, 0x34, 0xd0, 0x66, 0xc6, 0xd6, 0xe6, 0xef, 0xd9, 0x47, 0x0e,
    0xdb, 0x1b, 0xe3, 0x27, 0x1a, 0xad, 0xec, 0xf6, 0xc5, 0xce, 0x65, 0x5a,
    0x3e, 0xf4, 0x3f, 0xce, 0xee, 0x78, 0xf1, 0xc9, 0x43, 0xc0, 0x2c, 0x0a,
    0xd7, 0xd7, 0x20, 0x28, 0xca, 0xf9, 0xbf, 0xc2, 0x22, 0xf9, 0x25, 0xf4,
    0xde, 0x6a, 0xfa, 0xeb, 0x1c, 0xf9, 0xae, 0x2f, 0xc3, 0xf3, 0x54, 0x25,
    0xc7, 0x06, 0xa7, 0x25, 0x95, 0xe3, 0xf7, 0x32, 0x34, 0x7c, 0x38, 0x91,
    0xcd, 0xf5, 0xbe, 0xc5, 0x2e, 0x0b, 0x1d, 0xc9, 0xb0, 0xe8, 0xf9, 0x3a,
    0x27, 0x23, 0x07, 0x13, 0x64, 0xe9, 0x74, 0xa8, 0x71, 0x3b, 0xe8, 0x81,
    0x56, 0x10, 0xa1, 0xf2, 0x03, 0xe3, 0xf2, 0xff, 0xef, 0xcf, 0x0e, 0x4b,
    0x12, 0xb0, 0x45, 0x3e, 0xd9, 0x6c, 0xf4, 0xf0, 0x4a, 0xcf, 0xff, 0xf7,
    0x02, 0xcc, 0x0b, 0x1a, 0x1c, 0x10, 0xd2, 0xd3, 0x1b, 0x9e, 0x24, 0x33,
    0x12, 0x01, 0xf5, 0x0f, 0xbd, 0x0d, 0xe7, 0x81, 0xfe, 0x08, 0xf8, 0xff,
    0x10, 0xf4, 0x28, 0x01, 0xff, 0xe2, 0xda, 0x16, 0xec, 0xcb, 0xe5, 0xed,
    0xec, 0xea, 0x29, 0xfc, 0x28, 0xf1, 0xc4, 0x01, 0x32, 0xba, 0x12, 0xf4,
    0x5a, 0x60, 0x91, 0xfa, 0x02, 0xba, 0x01, 0x9a, 0x5f, 0x05, 0xeb, 0xf6,
    0x2e, 0xec, 0x50, 0x71, 0xe1, 0x24, 0x24, 0x45, 0xe4, 0xbb, 0xf6, 0xe9,
    0x85, 0xeb, 0x44, 0x9c, 0x6c, 0x02, 0x3d, 0x55, 0xe5, 0x18, 0x7f, 0x02,
    0xad, 0x22, 0xef, 0xfd, 0x52, 0xb9, 0xf4, 0x09, 0x21, 0x43, 0xee, 0xde,
    0x18, 0xf9, 0x18, 0x6e, 0xee, 0xc5, 0x02, 0xf6, 0x46, 0xd4, 0xf7, 0xf7,
    0x2d, 0xf0, 0xef, 0x3b, 0x20, 0x0f, 0x03, 0xae, 0x07, 0xe6, 0x0e, 0x11,
    0x39, 0x1d, 0x5a, 0x3e, 0x18, 0xd1, 0xd4, 0x2e, 0xff, 0x12, 0x01, 0x67,
    0xc8, 0xe3, 0xd3, 0xd0, 0xe9, 0xf4, 0x00, 0x16, 0x02, 0xf4, 0x29, 0xb0,
    0x03, 0x12, 0xfd, 0xe4, 0x03, 0xc1, 0x81, 0xcc, 0xbb, 0x4b, 0xcb, 0xb4,
    0x32, 0xf8, 0xc7, 0x0f, 0x72, 0x22, 0xbb, 0x82, 0xcd, 0xc8, 0x81, 0x68,
    0x25, 0xfa, 0x35, 0x0a, 0x1e, 0xc5, 0x30, 0xb6, 0x39, 0x00, 0xd9, 0x8d,
    0x64, 0x17, 0x28, 0xcf, 0xfa, 0xdb, 0xc4, 0xbb, 0xdf, 0xf4, 0x2e, 0x4d,
    0xe3, 0x17, 0x41, 0xfa, 0x10, 0xed, 0x02, 0x42, 0x72, 0xf3, 0x5c, 0x2e,
    0x23, 0x27, 0x4e, 0x01, 0xf0, 0xa4, 0x37, 0xfd, 0x06, 0xdb, 0xe7, 0x38,
    0xc3, 0xe0, 0x2e, 0x4b, 0x2b, 0x15, 0x02, 0x20, 0xd3, 0xdd, 0x7f, 0x00,
    0x11, 0x04, 0xa3, 0xf4, 0x0b, 0xe5, 0xed, 0xc2, 0xd0, 0x03, 0x22, 0x32,
    0x0b, 0xe7, 0x43, 0xfb, 0x15, 0x23, 0xe1, 0x3b, 0xf2, 0x01, 0xd1, 0x90,
    0x26, 0xc9, 0xe4, 0xbe, 0x32, 0x1a, 0xc3, 0x4d, 0x27, 0x05, 0x16, 0xd9,
    0x17, 0x3c, 0xe6, 0x34, 0x18, 0xd5, 0xf6, 0x11, 0x3a, 0xed, 0x32, 0xfc,
    0x1a, 0xf0, 0x1f, 0xcc, 0xb2, 0xef, 0x13, 0x0e, 0x39, 0xeb, 0x9d, 0x7f,
    0x1e, 0x14, 0x3a, 0x08, 0x1b, 0xc4, 0xcb, 0xba, 0xfe, 0x1c, 0xca, 0x30,
    0x4f, 0x2c, 0x16, 0x30, 0xf6, 0xc8, 0xf5, 0xae, 0xf8, 0xca, 0x45, 0x38,
    0xcd, 0xe5, 0xff, 0x26, 0xb0, 0x76, 0x36, 0xe7, 0xbd, 0xfe, 0xe6, 0x99,
    0x26, 0x40, 0xd3, 0xe6, 0x12, 0xc3, 0x19, 0x0a, 0xdb, 0xbc, 0xca, 0xe2,
    0x29, 0x2b, 0xfd, 0x29, 0x5f, 0x93, 0x46, 0xbf, 0x9e, 0x03, 0x18, 0xfc,
    0x1f, 0xbd, 0x6a, 0x4a, 0xee, 0x34, 0x2f, 0xbb, 0x34, 0xed, 0xea, 0x05,
    0x11, 0xdf, 0x1a, 0x01, 0x3b, 0x9e, 0xc9, 0x62, 0x25, 0x7b, 0xf2, 0xfb,
    0x2a, 0xdc, 0xeb, 0xf4, 0x14, 0xc6, 0x20, 0x7f, 0x21, 0x07, 0x12, 0xde,
    0xf7, 0x37, 0x31, 0x19, 0xf9, 0xee, 0xb4, 0xaf, 0x26, 0x34, 0x01, 0xf1,
    0xef, 0xce, 0x28, 0x19, 0x15, 0x76, 0xb5, 0x39, 0x3b, 0xfc, 0x09, 0x0b,
    0xb2, 0x9a, 0x16, 0xfe, 0x36, 0x56, 0xfa, 0x09, 0x8a, 0xd7, 0xe5, 0xe5,
    0x10, 0x13, 0xd2, 0x1f, 0x06, 0xf2, 0xd3, 0xc9, 0x2f, 0xe7, 0x08, 0x24,
    0xd1, 0xf8, 0xdf, 0xda, 0x03, 0xe1, 0xc8, 0xf3, 0xe5, 0xd1, 0xe4, 0xe2,
    0x3d, 0x9c, 0xea, 0xb8, 0xce, 0x7f, 0xbf, 0xde, 0x13, 0x02, 0x34, 0xaa,
    0x00, 0xee, 0x1c, 0xe8, 0xdc, 0xd0, 0x04, 0xc0, 0x0e, 0x07, 0xce, 0x4f,
    0x20, 0xda, 0x56, 0x07, 0x50, 0xf6, 0xfe, 0xd7, 0x3b, 0xf9, 0xe0, 0x17,
    0xdd, 0x1d, 0xe5, 0xa8, 0x1b, 0xaa, 0x0a, 0x81, 0xb1, 0xd8, 0xf5, 0x37,
    0xec, 0x04, 0x1e, 0x20, 0xd9, 0xc7, 0x4e, 0x10, 0x3b, 0x0d, 0xd5, 0xcb,
    0x03, 0x65, 0x9d, 0x12, 0xce, 0xc8, 0xbf, 0xfa, 0xf2, 0xf7, 0xb5, 0x78,
    0xed, 0x2f, 0x47, 0x0c, 0x00, 0x28, 0x61, 0x3d, 0x2d, 0xbb, 0xcf, 0xba,
    0xbc, 0x24, 0xe5, 0x39, 0xc4, 0xe8, 0x5f, 0xf1, 0x7f, 0xca, 0xcb, 0x22,
    0x06, 0x31, 0xf5, 0x06, 0xb4, 0xf8, 0x32, 0x24, 0x2c, 0x45, 0x63, 0xf7,
    0xe6, 0x0a, 0xce, 0xb1, 0x2e, 0xf3, 0x29, 0x46, 0xc5, 0x66, 0x2c, 0xd9,
    0xa6, 0xc2, 0x30, 0x30, 0xe5, 0xa4, 0x2d, 0xd9, 0x4e, 0x21, 0xa1, 0xde,
    0x47, 0xcc, 0xc6, 0x01, 0x5e, 0xd5, 0xff, 0xff, 0x04, 0x00, 0x00, 0x00,
    0xf0, 0x00, 0x00, 0x00, 0xac, 0x01, 0x00, 0x00, 0xdb, 0x03, 0x00, 0x00,
    0xe8, 0xf6, 0xff, 0xff, 0xf0, 0x07, 0x00, 0x00, 0x89, 0xf4, 0xff, 0xff,
    0x1e, 0x03, 0x00, 0x00, 0x33, 0x09, 0x00, 0x00, 0x77, 0x0b, 0x00, 0x00,
    0x49, 0x02, 0x00, 0x00, 0x76, 0xf0, 0xff, 0xff, 0x79, 0x08, 0x00, 0x00,
    0x2e, 0xf4, 0xff, 0xff, 0x0a, 0xe8, 0xff, 0xff, 0xfa, 0x00, 0x00, 0x00,
    0xa4, 0x14, 0x00, 0x00, 0xbb, 0x0c, 0x00, 0x00, 0x2f, 0x00, 0x00, 0x00,
    0x0b, 0xff, 0xff, 0xff, 0x72, 0x00, 0x00, 0x00, 0xab, 0xf8, 0xff, 0xff,
    0x78, 0x00, 0x00, 0x00, 0x89, 0xf6, 0xff, 0xff, 0xf4, 0x09, 0x00, 0x00,
    0x53, 0xfb, 0xff, 0xff, 0xf1, 0x05, 0x00, 0x00, 0xea, 0xec, 0xff, 0xff,
    0x0c, 0xf6, 0xff, 0xff, 0x51, 0x06, 0x00, 0x00, 0xc4, 0xef, 0xff, 0xff,
    0x91, 0x00, 0x00, 0x00, 0x81, 0xfc, 0xff, 0xff, 0x2b, 0x05, 0x00, 0x00,
    0x65, 0xeb, 0xff, 0xff, 0x4f, 0xea, 0xff, 0xff, 0xaa, 0x0e, 0x00, 0x00,
    0xa4, 0x03, 0x00, 0x00, 0x22, 0x12, 0x00, 0x00, 0x69, 0x09, 0x00, 0x00,
    0x56, 0x07, 0x00, 0x00, 0x28, 0xf2, 0xff, 0xff, 0xb9, 0x01, 0x00, 0x00,
    0x11, 0xef, 0xff, 0xff, 0xa8, 0x0d, 0x00, 0x00, 0x4c, 0x07, 0x00, 0x00,
    0xaf, 0x19, 0x00, 0x00, 0x9f, 0x08, 0x00, 0x00, 0xc5, 0xe0, 0xff, 0xff,
    0x28, 0xfe, 0xff, 0xff, 0x88, 0xf9, 0xff, 0xff, 0x39, 0x01, 0x00, 0x00,
    0x55, 0x12, 0x00, 0x00, 0xe7, 0x0b, 0x00, 0x00, 0xc6, 0x02, 0x00, 0x00,
    0x50, 0x06, 0x00, 0x00, 0xe1, 0x00, 0x00, 0x00, 0x3d, 0xfd, 0xff, 0xff,
    0x5c, 0x0b, 0x00, 0x00, 0x1d, 0xfa, 0xff, 0xff, 0xed, 0xea, 0xff, 0xff,
    0x5b, 0x03, 0x00, 0x00, 0x5a, 0xd6, 0xff, 0xff, 0x04, 0x00, 0x00, 0x00,
    0xec, 0x04, 0x00, 0x00, 0xf0, 0x2b, 0x0d, 0x89, 0xba, 0xd0, 0xcd, 0x78,
    0x48, 0x81, 0x48, 0xdd, 0x3d, 0x09, 0x59, 0xaa, 0xd7, 0xb7, 0xdb, 0xd3,
    0x4d, 0x24, 0xff, 0xb0, 0x33, 0x3f, 0xcb, 0x34, 0x10, 0x81, 0x81, 0xeb,
    0x39, 0xcd, 0x18, 0x46, 0x7f, 0x95, 0x48, 0x3a, 0x2e, 0xde, 0x05, 0x35,
    0x2b, 0xe3, 0x19, 0xcb, 0xb3, 0xfa, 0x47, 0xf3, 0x11, 0xd9, 0x05, 0x05,
    0x57, 0xca, 0x0c, 0x11, 0x00, 0x3f, 0x0b, 0xa1, 0xff, 0xae, 0x81, 0x7a,
    0x22, 0x87, 0xa7, 0x2d, 0x0c, 0x93, 0x1d, 0xdb, 0x8f, 0x81, 0xf6, 0xf7,
    0x17, 0x65, 0x0f, 0x9c, 0x1c, 0x44, 0xa5, 0x10, 0x14, 0xa4, 0x5e, 0x11,
    0x15, 0x81, 0xfa, 0x23, 0x4c, 0x81, 0x2a, 0x3a, 0x1b, 0x6b, 0x19, 0x54,
    0x27, 0xd9, 0xce, 0x04, 0xfb, 0xff, 0xfd, 0x28, 0xda, 0x07, 0xde, 0x51,
    0xdf, 0xd2, 0x1a, 0x09, 0x10, 0x24, 0x09, 0x04, 0x61, 0xc3, 0x0d, 0x38,
    0x62, 0xf7, 0xdf, 0x7d, 0x0b, 0xad, 0x10, 0x3b, 0x95, 0xcd, 0xc6, 0x0a,
    0x18, 0x66, 0x34, 0x76, 0xcb, 0x32, 0x94, 0xee, 0x48, 0x23, 0x06, 0x0c,
    0x3f, 0xab, 0x89, 0xdb, 0x27, 0xb0, 0x38, 0x3b, 0xf5, 0x24, 0xe6, 0x07,
    0x19, 0xc6, 0xe4, 0x81, 0x4d, 0xcd, 0xdd, 0xe1, 0x29, 0x60, 0xb2, 0x39,
    0xe2, 0xd8, 0xf4, 0xfc, 0xf5, 0x16, 0x04, 0xb0, 0x04, 0x81, 0x1b, 0x2e,
    0xf2, 0x09, 0x21, 0xab, 0xfa, 0x32, 0x1d, 0x16, 0xd5, 0xb5, 0x13, 0xfd,
    0xfa, 0x1b, 0x0c, 0x7f, 0x6c, 0xdb, 0xb7, 0xf9, 0x0d, 0x02, 0xd9, 0xed,
    0x16, 0xd6, 0xc3, 0xca, 0x0c, 0xb7, 0x43, 0x3d, 0x9d, 0xe5, 0xe0, 0xfe,
    0xe5, 0xe2, 0xdc, 0x9b, 0x0e, 0xdc, 0x11, 0x34, 0x61, 0x0b, 0xb8, 0xc4,
    0x44, 0xee, 0xe4, 0x34, 0xe1, 0x28, 0x08, 0xf9, 0xbd, 0x98, 0xd6, 0x10,
    0x30, 0x05, 0x23, 0x7f, 0xbe, 0x4f, 0x18, 0xc2, 0xd9, 0xe5, 0x81, 0xf9,
    0x23, 0xb4, 0xc6, 0xa7, 0xa1, 0xf5, 0x0c, 0x17, 0x15, 0x6e, 0xf9, 0xda,
    0xef, 0xf2, 0xc7, 0x03, 0xd9, 0xe8, 0x33, 0x1d, 0x81, 0x16, 0x24, 0x0d,
    0xe8, 0xdf, 0x2c, 0xd0, 0xed, 0xe1, 0xf8, 0xc9, 0xa5, 0x2e, 0xf7, 0xc4,
    0xb7, 0x09, 0xee, 0xf8, 0xed, 0x1c, 0x12, 0x28, 0x3e, 0xd7, 0x51, 0x1d,
    0x7f, 0x01, 0xb8, 0xd0, 0xce, 0xaa, 0x1e, 0x0e, 0x63, 0xce, 0x79, 0xf5,
    0xb2, 0x20, 0x0d, 0x64, 0x34, 0xf3, 0x55, 0xdf, 0xd8, 0x2d, 0x4c, 0xe4,
    0x01, 0x07, 0x28, 0x0f, 0x14, 0xe0, 0x2c, 0x0d, 0xbf, 0x25, 0x7f, 0x33,
    0x0f, 0xba, 0x4e, 0x20, 0xd6, 0x2b, 0xf8, 0xaa, 0xb0, 0x0a, 0x7f, 0xe0,
    0x00, 0xdd, 0x11, 0xed, 0xf3, 0x2a, 0x0d, 0xb1, 0x3e, 0xa6, 0xe0, 0x14,
    0xe6, 0x41, 0x15, 0xf2, 0xf5, 0xf1, 0x1c, 0xa4, 0x7f, 0xc2, 0x21, 0x37,
    0xe5, 0x06, 0x1b, 0x6c, 0x13, 0xe6, 0x36, 0x02, 0x81, 0xf5, 0xef, 0xeb,
    0x03, 0x11, 0x03, 0xfc, 0x1e, 0xdd, 0x1f, 0x12, 0x2c, 0x7f, 0xe9, 0x4d,
    0x21, 0xb1, 0x2f, 0xec, 0xcf, 0x28, 0x19, 0x13, 0x37, 0xc4, 0x1f, 0xdb,
    0x22, 0xeb, 0xf5, 0x12, 0xe0, 0x20, 0x01, 0xec, 0xca, 0xc9, 0x15, 0x28,
    0x01, 0x2f, 0x59, 0xea, 0x03, 0x81, 0x2a, 0x97, 0x24, 0x55, 0x0c, 0x16,
    0x21, 0xc7, 0x0f, 0xab, 0x2a, 0xe3, 0x27, 0x1b, 0xd6, 0xf7, 0xce, 0xe4,
    0xc3, 0xdc, 0xf3, 0x06, 0x2a, 0xe5, 0x0a, 0xd2, 0x12, 0xd1, 0xb2, 0x3c,
    0x12, 0xba, 0x7f, 0x37, 0xda, 0x03, 0xf5, 0x16, 0x38, 0xf5, 0x02, 0x45,
    0x07, 0x04, 0xee, 0xee, 0x03, 0x0b, 0x08, 0x01, 0xfc, 0xe9, 0x11, 0x12,
    0x16, 0xc5, 0xf4, 0x1f, 0x09, 0x08, 0x03, 0x1f, 0x1a, 0x47, 0x43, 0x0a,
    0xbf, 0xe8, 0xca, 0x39, 0x31, 0xe8, 0xc6, 0xb2, 0xf1, 0x09, 0xde, 0xf9,
    0xc0, 0xc8, 0xcf, 0x0a, 0x0f, 0xe6, 0x0d, 0xe8, 0xd4, 0xb6, 0xf5, 0xf5,
    0xdd, 0xb8, 0x73, 0x2c, 0xf9, 0x1d, 0x07, 0xfc, 0xd3, 0x27, 0x26, 0x7f,
    0xaa, 0x1e, 0x04, 0xf2, 0x19, 0x0c, 0xf8, 0x18, 0x7f, 0xf4, 0xef, 0x1d,
    0x97, 0xd0, 0x04, 0x8d, 0xb6, 0x4a, 0x22, 0x7f, 0x19, 0xe3, 0x00, 0xf7,
    0x22, 0xa5, 0xa2, 0x52, 0x1e, 0xef, 0xf0, 0xd0, 0xf2, 0x2c, 0x1c, 0xf6,
    0xfa, 0xed, 0x26, 0x0a, 0x08, 0xea, 0x20, 0xc9, 0x49, 0x43, 0x20, 0x41,
    0xeb, 0xd4, 0x57, 0x03, 0x12, 0xf6, 0x12, 0xb9, 0x06, 0x24, 0x27, 0x2c,
    0x17, 0x0f, 0xf3, 0x30, 0xfe, 0xed, 0xfb, 0x09, 0x14, 0xe5, 0xce, 0x1f,
    0xd7, 0x2c, 0x42, 0xcb, 0xab, 0x66, 0x24, 0x41, 0x67, 0xf2, 0x1f, 0x18,
    0x3d, 0xa4, 0xe9, 0xdc, 0xcf, 0x23, 0x11, 0xfe, 0xe2, 0xed, 0x00, 0x08,
    0xe3, 0xda, 0x41, 0xe1, 0x0e, 0xa8, 0x26, 0xba, 0x0f, 0xe3, 0x22, 0x5e,
    0xfb, 0xda, 0x3c, 0x03, 0x47, 0xbf, 0xf9, 0xbf, 0xd4, 0x1a, 0x05, 0x2b,
    0x14, 0x16, 0xe5, 0x13, 0xbf, 0xe5, 0xfc, 0x81, 0xcc, 0xe4, 0xe6, 0x3f,
    0x10, 0x14, 0xf7, 0xc0, 0xec, 0x12, 0xfe, 0x9f, 0x2c, 0x27, 0xf9, 0x07,
    0xad, 0x81, 0xe9, 0xe0, 0xc6, 0x41, 0x34, 0x0c, 0xeb, 0x12, 0xfa, 0xea,
    0xca, 0xda, 0xf5, 0x22, 0x37, 0x12, 0x0f, 0xdb, 0x0d, 0xae, 0x6a, 0x39,
    0x1c, 0xc7, 0x38, 0x20, 0x55, 0x2b, 0xfa, 0xde, 0xcd, 0xdd, 0x0a, 0x60,
    0xe0, 0x1e, 0xe6, 0xb5, 0xc8, 0xe1, 0xfe, 0x05, 0x06, 0xd0, 0xf2, 0x23,
    0xbc, 0xde, 0xfe, 0x19, 0xd1, 0x05, 0x0e, 0xea, 0x2d, 0x19, 0x76, 0xf4,
    0xca, 0xc0, 0xd1, 0x50, 0x35, 0x3c, 0x7f, 0x6d, 0xe0, 0x26, 0xbd, 0x04,
    0xc3, 0xc9, 0xde, 0x4b, 0x31, 0xf6, 0x06, 0xba, 0xd0, 0x84, 0xf8, 0x0f,
    0x0e, 0xf5, 0x4c, 0xf6, 0x27, 0x6d, 0x1c, 0xdb, 0xfb, 0x06, 0x16, 0xf3,
    0x0f, 0x15, 0x05, 0xc6, 0x11, 0xfa, 0x00, 0x33, 0x20, 0x03, 0xa1, 0x20,
    0xc5, 0x16, 0xee, 0x2f, 0xc4, 0x05, 0x2e, 0x5c, 0xfc, 0xe1, 0xce, 0xfb,
    0xaf, 0x3c, 0x1a, 0xf3, 0x40, 0x26, 0x1d, 0xbe, 0xf1, 0x16, 0x1a, 0xff,
    0xc4, 0xd0, 0xe0, 0x2b, 0x1d, 0xf7, 0x0f, 0xe8, 0x37, 0xe7, 0xdb, 0xf4,
    0x0f, 0xd4, 0x17, 0x07, 0x10, 0x4d, 0x21, 0xc7, 0xe4, 0x18, 0x00, 0xdf,
    0x02, 0x25, 0x05, 0xe5, 0x2d, 0x1f, 0x01, 0xa8, 0x13, 0xde, 0x0d, 0xf5,
    0x40, 0x1b, 0x0c, 0xf9, 0xc5, 0xce, 0x1d, 0x1b, 0x28, 0x37, 0xf4, 0xe4,
    0xe2, 0x26, 0x5c, 0xf2, 0x09, 0x0e, 0x1e, 0x81, 0x05, 0xdd, 0x39, 0xf5,
    0xde, 0xbc, 0xe4, 0xb7, 0x1b, 0x34, 0x29, 0xe2, 0x26, 0x8e, 0x50, 0xba,
    0xf2, 0xcb, 0x06, 0xd6, 0x2e, 0xa3, 0xec, 0x0e, 0x31, 0xe5, 0xf6, 0x00,
    0x7f, 0xfc, 0x04, 0x03, 0x2d, 0x4f, 0x00, 0xb7, 0xbf, 0xc0, 0x46, 0x1f,
    0x14, 0x22, 0xe4, 0xa8, 0xb6, 0xb2, 0x0f, 0x1e, 0x36, 0x1f, 0xd1, 0xe5,
    0xbe, 0x09, 0x51, 0x39, 0x55, 0xcc, 0xfa, 0xfe, 0xba, 0x09, 0x14, 0xdc,
    0xeb, 0xae, 0x81, 0xcd, 0x31, 0x42, 0x29, 0xe7, 0xf2, 0x13, 0xd8, 0x7f,
    0xef, 0xbc, 0x0d, 0x8e, 0x31, 0xc3, 0x95, 0xd9, 0x7f, 0xe6, 0x21, 0xcb,
    0xe7, 0x07, 0x0c, 0x28, 0xf1, 0x43, 0x02, 0x4c, 0xf9, 0xb1, 0x23, 0x0b,
    0x17, 0xe7, 0x28, 0xd6, 0x96, 0xfe, 0xf0, 0xc9, 0x33, 0xb4, 0xc0, 0x0c,
    0x6b, 0xed, 0x14, 0xea, 0x9c, 0x0a, 0x5c, 0x50, 0xdf, 0x0e, 0xe5, 0xcc,
    0xdd, 0xca, 0xf0, 0x3f, 0x14, 0xfc, 0x0b, 0xe5, 0x9d, 0xef, 0xba, 0x45,
    0x0a, 0xc3, 0x45, 0x20, 0x1d, 0x7f, 0x07, 0x94, 0x91, 0xea, 0x26, 0xbd,
    0xd5, 0x12, 0xf1, 0xf7, 0xe3, 0x7f, 0x02, 0xe3, 0x32, 0xa9, 0xcc, 0x39,
    0x7b, 0xcc, 0xfb, 0x1f, 0xaf, 0x06, 0x0f, 0xc5, 0xf0, 0x04, 0x7a, 0x18,
    0xd0, 0xc2, 0x7f, 0x0e, 0x13, 0x19, 0x69, 0xf9, 0x06, 0x28, 0xc1, 0xe0,
    0x11, 0xd1, 0x6b, 0x18, 0xdb, 0x15, 0x15, 0xc6, 0xdc, 0xfc, 0xe4, 0x18,
    0x1b, 0xc2, 0x30, 0x69, 0x10, 0x26, 0x7f, 0x1e, 0x0d, 0xec, 0x1a, 0xfb,
    0x17, 0x22, 0xfe, 0xe3, 0xe7, 0x60, 0x15, 0xbd, 0xd8, 0xe6, 0x03, 0x38,
    0x1c, 0xd8, 0xde, 0x31, 0xd5, 0x2c, 0x25, 0x18, 0xa5, 0x21, 0x53, 0xfb,
    0x4c, 0x94, 0x26, 0xac, 0x7f, 0x21, 0x10, 0xc3, 0x08, 0xfd, 0xc0, 0xce,
    0xcb, 0xa2, 0x27, 0x81, 0xef, 0x2a, 0x1b, 0xa6, 0x24, 0x25, 0x23, 0x09,
    0xdf, 0xc6, 0x30, 0x62, 0x0d, 0xa3, 0x0c, 0x7f, 0x7b, 0xdc, 0x14, 0x00,
    0xf1, 0x39, 0xf3, 0x1f, 0x87, 0x71, 0x37, 0xdf, 0xeb, 0xa5, 0x21, 0x69,
    0x74, 0x2e, 0xfa, 0xae, 0xd0, 0x33, 0xcd, 0x1b, 0x04, 0x02, 0x2d, 0x02,
    0x3f, 0x01, 0xda, 0xf5, 0x6a, 0x48, 0x00, 0xed, 0xe3, 0xcc, 0xfb, 0xac,
    0xcc, 0xb4, 0x14, 0x9d, 0x10, 0xf7, 0x28, 0xb4, 0x07, 0xc3, 0xd7, 0x31,
    0x8c, 0xc0, 0xec, 0x41, 0x38, 0xc0, 0xac, 0xd6, 0x11, 0xb4, 0x16, 0x2e,
    0xdb, 0x76, 0xb5, 0xed, 0x81, 0x77, 0x7f, 0xe0, 0x26, 0x89, 0xd7, 0x7f,
    0x51, 0xf4, 0x7f, 0xe9, 0x81, 0xeb, 0x81, 0xbd, 0xef, 0x16, 0xc8, 0x7f,
    0x7f, 0x20, 0xdf, 0xa9, 0x1b, 0x7f, 0xf1, 0x41, 0x30, 0xf2, 0xee, 0x81,
    0x81, 0xcd, 0x5f, 0x60, 0x43, 0xf3, 0x7f, 0x81, 0xd4, 0xac, 0xbc, 0x40,
    0x81, 0x81, 0xaf, 0x18, 0x7f, 0xe4, 0x4b, 0x83, 0xb3, 0x81, 0xe4, 0x24,
    0xf0, 0x7f, 0x81, 0x81, 0x52, 0xdb, 0xff, 0xff, 0x04, 0x00, 0x00, 0x00,
    0xf0, 0x00, 0x00, 0x00, 0xfe, 0xff, 0xff, 0xff, 0x14, 0x00, 0x00, 0x00,
    0x26, 0x00, 0x00, 0x00, 0xdd, 0xff, 0xff, 0xff, 0xeb, 0xff, 0xff, 0xff,
    0xe5, 0xff, 0xff, 0xff, 0xe1, 0xff, 0xff, 0xff, 0x79, 0x00, 0x00, 0x00,
    0x19, 0x00, 0x00, 0x00, 0xff, 0xff, 0xff, 0xff, 0xf9, 0xff, 0xff, 0xff,
    0xe2, 0xff, 0xff, 0xff, 0x47, 0x00, 0x00, 0x00, 0xea, 0xff, 0xff, 0xff,
    0x29, 0x00, 0x00, 0x00, 0xfb, 0xff, 0xff, 0xff, 0x01, 0x00, 0x00, 0x00,
    0x4d, 0x00, 0x00, 0x00, 0xf9, 0xff, 0xff, 0xff, 0x01, 0x00, 0x00, 0x00,
    0x0b, 0x00, 0x00, 0x00, 0xba, 0xff, 0xff, 0xff, 0xef, 0xff, 0xff, 0xff,
    0xce, 0xff, 0xff, 0xff, 0xa8, 0xff, 0xff, 0xff, 0xe1, 0xff, 0xff, 0xff,
    0x31, 0x00, 0x00, 0x00, 0xca, 0xff, 0xff, 0xff, 0xeb, 0xff, 0xff, 0xff,
    0x2c, 0x00, 0x00, 0x00, 0x09, 0x00, 0x00, 0x00, 0xd8, 0xff, 0xff, 0xff,
    0x30, 0x00, 0x00, 0x00, 0x2b, 0x00, 0x00, 0x00, 0x02, 0x00, 0x00, 0x00,
    0x0f, 0x00, 0x00, 0x00, 0x32, 0x00, 0x00, 0x00, 0xb7, 0xff, 0xff, 0xff,
    0x02, 0x00, 0x00, 0x00, 0xbd, 0x00, 0x00, 0x00, 0xea, 0xff, 0xff, 0xff,
    0x37, 0x00, 0x00, 0x00, 0x3a, 0x00, 0x00, 0x00, 0x69, 0x00, 0x00, 0x00,
    0x38, 0x00, 0x00, 0x00, 0x70, 0xff, 0xff, 0xff, 0x04, 0x00, 0x00, 0x00,
    0xe4, 0xff, 0xff, 0xff, 0xe5, 0xff, 0xff, 0xff, 0x0f, 0x00, 0x00, 0x00,
    0x21, 0x00, 0x00, 0x00, 0xcf, 0xff, 0xff, 0xff, 0x41, 0x00, 0x00, 0x00,
    0x18, 0x00, 0x00, 0x00, 0x1a, 0x00, 0x00, 0x00, 0x38, 0x00, 0x00, 0x00,
    0xea, 0xff, 0xff, 0xff, 0xc6, 0xff, 0xff, 0xff, 0x17, 0x00, 0x00, 0x00,
    0x26, 0x00, 0x00, 0x00, 0x4e, 0xdc, 0xff, 0xff, 0x04, 0x00, 0x00, 0x00,
    0x10, 0x0e, 0x00, 0x00, 0x96, 0x68, 0xfd, 0x07, 0xc3, 0x3a, 0xfc, 0x17,
    0x5e, 0x06, 0x10, 0xf0, 0x32, 0xe8, 0x52, 0xfb, 0x02, 0xfc, 0xf4, 0x25,
    0x07, 0xff, 0xea, 0x1f, 0xa2, 0xd4, 0xfe, 0x0b, 0xfa, 0xfe, 0x3d, 0x81,
    0xff, 0x16, 0xda, 0x27, 0xd2, 0x17, 0x32, 0x20, 0xdd, 0x29, 0xff, 0x1a,
    0x41, 0x46, 0x09, 0x3b, 0xc4, 0x4d, 0xdc, 0xd3, 0xe8, 0x44, 0xfe, 0x21,
    0x42, 0xc7, 0x01, 0x4c, 0x4a, 0xc7, 0x29, 0xf0, 0xdf, 0x95, 0x19, 0x65,
    0xe1, 0x39, 0x06, 0xbb, 0x14, 0x1b, 0x54, 0x16, 0x21, 0x68, 0x25, 0xfd,
    0xf1, 0xce, 0x20, 0xf6, 0xec, 0x26, 0xe7, 0x33, 0x0e, 0xfe, 0xeb, 0x0e,
    0x0f, 0x7f, 0xba, 0x2b, 0x05, 0x2c, 0x5c, 0x24, 0x25, 0xf3, 0x4f, 0x3a,
    0xf8, 0xa4, 0x0b, 0x26, 0xd7, 0x0c, 0xe3, 0x15, 0x1f, 0x16, 0x06, 0x4e,
    0x10, 0x2a, 0x39, 0x28, 0x34, 0x22, 0xd1, 0x5b, 0xe1, 0x5f, 0x0a, 0xf8,
    0x05, 0xe4, 0x0f, 0xf5, 0x23, 0x16, 0xe4, 0x02, 0x0e, 0x13, 0xeb, 0xc2,
    0xd6, 0x20, 0xae, 0xe2, 0x3d, 0x18, 0x1e, 0x13, 0x10, 0x2c, 0x49, 0xf9,
    0x00, 0x01, 0xb2, 0xee, 0xbd, 0xc2, 0x00, 0xfc, 0xe3, 0x32, 0x43, 0xc0,
    0x88, 0x59, 0xf7, 0xde, 0x10, 0xf5, 0x1c, 0xde, 0x0a, 0xf5, 0xc6, 0xe8,
    0x0b, 0x2c, 0x7f, 0x30, 0x88, 0x70, 0x46, 0x52, 0xd4, 0x11, 0xed, 0x44,
    0x09, 0xef, 0x99, 0x17, 0xd1, 0xc5, 0x3a, 0x04, 0x2a, 0xb1, 0xf1, 0x48,
    0x0d, 0x35, 0x0d, 0xad, 0x03, 0xeb, 0x21, 0xc3, 0xdf, 0x11, 0xeb, 0x81,
    0xf5, 0x04, 0xd7, 0x10, 0x46, 0xef, 0x43, 0x61, 0x20, 0x03, 0x13, 0xef,
    0x67, 0xa4, 0x39, 0x06, 0xfe, 0x1f, 0x2d, 0x90, 0xcb, 0xd3, 0x51, 0x71,
    0xd1, 0xde, 0xab, 0x1d, 0x15, 0xbd, 0xdf, 0x6d, 0x21, 0x24, 0x5e, 0xd7,
    0xac, 0x07, 0xd2, 0xc3, 0x20, 0xb8, 0x47, 0x2f, 0xf8, 0x3b, 0xe2, 0xa1,
    0x01, 0x15, 0x18, 0xd5, 0xa8, 0x19, 0xd8, 0xc6, 0x2b, 0xcb, 0xe6, 0x19,
    0xd2, 0x2c, 0x25, 0xdf, 0x93, 0xf6, 0xc7, 0xb2, 0x10, 0x59, 0x2f, 0xbd,
    0xa1, 0x53, 0xa8, 0x27, 0x17, 0xd8, 0xfe, 0x11, 0x81, 0x5a, 0x00, 0xf7,
    0xcf, 0x47, 0x61, 0xf4, 0xf8, 0x66, 0xa0, 0xb3, 0x3f, 0x29, 0x2e, 0x1d,
    0x53, 0x38, 0x54, 0x06, 0x20, 0xdb, 0x20, 0xf8, 0x32, 0xf4, 0xf9, 0x28,
    0x17, 0x0d, 0xd7, 0xfd, 0x9f, 0xd7, 0x0a, 0xdc, 0xad, 0xe1, 0xe3, 0x89,
    0xfe, 0x7f, 0x2b, 0x1e, 0x16, 0xa8, 0x1a, 0x0b, 0xf8, 0xff, 0xa7, 0x0a,
    0xfb, 0xfa, 0xe4, 0x99, 0xdb, 0xcc, 0x12, 0x5c, 0x30, 0x4e, 0x13, 0xce,
    0x1b, 0xf9, 0x4b, 0xd3, 0x29, 0xdb, 0x58, 0xd2, 0x18, 0x4b, 0x36, 0xe6,
    0xd9, 0xd9, 0x14, 0x11, 0x15, 0xd8, 0xa7, 0x15, 0x03, 0xf7, 0x2f, 0x19,
    0x31, 0x38, 0xb6, 0x24, 0xee, 0x13, 0x1b, 0x03, 0x5b, 0xed, 0xe7, 0x0e,
    0xfd, 0x17, 0x1e, 0xfd, 0x43, 0x67, 0xf6, 0x2e, 0xf0, 0xcc, 0xca, 0x14,
    0x71, 0xde, 0xbb, 0x4d, 0xeb, 0x77, 0xa4, 0x38, 0x4f, 0x81, 0xf9, 0xac,
    0x16, 0xf9, 0xbe, 0xb1, 0xdc, 0x27, 0xf8, 0xc1, 0x40, 0xec, 0x15, 0xee,
    0xfa, 0xc5, 0xf1, 0xbc, 0xcf, 0x42, 0x1b, 0xce, 0x39, 0xef, 0x02, 0x0c,
    0x2f, 0xd1, 0xdd, 0xf1, 0x27, 0xf6, 0x3c, 0xcb, 0x95, 0x0e, 0xf7, 0x49,
    0xd3, 0xde, 0xe8, 0x29, 0xfb, 0x08, 0x00, 0xe2, 0xea, 0x17, 0xff, 0xec,
    0x00, 0x13, 0x7f, 0xfd, 0x39, 0xf2, 0x64, 0x02, 0xe9, 0x61, 0x4c, 0x20,
    0xb0, 0xf9, 0xe7, 0x06, 0xda, 0xfd, 0xdd, 0xf9, 0x27, 0x20, 0xe1, 0x09,
    0x27, 0xfd, 0xd9, 0x02, 0xe3, 0xef, 0x51, 0xd0, 0x13, 0x09, 0xd7, 0xe6,
    0x0c, 0xc7, 0x10, 0xd7, 0x16, 0x54, 0x35, 0xd6, 0xdb, 0x2b, 0x37, 0x2a,
    0xcb, 0xf1, 0xee, 0x3e, 0xb4, 0x2c, 0x9d, 0xb1, 0x46, 0x36, 0xc8, 0x03,
    0xed, 0x1f, 0x0b, 0x0e, 0x12, 0x24, 0x28, 0xdf, 0x1a, 0x4f, 0x7f, 0x49,
    0xe3, 0xfd, 0xcc, 0xb8, 0x6b, 0xaf, 0xc8, 0x44, 0x2d, 0x32, 0x16, 0xdf,
    0xc6, 0xd6, 0xd7, 0xe4, 0x0c, 0x17, 0x16, 0x06, 0x4d, 0x11, 0x0e, 0xfd,
    0x25, 0x18, 0x0a, 0xe9, 0xf4, 0xfd, 0x21, 0xbc, 0x3f, 0xf5, 0x2d, 0x57,
    0x0b, 0xf9, 0xe2, 0x03, 0xa2, 0xef, 0xe8, 0x10, 0x08, 0x0d, 0x30, 0xd7,
    0x86, 0x74, 0x03, 0xdf, 0x29, 0xee, 0x04, 0x19, 0xfa, 0x10, 0xe1, 0x06,
    0x2a, 0x10, 0x7f, 0xd8, 0xb3, 0x20, 0xbd, 0xd8, 0xef, 0xf0, 0xeb, 0x7f,
    0x0d, 0x1d, 0x12, 0x08, 0x3e, 0x39, 0x09, 0xe8, 0xd8, 0xf7, 0x06, 0xee,
    0x25, 0xe3, 0x29, 0xd1, 0xa9, 0xd2, 0x33, 0xd5, 0xfb, 0x3f, 0x08, 0xe3,
    0x3d, 0x17, 0x05, 0x05, 0x18, 0xb8, 0x2e, 0xec, 0xe6, 0x0f, 0x2b, 0x01,
    0x18, 0xf5, 0xdb, 0x04, 0xfd, 0x44, 0x14, 0x0f, 0xf6, 0xef, 0x11, 0x1c,
    0xfc, 0x0c, 0x28, 0x11, 0x81, 0x38, 0x87, 0xef, 0xe7, 0xda, 0x29, 0x66,
    0xe3, 0x1b, 0xb8, 0xf2, 0x18, 0x4d, 0xfa, 0x31, 0x1f, 0xfa, 0x02, 0x08,
    0x29, 0xd8, 0x01, 0xa9, 0xdc, 0x28, 0xda, 0xed, 0xdb, 0x01, 0x55, 0xea,
    0xfc, 0x56, 0xb6, 0x02, 0x66, 0xb4, 0x66, 0x18, 0x0c, 0xba, 0x3f, 0x1d,
    0x3e, 0x14, 0xfd, 0x33, 0xbf, 0x03, 0xe9, 0xa7, 0x0f, 0x32, 0x45, 0x18,
    0xfe, 0xb9, 0x43, 0xed, 0xb9, 0x11, 0xe9, 0x29, 0xd4, 0xfa, 0x3d, 0xf2,
    0x14, 0x0a, 0x31, 0x07, 0xec, 0x33, 0x46, 0xd5, 0x39, 0x1e, 0xf0, 0xe8,
    0xdc, 0xd7, 0x08, 0xdd, 0xea, 0x7f, 0x28, 0x1a, 0xd7, 0xf5, 0x14, 0xf9,
    0xba, 0x26, 0x0d, 0xfd, 0xde, 0x1d, 0x1b, 0xa9, 0xdf, 0x07, 0x36, 0x28,
    0x07, 0x0c, 0x66, 0x17, 0x56, 0x0b, 0x39, 0x08, 0xfa, 0xeb, 0x28, 0x1a,
    0x0a, 0x6b, 0xe3, 0xeb, 0xe8, 0xf8, 0xf2, 0x3f, 0x9c, 0xf1, 0x4a, 0x2e,
    0x3f, 0x00, 0x18, 0xe7, 0xeb, 0x2a, 0x06, 0x11, 0xff, 0x3c, 0x20, 0x1c,
    0x07, 0x3a, 0x02, 0xb9, 0xc2, 0x53, 0x3d, 0x1b, 0xe7, 0x28, 0x1a, 0xdc,
    0x19, 0x34, 0xd9, 0x1c, 0xd9, 0xb8, 0xcf, 0x8d, 0x0d, 0x33, 0x02, 0xda,
    0x9c, 0x34, 0x1c, 0xc1, 0x3f, 0xbb, 0x46, 0xdd, 0x47, 0xd1, 0xf6, 0xf7,
    0xfa, 0x7f, 0x1e, 0x28, 0x22, 0xff, 0x7f, 0xf3, 0x1c, 0xd9, 0x16, 0xf3,
    0xd0, 0xcc, 0xb5, 0xc0, 0x20, 0xd4, 0xd4, 0xca, 0xf9, 0x23, 0x2e, 0x15,
    0x1d, 0x18, 0xe4, 0xe0, 0x00, 0x37, 0x35, 0x0d, 0xf3, 0x33, 0xd7, 0x41,
    0x13, 0x3b, 0xed, 0x28, 0x0e, 0x31, 0xc2, 0x28, 0x2b, 0xf9, 0xe5, 0x27,
    0x44, 0x81, 0xd9, 0x1e, 0x40, 0x07, 0x49, 0xbb, 0xfa, 0xeb, 0xda, 0xfe,
    0xdc, 0xef, 0xe4, 0x2a, 0xb0, 0xdc, 0xc6, 0xc5, 0xbb, 0xd1, 0x29, 0x7f,
    0x2a, 0x67, 0x19, 0xbc, 0x19, 0x1f, 0x58, 0x62, 0xd7, 0x20, 0xdc, 0xcc,
    0x28, 0xe4, 0xe4, 0xbd, 0xd6, 0x56, 0xca, 0xe2, 0x17, 0xa0, 0x47, 0xad,
    0x5b, 0x60, 0xdb, 0x60, 0x28, 0xec, 0x4a, 0x3c, 0x10, 0xf3, 0x57, 0x01,
    0xf8, 0xa8, 0x21, 0x29, 0xba, 0x3f, 0x0a, 0xed, 0xdf, 0x24, 0xe9, 0x23,
    0x9a, 0x3b, 0x43, 0x99, 0x0d, 0xc7, 0x1f, 0x29, 0xc8, 0xd0, 0xfb, 0x4b,
    0xee, 0x03, 0x04, 0xfa, 0x06, 0x13, 0xea, 0xe8, 0x15, 0x51, 0xf8, 0xbf,
    0x2a, 0x1c, 0xfa, 0x0f, 0xc9, 0x05, 0x05, 0x3c, 0xc5, 0x28, 0xd9, 0xe7,
    0x38, 0x59, 0x40, 0x31, 0x50, 0xd7, 0x47, 0x34, 0xc8, 0x06, 0x1c, 0x48,
    0x03, 0x81, 0x10, 0xe2, 0x36, 0x36, 0xd6, 0x48, 0x03, 0x26, 0x10, 0x21,
    0xe6, 0x3c, 0xf3, 0xeb, 0xd6, 0xfb, 0xf7, 0xb2, 0xfe, 0xfd, 0x22, 0x59,
    0x24, 0x41, 0x1f, 0xf6, 0x25, 0xe4, 0xdf, 0x0c, 0xf7, 0x08, 0x02, 0xd5,
    0x13, 0xfa, 0xdc, 0x0c, 0xc8, 0xe4, 0x12, 0x2c, 0xf4, 0xd7, 0x0a, 0x0c,
    0x22, 0x7f, 0xe3, 0x10, 0x4e, 0xc7, 0x18, 0xf9, 0xfb, 0xe2, 0x1e, 0xf9,
    0xf2, 0xe5, 0xe5, 0x23, 0x2b, 0x36, 0x0b, 0xf9, 0xed, 0x2f, 0x23, 0x01,
    0xf9, 0x0a, 0x2f, 0x13, 0xd7, 0x22, 0xe9, 0xd8, 0x3a, 0xe4, 0x0f, 0xf3,
    0x7f, 0x0c, 0xf9, 0xe5, 0x3f, 0xe9, 0x20, 0xef, 0x23, 0x44, 0x38, 0x45,
    0x32, 0x03, 0xf9, 0xf8, 0x8b, 0xd9, 0x16, 0x19, 0xed, 0xea, 0xf9, 0xe9,
    0xff, 0x1c, 0x1e, 0xaf, 0x39, 0xe2, 0x3e, 0x31, 0xed, 0x04, 0xf9, 0xd1,
    0x1b, 0x13, 0x0f, 0xf3, 0xcc, 0xd3, 0xfe, 0x28, 0x0f, 0xf4, 0xf4, 0x02,
    0x2d, 0xd7, 0x22, 0x5b, 0xa0, 0x3d, 0x93, 0x0d, 0xf5, 0xa0, 0xfb, 0x7f,
    0xe4, 0x08, 0x0d, 0x02, 0x2b, 0x3d, 0x0c, 0x02, 0xa3, 0xb9, 0x14, 0xf9,
    0xee, 0xfe, 0x17, 0xff, 0xa9, 0x0e, 0x36, 0xe7, 0xd4, 0x1c, 0x3e, 0xf6,
    0x38, 0x52, 0xed, 0xd9, 0x55, 0x9d, 0x41, 0x42, 0xb2, 0xa7, 0x1f, 0x10,
    0xfa, 0xcb, 0xe7, 0xc3, 0xea, 0xed, 0xed, 0x0f, 0xc5, 0xbb, 0x0e, 0x6e,
    0xc5, 0x21, 0x3e, 0xd1, 0xd5, 0x38, 0x7f, 0x19, 0x1e, 0xfa, 0x3b, 0xef,
    0x02, 0x04, 0xe8, 0xfa, 0xdc, 0x12, 0xde, 0xce, 0x09, 0xfd, 0x4e, 0x02,
    0xf3, 0x10, 0xf5, 0xde, 0x26, 0xf2, 0x05, 0x1d, 0xe8, 0xfb, 0x09, 0xe6,
    0x1c, 0x06, 0xdf, 0x1c, 0x05, 0xf1, 0xcb, 0x2b, 0x01, 0xf6, 0xf8, 0xf2,
    0xf1, 0xdc, 0xe7, 0xe4, 0x0b, 0xf6, 0xf7, 0x05, 0x04, 0xe7, 0xf5, 0xe4,
    0xc6, 0xf7, 0xd3, 0xdf, 0x04, 0x3c, 0x81, 0xea, 0x16, 0x1d, 0xfe, 0x15,
    0x16, 0xfc, 0x0d, 0xc6, 0x57, 0x1a, 0xfc, 0xfe, 0x52, 0x15, 0x22, 0x02,
    0xe4, 0xfe, 0x1e, 0x14, 0xe7, 0x06, 0xf8, 0x42, 0xf8, 0x3a, 0xd2, 0x0f,
    0x42, 0x58, 0x3b, 0xfe, 0xfd, 0x0d, 0x1d, 0x28, 0x15, 0xe8, 0xdf, 0x08,
    0xec, 0xbf, 0xfd, 0xcd, 0xff, 0xde, 0x47, 0xd6, 0x16, 0xed, 0x41, 0x18,
    0x29, 0xeb, 0x2a, 0x28, 0xdf, 0x60, 0xa4, 0x0c, 0x1b, 0xdd, 0x07, 0xf4,
    0xc0, 0xd6, 0x54, 0xda, 0x3a, 0xf6, 0x51, 0xa9, 0xd2, 0x53, 0x2b, 0x0f,
    0xb6, 0x24, 0xfc, 0xe1, 0xd8, 0x21, 0x28, 0xbc, 0xf5, 0xd2, 0xc1, 0xee,
    0xd0, 0x04, 0x01, 0xd8, 0xcf, 0x14, 0xd0, 0x8a, 0xec, 0x4c, 0x30, 0xf2,
    0xee, 0x57, 0x36, 0x06, 0x5a, 0x8f, 0x63, 0x01, 0x9a, 0xb8, 0xda, 0x01,
    0xf7, 0x7f, 0x79, 0x16, 0x13, 0x01, 0xec, 0x59, 0x0b, 0x5d, 0x25, 0xe1,
    0xeb, 0xff, 0xa0, 0x3a, 0x1a, 0x08, 0xf7, 0x4b, 0x27, 0x4b, 0xd6, 0xb5,
    0xcf, 0x10, 0xd2, 0xc2, 0xf1, 0xf0, 0xf4, 0xc5, 0x28, 0x2a, 0xf4, 0xf0,
    0xe8, 0xfa, 0xcf, 0xf1, 0xce, 0x07, 0xc9, 0x0a, 0x17, 0xdb, 0x4a, 0xc4,
    0xa1, 0x37, 0xd1, 0x07, 0x30, 0x02, 0x81, 0xe3, 0x04, 0x0b, 0xc6, 0xf9,
    0xeb, 0x29, 0x50, 0xbb, 0x14, 0x0b, 0xe1, 0xea, 0xed, 0x05, 0x27, 0x24,
    0x35, 0xfa, 0x07, 0xc4, 0xc5, 0x3f, 0x07, 0x21, 0xe0, 0x12, 0x1c, 0x23,
    0xad, 0x14, 0xd2, 0xb7, 0x3c, 0x44, 0x2d, 0xea, 0xf0, 0x4f, 0xf4, 0x1d,
    0xf9, 0x0d, 0xd4, 0x05, 0xaf, 0xd9, 0x03, 0xce, 0x0d, 0xcc, 0x21, 0xcd,
    0xd3, 0x25, 0xe6, 0x46, 0x5d, 0x39, 0x00, 0x29, 0xf6, 0x2f, 0x1b, 0x27,
    0xe4, 0x7f, 0xe1, 0xe8, 0xa7, 0xde, 0x46, 0xbc, 0xe7, 0xd3, 0x51, 0xf0,
    0xf3, 0xfa, 0xb4, 0xd2, 0xfa, 0x05, 0x34, 0xe6, 0x15, 0x33, 0x3d, 0xd9,
    0x23, 0x41, 0xf9, 0xea, 0x00, 0xfa, 0x66, 0xd0, 0xdb, 0x4f, 0xcb, 0x30,
    0x1f, 0x05, 0xce, 0x50, 0x10, 0x02, 0xff, 0x7f, 0x28, 0xce, 0x4e, 0x18,
    0x4e, 0xe1, 0xf9, 0x0e, 0x36, 0xb8, 0x21, 0xc9, 0xba, 0x24, 0x57, 0x10,
    0xca, 0xaa, 0xa2, 0x06, 0x60, 0x81, 0xdb, 0xd1, 0xc2, 0x2c, 0x0a, 0xad,
    0xff, 0x1e, 0xd3, 0x0c, 0xf3, 0x0d, 0xfa, 0x1e, 0x28, 0xe3, 0x16, 0xb8,
    0xfa, 0x09, 0xe7, 0x10, 0x00, 0xc9, 0xf5, 0xd7, 0xe3, 0x28, 0x22, 0x7a,
    0x37, 0x14, 0x16, 0x13, 0x1b, 0xfe, 0xd0, 0x17, 0x2a, 0x05, 0xfa, 0xfc,
    0xc7, 0x20, 0xfc, 0xd3, 0xd5, 0xf0, 0xf8, 0xe3, 0xfe, 0x0b, 0x19, 0xf4,
    0xe1, 0xc5, 0x12, 0x0d, 0xe7, 0x1d, 0xfb, 0xf1, 0xbb, 0xbd, 0xe6, 0x2b,
    0x18, 0x8e, 0x3f, 0xaf, 0xed, 0x53, 0x42, 0xeb, 0xef, 0xf4, 0xd8, 0x0e,
    0xd4, 0x3c, 0x50, 0x10, 0xce, 0x11, 0x35, 0xe4, 0xd5, 0xeb, 0xe1, 0xef,
    0x3b, 0x67, 0xd9, 0xa1, 0x5d, 0xb1, 0x7f, 0x42, 0xc8, 0xe7, 0x0b, 0xd3,
    0x39, 0x8a, 0x21, 0x29, 0xb7, 0x08, 0x18, 0xfb, 0xd8, 0x49, 0xc6, 0x1c,
    0xd7, 0xc7, 0x26, 0x17, 0xa1, 0x70, 0x7f, 0x66, 0xb4, 0x0c, 0x57, 0xe8,
    0xb4, 0xfe, 0xbf, 0x03, 0xd2, 0x2f, 0xea, 0xfd, 0x40, 0x0c, 0xcd, 0x42,
    0xfa, 0xe6, 0xf3, 0x00, 0xdf, 0xed, 0x10, 0xb2, 0x10, 0x3f, 0x1b, 0xc3,
    0xe9, 0x32, 0xd0, 0x46, 0xad, 0x15, 0xe5, 0x1d, 0x42, 0xed, 0x4f, 0x8f,
    0x7a, 0xfa, 0xc3, 0x3a, 0xf4, 0x42, 0xef, 0xbe, 0xf6, 0xbc, 0x37, 0xad,
    0xd3, 0x9f, 0xaa, 0xe9, 0xd2, 0x25, 0x81, 0xe3, 0xdd, 0xd8, 0x22, 0x48,
    0x0f, 0xec, 0xd9, 0x06, 0xf9, 0x1f, 0x5a, 0x63, 0x2f, 0xde, 0xc0, 0xd4,
    0x31, 0x18, 0xc6, 0xc0, 0x03, 0x4e, 0xee, 0xed, 0xd6, 0x2f, 0x20, 0xeb,
    0x2b, 0x17, 0xdf, 0x46, 0x54, 0xea, 0xf9, 0x0c, 0x10, 0xcd, 0x20, 0x33,
    0x0a, 0x90, 0xfc, 0xf9, 0xf6, 0xcb, 0xbe, 0xcb, 0xf1, 0x30, 0xcb, 0x35,
    0xcb, 0xe6, 0xc1, 0x28, 0xdc, 0x3b, 0xde, 0xe5, 0xdb, 0x06, 0x31, 0xe0,
    0x54, 0xc4, 0xe5, 0xb5, 0xb2, 0x23, 0x3a, 0x54, 0x11, 0x36, 0x41, 0x26,
    0xf3, 0xab, 0xee, 0xcf, 0xef, 0x51, 0x45, 0x24, 0xb7, 0x6b, 0xaf, 0xde,
    0x16, 0xd1, 0x9f, 0x30, 0xf2, 0xeb, 0xe9, 0x95, 0xec, 0x26, 0x16, 0xd7,
    0xb1, 0x0e, 0x40, 0xff, 0x2a, 0xcc, 0x09, 0xe5, 0x27, 0x3d, 0x7f, 0x16,
    0x02, 0x34, 0xb8, 0xad, 0xe9, 0xac, 0xd7, 0x0b, 0xcc, 0x11, 0x08, 0x81,
    0x20, 0xe5, 0x17, 0xe9, 0x4d, 0x03, 0x31, 0x25, 0x0e, 0x1d, 0xf2, 0xa1,
    0x32, 0x0b, 0x33, 0xf3, 0x14, 0xe9, 0x06, 0xca, 0xf8, 0x37, 0x35, 0x4c,
    0x0c, 0xfb, 0x19, 0x2b, 0xdb, 0x0c, 0xd6, 0xfc, 0x06, 0xc8, 0x09, 0x0e,
    0xfc, 0xe4, 0xfc, 0x1a, 0xc7, 0xe6, 0xc1, 0xe0, 0x01, 0xe0, 0x1f, 0xfe,
    0x34, 0xd1, 0x07, 0xe8, 0xc2, 0xd1, 0x18, 0x30, 0x45, 0x07, 0x3f, 0xbe,
    0xd0, 0x81, 0xda, 0xfd, 0x1c, 0x32, 0xea, 0xf3, 0x3c, 0x34, 0x31, 0xb4,
    0xe5, 0xdc, 0x8f, 0x9c, 0xba, 0x0b, 0x2c, 0x18, 0xb1, 0x35, 0x05, 0x1f,
    0x01, 0xea, 0x21, 0x10, 0xeb, 0x0d, 0xbe, 0xec, 0x36, 0xe5, 0x13, 0xc8,
    0x1d, 0xfe, 0xfd, 0x44, 0x19, 0xcf, 0x24, 0xdd, 0xdc, 0x0f, 0x6a, 0x10,
    0xb2, 0x1b, 0x0a, 0xce, 0x0f, 0x29, 0x81, 0xd5, 0xe3, 0xf2, 0x00, 0x6c,
    0x24, 0xf7, 0xd4, 0x0f, 0x60, 0x0e, 0x3d, 0x37, 0x3e, 0xe4, 0xe4, 0xf5,
    0x45, 0xdd, 0x36, 0x09, 0xb1, 0x33, 0x15, 0xca, 0xe0, 0x2d, 0x50, 0x26,
    0x2e, 0x39, 0xba, 0xcb, 0x09, 0xa4, 0xf7, 0x3f, 0x19, 0xc1, 0x04, 0xf9,
    0xf0, 0x0d, 0x05, 0xfc, 0xe8, 0xbd, 0x29, 0x17, 0xbd, 0x1d, 0xea, 0xb7,
    0xd2, 0xda, 0x5e, 0xe7, 0x4c, 0x9e, 0xe1, 0xfd, 0xe7, 0xc1, 0x2c, 0xa0,
    0x2b, 0xff, 0xb5, 0xea, 0x2f, 0x33, 0xb5, 0x1a, 0xe2, 0xf8, 0xdd, 0xa4,
    0x29, 0xd0, 0x1c, 0xd0, 0xff, 0xd1, 0xe8, 0x0f, 0xfa, 0x0f, 0xfe, 0x7f,
    0xec, 0xfe, 0x0a, 0xe0, 0x11, 0x51, 0xf0, 0x3e, 0xd7, 0x3b, 0x94, 0xf6,
    0xaf, 0x0c, 0x49, 0xc1, 0xf2, 0xcd, 0x35, 0xe1, 0xca, 0xff, 0x2f, 0x42,
    0xd5, 0xb2, 0x44, 0x25, 0x81, 0xf7, 0x76, 0x52, 0xf7, 0x33, 0x3a, 0x53,
    0x16, 0x0a, 0xec, 0xeb, 0x10, 0xdb, 0x07, 0x36, 0xeb, 0xf3, 0x25, 0x4d,
    0xe6, 0xe4, 0x2e, 0xc1, 0xff, 0xcf, 0x09, 0xf1, 0xe3, 0x37, 0x74, 0x92,
    0xd0, 0xc9, 0x0f, 0x20, 0xf1, 0xd1, 0xfb, 0x45, 0xfd, 0x17, 0x2c, 0xc6,
    0x22, 0x47, 0xf8, 0x47, 0x0f, 0x58, 0xd8, 0xff, 0x16, 0xa0, 0x2c, 0xe9,
    0xcf, 0xcb, 0x05, 0xeb, 0xe7, 0xdd, 0x21, 0xa1, 0x2b, 0xe5, 0x15, 0x4b,
    0xf6, 0xe7, 0x03, 0xce, 0x1c, 0xd6, 0xf2, 0xea, 0xd6, 0x21, 0x3e, 0x04,
    0x0c, 0xcd, 0xdf, 0x2c, 0xc8, 0x20, 0x14, 0x08, 0xf5, 0x13, 0xdf, 0xf5,
    0x11, 0x29, 0xcd, 0x07, 0x5f, 0xdc, 0x0e, 0x29, 0xc6, 0xf0, 0xf7, 0x21,
    0xe9, 0x81, 0xd9, 0x26, 0x03, 0xc8, 0x14, 0x1e, 0x48, 0x04, 0x31, 0x27,
    0x0d, 0x2d, 0x13, 0xef, 0x06, 0x18, 0x81, 0x11, 0x0e, 0x26, 0xea, 0x0d,
    0xf1, 0x04, 0x04, 0xf4, 0x08, 0x14, 0x0e, 0x08, 0xfc, 0x41, 0xc6, 0xf5,
    0x23, 0x42, 0x2a, 0x02, 0xab, 0x3b, 0xe3, 0xe5, 0x2f, 0xda, 0xec, 0xf1,
    0x0c, 0x31, 0xf4, 0xd6, 0xd7, 0xed, 0xf4, 0x25, 0x3c, 0xdc, 0xe2, 0xf0,
    0xae, 0x26, 0xcb, 0xc2, 0x02, 0x1a, 0x2c, 0xe7, 0xb6, 0x04, 0xd8, 0xcf,
    0xac, 0x18, 0x33, 0x26, 0xc1, 0x28, 0xf0, 0x24, 0x9c, 0xc2, 0x46, 0x2c,
    0x22, 0xe8, 0x2e, 0xe3, 0xb7, 0x3b, 0xf7, 0xde, 0x5e, 0x16, 0x1a, 0xdf,
    0x43, 0xdc, 0xe2, 0xb2, 0x3b, 0x7f, 0x37, 0x2a, 0xf4, 0x60, 0xdd, 0xe3,
    0xbb, 0x35, 0xc6, 0x5e, 0x08, 0x28, 0xe3, 0xbf, 0x26, 0xc1, 0xb6, 0xfc,
    0x83, 0x21, 0x4d, 0xf5, 0x3a, 0x40, 0xf0, 0xc2, 0xfa, 0xe3, 0x3d, 0x4d,
    0xf9, 0x59, 0x49, 0x12, 0xdc, 0x13, 0xce, 0x2f, 0x14, 0xf6, 0x37, 0x34,
    0x24, 0xd3, 0x21, 0xa4, 0xa4, 0xf7, 0xfd, 0xc7, 0x01, 0x3d, 0x34, 0x2f,
    0x2c, 0xd3, 0xf9, 0xd4, 0xd3, 0x7f, 0x27, 0x53, 0xbd, 0x30, 0xca, 0xfe,
    0xb3, 0xf8, 0xf3, 0x03, 0xd0, 0x17, 0xf5, 0xb6, 0xc4, 0x08, 0x03, 0xd3,
    0xe8, 0xfd, 0x3f, 0x43, 0x5a, 0xfa, 0xef, 0x04, 0xb1, 0xe0, 0x1d, 0xf3,
    0x16, 0x4e, 0xc9, 0x11, 0xad, 0xff, 0xbe, 0x51, 0x72, 0x68, 0xf1, 0x0e,
    0x0d, 0xc1, 0x36, 0x83, 0xe3, 0xd2, 0x1f, 0xec, 0x02, 0x43, 0x24, 0x20,
    0x00, 0x0f, 0x92, 0x1b, 0xd0, 0x64, 0xff, 0x37, 0x94, 0x1b, 0xfa, 0x26,
    0xbc, 0xdc, 0xbb, 0xe5, 0xb7, 0x1a, 0x88, 0x95, 0xfb, 0xac, 0xcc, 0xb0,
    0xf8, 0xfd, 0x02, 0xcb, 0x0d, 0xcb, 0x4e, 0xc4, 0xcc, 0x37, 0x52, 0x2e,
    0x81, 0x3d, 0x34, 0x01, 0xef, 0xf8, 0x26, 0x2f, 0xe1, 0xc1, 0x21, 0x04,
    0x29, 0x08, 0xcc, 0xe5, 0x29, 0xf1, 0x81, 0x20, 0xf7, 0x47, 0x0b, 0x2b,
    0xc0, 0x15, 0x18, 0xed, 0x03, 0xfc, 0x1f, 0x0d, 0xd1, 0x02, 0xb7, 0x26,
    0x5a, 0x12, 0xd8, 0xfc, 0x05, 0x30, 0x23, 0x18, 0x08, 0xb9, 0xe9, 0x0a,
    0x1a, 0x8a, 0x1f, 0xb8, 0x2a, 0x16, 0xd6, 0xd3, 0xed, 0xb8, 0x03, 0x20,
    0x17, 0x36, 0xd6, 0xd0, 0x81, 0x58, 0xce, 0x11, 0xa8, 0xb7, 0xe5, 0x65,
    0x12, 0xf1, 0xd3, 0x29, 0x6a, 0x30, 0x17, 0x2e, 0x40, 0xc0, 0xe6, 0x1b,
    0x07, 0x25, 0xfc, 0xd7, 0xae, 0x02, 0xd8, 0x08, 0x20, 0x0e, 0x37, 0xc5,
    0x41, 0x59, 0x29, 0xfb, 0xc5, 0xbd, 0x40, 0xf6, 0x2b, 0xd2, 0xe7, 0x38,
    0x1c, 0xf3, 0x08, 0x4d, 0x09, 0xf4, 0xf3, 0xaa, 0xcf, 0x48, 0xf0, 0x32,
    0xee, 0xe2, 0x5d, 0x4c, 0xc5, 0x39, 0x7f, 0xf8, 0xdd, 0x15, 0xe7, 0xfe,
    0xb0, 0x22, 0xe8, 0x17, 0xd2, 0x53, 0x23, 0xf7, 0x41, 0x19, 0xd7, 0x6d,
    0x07, 0x36, 0xba, 0x27, 0x0d, 0xed, 0x2b, 0x05, 0x0d, 0x4f, 0x17, 0x9b,
    0x15, 0x0f, 0xe9, 0xb6, 0xc9, 0xff, 0xec, 0x5f, 0x28, 0x14, 0x08, 0xf1,
    0x4e, 0x82, 0x28, 0x04, 0xf7, 0x4c, 0x2a, 0x07, 0xc2, 0x1e, 0x2a, 0x26,
    0xe8, 0xd2, 0xb4, 0x06, 0x09, 0xfa, 0x18, 0xf1, 0xfc, 0xdf, 0x41, 0x09,
    0x03, 0x0e, 0xdf, 0xf7, 0x0c, 0xf6, 0xfe, 0xeb, 0xf2, 0x1d, 0x1b, 0xdd,
    0x0f, 0x2c, 0x0c, 0xd9, 0x19, 0x16, 0xf7, 0xf0, 0xdd, 0x0b, 0x00, 0x07,
    0x23, 0x0a, 0xf3, 0x22, 0x34, 0xe0, 0xfb, 0x0d, 0xe1, 0xe7, 0x23, 0x0a,
    0xfb, 0x81, 0x00, 0xf0, 0x32, 0xfa, 0xfe, 0x10, 0x1a, 0x06, 0x0f, 0xff,
    0xe8, 0xec, 0x0b, 0xe6, 0xd7, 0xea, 0xeb, 0xf5, 0x39, 0xdc, 0x14, 0x02,
    0xd0, 0x9e, 0x2b, 0xf5, 0xed, 0xf4, 0xeb, 0x33, 0x3b, 0x29, 0x29, 0x28,
    0xfd, 0xe6, 0x3a, 0x22, 0xb1, 0x10, 0xfb, 0xb0, 0x8b, 0x69, 0xd3, 0xea,
    0xfb, 0xd8, 0x05, 0x4a, 0xe7, 0x3d, 0xda, 0x8b, 0x3b, 0x0e, 0x0d, 0xf5,
    0x27, 0x3d, 0x0f, 0x51, 0x22, 0xfd, 0x10, 0xe0, 0xdf, 0x6a, 0x7f, 0x09,
    0x96, 0x46, 0xfb, 0xfb, 0xb6, 0x7e, 0x6f, 0x53, 0xa7, 0x01, 0x16, 0x32,
    0xd5, 0x03, 0x81, 0xea, 0xe7, 0x45, 0xc7, 0xfa, 0x3c, 0xd4, 0xc2, 0x57,
    0xdc, 0xcd, 0x0d, 0x0f, 0x08, 0xf2, 0xf6, 0xe0, 0xdd, 0x65, 0x30, 0xa9,
    0xf5, 0xc6, 0xe6, 0x00, 0xd3, 0x0d, 0x07, 0x42, 0x3c, 0x36, 0x36, 0xbe,
    0x4c, 0xbc, 0xba, 0x65, 0xbe, 0x7c, 0x1c, 0xfc, 0x0e, 0xd3, 0x0c, 0x4f,
    0xd4, 0xb9, 0xea, 0x5b, 0x07, 0x7f, 0x8b, 0xb0, 0xc5, 0xd4, 0xb7, 0xf7,
    0x41, 0x96, 0xcf, 0xb4, 0x66, 0x1e, 0x48, 0xb1, 0xe7, 0x28, 0x10, 0xfe,
    0x0c, 0xeb, 0x40, 0x42, 0xb0, 0x43, 0xd4, 0x26, 0xec, 0x3c, 0xbc, 0xc5,
    0x1a, 0x35, 0x25, 0xd9, 0x11, 0xed, 0x28, 0x3e, 0x51, 0x64, 0xf9, 0x1a,
    0xe0, 0x9c, 0xec, 0x88, 0x26, 0xc5, 0x3a, 0xdd, 0x8f, 0x51, 0xbd, 0xd3,
    0x61, 0xf4, 0x2a, 0x3a, 0xf1, 0xf6, 0xd3, 0xf5, 0xe3, 0xb8, 0x01, 0x05,
    0xd7, 0xf2, 0xf3, 0x13, 0xad, 0x14, 0x00, 0xf8, 0x27, 0x24, 0xe4, 0x35,
    0x27, 0xec, 0xfa, 0xf8, 0x24, 0x4f, 0x35, 0x11, 0xc3, 0x18, 0xf0, 0x39,
    0xbe, 0x28, 0xe4, 0x50, 0xcf, 0xc6, 0x29, 0xcf, 0x0a, 0xde, 0x2a, 0x01,
    0xd0, 0x22, 0x4e, 0x0e, 0x6c, 0x21, 0xdf, 0x1a, 0x27, 0xd3, 0x27, 0x0d,
    0xf3, 0x7f, 0x17, 0xc8, 0xb1, 0x0a, 0xed, 0x36, 0x31, 0xf4, 0x20, 0xd6,
    0xa9, 0xc7, 0xea, 0xc1, 0xe3, 0x10, 0xe7, 0x6b, 0x32, 0x49, 0xe1, 0x27,
    0xfd, 0xd6, 0x31, 0xe3, 0xa0, 0xd3, 0xfb, 0xd7, 0x16, 0x46, 0x1f, 0xf8,
    0x17, 0xb8, 0x18, 0x20, 0x12, 0x08, 0xc4, 0xeb, 0x1c, 0xf3, 0xe1, 0xd7,
    0x2c, 0x11, 0x3c, 0xdb, 0x0d, 0xec, 0xab, 0xc6, 0x0c, 0x7f, 0x1a, 0x1b,
    0xd7, 0xea, 0xcd, 0xac, 0xea, 0x03, 0xd2, 0xeb, 0x51, 0xe1, 0xdb, 0xb3,
    0x37, 0xb1, 0x28, 0x97, 0xce, 0x43, 0x30, 0x35, 0x07, 0x47, 0x0a, 0x06,
    0xb2, 0x0d, 0x10, 0x14, 0xe5, 0xe2, 0xd7, 0xb0, 0xc2, 0x3e, 0xcd, 0x04,
    0x28, 0xab, 0xe8, 0xa7, 0xcd, 0x34, 0xbf, 0xbd, 0x37, 0xd7, 0xde, 0xda,
    0x0a, 0x00, 0x43, 0x0b, 0x3d, 0xfc, 0x0b, 0xba, 0x03, 0x41, 0x7f, 0x24,
    0xb5, 0x2a, 0xca, 0xe7, 0xb3, 0x7f, 0xc6, 0x28, 0xbd, 0x17, 0x3f, 0xfb,
    0x2e, 0x05, 0x83, 0x21, 0x18, 0x44, 0xb6, 0x16, 0xda, 0x1e, 0xc0, 0x1f,
    0xd6, 0xda, 0x46, 0xb6, 0xd8, 0xee, 0xb6, 0x08, 0xe2, 0x71, 0x43, 0xa9,
    0x1c, 0x0d, 0x14, 0x50, 0x32, 0x0a, 0xf9, 0x66, 0xe4, 0xe9, 0xd5, 0xce,
    0x69, 0xd9, 0xd7, 0x45, 0x01, 0x19, 0xe7, 0x2b, 0x20, 0x1a, 0x55, 0x17,
    0xd7, 0xfb, 0x1b, 0x33, 0x3b, 0x90, 0x04, 0x17, 0xf4, 0xfe, 0x1c, 0x8f,
    0xd2, 0x04, 0x09, 0x34, 0x5c, 0xd1, 0xd9, 0x44, 0x1e, 0xef, 0xce, 0x93,
    0xcc, 0xf4, 0xd8, 0x14, 0xe2, 0xfb, 0xd3, 0xe4, 0x33, 0xfe, 0x22, 0x7f,
    0xe7, 0x1f, 0x08, 0x46, 0x0c, 0x24, 0x02, 0x0f, 0x38, 0xfd, 0x19, 0x4b,
    0xf8, 0x11, 0xf7, 0xff, 0xa8, 0x43, 0xc6, 0x19, 0x04, 0x16, 0xee, 0xbe,
    0x07, 0xe1, 0x07, 0xeb, 0xdc, 0xfd, 0xd1, 0xbd, 0xd4, 0xcd, 0x49, 0x56,
    0x0d, 0xc3, 0xf5, 0x02, 0x4c, 0xf3, 0x4b, 0x3f, 0x52, 0xdf, 0xf7, 0xba,
    0xf5, 0xc2, 0xfc, 0xf2, 0xcc, 0x5a, 0x24, 0xe8, 0xe9, 0x00, 0xf9, 0xdd,
    0xf9, 0x0c, 0xec, 0x11, 0x2b, 0x9a, 0x5c, 0xfd, 0xf5, 0xec, 0x47, 0x33,
    0x23, 0x81, 0xfa, 0xca, 0x0a, 0x40, 0x1a, 0xe2, 0x15, 0x36, 0xf6, 0xf4,
    0x2c, 0xff, 0xe4, 0xf5, 0x74, 0x81, 0xd1, 0xee, 0xff, 0xa3, 0xf7, 0xd3,
    0x1c, 0xdf, 0x18, 0xdb, 0x14, 0x09, 0x03, 0xb9, 0x52, 0xe6, 0xf3, 0xa1,
    0xe2, 0xd1, 0xb9, 0xf7, 0x00, 0x22, 0x45, 0x44, 0xcb, 0x24, 0xeb, 0x46,
    0x6f, 0x47, 0xe6, 0x03, 0xd3, 0xea, 0xfa, 0x71, 0x08, 0xc5, 0x9c, 0x0e,
    0xed, 0xad, 0xdf, 0xce, 0x09, 0xb6, 0xfc, 0x0d, 0xf4, 0xc6, 0x27, 0xf4,
    0xa3, 0xeb, 0xf6, 0x03, 0x29, 0x60, 0x9f, 0xe3, 0x32, 0xba, 0xd2, 0x30,
    0x42, 0xee, 0x5c, 0xbd, 0x40, 0xf3, 0x59, 0xee, 0xe5, 0x34, 0xca, 0x3c,
    0xcf, 0xf2, 0x4d, 0x07, 0xe6, 0xb4, 0x33, 0xaa, 0xef, 0x0c, 0x48, 0xf8,
    0x3a, 0x10, 0x33, 0xc0, 0x1e, 0xa8, 0xc2, 0x39, 0xf9, 0x1c, 0x0c, 0x2b,
    0xdf, 0x81, 0x22, 0xf2, 0x0a, 0xc2, 0x2e, 0xb2, 0xa2, 0x16, 0xf5, 0x13,
    0x05, 0xc2, 0x35, 0x08, 0x26, 0x1f, 0xff, 0xf7, 0xb3, 0xf6, 0x1c, 0xf2,
    0x30, 0x05, 0x19, 0x54, 0xd2, 0x5b, 0x7f, 0x59, 0x1e, 0x23, 0xbd, 0xcb,
    0x44, 0xab, 0x1a, 0x33, 0x58, 0x04, 0x0b, 0xb8, 0x09, 0x62, 0xd2, 0x31,
    0xb1, 0xc2, 0xcb, 0x22, 0xc2, 0xdc, 0xdf, 0xaf, 0x1b, 0xc0, 0xe9, 0xea,
    0xe5, 0x05, 0x37, 0x25, 0x29, 0xe8, 0xea, 0xea, 0x49, 0x77, 0x39, 0x04,
    0x43, 0x1f, 0xe6, 0x0b, 0x12, 0xd0, 0x1a, 0xfa, 0xf4, 0x07, 0xe9, 0xec,
    0x12, 0x9f, 0xe4, 0xf7, 0x03, 0x31, 0x14, 0x45, 0xd3, 0xf8, 0x35, 0xe0,
    0xf4, 0xb4, 0x37, 0xde, 0xf2, 0x2d, 0xe5, 0x07, 0x98, 0x71, 0xce, 0x46,
    0xdd, 0x81, 0xab, 0xe6, 0xf3, 0x01, 0xe4, 0x0b, 0x13, 0xfb, 0xba, 0x18,
    0xe8, 0x19, 0x1a, 0xe0, 0xfa, 0xbd, 0x0e, 0x17, 0xff, 0x53, 0x47, 0xf7,
    0xc0, 0x27, 0x23, 0x03, 0xe8, 0xde, 0xe7, 0x1f, 0x27, 0xc0, 0x24, 0x04,
    0x14, 0x9d, 0x27, 0x81, 0x04, 0x2a, 0x31, 0x43, 0x1b, 0x13, 0x40, 0xd2,
    0x26, 0xbc, 0x15, 0x16, 0xf8, 0xf2, 0x27, 0xf7, 0xd4, 0x55, 0xc8, 0x2f,
    0xbf, 0xd7, 0xcd, 0x28, 0xd4, 0xff, 0xc1, 0xd1, 0x00, 0xfa, 0x00, 0x0a,
    0xd0, 0x38, 0x34, 0xfc, 0x54, 0xab, 0xf1, 0xe1, 0xe0, 0x1e, 0x1e, 0xce,
    0xa3, 0x08, 0xef, 0x01, 0xec, 0x52, 0xcf, 0x1b, 0xd4, 0xd8, 0x42, 0x04,
    0x1a, 0xbb, 0xf1, 0xe5, 0xaf, 0x3e, 0xfb, 0x04, 0x31, 0x26, 0xf6, 0x40,
    0xca, 0xd8, 0x55, 0xa8, 0xdf, 0x6d, 0x2e, 0x09, 0x9f, 0x1f, 0xc0, 0xe8,
    0xd0, 0xe1, 0xd7, 0x53, 0xfd, 0xf2, 0x0b, 0x9f, 0xee, 0x48, 0xee, 0xf0,
    0xe1, 0x1c, 0x35, 0x3b, 0x17, 0x1c, 0x3c, 0x30, 0xb4, 0xed, 0x51, 0x3e,
    0x1e, 0x7f, 0xcf, 0x49, 0x6a, 0xea, 0xff, 0xff, 0x04, 0x00, 0x00, 0x00,
    0xf0, 0x00, 0x00, 0x00, 0x9e, 0xfa, 0xff, 0xff, 0x4f, 0xfa, 0xff, 0xff,
    0x2f, 0x13, 0x00, 0x00, 0x78, 0xe2, 0xff, 0xff, 0x72, 0x1d, 0x00, 0x00,
    0xc9, 0x00, 0x00, 0x00, 0x8c, 0xfe, 0xff, 0xff, 0x96, 0xf5, 0xff, 0xff,
    0xca, 0xfb, 0xff, 0xff, 0xfc, 0x22, 0x00, 0x00, 0xaf, 0xfa, 0xff, 0xff,
    0x03, 0xff, 0xff, 0xff, 0x87, 0xf2, 0xff, 0xff, 0x49, 0xfc, 0xff, 0xff,
    0xed, 0xf6, 0xff, 0xff, 0xbf, 0xf7, 0xff, 0xff, 0x62, 0xfa, 0xff, 0xff,
    0xe7, 0xfe, 0xff, 0xff, 0x49, 0xff, 0xff, 0xff, 0xe1, 0xf8, 0xff, 0xff,
    0x53, 0xf0, 0xff, 0xff, 0x08, 0x05, 0x00, 0x00, 0x98, 0x00, 0x00, 0x00,
    0xc5, 0x12, 0x00, 0x00, 0x43, 0xf9, 0xff, 0xff, 0x9f, 0xf5, 0xff, 0xff,
    0x17, 0x1e, 0x00, 0x00, 0xc1, 0xf2, 0xff, 0xff, 0xe3, 0xf4, 0xff, 0xff,
    0xb6, 0xf7, 0xff, 0xff, 0x78, 0xea, 0xff, 0xff, 0x2f, 0x10, 0x00, 0x00,
    0xe4, 0x05, 0x00, 0x00, 0xb8, 0x0a, 0x00, 0x00, 0x93, 0x16, 0x00, 0x00,
    0xf8, 0xf1, 0xff, 0xff, 0x3c, 0xf1, 0xff, 0xff, 0x3e, 0x12, 0x00, 0x00,
    0x92, 0xec, 0xff, 0xff, 0x1b, 0xef, 0xff, 0xff, 0xa6, 0x02, 0x00, 0x00,
    0x4a, 0xf6, 0xff, 0xff, 0xa1, 0xfb, 0xff, 0xff, 0x67, 0xec, 0xff, 0xff,
    0xe6, 0xf5, 0xff, 0xff, 0x39, 0xfb, 0xff, 0xff, 0x2a, 0xe8, 0xff, 0xff,
    0xcc, 0xfe, 0xff, 0xff, 0x72, 0xf7, 0xff, 0xff, 0xa6, 0x01, 0x00, 0x00,
    0xdf, 0xf8, 0xff, 0xff, 0x64, 0xfc, 0xff, 0xff, 0x5e, 0x1c, 0x00, 0x00,
    0xf9, 0xf1, 0xff, 0xff, 0xd7, 0x0b, 0x00, 0x00, 0xb6, 0xf7, 0xff, 0xff,
    0xee, 0xf3, 0xff, 0xff, 0xe3, 0xfa, 0xff, 0xff, 0x42, 0xff, 0xff, 0xff,
    0x23, 0xe8, 0xff, 0xff, 0x66, 0xeb, 0xff, 0xff, 0x04, 0x00, 0x00, 0x00,
    0x2c, 0x01, 0x00, 0x00, 0xd5, 0x01, 0xdb, 0x0d, 0x1f, 0xa7, 0xec, 0x53,
    0x27, 0xed, 0x97, 0xcd, 0x1c, 0x00, 0x0f, 0xec, 0xba, 0xd6, 0x8d, 0xbf,
    0x16, 0x8b, 0x2a, 0xe9, 0x44, 0xff, 0xf6, 0x94, 0x04, 0xc0, 0x4e, 0xe9,
    0x54, 0x85, 0x1b, 0x18, 0xec, 0xcc, 0x16, 0x3a, 0x6d, 0xf0, 0xb5, 0xe4,
    0xe4, 0x5d, 0xd7, 0xa4, 0xf1, 0x78, 0x58, 0xe5, 0xed, 0xce, 0xd4, 0xc4,
    0xeb, 0x28, 0x55, 0x2c, 0xdb, 0xe8, 0xe8, 0x1a, 0xd1, 0xce, 0x02, 0x20,
    0x28, 0xfc, 0xc7, 0xdb, 0x32, 0xe0, 0x10, 0xd0, 0xbf, 0xda, 0xf7, 0x9e,
    0x00, 0xc8, 0xdb, 0xea, 0xfd, 0xf5, 0xfb, 0xc9, 0xfd, 0xbc, 0x36, 0xfd,
    0xe9, 0x86, 0xfe, 0xfb, 0xfb, 0xeb, 0x3a, 0x0c, 0xf7, 0xf9, 0xb8, 0x31,
    0xd5, 0x2f, 0xfb, 0xd5, 0x2e, 0xeb, 0x0b, 0x84, 0x19, 0xd1, 0xeb, 0xdd,
    0x43, 0x0a, 0xf0, 0x0d, 0xfb, 0xda, 0x05, 0xda, 0x30, 0xcf, 0x16, 0x26,
    0xf8, 0x23, 0xe6, 0xab, 0x2f, 0x35, 0xc7, 0xe3, 0xcc, 0x9d, 0x14, 0xfd,
    0xda, 0xdd, 0xf1, 0x3c, 0x03, 0xb0, 0x0a, 0xef, 0xf3, 0xbd, 0x24, 0x05,
    0xd7, 0xdd, 0xf4, 0x09, 0xde, 0x25, 0x1c, 0x24, 0xcc, 0x03, 0xec, 0xdd,
    0xb1, 0xed, 0x0f, 0x06, 0x08, 0x37, 0xfd, 0xfa, 0x34, 0xde, 0xec, 0xe0,
    0x04, 0x09, 0xe4, 0x32, 0x9c, 0xda, 0x41, 0xde, 0x07, 0x9b, 0xbd, 0x36,
    0x18, 0x34, 0xb3, 0xe2, 0x0c, 0x4d, 0xb5, 0xe1, 0xbf, 0xb5, 0xd9, 0xc3,
    0xcd, 0xf0, 0x25, 0x49, 0x43, 0xfd, 0x24, 0x0c, 0xb2, 0x06, 0x14, 0x11,
    0x04, 0x06, 0xfd, 0xc7, 0xd0, 0xfb, 0x2a, 0x1f, 0x13, 0xbd, 0xf5, 0xbb,
    0xd9, 0x0e, 0xe9, 0xf2, 0x3e, 0x0e, 0x10, 0x26, 0x0e, 0xc4, 0xfb, 0x2f,
    0x15, 0x00, 0x1b, 0x15, 0xc7, 0xc5, 0x1f, 0xac, 0x1d, 0x13, 0xd7, 0x1c,
    0x09, 0x36, 0xc4, 0xb7, 0x32, 0x4c, 0x8f, 0xf5, 0x8b, 0xe3, 0x3b, 0xb3,
    0x81, 0x0d, 0x3b, 0x10, 0x1a, 0xd4, 0x31, 0x09, 0x88, 0xa3, 0x2a, 0xfe,
    0x0d, 0xe3, 0x42, 0x9f, 0xd0, 0x4d, 0x25, 0x43, 0x30, 0x84, 0xb2, 0x8e,
    0xb2, 0x30, 0xa2, 0x34, 0x35, 0xdd, 0x1d, 0xa7, 0x1f, 0xcf, 0x2f, 0xfd,
    0x04, 0x14, 0x2d, 0x4b, 0x9e, 0xec, 0xff, 0xff, 0x04, 0x00, 0x00, 0x00,
    0x04, 0x00, 0x00, 0x00, 0x52, 0x9f, 0xff, 0xff, 0xae, 0xec, 0xff, 0xff,
    0x04, 0x00, 0x00, 0x00, 0x10, 0x00, 0x00, 0x00, 0x00, 0x00, 0x00, 0x00,
    0x01, 0x00, 0x00, 0x00, 0x00, 0x00, 0x00, 0x00, 0x00, 0x00, 0x00, 0x00,
    0xca, 0xec, 0xff, 0xff, 0x04, 0x00, 0x00, 0x00, 0x10, 0x00, 0x00, 0x00,
    0x01, 0x00, 0x00, 0x00, 0x01, 0x00, 0x00, 0x00, 0x01, 0x00, 0x00, 0x00,
    0x01, 0x00, 0x00, 0x00, 0xe6, 0xec, 0xff, 0xff, 0x04, 0x00, 0x00, 0x00,
    0x10, 0x00, 0x00, 0x00, 0x00, 0x00, 0x00, 0x00, 0x00, 0x00, 0x00, 0x00,
    0x00, 0x00, 0x00, 0x00, 0x00, 0x00, 0x00, 0x00, 0x02, 0xed, 0xff, 0xff,
    0x04, 0x00, 0x00, 0x00, 0x10, 0x00, 0x00, 0x00, 0x00, 0x00, 0x00, 0x00,
    0x03, 0x00, 0x00, 0x00, 0x00, 0x00, 0x00, 0x00, 0x00, 0x00, 0x00, 0x00,
    0x1e, 0xed, 0xff, 0xff, 0x04, 0x00, 0x00, 0x00, 0x08, 0x00, 0x00, 0x00,
    0x01, 0x00, 0x00, 0x00, 0x2c, 0x01, 0x00, 0x00, 0x32, 0xed, 0xff, 0xff,
    0x04, 0x00, 0x00, 0x00, 0x10, 0x00, 0x00, 0x00, 0x01, 0x00, 0x00, 0x00,
    0x03, 0x00, 0x00, 0x00, 0x01, 0x00, 0x00, 0x00, 0x28, 0x00, 0x00, 0x00,
    0xa4, 0xa3, 0xff, 0xff, 0xa8, 0xa3, 0xff, 0xff, 0x0f, 0x00, 0x00, 0x00,
    0x4d, 0x4c, 0x49, 0x52, 0x20, 0x43, 0x6f, 0x6e, 0x76, 0x65, 0x72, 0x74,
    0x65, 0x64, 0x2e, 0x00, 0x02, 0x00, 0x00, 0x00, 0xec, 0x05, 0x00, 0x00,
    0x04, 0x00, 0x00, 0x00, 0x2a, 0xfa, 0xff, 0xff, 0x14, 0x00, 0x00, 0x00,
    0x1c, 0x00, 0x00, 0x00, 0xb8, 0x02, 0x00, 0x00, 0xb8, 0x02, 0x00, 0x00,
    0xb8, 0x02, 0x00, 0x00, 0x04, 0x00, 0x00, 0x00, 0x4e, 0x6f, 0x4f, 0x70,
    0x00, 0x00, 0x00, 0x00, 0x0c, 0x00, 0x00, 0x00, 0x54, 0x02, 0x00, 0x00,
    0x30, 0x02, 0x00, 0x00, 0xe4, 0x01, 0x00, 0x00, 0xc0, 0x01, 0x00, 0x00,
    0x74, 0x01, 0x00, 0x00, 0x50, 0x01, 0x00, 0x00, 0x04, 0x01, 0x00, 0x00,
    0xe0, 0x00, 0x00, 0x00, 0x94, 0x00, 0x00, 0x00, 0x70, 0x00, 0x00, 0x00,
    0x28, 0x00, 0x00, 0x00, 0x04, 0x00, 0x00, 0x00, 0xe2, 0xef, 0xff, 0xff,
    0x0c, 0x00, 0x00, 0x00, 0x0c, 0x00, 0x00, 0x00, 0x0c, 0x00, 0x00, 0x00,
    0x00, 0x00, 0x00, 0x00, 0x02, 0x00, 0x00, 0x00, 0x0b, 0x00, 0x00, 0x00,
    0x00, 0x00, 0x00, 0x00, 0x6e, 0xee, 0xff, 0xff, 0x14, 0x00, 0x00, 0x00,
    0x00, 0x00, 0x00, 0x6f, 0x2c, 0x00, 0x00, 0x00, 0x30, 0x00, 0x00, 0x00,
    0x01, 0x00, 0x00, 0x00, 0x60, 0xee, 0xff, 0xff, 0x08, 0x00, 0x00, 0x00,
    0x10, 0x00, 0x00, 0x00, 0x06, 0x00, 0x00, 0x00, 0x73, 0x74, 0x72, 0x65,
    0x61, 0x6d, 0x00, 0x00, 0x00, 0x00, 0x00, 0x00, 0x00, 0x00, 0x00, 0x00,
    0x01, 0x00, 0x00, 0x00, 0x0b, 0x00, 0x00, 0x00, 0x00, 0x00, 0x00, 0x00,
    0x46, 0xf0, 0xff, 0xff, 0x0c, 0x00, 0x00, 0x00, 0x0c, 0x00, 0x00, 0x00,
    0x0c, 0x00, 0x00, 0x00, 0x00, 0x00, 0x00, 0x00, 0x02, 0x00, 0x00, 0x00,
    0x0a, 0x00, 0x00, 0x00, 0x01, 0x00, 0x00, 0x00, 0xd2, 0xee, 0xff, 0xff,
    0x14, 0x00, 0x00, 0x00, 0x00, 0x00, 0x00, 0x6f, 0x30, 0x00, 0x00, 0x00,
    0x34, 0x00, 0x00, 0x00, 0x01, 0x00, 0x00, 0x00, 0xc4, 0xee, 0xff, 0xff,
    0x08, 0x00, 0x00, 0x00, 0x14, 0x00, 0x00, 0x00, 0x08, 0x00, 0x00, 0x00,
    0x73, 0x74, 0x72, 0x65, 0x61, 0x6d, 0x5f, 0x31, 0x00, 0x00, 0x00, 0x00,
    0x00, 0x00, 0x00, 0x00, 0x00, 0x00, 0x00, 0x00, 0x01, 0x00, 0x00, 0x00,
    0x0a, 0x00, 0x00, 0x00, 0x00, 0x00, 0x00, 0x00, 0xae, 0xf0, 0xff, 0xff,
    0x0c, 0x00, 0x00, 0x00, 0x0c, 0x00, 0x00, 0x00, 0x0c, 0x00, 0x00, 0x00,
    0x00, 0x00, 0x00, 0x00, 0x02, 0x00, 0x00, 0x00, 0x09, 0x00, 0x00, 0x00,
    0x02, 0x00, 0x00, 0x00, 0x3a, 0xef, 0xff, 0xff, 0x14, 0x00, 0x00, 0x00,
    0x00, 0x00, 0x00, 0x6f, 0x30, 0x00, 0x00, 0x00, 0x34, 0x00, 0x00, 0x00,
    0x01, 0x00, 0x00, 0x00, 0x2c, 0xef, 0xff, 0xff, 0x08, 0x00, 0x00, 0x00,
    0x14, 0x00, 0x00, 0x00, 0x08, 0x00, 0x00, 0x00, 0x73, 0x74, 0x72, 0x65,
    0x61, 0x6d, 0x5f, 0x32, 0x00, 0x00, 0x00, 0x00, 0x00, 0x00, 0x00, 0x00,
    0x00, 0x00, 0x00, 0x00, 0x01, 0x00, 0x00, 0x00, 0x09, 0x00, 0x00, 0x00,
    0x00, 0x00, 0x00, 0x00, 0x16, 0xf1, 0xff, 0xff, 0x0c, 0x00, 0x00, 0x00,
    0x0c, 0x00, 0x00, 0x00, 0x0c, 0x00, 0x00, 0x00, 0x00, 0x00, 0x00, 0x00,
    0x02, 0x00, 0x00, 0x00, 0x08, 0x00, 0x00, 0x00, 0x03, 0x00, 0x00, 0x00,
    0xa2, 0xef, 0xff, 0xff, 0x14, 0x00, 0x00, 0x00, 0x00, 0x00, 0x00, 0x6f,
    0x30, 0x00, 0x00, 0x00, 0x34, 0x00, 0x00, 0x00, 0x01, 0x00, 0x00, 0x00,
    0x94, 0xef, 0xff, 0xff, 0x08, 0x00, 0x00, 0x00, 0x14, 0x00, 0x00, 0x00,
    0x08, 0x00, 0x00, 0x00, 0x73, 0x74, 0x72, 0x65, 0x61, 0x6d, 0x5f, 0x33,
    0x00, 0x00, 0x00, 0x00, 0x00, 0x00, 0x00, 0x00, 0x00, 0x00, 0x00, 0x00,
    0x01, 0x00, 0x00, 0x00, 0x08, 0x00, 0x00, 0x00, 0x00, 0x00, 0x00, 0x00,
    0x7e, 0xf1, 0xff, 0xff, 0x0c, 0x00, 0x00, 0x00, 0x0c, 0x00, 0x00, 0x00,
    0x0c, 0x00, 0x00, 0x00, 0x00, 0x00, 0x00, 0x00, 0x02, 0x00, 0x00, 0x00,
    0x07, 0x00, 0x00, 0x00, 0x04, 0x00, 0x00, 0x00, 0x0a, 0xf0, 0xff, 0xff,
    0x14, 0x00, 0x00, 0x00, 0x00, 0x00, 0x00, 0x6f, 0x30, 0x00, 0x00, 0x00,
    0x34, 0x00, 0x00, 0x00, 0x01, 0x00, 0x00, 0x00, 0xfc, 0xef, 0xff, 0xff,
    0x08, 0x00, 0x00, 0x00, 0x14, 0x00, 0x00, 0x00, 0x08, 0x00, 0x00, 0x00,
    0x73, 0x74, 0x72, 0x65, 0x61, 0x6d, 0x5f, 0x34, 0x00, 0x00, 0x00, 0x00,
    0x00, 0x00, 0x00, 0x00, 0x00, 0x00, 0x00, 0x00, 0x01, 0x00, 0x00, 0x00,
    0x07, 0x00, 0x00, 0x00, 0x00, 0x00, 0x00, 0x00, 0xe6, 0xf1, 0xff, 0xff,
    0x0c, 0x00, 0x00, 0x00, 0x0c, 0x00, 0x00, 0x00, 0x0c, 0x00, 0x00, 0x00,
    0x00, 0x00, 0x00, 0x00, 0x02, 0x00, 0x00, 0x00, 0x06, 0x00, 0x00, 0x00,
    0x05, 0x00, 0x00, 0x00, 0x72, 0xf0, 0xff, 0xff, 0x14, 0x00, 0x00, 0x00,
    0x00, 0x00, 0x00, 0x6f, 0x30, 0x00, 0x00, 0x00, 0x34, 0x00, 0x00, 0x00,
    0x01, 0x00, 0x00, 0x00, 0x64, 0xf0, 0xff, 0xff, 0x08, 0x00, 0x00, 0x00,
    0x14, 0x00, 0x00, 0x00, 0x08, 0x00, 0x00, 0x00, 0x73, 0x74, 0x72, 0x65,
    0x61, 0x6d, 0x5f, 0x35, 0x00, 0x00, 0x00, 0x00, 0x00, 0x00, 0x00, 0x00,
    0x00, 0x00, 0x00, 0x00, 0x01, 0x00, 0x00, 0x00, 0x06, 0x00, 0x00, 0x00,
    0x00, 0x00, 0x00, 0x00, 0x00, 0x00, 0x00, 0x00, 0x00, 0x00, 0x00, 0x00,
    0x0c, 0x00, 0x00, 0x00, 0xc0, 0x02, 0x00, 0x00, 0x78, 0x02, 0x00, 0x00,
    0x30, 0x02, 0x00, 0x00, 0xe8, 0x01, 0x00, 0x00, 0x9c, 0x01, 0x00, 0x00,
    0x50, 0x01, 0x00, 0x00, 0x18, 0x01, 0x00, 0x00, 0xe0, 0x00, 0x00, 0x00,
    0xa8, 0x00, 0x00, 0x00, 0x70, 0x00, 0x00, 0x00, 0x38, 0x00, 0x00, 0x00,
    0x04, 0x00, 0x00, 0x00, 0xa6, 0xa6, 0xff, 0xff, 0x00, 0x00, 0x00, 0x01,
    0x14, 0x00, 0x00, 0x00, 0x14, 0x00, 0x00, 0x00, 0x5e, 0x00, 0x00, 0x00,
    0x00, 0x00, 0x00, 0x0d, 0x14, 0x00, 0x00, 0x00, 0xe8, 0xa6, 0xff, 0xff,
    0x07, 0x00, 0x00, 0x00, 0x73, 0x74, 0x72, 0x65, 0x61, 0x6d, 0x31, 0x00,
    0x00, 0x00, 0x00, 0x00, 0xd6, 0xa6, 0xff, 0xff, 0x00, 0x00, 0x00, 0x01,
    0x14, 0x00, 0x00, 0x00, 0x14, 0x00, 0x00, 0x00, 0x5d, 0x00, 0x00, 0x00,
    0x00, 0x00, 0x00, 0x0d, 0x18, 0x00, 0x00, 0x00, 0x18, 0xa7, 0xff, 0xff,
    0x09, 0x00, 0x00, 0x00, 0x73, 0x74, 0x72, 0x65, 0x61, 0x6d, 0x5f, 0x31,
    0x31, 0x00, 0x00, 0x00, 0x00, 0x00, 0x00, 0x00, 0x0a, 0xa7, 0xff, 0xff,
    0x00, 0x00, 0x00, 0x01, 0x14, 0x00, 0x00, 0x00, 0x14, 0x00, 0x00, 0x00,
    0x5c, 0x00, 0x00, 0x00, 0x00, 0x00, 0x00, 0x0d, 0x18, 0x00, 0x00, 0x00,
    0x4c, 0xa7, 0xff, 0xff, 0x09, 0x00, 0x00, 0x00, 0x73, 0x74, 0x72, 0x65,
    0x61, 0x6d, 0x5f, 0x32, 0x31, 0x00, 0x00, 0x00, 0x00, 0x00, 0x00, 0x00,
    0x3e, 0xa7, 0xff, 0xff, 0x00, 0x00, 0x00, 0x01, 0x14, 0x00, 0x00, 0x00,
    0x14, 0x00, 0x00, 0x00, 0x5b, 0x00, 0x00, 0x00, 0x00, 0x00, 0x00, 0x0d,
    0x18, 0x00, 0x00, 0x00, 0x80, 0xa7, 0xff, 0xff, 0x09, 0x00, 0x00, 0x00,
    0x73, 0x74, 0x72, 0x65, 0x61, 0x6d, 0x5f, 0x33, 0x31, 0x00, 0x00, 0x00,
    0x00, 0x00, 0x00, 0x00, 0x72, 0xa7, 0xff, 0xff, 0x00, 0x00, 0x00, 0x01,
    0x14, 0x00, 0x00, 0x00, 0x14, 0x00, 0x00, 0x00, 0x5a, 0x00, 0x00, 0x00,
    0x00, 0x00, 0x00, 0x0d, 0x18, 0x00, 0x00, 0x00, 0xb4, 0xa7, 0xff, 0xff,
    0x09, 0x00, 0x00, 0x00, 0x73, 0x74, 0x72, 0x65, 0x61, 0x6d, 0x5f, 0x34,
    0x31, 0x00, 0x00, 0x00, 0x00, 0x00, 0x00, 0x00, 0xa6, 0xa7, 0xff, 0xff,
    0x00, 0x00, 0x00, 0x01, 0x14, 0x00, 0x00, 0x00, 0x14, 0x00, 0x00, 0x00,
    0x59, 0x00, 0x00, 0x00, 0x00, 0x00, 0x00, 0x0d, 0x18, 0x00, 0x00, 0x00,
    0xe8, 0xa7, 0xff, 0xff, 0x09, 0x00, 0x00, 0x00, 0x73, 0x74, 0x72, 0x65,
    0x61, 0x6d, 0x5f, 0x35, 0x31, 0x00, 0x00, 0x00, 0x00, 0x00, 0x00, 0x00,
    0x16, 0xdf, 0xff, 0xff, 0x00, 0x00, 0x00, 0x01, 0x10, 0x00, 0x00, 0x00,
    0x10, 0x00, 0x00, 0x00, 0x58, 0x00, 0x00, 0x00, 0x20, 0x00, 0x00, 0x00,
    0x18, 0xa8, 0xff, 0xff, 0x10, 0x00, 0x00, 0x00, 0x61, 0x72, 0x69, 0x74,
    0x68, 0x2e, 0x63, 0x6f, 0x6e, 0x73, 0x74, 0x61, 0x6e, 0x74, 0x31, 0x31,
    0x00, 0x00, 0x00, 0x00, 0x04, 0x00, 0x00, 0x00, 0x01, 0x00, 0x00, 0x00,
    0x04, 0x00, 0x00, 0x00, 0x01, 0x00, 0x00, 0x00, 0x3c, 0x00, 0x00, 0x00,
    0x5e, 0xdf, 0xff, 0xff, 0x00, 0x00, 0x00, 0x01, 0x10, 0x00, 0x00, 0x00,
    0x10, 0x00, 0x00, 0x00, 0x57, 0x00, 0x00, 0x00, 0x20, 0x00, 0x00, 0x00,
    0x60, 0xa8, 0xff, 0xff, 0x10, 0x00, 0x00, 0x00, 0x61, 0x72, 0x69, 0x74,
    0x68, 0x2e, 0x63, 0x6f, 0x6e, 0x73, 0x74, 0x61, 0x6e, 0x74, 0x31, 0x30,
    0x00, 0x00, 0x00, 0x00, 0x04, 0x00, 0x00, 0x00, 0x01, 0x00, 0x00, 0x00,
    0x14, 0x00, 0x00, 0x00, 0x01, 0x00, 0x00, 0x00, 0x3c, 0x00, 0x00, 0x00,
    0xa6, 0xdf, 0xff, 0xff, 0x00, 0x00, 0x00, 0x01, 0x10, 0x00, 0x00, 0x00,
    0x10, 0x00, 0x00, 0x00, 0x56, 0x00, 0x00, 0x00, 0x1c, 0x00, 0x00, 0x00,
    0xa8, 0xa8, 0xff, 0xff, 0x0f, 0x00, 0x00, 0x00, 0x61, 0x72, 0x69, 0x74,
    0x68, 0x2e, 0x63, 0x6f, 0x6e, 0x73, 0x74, 0x61, 0x6e, 0x74, 0x39, 0x00,
    0x04, 0x00, 0x00, 0x00, 0x01, 0x00, 0x00, 0x00, 0x0c, 0x00, 0x00, 0x00,
    0x01, 0x00, 0x00, 0x00, 0x3c, 0x00, 0x00, 0x00, 0xea, 0xdf, 0xff, 0xff,
    0x00, 0x00, 0x00, 0x01, 0x10, 0x00, 0x00, 0x00, 0x10, 0x00, 0x00, 0x00,
    0x55, 0x00, 0x00, 0x00, 0x1c, 0x00, 0x00, 0x00, 0xec, 0xa8, 0xff, 0xff,
    0x0f, 0x00, 0x00, 0x00, 0x61, 0x72, 0x69, 0x74, 0x68, 0x2e, 0x63, 0x6f,
    0x6e, 0x73, 0x74, 0x61, 0x6e, 0x74, 0x38, 0x00, 0x04, 0x00, 0x00, 0x00,
    0x01, 0x00, 0x00, 0x00, 0x08, 0x00, 0x00, 0x00, 0x01, 0x00, 0x00, 0x00,
    0x3c, 0x00, 0x00, 0x00, 0x2e, 0xe0, 0xff, 0xff, 0x00, 0x00, 0x00, 0x01,
    0x10, 0x00, 0x00, 0x00, 0x10, 0x00, 0x00, 0x00, 0x54, 0x00, 0x00, 0x00,
    0x1c, 0x00, 0x00, 0x00, 0x30, 0xa9, 0xff, 0xff, 0x0f, 0x00, 0x00, 0x00,
    0x61, 0x72, 0x69, 0x74, 0x68, 0x2e, 0x63, 0x6f, 0x6e, 0x73, 0x74, 0x61,
    0x6e, 0x74, 0x37, 0x00, 0x04, 0x00, 0x00, 0x00, 0x01, 0x00, 0x00, 0x00,
    0x04, 0x00, 0x00, 0x00, 0x01, 0x00, 0x00, 0x00, 0x1e, 0x00, 0x00, 0x00,
    0x72, 0xe0, 0xff, 0xff, 0x00, 0x00, 0x00, 0x01, 0x10, 0x00, 0x00, 0x00,
    0x10, 0x00, 0x00, 0x00, 0x53, 0x00, 0x00, 0x00, 0x1c, 0x00, 0x00, 0x00,
    0x74, 0xa9, 0xff, 0xff, 0x0f, 0x00, 0x00, 0x00, 0x61, 0x72, 0x69, 0x74,
    0x68, 0x2e, 0x63, 0x6f, 0x6e, 0x73, 0x74, 0x61, 0x6e, 0x74, 0x36, 0x00,
    0x04, 0x00, 0x00, 0x00, 0x01, 0x00, 0x00, 0x00, 0x02, 0x00, 0x00, 0x00,
    0x01, 0x00, 0x00, 0x00, 0x28, 0x00, 0x00, 0x00, 0x00, 0x00, 0x0e, 0x00,
    0x18, 0x00, 0x14, 0x00, 0x10, 0x00, 0x0c, 0x00, 0x08, 0x00, 0x04, 0x00,
    0x0e, 0x00, 0x00, 0x00, 0x14, 0x00, 0x00, 0x00, 0x1c, 0x00, 0x00, 0x00,
    0xb0, 0x0c, 0x00, 0x00, 0xb4, 0x0c, 0x00, 0x00, 0xb8, 0x0c, 0x00, 0x00,
    0x04, 0x00, 0x00, 0x00, 0x6d, 0x61, 0x69, 0x6e, 0x00, 0x00, 0x00, 0x00,
    0x3e, 0x00, 0x00, 0x00, 0x68, 0x0c, 0x00, 0x00, 0x08, 0x0c, 0x00, 0x00,
    0xac, 0x0b, 0x00, 0x00, 0x60, 0x0b, 0x00, 0x00, 0x14, 0x0b, 0x00, 0x00,
    0xc8, 0x0a, 0x00, 0x00, 0x7c, 0x0a, 0x00, 0x00, 0x58, 0x0a, 0x00, 0x00,
    0x28, 0x0a, 0x00, 0x00, 0x04, 0x0a, 0x00, 0x00, 0xe0, 0x09, 0x00, 0x00,
    0xbc, 0x09, 0x00, 0x00, 0x98, 0x09, 0x00, 0x00, 0x70, 0x09, 0x00, 0x00,
    0x4c, 0x09, 0x00, 0x00, 0x14, 0x09, 0x00, 0x00, 0xf0, 0x08, 0x00, 0x00,
    0x9c, 0x08, 0x00, 0x00, 0x78, 0x08, 0x00, 0x00, 0x40, 0x08, 0x00, 0x00,
    0x1c, 0x08, 0x00, 0x00, 0xc8, 0x07, 0x00, 0x00, 0x80, 0x07, 0x00, 0x00,
    0x5c, 0x07, 0x00, 0x00, 0x24, 0x07, 0x00, 0x00, 0x00, 0x07, 0x00, 0x00,
    0xb8, 0x06, 0x00, 0x00, 0x70, 0x06, 0x00, 0x00, 0x4c, 0x06, 0x00, 0x00,
    0x14, 0x06, 0x00, 0x00, 0xf0, 0x05, 0x00, 0x00, 0xa8, 0x05, 0x00, 0x00,
    0x60, 0x05, 0x00, 0x00, 0x3c, 0x05, 0x00, 0x00, 0x04, 0x05, 0x00, 0x00,
    0xe0, 0x04, 0x00, 0x00, 0x98, 0x04, 0x00, 0x00, 0x50, 0x04, 0x00, 0x00,
    0x2c, 0x04, 0x00, 0x00, 0xf4, 0x03, 0x00, 0x00, 0xd0, 0x03, 0x00, 0x00,
    0xa8, 0x03, 0x00, 0x00, 0x70, 0x03, 0x00, 0x00, 0x4c, 0x03, 0x00, 0x00,
    0x08, 0x03, 0x00, 0x00, 0xe4, 0x02, 0x00, 0x00, 0xc0, 0x02, 0x00, 0x00,
    0x7c, 0x02, 0x00, 0x00, 0x58, 0x02, 0x00, 0x00, 0x34, 0x02, 0x00, 0x00,
    0xf0, 0x01, 0x00, 0x00, 0xcc, 0x01, 0x00, 0x00, 0xa8, 0x01, 0x00, 0x00,
    0x64, 0x01, 0x00, 0x00, 0x40, 0x01, 0x00, 0x00, 0x1c, 0x01, 0x00, 0x00,
    0xd8, 0x00, 0x00, 0x00, 0xb4, 0x00, 0x00, 0x00, 0x90, 0x00, 0x00, 0x00,
    0x4c, 0x00, 0x00, 0x00, 0x28, 0x00, 0x00, 0x00, 0x04, 0x00, 0x00, 0x00,
    0x8e, 0xf6, 0xff, 0xff, 0x0c, 0x00, 0x00, 0x00, 0x0c, 0x00, 0x00, 0x00,
    0x0c, 0x00, 0x00, 0x00, 0x00, 0x00, 0x00, 0x00, 0x02, 0x00, 0x00, 0x00,
    0x20, 0x00, 0x00, 0x00, 0x51, 0x00, 0x00, 0x00, 0xae, 0xf6, 0xff, 0xff,
    0x0c, 0x00, 0x00, 0x00, 0x10, 0x00, 0x00, 0x00, 0x04, 0x00, 0x00, 0x00,
    0x01, 0x00, 0x00, 0x00, 0x51, 0x00, 0x00, 0x00, 0x01, 0x00, 0x00, 0x00,
    0x50, 0x00, 0x00, 0x00, 0x3a, 0xf5, 0xff, 0xff, 0x14, 0x00, 0x00, 0x00,
    0x00, 0x00, 0x00, 0x20, 0x18, 0x00, 0x00, 0x00, 0x1c, 0x00, 0x00, 0x00,
    0x0b, 0x00, 0x00, 0x00, 0x2c, 0xf5, 0xff, 0xff, 0x0f, 0x00, 0x00, 0x00,
    0x0d, 0x00, 0x00, 0x00, 0x01, 0x00, 0x00, 0x00, 0x50, 0x00, 0x00, 0x00,
    0x04, 0x00, 0x00, 0x00, 0x42, 0x00, 0x00, 0x00, 0x06, 0x00, 0x00, 0x00,
    0x04, 0x00, 0x00, 0x00, 0x05, 0x00, 0x00, 0x00, 0x0e, 0xf7, 0xff, 0xff,
    0x0c, 0x00, 0x00, 0x00, 0x0c, 0x00, 0x00, 0x00, 0x0c, 0x00, 0x00, 0x00,
    0x00, 0x00, 0x00, 0x00, 0x02, 0x00, 0x00, 0x00, 0x1f, 0x00, 0x00, 0x00,
    0x4f, 0x00, 0x00, 0x00, 0x2e, 0xf7, 0xff, 0xff, 0x0c, 0x00, 0x00, 0x00,
    0x10, 0x00, 0x00, 0x00, 0x04, 0x00, 0x00, 0x00, 0x01, 0x00, 0x00, 0x00,
    0x4f, 0x00, 0x00, 0x00, 0x01, 0x00, 0x00, 0x00, 0x4e, 0x00, 0x00, 0x00,
    0xba, 0xf5, 0xff, 0xff, 0x14, 0x00, 0x00, 0x00, 0x00, 0x00, 0x00, 0x20,
    0x18, 0x00, 0x00, 0x00, 0x1c, 0x00, 0x00, 0x00, 0x0b, 0x00, 0x00, 0x00,
    0xac, 0xf5, 0xff, 0xff, 0x0f, 0x00, 0x00, 0x00, 0x0d, 0x00, 0x00, 0x00,
    0x01, 0x00, 0x00, 0x00, 0x4e, 0x00, 0x00, 0x00, 0x04, 0x00, 0x00, 0x00,
    0x3d, 0x00, 0x00, 0x00, 0x06, 0x00, 0x00, 0x00, 0x04, 0x00, 0x00, 0x00,
    0x05, 0x00, 0x00, 0x00, 0x8e, 0xf7, 0xff, 0xff, 0x0c, 0x00, 0x00, 0x00,
    0x0c, 0x00, 0x00, 0x00, 0x0c, 0x00, 0x00, 0x00, 0x00, 0x00, 0x00, 0x00,
    0x02, 0x00, 0x00, 0x00, 0x1e, 0x00, 0x00, 0x00, 0x4d, 0x00, 0x00, 0x00,
    0xae, 0xf7, 0xff, 0xff, 0x0c, 0x00, 0x00, 0x00, 0x10, 0x00, 0x00, 0x00,
    0x04, 0x00, 0x00, 0x00, 0x01, 0x00, 0x00, 0x00, 0x4d, 0x00, 0x00, 0x00,
    0x01, 0x00, 0x00, 0x00, 0x4c, 0x00, 0x00, 0x00, 0x3a, 0xf6, 0xff, 0xff,
    0x14, 0x00, 0x00, 0x00, 0x00, 0x00, 0x00, 0x20, 0x18, 0x00, 0x00, 0x00,
    0x1c, 0x00, 0x00, 0x00, 0x0b, 0x00, 0x00, 0x00, 0x2c, 0xf6, 0xff, 0xff,
    0x0f, 0x00, 0x00, 0x00, 0x0d, 0x00, 0x00, 0x00, 0x01, 0x00, 0x00, 0x00,
    0x4c, 0x00, 0x00, 0x00, 0x04, 0x00, 0x00, 0x00, 0x38, 0x00, 0x00, 0x00,
    0x06, 0x00, 0x00, 0x00, 0x04, 0x00, 0x00, 0x00, 0x05, 0x00, 0x00, 0x00,
    0x0e, 0xf8, 0xff, 0xff, 0x0c, 0x00, 0x00, 0x00, 0x0c, 0x00, 0x00, 0x00,
    0x0c, 0x00, 0x00, 0x00, 0x00, 0x00, 0x00, 0x00, 0x02, 0x00, 0x00, 0x00,
    0x1d, 0x00, 0x00, 0x00, 0x4b, 0x00, 0x00, 0x00, 0x2e, 0xf8, 0xff, 0xff,
    0x0c, 0x00, 0x00, 0x00, 0x10, 0x00, 0x00, 0x00, 0x04, 0x00, 0x00, 0x00,
    0x01, 0x00, 0x00, 0x00, 0x4b, 0x00, 0x00, 0x00, 0x01, 0x00, 0x00, 0x00,
    0x4a, 0x00, 0x00, 0x00, 0xba, 0xf6, 0xff, 0xff, 0x14, 0x00, 0x00, 0x00,
    0x00, 0x00, 0x00, 0x20, 0x18, 0x00, 0x00, 0x00, 0x1c, 0x00, 0x00, 0x00,
    0x0b, 0x00, 0x00, 0x00, 0xac, 0xf6, 0xff, 0xff, 0x0f, 0x00, 0x00, 0x00,
    0x0d, 0x00, 0x00, 0x00, 0x01, 0x00, 0x00, 0x00, 0x4a, 0x00, 0x00, 0x00,
    0x04, 0x00, 0x00, 0x00, 0x33, 0x00, 0x00, 0x00, 0x06, 0x00, 0x00, 0x00,
    0x04, 0x00, 0x00, 0x00, 0x05, 0x00, 0x00, 0x00, 0x8e, 0xf8, 0xff, 0xff,
    0x0c, 0x00, 0x00, 0x00, 0x0c, 0x00, 0x00, 0x00, 0x0c, 0x00, 0x00, 0x00,
    0x00, 0x00, 0x00, 0x00, 0x02, 0x00, 0x00, 0x00, 0x1c, 0x00, 0x00, 0x00,
    0x49, 0x00, 0x00, 0x00, 0xae, 0xf8, 0xff, 0xff, 0x0c, 0x00, 0x00, 0x00,
    0x10, 0x00, 0x00, 0x00, 0x04, 0x00, 0x00, 0x00, 0x01, 0x00, 0x00, 0x00,
    0x49, 0x00, 0x00, 0x00, 0x01, 0x00, 0x00, 0x00, 0x48, 0x00, 0x00, 0x00,
    0x3a, 0xf7, 0xff, 0xff, 0x14, 0x00, 0x00, 0x00, 0x00, 0x00, 0x00, 0x20,
    0x18, 0x00, 0x00, 0x00, 0x1c, 0x00, 0x00, 0x00, 0x0b, 0x00, 0x00, 0x00,
    0x2c, 0xf7, 0xff, 0xff, 0x0f, 0x00, 0x00, 0x00, 0x0d, 0x00, 0x00, 0x00,
    0x01, 0x00, 0x00, 0x00, 0x48, 0x00, 0x00, 0x00, 0x04, 0x00, 0x00, 0x00,
    0x2e, 0x00, 0x00, 0x00, 0x06, 0x00, 0x00, 0x00, 0x04, 0x00, 0x00, 0x00,
    0x05, 0x00, 0x00, 0x00, 0x0e, 0xf9, 0xff, 0xff, 0x0c, 0x00, 0x00, 0x00,
    0x0c, 0x00, 0x00, 0x00, 0x0c, 0x00, 0x00, 0x00, 0x00, 0x00, 0x00, 0x00,
    0x02, 0x00, 0x00, 0x00, 0x1b, 0x00, 0x00, 0x00, 0x47, 0x00, 0x00, 0x00,
    0x2e, 0xf9, 0xff, 0xff, 0x0c, 0x00, 0x00, 0x00, 0x10, 0x00, 0x00, 0x00,
    0x04, 0x00, 0x00, 0x00, 0x01, 0x00, 0x00, 0x00, 0x47, 0x00, 0x00, 0x00,
    0x01, 0x00, 0x00, 0x00, 0x46, 0x00, 0x00, 0x00, 0xba, 0xf7, 0xff, 0xff,
    0x14, 0x00, 0x00, 0x00, 0x00, 0x00, 0x00, 0x20, 0x18, 0x00, 0x00, 0x00,
    0x1c, 0x00, 0x00, 0x00, 0x0b, 0x00, 0x00, 0x00, 0xac, 0xf7, 0xff, 0xff,
    0x0f, 0x00, 0x00, 0x00, 0x0d, 0x00, 0x00, 0x00, 0x01, 0x00, 0x00, 0x00,
    0x46, 0x00, 0x00, 0x00, 0x04, 0x00, 0x00, 0x00, 0x2a, 0x00, 0x00, 0x00,
    0x03, 0x00, 0x00, 0x00, 0x04, 0x00, 0x00, 0x00, 0x05, 0x00, 0x00, 0x00,
    0x8e, 0xf9, 0xff, 0xff, 0x0c, 0x00, 0x00, 0x00, 0x10, 0x00, 0x00, 0x00,
    0x0a, 0x00, 0x00, 0x00, 0x01, 0x00, 0x00, 0x00, 0x45, 0x00, 0x00, 0x00,
    0x01, 0x00, 0x00, 0x00, 0x44, 0x00, 0x00, 0x00, 0x1a, 0xf8, 0xff, 0xff,
    0x14, 0x00, 0x00, 0x00, 0x00, 0x00, 0x00, 0x08, 0x10, 0x00, 0x00, 0x00,
    0x14, 0x00, 0x00, 0x00, 0x09, 0x00, 0x00, 0x00, 0x08, 0xae, 0xff, 0xff,
    0x01, 0x00, 0x00, 0x00, 0x44, 0x00, 0x00, 0x00, 0x03, 0x00, 0x00, 0x00,
    0x43, 0x00, 0x00, 0x00, 0x08, 0x00, 0x00, 0x00, 0x07, 0x00, 0x00, 0x00,
    0xe2, 0xf9, 0xff, 0xff, 0x0c, 0x00, 0x00, 0x00, 0x10, 0x00, 0x00, 0x00,
    0x03, 0x00, 0x00, 0x00, 0x01, 0x00, 0x00, 0x00, 0x43, 0x00, 0x00, 0x00,
    0x02, 0x00, 0x00, 0x00, 0x42, 0x00, 0x00, 0x00, 0x02, 0x00, 0x00, 0x00,
    0x06, 0xfa, 0xff, 0xff, 0x0c, 0x00, 0x00, 0x00, 0x10, 0x00, 0x00, 0x00,
    0x06, 0x00, 0x00, 0x00, 0x01, 0x00, 0x00, 0x00, 0x42, 0x00, 0x00, 0x00,
    0x01, 0x00, 0x00, 0x00, 0x41, 0x00, 0x00, 0x00, 0x92, 0xf8, 0xff, 0xff,
    0x14, 0x00, 0x00, 0x00, 0x00, 0x00, 0x00, 0x0a, 0x14, 0x00, 0x00, 0x00,
    0x18, 0x00, 0x00, 0x00, 0x05, 0x00, 0x00, 0x00, 0x2a, 0xf8, 0xff, 0xff,
    0x01, 0x00, 0x00, 0x00, 0x01, 0x00, 0x00, 0x00, 0x41, 0x00, 0x00, 0x00,
    0x02, 0x00, 0x00, 0x00, 0x25, 0x00, 0x00, 0x00, 0x40, 0x00, 0x00, 0x00,
    0x5a, 0xfa, 0xff, 0xff, 0x0c, 0x00, 0x00, 0x00, 0x10, 0x00, 0x00, 0x00,
    0x04, 0x00, 0x00, 0x00, 0x01, 0x00, 0x00, 0x00, 0x40, 0x00, 0x00, 0x00,
    0x01, 0x00, 0x00, 0x00, 0x3f, 0x00, 0x00, 0x00, 0xe6, 0xf8, 0xff, 0xff,
    0x14, 0x00, 0x00, 0x00, 0x00, 0x00, 0x00, 0x01, 0x20, 0x00, 0x00, 0x00,
    0x24, 0x00, 0x00, 0x00, 0x07, 0x00, 0x00, 0x00, 0x04, 0xfc, 0xff, 0xff,
    0x00, 0x00, 0x00, 0x01, 0x01, 0x00, 0x00, 0x00, 0x01, 0x00, 0x00, 0x00,
    0x00, 0x00, 0x00, 0x01, 0x01, 0x00, 0x00, 0x00, 0x3f, 0x00, 0x00, 0x00,
    0x03, 0x00, 0x00, 0x00, 0x3e, 0x00, 0x00, 0x00, 0x0a, 0x00, 0x00, 0x00,
    0x09, 0x00, 0x00, 0x00, 0x2a, 0xf9, 0xff, 0xff, 0x14, 0x00, 0x00, 0x00,
    0x00, 0x00, 0x00, 0x02, 0x20, 0x00, 0x00, 0x00, 0x24, 0x00, 0x00, 0x00,
    0x08, 0x00, 0x00, 0x00, 0x0c, 0xfd, 0xff, 0xff, 0x01, 0x00, 0x00, 0x00,
    0x01, 0x00, 0x00, 0x00, 0x01, 0x00, 0x00, 0x00, 0x00, 0x00, 0x00, 0x01,
    0x01, 0x00, 0x00, 0x00, 0x3e, 0x00, 0x00, 0x00, 0x03, 0x00, 0x00, 0x00,
    0x3d, 0x00, 0x00, 0x00, 0x0c, 0x00, 0x00, 0x00, 0x0b, 0x00, 0x00, 0x00,
    0x02, 0xfb, 0xff, 0xff, 0x0c, 0x00, 0x00, 0x00, 0x10, 0x00, 0x00, 0x00,
    0x06, 0x00, 0x00, 0x00, 0x01, 0x00, 0x00, 0x00, 0x3d, 0x00, 0x00, 0x00,
    0x01, 0x00, 0x00, 0x00, 0x3c, 0x00, 0x00, 0x00, 0x8e, 0xf9, 0xff, 0xff,
    0x14, 0x00, 0x00, 0x00, 0x00, 0x00, 0x00, 0x0a, 0x14, 0x00, 0x00, 0x00,
    0x18, 0x00, 0x00, 0x00, 0x05, 0x00, 0x00, 0x00, 0x26, 0xf9, 0xff, 0xff,
    0x01, 0x00, 0x00, 0x00, 0x01, 0x00, 0x00, 0x00, 0x3c, 0x00, 0x00, 0x00,
    0x02, 0x00, 0x00, 0x00, 0x24, 0x00, 0x00, 0x00, 0x3b, 0x00, 0x00, 0x00,
    0x56, 0xfb, 0xff, 0xff, 0x0c, 0x00, 0x00, 0x00, 0x10, 0x00, 0x00, 0x00,
    0x04, 0x00, 0x00, 0x00, 0x01, 0x00, 0x00, 0x00, 0x3b, 0x00, 0x00, 0x00,
    0x01, 0x00, 0x00, 0x00, 0x3a, 0x00, 0x00, 0x00, 0xe2, 0xf9, 0xff, 0xff,
    0x14, 0x00, 0x00, 0x00, 0x00, 0x00, 0x00, 0x01, 0x20, 0x00, 0x00, 0x00,
    0x24, 0x00, 0x00, 0x00, 0x07, 0x00, 0x00, 0x00, 0x00, 0xfd, 0xff, 0xff,
    0x00, 0x00, 0x00, 0x01, 0x01, 0x00, 0x00, 0x00, 0x01, 0x00, 0x00, 0x00,
    0x00, 0x00, 0x00, 0x01, 0x01, 0x00, 0x00, 0x00, 0x3a, 0x00, 0x00, 0x00,
    0x03, 0x00, 0x00, 0x00, 0x39, 0x00, 0x00, 0x00, 0x0e, 0x00, 0x00, 0x00,
    0x0d, 0x00, 0x00, 0x00, 0x26, 0xfa, 0xff, 0xff, 0x14, 0x00, 0x00, 0x00,
    0x00, 0x00, 0x00, 0x02, 0x20, 0x00, 0x00, 0x00, 0x24, 0x00, 0x00, 0x00,
    0x08, 0x00, 0x00, 0x00, 0x08, 0xfe, 0xff, 0xff, 0x01, 0x00, 0x00, 0x00,
    0x01, 0x00, 0x00, 0x00, 0x01, 0x00, 0x00, 0x00, 0x00, 0x00, 0x00, 0x01,
    0x01, 0x00, 0x00, 0x00, 0x39, 0x00, 0x00, 0x00, 0x03, 0x00, 0x00, 0x00,
    0x38, 0x00, 0x00, 0x00, 0x10, 0x00, 0x00, 0x00, 0x0f, 0x00, 0x00, 0x00,
    0xfe, 0xfb, 0xff, 0xff, 0x0c, 0x00, 0x00, 0x00, 0x10, 0x00, 0x00, 0x00,
    0x06, 0x00, 0x00, 0x00, 0x01, 0x00, 0x00, 0x00, 0x38, 0x00, 0x00, 0x00,
    0x01, 0x00, 0x00, 0x00, 0x37, 0x00, 0x00, 0x00, 0x8a, 0xfa, 0xff, 0xff,
    0x14, 0x00, 0x00, 0x00, 0x00, 0x00, 0x00, 0x0a, 0x14, 0x00, 0x00, 0x00,
    0x18, 0x00, 0x00, 0x00, 0x05, 0x00, 0x00, 0x00, 0x22, 0xfa, 0xff, 0xff,
    0x01, 0x00, 0x00, 0x00, 0x01, 0x00, 0x00, 0x00, 0x37, 0x00, 0x00, 0x00,
    0x02, 0x00, 0x00, 0x00, 0x23, 0x00, 0x00, 0x00, 0x36, 0x00, 0x00, 0x00,
    0x52, 0xfc, 0xff, 0xff, 0x0c, 0x00, 0x00, 0x00, 0x10, 0x00, 0x00, 0x00,
    0x04, 0x00, 0x00, 0x00, 0x01, 0x00, 0x00, 0x00, 0x36, 0x00, 0x00, 0x00,
    0x01, 0x00, 0x00, 0x00, 0x35, 0x00, 0x00, 0x00, 0xde, 0xfa, 0xff, 0xff,
    0x14, 0x00, 0x00, 0x00, 0x00, 0x00, 0x00, 0x01, 0x20, 0x00, 0x00, 0x00,
    0x24, 0x00, 0x00, 0x00, 0x07, 0x00, 0x00, 0x00, 0xfc, 0xfd, 0xff, 0xff,
    0x00, 0x00, 0x00, 0x01, 0x01, 0x00, 0x00, 0x00, 0x01, 0x00, 0x00, 0x00,
    0x00, 0x00, 0x00, 0x01, 0x01, 0x00, 0x00, 0x00, 0x35, 0x00, 0x00, 0x00,
    0x03, 0x00, 0x00, 0x00, 0x34, 0x00, 0x00, 0x00, 0x12, 0x00, 0x00, 0x00,
    0x11, 0x00, 0x00, 0x00, 0x22, 0xfb, 0xff, 0xff, 0x14, 0x00, 0x00, 0x00,
    0x00, 0x00, 0x00, 0x02, 0x20, 0x00, 0x00, 0x00, 0x24, 0x00, 0x00, 0x00,
    0x08, 0x00, 0x00, 0x00, 0x04, 0xff, 0xff, 0xff, 0x01, 0x00, 0x00, 0x00,
    0x01, 0x00, 0x00, 0x00, 0x01, 0x00, 0x00, 0x00, 0x00, 0x00, 0x00, 0x01,
    0x01, 0x00, 0x00, 0x00, 0x34, 0x00, 0x00, 0x00, 0x03, 0x00, 0x00, 0x00,
    0x33, 0x00, 0x00, 0x00, 0x14, 0x00, 0x00, 0x00, 0x13, 0x00, 0x00, 0x00,
    0xfa, 0xfc, 0xff, 0xff, 0x0c, 0x00, 0x00, 0x00, 0x10, 0x00, 0x00, 0x00,
    0x06, 0x00, 0x00, 0x00, 0x01, 0x00, 0x00, 0x00, 0x33, 0x00, 0x00, 0x00,
    0x01, 0x00, 0x00, 0x00, 0x32, 0x00, 0x00, 0x00, 0x86, 0xfb, 0xff, 0xff,
    0x14, 0x00, 0x00, 0x00, 0x00, 0x00, 0x00, 0x0a, 0x14, 0x00, 0x00, 0x00,
    0x18, 0x00, 0x00, 0x00, 0x05, 0x00, 0x00, 0x00, 0x1e, 0xfb, 0xff, 0xff,
    0x01, 0x00, 0x00, 0x00, 0x01, 0x00, 0x00, 0x00, 0x32, 0x00, 0x00, 0x00,
    0x02, 0x00, 0x00, 0x00, 0x22, 0x00, 0x00, 0x00, 0x31, 0x00, 0x00, 0x00,
    0x4e, 0xfd, 0xff, 0xff, 0x0c, 0x00, 0x00, 0x00, 0x10, 0x00, 0x00, 0x00,
    0x04, 0x00, 0x00, 0x00, 0x01, 0x00, 0x00, 0x00, 0x31, 0x00, 0x00, 0x00,
    0x01, 0x00, 0x00, 0x00, 0x30, 0x00, 0x00, 0x00, 0xda, 0xfb, 0xff, 0xff,
    0x14, 0x00, 0x00, 0x00, 0x00, 0x00, 0x00, 0x01, 0x20, 0x00, 0x00, 0x00,
    0x24, 0x00, 0x00, 0x00, 0x07, 0x00, 0x00, 0x00, 0xf8, 0xfe, 0xff, 0xff,
    0x00, 0x00, 0x00, 0x01, 0x01, 0x00, 0x00, 0x00, 0x01, 0x00, 0x00, 0x00,
    0x00, 0x00, 0x00, 0x01, 0x01, 0x00, 0x00, 0x00, 0x30, 0x00, 0x00, 0x00,
    0x03, 0x00, 0x00, 0x00, 0x2f, 0x00, 0x00, 0x00, 0x16, 0x00, 0x00, 0x00,
    0x15, 0x00, 0x00, 0x00, 0x1e, 0xfc, 0xff, 0xff, 0x20, 0x00, 0x00, 0x00,
    0x00, 0x00, 0x00, 0x02, 0x2c, 0x00, 0x00, 0x00, 0x30, 0x00, 0x00, 0x00,
    0x08, 0x00, 0x00, 0x00, 0x0c, 0x00, 0x14, 0x00, 0x13, 0x00, 0x0c, 0x00,
    0x08, 0x00, 0x04, 0x00, 0x0c, 0x00, 0x00, 0x00, 0x01, 0x00, 0x00, 0x00,
    0x01, 0x00, 0x00, 0x00, 0x01, 0x00, 0x00, 0x00, 0x00, 0x00, 0x00, 0x01,
    0x01, 0x00, 0x00, 0x00, 0x2f, 0x00, 0x00, 0x00, 0x03, 0x00, 0x00, 0x00,
    0x2e, 0x00, 0x00, 0x00, 0x18, 0x00, 0x00, 0x00, 0x17, 0x00, 0x00, 0x00,
    0x02, 0xfe, 0xff, 0xff, 0x0c, 0x00, 0x00, 0x00, 0x10, 0x00, 0x00, 0x00,
    0x06, 0x00, 0x00, 0x00, 0x01, 0x00, 0x00, 0x00, 0x2e, 0x00, 0x00, 0x00,
    0x01, 0x00, 0x00, 0x00, 0x2d, 0x00, 0x00, 0x00, 0x8e, 0xfc, 0xff, 0xff,
    0x14, 0x00, 0x00, 0x00, 0x00, 0x00, 0x00, 0x0a, 0x14, 0x00, 0x00, 0x00,
    0x18, 0x00, 0x00, 0x00, 0x05, 0x00, 0x00, 0x00, 0x26, 0xfc, 0xff, 0xff,
    0x01, 0x00, 0x00, 0x00, 0x01, 0x00, 0x00, 0x00, 0x2d, 0x00, 0x00, 0x00,
    0x02, 0x00, 0x00, 0x00, 0x21, 0x00, 0x00, 0x00, 0x2c, 0x00, 0x00, 0x00,
    0x56, 0xfe, 0xff, 0xff, 0x0c, 0x00, 0x00, 0x00, 0x10, 0x00, 0x00, 0x00,
    0x04, 0x00, 0x00, 0x00, 0x01, 0x00, 0x00, 0x00, 0x2c, 0x00, 0x00, 0x00,
    0x01, 0x00, 0x00, 0x00, 0x2b, 0x00, 0x00, 0x00, 0xe2, 0xfc, 0xff, 0xff,
    0x20, 0x00, 0x00, 0x00, 0x00, 0x00, 0x00, 0x01, 0x2c, 0x00, 0x00, 0x00,
    0x30, 0x00, 0x00, 0x00, 0x07, 0x00, 0x00, 0x00, 0x0c, 0x00, 0x14, 0x00,
    0x13, 0x00, 0x0c, 0x00, 0x08, 0x00, 0x07, 0x00, 0x0c, 0x00, 0x00, 0x00,
    0x00, 0x00, 0x00, 0x01, 0x03, 0x00, 0x00, 0x00, 0x01, 0x00, 0x00, 0x00,
    0x00, 0x00, 0x00, 0x01, 0x01, 0x00, 0x00, 0x00, 0x2b, 0x00, 0x00, 0x00,
    0x03, 0x00, 0x00, 0x00, 0x2a, 0x00, 0x00, 0x00, 0x1a, 0x00, 0x00, 0x00,
    0x19, 0x00, 0x00, 0x00, 0xc6, 0xfe, 0xff, 0xff, 0x0c, 0x00, 0x00, 0x00,
    0x10, 0x00, 0x00, 0x00, 0x06, 0x00, 0x00, 0x00, 0x01, 0x00, 0x00, 0x00,
    0x2a, 0x00, 0x00, 0x00, 0x01, 0x00, 0x00, 0x00, 0x29, 0x00, 0x00, 0x00,
    0x52, 0xfd, 0xff, 0xff, 0x14, 0x00, 0x00, 0x00, 0x00, 0x00, 0x00, 0x0a,
    0x14, 0x00, 0x00, 0x00, 0x18, 0x00, 0x00, 0x00, 0x05, 0x00, 0x00, 0x00,
    0xea, 0xfc, 0xff, 0xff, 0x01, 0x00, 0x00, 0x00, 0x01, 0x00, 0x00, 0x00,
    0x29, 0x00, 0x00, 0x00, 0x02, 0x00, 0x00, 0x00, 0x26, 0x00, 0x00, 0x00,
    0x28, 0x00, 0x00, 0x00, 0x1a, 0xff, 0xff, 0xff, 0x0c, 0x00, 0x00, 0x00,
    0x10, 0x00, 0x00, 0x00, 0x04, 0x00, 0x00, 0x00, 0x01, 0x00, 0x00, 0x00,
    0x28, 0x00, 0x00, 0x00, 0x01, 0x00, 0x00, 0x00, 0x27, 0x00, 0x00, 0x00,
    0x3a, 0xff, 0xff, 0xff, 0x0c, 0x00, 0x00, 0x00, 0x10, 0x00, 0x00, 0x00,
    0x03, 0x00, 0x00, 0x00, 0x01, 0x00, 0x00, 0x00, 0x27, 0x00, 0x00, 0x00,
    0x02, 0x00, 0x00, 0x00, 0x00, 0x00, 0x00, 0x00, 0x01, 0x00, 0x00, 0x00,
    0x5e, 0xff, 0xff, 0xff, 0x0c, 0x00, 0x00, 0x00, 0x10, 0x00, 0x00, 0x00,
    0x02, 0x00, 0x00, 0x00, 0x01, 0x00, 0x00, 0x00, 0x26, 0x00, 0x00, 0x00,
    0x01, 0x00, 0x00, 0x00, 0x1b, 0x00, 0x00, 0x00, 0x7e, 0xff, 0xff, 0xff,
    0x0c, 0x00, 0x00, 0x00, 0x10, 0x00, 0x00, 0x00, 0x02, 0x00, 0x00, 0x00,
    0x01, 0x00, 0x00, 0x00, 0x25, 0x00, 0x00, 0x00, 0x01, 0x00, 0x00, 0x00,
    0x20, 0x00, 0x00, 0x00, 0x9e, 0xff, 0xff, 0xff, 0x0c, 0x00, 0x00, 0x00,
    0x10, 0x00, 0x00, 0x00, 0x02, 0x00, 0x00, 0x00, 0x01, 0x00, 0x00, 0x00,
    0x24, 0x00, 0x00, 0x00, 0x01, 0x00, 0x00, 0x00, 0x1f, 0x00, 0x00, 0x00,
    0xbe, 0xff, 0xff, 0xff, 0x0c, 0x00, 0x00, 0x00, 0x10, 0x00, 0x00, 0x00,
    0x02, 0x00, 0x00, 0x00, 0x01, 0x00, 0x00, 0x00, 0x23, 0x00, 0x00, 0x00,
    0x01, 0x00, 0x00, 0x00, 0x1e, 0x00, 0x00, 0x00, 0xde, 0xff, 0xff, 0xff,
    0x0c, 0x00, 0x00, 0x00, 0x10, 0x00, 0x00, 0x00, 0x02, 0x00, 0x00, 0x00,
    0x01, 0x00, 0x00, 0x00, 0x22, 0x00, 0x00, 0x00, 0x01, 0x00, 0x00, 0x00,
    0x1d, 0x00, 0x00, 0x00, 0x00, 0x00, 0x0a, 0x00, 0x10, 0x00, 0x0c, 0x00,
    0x08, 0x00, 0x04, 0x00, 0x0a, 0x00, 0x00, 0x00, 0x0c, 0x00, 0x00, 0x00,
    0x10, 0x00, 0x00, 0x00, 0x02, 0x00, 0x00, 0x00, 0x01, 0x00, 0x00, 0x00,
    0x21, 0x00, 0x00, 0x00, 0x01, 0x00, 0x00, 0x00, 0x1c, 0x00, 0x00, 0x00,
    0x96, 0xfe, 0xff, 0xff, 0x14, 0x00, 0x00, 0x00, 0x00, 0x00, 0x00, 0x6f,
    0x30, 0x00, 0x00, 0x00, 0x34, 0x00, 0x00, 0x00, 0x01, 0x00, 0x00, 0x00,
    0x88, 0xfe, 0xff, 0xff, 0x08, 0x00, 0x00, 0x00, 0x14, 0x00, 0x00, 0x00,
    0x08, 0x00, 0x00, 0x00, 0x73, 0x74, 0x72, 0x65, 0x61, 0x6d, 0x5f, 0x35,
    0x00, 0x00, 0x00, 0x00, 0x00, 0x00, 0x00, 0x00, 0x00, 0x00, 0x00, 0x00,
    0x01, 0x00, 0x00, 0x00, 0x20, 0x00, 0x00, 0x00, 0x00, 0x00, 0x00, 0x00,
    0xde, 0xfe, 0xff, 0xff, 0x14, 0x00, 0x00, 0x00, 0x00, 0x00, 0x00, 0x6f,
    0x30, 0x00, 0x00, 0x00, 0x34, 0x00, 0x00, 0x00, 0x01, 0x00, 0x00, 0x00,
    0xd0, 0xfe, 0xff, 0xff, 0x08, 0x00, 0x00, 0x00, 0x14, 0x00, 0x00, 0x00,
    0x08, 0x00, 0x00, 0x00, 0x73, 0x74, 0x72, 0x65, 0x61, 0x6d, 0x5f, 0x34,
    0x00, 0x00, 0x00, 0x00, 0x00, 0x00, 0x00, 0x00, 0x00, 0x00, 0x00, 0x00,
    0x01, 0x00, 0x00, 0x00, 0x1f, 0x00, 0x00, 0x00, 0x00, 0x00, 0x00, 0x00,
    0x26, 0xff, 0xff, 0xff, 0x14, 0x00, 0x00, 0x00, 0x00, 0x00, 0x00, 0x6f,
    0x30, 0x00, 0x00, 0x00, 0x34, 0x00, 0x00, 0x00, 0x01, 0x00, 0x00, 0x00,
    0x18, 0xff, 0xff, 0xff, 0x08, 0x00, 0x00, 0x00, 0x14, 0x00, 0x00, 0x00,
    0x08, 0x00, 0x00, 0x00, 0x73, 0x74, 0x72, 0x65, 0x61, 0x6d, 0x5f, 0x33,
    0x00, 0x00, 0x00, 0x00, 0x00, 0x00, 0x00, 0x00, 0x00, 0x00, 0x00, 0x00,
    0x01, 0x00, 0x00, 0x00, 0x1e, 0x00, 0x00, 0x00, 0x00, 0x00, 0x00, 0x00,
    0x6e, 0xff, 0xff, 0xff, 0x14, 0x00, 0x00, 0x00, 0x00, 0x00, 0x00, 0x6f,
    0x30, 0x00, 0x00, 0x00, 0x34, 0x00, 0x00, 0x00, 0x01, 0x00, 0x00, 0x00,
    0x60, 0xff, 0xff, 0xff, 0x08, 0x00, 0x00, 0x00, 0x14, 0x00, 0x00, 0x00,
    0x08, 0x00, 0x00, 0x00, 0x73, 0x74, 0x72, 0x65, 0x61, 0x6d, 0x5f, 0x32,
    0x00, 0x00, 0x00, 0x00, 0x00, 0x00, 0x00, 0x00, 0x00, 0x00, 0x00, 0x00,
    0x01, 0x00, 0x00, 0x00, 0x1d, 0x00, 0x00, 0x00, 0x00, 0x00, 0x00, 0x00,
    0xb6, 0xff, 0xff, 0xff, 0x14, 0x00, 0x00, 0x00, 0x00, 0x00, 0x00, 0x6f,
    0x30, 0x00, 0x00, 0x00, 0x34, 0x00, 0x00, 0x00, 0x01, 0x00, 0x00, 0x00,
    0xa8, 0xff, 0xff, 0xff, 0x08, 0x00, 0x00, 0x00, 0x14, 0x00, 0x00, 0x00,
    0x08, 0x00, 0x00, 0x00, 0x73, 0x74, 0x72, 0x65, 0x61, 0x6d, 0x5f, 0x31,
    0x00, 0x00, 0x00, 0x00, 0x00, 0x00, 0x00, 0x00, 0x00, 0x00, 0x00, 0x00,
    0x01, 0x00, 0x00, 0x00, 0x1c, 0x00, 0x00, 0x00, 0x00, 0x00, 0x00, 0x00,
    0x00, 0x00, 0x0e, 0x00, 0x18, 0x00, 0x14, 0x00, 0x10, 0x00, 0x0c, 0x00,
    0x0b, 0x00, 0x04, 0x00, 0x0e, 0x00, 0x00, 0x00, 0x1c, 0x00, 0x00, 0x00,
    0x00, 0x00, 0x00, 0x6f, 0x34, 0x00, 0x00, 0x00, 0x38, 0x00, 0x00, 0x00,
    0x01, 0x00, 0x00, 0x00, 0x08, 0x00, 0x0c, 0x00, 0x08, 0x00, 0x04, 0x00,
    0x08, 0x00, 0x00, 0x00, 0x08, 0x00, 0x00, 0x00, 0x10, 0x00, 0x00, 0x00,
    0x06, 0x00, 0x00, 0x00, 0x73, 0x74, 0x72, 0x65, 0x61, 0x6d, 0x00, 0x00,
    0x00, 0x00, 0x00, 0x00, 0x00, 0x00, 0x00, 0x00, 0x01, 0x00, 0x00, 0x00,
    0x1b, 0x00, 0x00, 0x00, 0x00, 0x00, 0x00, 0x00, 0x00, 0x00, 0x0e, 0x00,
    0x16, 0x00, 0x00, 0x00, 0x10, 0x00, 0x0c, 0x00, 0x0b, 0x00, 0x04, 0x00,
    0x0e, 0x00, 0x00, 0x00, 0x18, 0x00, 0x00, 0x00, 0x00, 0x00, 0x00, 0x67,
    0x18, 0x00, 0x00, 0x00, 0x18, 0x00, 0x00, 0x00, 0x00, 0x00, 0x06, 0x00,
    0x08, 0x00, 0x04, 0x00, 0x06, 0x00, 0x00, 0x00, 0x01, 0x00, 0x00, 0x00,
    0x00, 0x00, 0x00, 0x00, 0x00, 0x00, 0x00, 0x00, 0x01, 0x00, 0x00, 0x00,
    0x45, 0x00, 0x00, 0x00, 0x01, 0x00, 0x00, 0x00, 0x00, 0x00, 0x00, 0x00,
    0x52, 0x00, 0x00, 0x00, 0xbc, 0x49, 0x00, 0x00, 0x60, 0x49, 0x00, 0x00,
    0x20, 0x49, 0x00, 0x00, 0xe0, 0x48, 0x00, 0x00, 0xa0, 0x48, 0x00, 0x00,
    0x60, 0x48, 0x00, 0x00, 0x20, 0x48, 0x00, 0x00, 0xbc, 0x47, 0x00, 0x00,
    0x58, 0x47, 0x00, 0x00, 0x34, 0x44, 0x00, 0x00, 0x00, 0x41, 0x00, 0x00,
    0xdc, 0x3d, 0x00, 0x00, 0x90, 0x3a, 0x00, 0x00, 0x54, 0x37, 0x00, 0x00,
    0x20, 0x34, 0x00, 0x00, 0xfc, 0x30, 0x00, 0x00, 0xc4, 0x2d, 0x00, 0x00,
    0x9c, 0x2a, 0x00, 0x00, 0x68, 0x27, 0x00, 0x00, 0x44, 0x24, 0x00, 0x00,
    0x0c, 0x21, 0x00, 0x00, 0xe4, 0x1d, 0x00, 0x00, 0xb0, 0x1a, 0x00, 0x00,
    0xf4, 0x18, 0x00, 0x00, 0x24, 0x17, 0x00, 0x00, 0x64, 0x15, 0x00, 0x00,
    0x98, 0x13, 0x00, 0x00, 0x64, 0x13, 0x00, 0x00, 0x2c, 0x13, 0x00, 0x00,
    0xf4, 0x12, 0x00, 0x00, 0xbc, 0x12, 0x00, 0x00, 0x84, 0x12, 0x00, 0x00,
    0x4c, 0x12, 0x00, 0x00, 0xfc, 0x11, 0x00, 0x00, 0x94, 0x11, 0x00, 0x00,
    0x44, 0x11, 0x00, 0x00, 0xf4, 0x10, 0x00, 0x00, 0xa4, 0x10, 0x00, 0x00,
    0x54, 0x10, 0x00, 0x00, 0xec, 0x0f, 0x00, 0x00, 0xa8, 0x0f, 0x00, 0x00,
    0x68, 0x0f, 0x00, 0x00, 0x00, 0x0f, 0x00, 0x00, 0x7c, 0x0e, 0x00, 0x00,
    0x1c, 0x0e, 0x00, 0x00, 0xd8, 0x0d, 0x00, 0x00, 0x70, 0x0d, 0x00, 0x00,
    0xfc, 0x0c, 0x00, 0x00, 0x80, 0x0c, 0x00, 0x00, 0x24, 0x0c, 0x00, 0x00,
    0xe0, 0x0b, 0x00, 0x00, 0x74, 0x0b, 0x00, 0x00, 0x00, 0x0b, 0x00, 0x00,
    0x84, 0x0a, 0x00, 0x00, 0x28, 0x0a, 0x00, 0x00, 0xe4, 0x09, 0x00, 0x00,
    0x78, 0x09, 0x00, 0x00, 0x04, 0x09, 0x00, 0x00, 0x88, 0x08, 0x00, 0x00,
    0x2c, 0x08, 0x00, 0x00, 0xe8, 0x07, 0x00, 0x00, 0x7c, 0x07, 0x00, 0x00,
    0x08, 0x07, 0x00, 0x00, 0x8c, 0x06, 0x00, 0x00, 0x30, 0x06, 0x00, 0x00,
    0xec, 0x05, 0x00, 0x00, 0x80, 0x05, 0x00, 0x00, 0x24, 0x05, 0x00, 0x00,
    0xb8, 0x04, 0x00, 0x00, 0x4c, 0x04, 0x00, 0x00, 0xe0, 0x03, 0x00, 0x00,
    0x98, 0x03, 0x00, 0x00, 0x30, 0x03, 0x00, 0x00, 0xe4, 0x02, 0x00, 0x00,
    0x78, 0x02, 0x00, 0x00, 0x2c, 0x02, 0x00, 0x00, 0xc0, 0x01, 0x00, 0x00,
    0x74, 0x01, 0x00, 0x00, 0x08, 0x01, 0x00, 0x00, 0xbc, 0x00, 0x00, 0x00,
    0x50, 0x00, 0x00, 0x00, 0x04, 0x00, 0x00, 0x00, 0xde, 0xee, 0xff, 0xff,
    0x00, 0x00, 0x00, 0x01, 0x10, 0x00, 0x00, 0x00, 0x10, 0x00, 0x00, 0x00,
    0x52, 0x00, 0x00, 0x00, 0x20, 0x00, 0x00, 0x00, 0xe0, 0xb7, 0xff, 0xff,
    0x10, 0x00, 0x00, 0x00, 0x73, 0x74, 0x72, 0x69, 0x64, 0x65, 0x64, 0x5f,
    0x73, 0x6c, 0x69, 0x63, 0x65, 0x5f, 0x35, 0x31, 0x00, 0x00, 0x00, 0x00,
    0x04, 0x00, 0x00, 0x00, 0x01, 0x00, 0x00, 0x00, 0x04, 0x00, 0x00, 0x00,
    0x01, 0x00, 0x00, 0x00, 0x3c, 0x00, 0x00, 0x00, 0xea, 0xb7, 0xff, 0xff,
    0x00, 0x00, 0x00, 0x01, 0x14, 0x00, 0x00, 0x00, 0x34, 0x00, 0x00, 0x00,
    0x51, 0x00, 0x00, 0x00, 0x00, 0x00, 0x00, 0x09, 0x3c, 0x00, 0x00, 0x00,
    0xd4, 0xb7, 0xff, 0xff, 0x08, 0x00, 0x00, 0x00, 0x14, 0x00, 0x00, 0x00,
    0x01, 0x00, 0x00, 0x00, 0x80, 0xff, 0xff, 0xff, 0xff, 0xff, 0xff, 0xff,
    0x00, 0x00, 0x00, 0x00, 0x01, 0x00, 0x00, 0x00, 0x39, 0xb8, 0xbd, 0x3c,
    0x0f, 0x00, 0x00, 0x00, 0x73, 0x74, 0x72, 0x69, 0x64, 0x65, 0x64, 0x5f,
    0x73, 0x6c, 0x69, 0x63, 0x65, 0x5f, 0x35, 0x00, 0x04, 0x00, 0x00, 0x00,
    0x01, 0x00, 0x00, 0x00, 0x04, 0x00, 0x00, 0x00, 0x01, 0x00, 0x00, 0x00,
    0x3c, 0x00, 0x00, 0x00, 0x8e, 0xef, 0xff, 0xff, 0x00, 0x00, 0x00, 0x01,
    0x10, 0x00, 0x00, 0x00, 0x10, 0x00, 0x00, 0x00, 0x50, 0x00, 0x00, 0x00,
    0x20, 0x00, 0x00, 0x00, 0x90, 0xb8, 0xff, 0xff, 0x10, 0x00, 0x00, 0x00,
    0x73, 0x74, 0x72, 0x69, 0x64, 0x65, 0x64, 0x5f, 0x73, 0x6c, 0x69, 0x63,
    0x65, 0x5f, 0x34, 0x31, 0x00, 0x00, 0x00, 0x00, 0x04, 0x00, 0x00, 0x00,
    0x01, 0x00, 0x00, 0x00, 0x14, 0x00, 0x00, 0x00, 0x01, 0x00, 0x00, 0x00,
    0x3c, 0x00, 0x00, 0x00, 0x9a, 0xb8, 0xff, 0xff, 0x00, 0x00, 0x00, 0x01,
    0x14, 0x00, 0x00, 0x00, 0x34, 0x00, 0x00, 0x00, 0x4f, 0x00, 0x00, 0x00,
    0x00, 0x00, 0x00, 0x09, 0x3c, 0x00, 0x00, 0x00, 0x84, 0xb8, 0xff, 0xff,
    0x08, 0x00, 0x00, 0x00, 0x14, 0x00, 0x00, 0x00, 0x01, 0x00, 0x00, 0x00,
    0x80, 0xff, 0xff, 0xff, 0xff, 0xff, 0xff, 0xff, 0x00, 0x00, 0x00, 0x00,
    0x01, 0x00, 0x00, 0x00, 0x7b, 0x1f, 0xd1, 0x3c, 0x0f, 0x00, 0x00, 0x00,
    0x73, 0x74, 0x72, 0x69, 0x64, 0x65, 0x64, 0x5f, 0x73, 0x6c, 0x69, 0x63,
    0x65, 0x5f, 0x34, 0x00, 0x04, 0x00, 0x00, 0x00, 0x01, 0x00, 0x00, 0x00,
    0x14, 0x00, 0x00, 0x00, 0x01, 0x00, 0x00, 0x00, 0x3c, 0x00, 0x00, 0x00,
    0x3e, 0xf0, 0xff, 0xff, 0x00, 0x00, 0x00, 0x01, 0x10, 0x00, 0x00, 0x00,
    0x10, 0x00, 0x00, 0x00, 0x4e, 0x00, 0x00, 0x00, 0x20, 0x00, 0x00, 0x00,
    0x40, 0xb9, 0xff, 0xff, 0x10, 0x00, 0x00, 0x00, 0x73, 0x74, 0x72, 0x69,
    0x64, 0x65, 0x64, 0x5f, 0x73, 0x6c, 0x69, 0x63, 0x65, 0x5f, 0x33, 0x31,
    0x00, 0x00, 0x00, 0x00, 0x04, 0x00, 0x00, 0x00, 0x01, 0x00, 0x00, 0x00,
    0x0c, 0x00, 0x00, 0x00, 0x01, 0x00, 0x00, 0x00, 0x3c, 0x00, 0x00, 0x00,
    0x4a, 0xb9, 0xff, 0xff, 0x00, 0x00, 0x00, 0x01, 0x14, 0x00, 0x00, 0x00,
    0x34, 0x00, 0x00, 0x00, 0x4d, 0x00, 0x00, 0x00, 0x00, 0x00, 0x00, 0x09,
    0x3c, 0x00, 0x00, 0x00, 0x34, 0xb9, 0xff, 0xff, 0x08, 0x00, 0x00, 0x00,
    0x14, 0x00, 0x00, 0x00, 0x01, 0x00, 0x00, 0x00, 0x80, 0xff, 0xff, 0xff,
    0xff, 0xff, 0xff, 0xff, 0x00, 0x00, 0x00, 0x00, 0x01, 0x00, 0x00, 0x00,
    0x30, 0xa4, 0xca, 0x3c, 0x0f, 0x00, 0x00, 0x00, 0x73, 0x74, 0x72, 0x69,
    0x64, 0x65, 0x64, 0x5f, 0x73, 0x6c, 0x69, 0x63, 0x65, 0x5f, 0x33, 0x00,
    0x04, 0x00, 0x00, 0x00, 0x01, 0x00, 0x00, 0x00, 0x0c, 0x00, 0x00, 0x00,
    0x01, 0x00, 0x00, 0x00, 0x3c, 0x00, 0x00, 0x00, 0xee, 0xf0, 0xff, 0xff,
    0x00, 0x00, 0x00, 0x01, 0x10, 0x00, 0x00, 0x00, 0x10, 0x00, 0x00, 0x00,
    0x4c, 0x00, 0x00, 0x00, 0x20, 0x00, 0x00, 0x00, 0xf0, 0xb9, 0xff, 0xff,
    0x10, 0x00, 0x00, 0x00, 0x73, 0x74, 0x72, 0x69, 0x64, 0x65, 0x64, 0x5f,
    0x73, 0x6c, 0x69, 0x63, 0x65, 0x5f, 0x32, 0x31, 0x00, 0x00, 0x00, 0x00,
    0x04, 0x00, 0x00, 0x00, 0x01, 0x00, 0x00, 0x00, 0x08, 0x00, 0x00, 0x00,
    0x01, 0x00, 0x00, 0x00, 0x3c, 0x00, 0x00, 0x00, 0xfa, 0xb9, 0xff, 0xff,
    0x00, 0x00, 0x00, 0x01, 0x14, 0x00, 0x00, 0x00, 0x34, 0x00, 0x00, 0x00,
    0x4b, 0x00, 0x00, 0x00, 0x00, 0x00, 0x00, 0x09, 0x3c, 0x00, 0x00, 0x00,
    0xe4, 0xb9, 0xff, 0xff, 0x08, 0x00, 0x00, 0x00, 0x14, 0x00, 0x00, 0x00,
    0x01, 0x00, 0x00, 0x00, 0x80, 0xff, 0xff, 0xff, 0xff, 0xff, 0xff, 0xff,
    0x00, 0x00, 0x00, 0x00, 0x01, 0x00, 0x00, 0x00, 0x81, 0x0d, 0xcb, 0x3c,
    0x0f, 0x00, 0x00, 0x00, 0x73, 0x74, 0x72, 0x69, 0x64, 0x65, 0x64, 0x5f,
    0x73, 0x6c, 0x69, 0x63, 0x65, 0x5f, 0x32, 0x00, 0x04, 0x00, 0x00, 0x00,
    0x01, 0x00, 0x00, 0x00, 0x08, 0x00, 0x00, 0x00, 0x01, 0x00, 0x00, 0x00,
    0x3c, 0x00, 0x00, 0x00, 0x9e, 0xf1, 0xff, 0xff, 0x00, 0x00, 0x00, 0x01,
    0x10, 0x00, 0x00, 0x00, 0x10, 0x00, 0x00, 0x00, 0x4a, 0x00, 0x00, 0x00,
    0x20, 0x00, 0x00, 0x00, 0xa0, 0xba, 0xff, 0xff, 0x10, 0x00, 0x00, 0x00,
    0x73, 0x74, 0x72, 0x69, 0x64, 0x65, 0x64, 0x5f, 0x73, 0x6c, 0x69, 0x63,
    0x65, 0x5f, 0x31, 0x31, 0x00, 0x00, 0x00, 0x00, 0x04, 0x00, 0x00, 0x00,
    0x01, 0x00, 0x00, 0x00, 0x04, 0x00, 0x00, 0x00, 0x01, 0x00, 0x00, 0x00,
    0x1e, 0x00, 0x00, 0x00, 0xaa, 0xba, 0xff, 0xff, 0x00, 0x00, 0x00, 0x01,
    0x14, 0x00, 0x00, 0x00, 0x30, 0x00, 0x00, 0x00, 0x49, 0x00, 0x00, 0x00,
    0x00, 0x00, 0x00, 0x09, 0x38, 0x00, 0x00, 0x00, 0x94, 0xba, 0xff, 0xff,
    0x08, 0x00, 0x00, 0x00, 0x10, 0x00, 0x00, 0x00, 0x01, 0x00, 0x00, 0x00,
    0x80, 0xff, 0xff, 0xff, 0xff, 0xff, 0xff, 0xff, 0x01, 0x00, 0x00, 0x00,
    0xfe, 0x5d, 0xc7, 0x3c, 0x0f, 0x00, 0x00, 0x00, 0x73, 0x74, 0x72, 0x69,
    0x64, 0x65, 0x64, 0x5f, 0x73, 0x6c, 0x69, 0x63, 0x65, 0x5f, 0x31, 0x00,
    0x04, 0x00, 0x00, 0x00, 0x01, 0x00, 0x00, 0x00, 0x04, 0x00, 0x00, 0x00,
    0x01, 0x00, 0x00, 0x00, 0x1e, 0x00, 0x00, 0x00, 0x4a, 0xf2, 0xff, 0xff,
    0x00, 0x00, 0x00, 0x01, 0x10, 0x00, 0x00, 0x00, 0x10, 0x00, 0x00, 0x00,
    0x48, 0x00, 0x00, 0x00, 0x1c, 0x00, 0x00, 0x00, 0x4c, 0xbb, 0xff, 0xff,
    0x0e, 0x00, 0x00, 0x00, 0x73, 0x74, 0x72, 0x69, 0x64, 0x65, 0x64, 0x5f,
    0x73, 0x6c, 0x69, 0x63, 0x65, 0x31, 0x00, 0x00, 0x04, 0x00, 0x00, 0x00,
    0x01, 0x00, 0x00, 0x00, 0x02, 0x00, 0x00, 0x00, 0x01, 0x00, 0x00, 0x00,
    0x28, 0x00, 0x00, 0x00, 0x52, 0xbb, 0xff, 0xff, 0x00, 0x00, 0x00, 0x01,
    0x14, 0x00, 0x00, 0x00, 0x34, 0x00, 0x00, 0x00, 0x47, 0x00, 0x00, 0x00,
    0x00, 0x00, 0x00, 0x09, 0x3c, 0x00, 0x00, 0x00, 0x3c, 0xbb, 0xff, 0xff,
    0x08, 0x00, 0x00, 0x00, 0x14, 0x00, 0x00, 0x00, 0x01, 0x00, 0x00, 0x00,
    0x80, 0xff, 0xff, 0xff, 0xff, 0xff, 0xff, 0xff, 0x00, 0x00, 0x00, 0x00,
    0x01, 0x00, 0x00, 0x00, 0x99, 0x69, 0x22, 0x40, 0x0d, 0x00, 0x00, 0x00,
    0x73, 0x74, 0x72, 0x69, 0x64, 0x65, 0x64, 0x5f, 0x73, 0x6c, 0x69, 0x63,
    0x65, 0x00, 0x00, 0x00, 0x04, 0x00, 0x00, 0x00, 0x01, 0x00, 0x00, 0x00,
    0x02, 0x00, 0x00, 0x00, 0x01, 0x00, 0x00, 0x00, 0x28, 0x00, 0x00, 0x00,
    0xba, 0xbb, 0xff, 0xff, 0x00, 0x00, 0x00, 0x01, 0x14, 0x00, 0x00, 0x00,
    0x30, 0x00, 0x00, 0x00, 0x46, 0x00, 0x00, 0x00, 0x00, 0x00, 0x00, 0x09,
    0x44, 0x00, 0x00, 0x00, 0xa4, 0xbb, 0xff, 0xff, 0x08, 0x00, 0x00, 0x00,
    0x10, 0x00, 0x00, 0x00, 0x01, 0x00, 0x00, 0x00, 0x80, 0xff, 0xff, 0xff,
    0xff, 0xff, 0xff, 0xff, 0x01, 0x00, 0x00, 0x00, 0x00, 0x00, 0x80, 0x3b,
    0x19, 0x00, 0x00, 0x00, 0x53, 0x74, 0x61, 0x74, 0x65, 0x66, 0x75, 0x6c,
    0x50, 0x61, 0x72, 0x74, 0x69, 0x74, 0x69, 0x6f, 0x6e, 0x65, 0x64, 0x43,
    0x61, 0x6c, 0x6c, 0x3a, 0x30, 0x00, 0x00, 0x00, 0x02, 0x00, 0x00, 0x00,
    0x01, 0x00, 0x00, 0x00, 0x01, 0x00, 0x00, 0x00, 0x22, 0xbc, 0xff, 0xff,
    0x00, 0x00, 0x00, 0x01, 0x14, 0x00, 0x00, 0x00, 0x30, 0x00, 0x00, 0x00,
    0x45, 0x00, 0x00, 0x00, 0x00, 0x00, 0x00, 0x09, 0x44, 0x00, 0x00, 0x00,
    0x0c, 0xbc, 0xff, 0xff, 0x08, 0x00, 0x00, 0x00, 0x10, 0x00, 0x00, 0x00,
    0x01, 0x00, 0x00, 0x00, 0x2b, 0x00, 0x00, 0x00, 0x00, 0x00, 0x00, 0x00,
    0x01, 0x00, 0x00, 0x00, 0x37, 0xe8, 0x9f, 0x3e, 0x1a, 0x00, 0x00, 0x00,
    0x64, 0x65, 0x6e, 0x73, 0x65, 0x2f, 0x4d, 0x61, 0x74, 0x4d, 0x75, 0x6c,
    0x3b, 0x64, 0x65, 0x6e, 0x73, 0x65, 0x2f, 0x42, 0x69, 0x61, 0x73, 0x41,
    0x64, 0x64, 0x00, 0x00, 0x02, 0x00, 0x00, 0x00, 0x01, 0x00, 0x00, 0x00,
    0x01, 0x00, 0x00, 0x00, 0x8a, 0xbc, 0xff, 0xff, 0x00, 0x00, 0x00, 0x01,
    0x14, 0x00, 0x00, 0x00, 0x34, 0x00, 0x00, 0x00, 0x44, 0x00, 0x00, 0x00,
    0x00, 0x00, 0x00, 0x09, 0x34, 0x00, 0x00, 0x00, 0x74, 0xbc, 0xff, 0xff,
    0x08, 0x00, 0x00, 0x00, 0x14, 0x00, 0x00, 0x00, 0x01, 0x00, 0x00, 0x00,
    0x80, 0xff, 0xff, 0xff, 0xff, 0xff, 0xff, 0xff, 0x00, 0x00, 0x00, 0x00,
    0x01, 0x00, 0x00, 0x00, 0x39, 0xb8, 0xbd, 0x3c, 0x07, 0x00, 0x00, 0x00,
    0x52, 0x65, 0x73, 0x68, 0x61, 0x70, 0x65, 0x00, 0x02, 0x00, 0x00, 0x00,
    0x01, 0x00, 0x00, 0x00, 0x2c, 0x01, 0x00, 0x00, 0xe2, 0xbc, 0xff, 0xff,
    0x00, 0x00, 0x00, 0x01, 0x14, 0x00, 0x00, 0x00, 0x34, 0x00, 0x00, 0x00,
    0x43, 0x00, 0x00, 0x00, 0x00, 0x00, 0x00, 0x09, 0x3c, 0x00, 0x00, 0x00,
    0xcc, 0xbc, 0xff, 0xff, 0x08, 0x00, 0x00, 0x00, 0x14, 0x00, 0x00, 0x00,
    0x01, 0x00, 0x00, 0x00, 0x80, 0xff, 0xff, 0xff, 0xff, 0xff, 0xff, 0xff,
    0x00, 0x00, 0x00, 0x00, 0x01, 0x00, 0x00, 0x00, 0x39, 0xb8, 0xbd, 0x3c,
    0x0d, 0x00, 0x00, 0x00, 0x74, 0x66, 0x6c, 0x2e, 0x71, 0x75, 0x61, 0x6e,
    0x74, 0x69, 0x7a, 0x65, 0x35, 0x00, 0x00, 0x00, 0x04, 0x00, 0x00, 0x00,
    0x01, 0x00, 0x00, 0x00, 0x05, 0x00, 0x00, 0x00, 0x01, 0x00, 0x00, 0x00,
    0x3c, 0x00, 0x00, 0x00, 0x86, 0xf4, 0xff, 0xff, 0x00, 0x00, 0x00, 0x01,
    0x10, 0x00, 0x00, 0x00, 0x10, 0x00, 0x00, 0x00, 0x42, 0x00, 0x00, 0x00,
    0x18, 0x00, 0x00, 0x00, 0x88, 0xbd, 0xff, 0xff, 0x08, 0x00, 0x00, 0x00,
    0x63, 0x6f, 0x6e, 0x63, 0x61, 0x74, 0x5f, 0x35, 0x00, 0x00, 0x00, 0x00,
    0x04, 0x00, 0x00, 0x00, 0x01, 0x00, 0x00, 0x00, 0x05, 0x00, 0x00, 0x00,
    0x01, 0x00, 0x00, 0x00, 0x3c, 0x00, 0x00, 0x00, 0xc6, 0xf4, 0xff, 0xff,
    0x00, 0x00, 0x00, 0x01, 0x10, 0x00, 0x00, 0x00, 0x10, 0x00, 0x00, 0x00,
    0x41, 0x00, 0x00, 0x00, 0x30, 0x00, 0x00, 0x00, 0xc8, 0xbd, 0xff, 0xff,
    0x20, 0x00, 0x00, 0x00, 0x70, 0x77, 0x34, 0x2f, 0x52, 0x65, 0x6c, 0x75,
    0x3b, 0x70, 0x77, 0x34, 0x2f, 0x42, 0x69, 0x61, 0x73, 0x41, 0x64, 0x64,
    0x3b, 0x70, 0x77, 0x34, 0x2f, 0x43, 0x6f, 0x6e, 0x76, 0x32, 0x44, 0x31,
    0x00, 0x00, 0x00, 0x00, 0x04, 0x00, 0x00, 0x00, 0x01, 0x00, 0x00, 0x00,
    0x01, 0x00, 0x00, 0x00, 0x01, 0x00, 0x00, 0x00, 0x3c, 0x00, 0x00, 0x00,
    0xe2, 0xbd, 0xff, 0xff, 0x00, 0x00, 0x00, 0x01, 0x14, 0x00, 0x00, 0x00,
    0x34, 0x00, 0x00, 0x00, 0x40, 0x00, 0x00, 0x00, 0x00, 0x00, 0x00, 0x09,
    0x4c, 0x00, 0x00, 0x00, 0xcc, 0xbd, 0xff, 0xff, 0x08, 0x00, 0x00, 0x00,
    0x14, 0x00, 0x00, 0x00, 0x01, 0x00, 0x00, 0x00, 0x80, 0xff, 0xff, 0xff,
    0xff, 0xff, 0xff, 0xff, 0x00, 0x00, 0x00, 0x00, 0x01, 0x00, 0x00, 0x00,
    0x39, 0xb8, 0xbd, 0x3c, 0x1f, 0x00, 0x00, 0x00, 0x70, 0x77, 0x34, 0x2f,
    0x52, 0x65, 0x6c, 0x75, 0x3b, 0x70, 0x77, 0x34, 0x2f, 0x42, 0x69, 0x61,
    0x73, 0x41, 0x64, 0x64, 0x3b, 0x70, 0x77, 0x34, 0x2f, 0x43, 0x6f, 0x6e,
    0x76, 0x32, 0x44, 0x00, 0x04, 0x00, 0x00, 0x00, 0x01, 0x00, 0x00, 0x00,
    0x01, 0x00, 0x00, 0x00, 0x01, 0x00, 0x00, 0x00, 0x3c, 0x00, 0x00, 0x00,
    0x5a, 0xbe, 0xff, 0xff, 0x00, 0x00, 0x00, 0x01, 0x14, 0x00, 0x00, 0x00,
    0x30, 0x00, 0x00, 0x00, 0x3f, 0x00, 0x00, 0x00, 0x00, 0x00, 0x00, 0x09,
    0x44, 0x00, 0x00, 0x00, 0x44, 0xbe, 0xff, 0xff, 0x08, 0x00, 0x00, 0x00,
    0x10, 0x00, 0x00, 0x00, 0x01, 0x00, 0x00, 0x00, 0x03, 0x00, 0x00, 0x00,
    0x00, 0x00, 0x00, 0x00, 0x01, 0x00, 0x00, 0x00, 0xdb, 0x80, 0x96, 0x3d,
    0x19, 0x00, 0x00, 0x00, 0x64, 0x77, 0x34, 0x2f, 0x42, 0x69, 0x61, 0x73,
    0x41, 0x64, 0x64, 0x3b, 0x64, 0x77, 0x34, 0x2f, 0x64, 0x65, 0x70, 0x74,
    0x68, 0x77, 0x69, 0x73, 0x65, 0x00, 0x00, 0x00, 0x04, 0x00, 0x00, 0x00,
    0x01, 0x00, 0x00, 0x00, 0x01, 0x00, 0x00, 0x00, 0x01, 0x00, 0x00, 0x00,
    0x3c, 0x00, 0x00, 0x00, 0xca, 0xbe, 0xff, 0xff, 0x00, 0x00, 0x00, 0x01,
    0x14, 0x00, 0x00, 0x00, 0x34, 0x00, 0x00, 0x00, 0x3e, 0x00, 0x00, 0x00,
    0x00, 0x00, 0x00, 0x09, 0x3c, 0x00, 0x00, 0x00, 0xb4, 0xbe, 0xff, 0xff,
    0x08, 0x00, 0x00, 0x00, 0x14, 0x00, 0x00, 0x00, 0x01, 0x00, 0x00, 0x00,
    0x80, 0xff, 0xff, 0xff, 0xff, 0xff, 0xff, 0xff, 0x00, 0x00, 0x00, 0x00,
    0x01, 0x00, 0x00, 0x00, 0x7b, 0x1f, 0xd1, 0x3c, 0x0d, 0x00, 0x00, 0x00,
    0x74, 0x66, 0x6c, 0x2e, 0x71, 0x75, 0x61, 0x6e, 0x74, 0x69, 0x7a, 0x65,
    0x34, 0x00, 0x00, 0x00, 0x04, 0x00, 0x00, 0x00, 0x01, 0x00, 0x00, 0x00,
    0x15, 0x00, 0x00, 0x00, 0x01, 0x00, 0x00, 0x00, 0x3c, 0x00, 0x00, 0x00,
    0x6e, 0xf6, 0xff, 0xff, 0x00, 0x00, 0x00, 0x01, 0x10, 0x00, 0x00, 0x00,
    0x10, 0x00, 0x00, 0x00, 0x3d, 0x00, 0x00, 0x00, 0x18, 0x00, 0x00, 0x00,
    0x70, 0xbf, 0xff, 0xff, 0x08, 0x00, 0x00, 0x00, 0x63, 0x6f, 0x6e, 0x63,
    0x61, 0x74, 0x5f, 0x34, 0x00, 0x00, 0x00, 0x00, 0x04, 0x00, 0x00, 0x00,
    0x01, 0x00, 0x00, 0x00, 0x15, 0x00, 0x00, 0x00, 0x01, 0x00, 0x00, 0x00,
    0x3c, 0x00, 0x00, 0x00, 0xae, 0xf6, 0xff, 0xff, 0x00, 0x00, 0x00, 0x01,
    0x10, 0x00, 0x00, 0x00, 0x10, 0x00, 0x00, 0x00, 0x3c, 0x00, 0x00, 0x00,
    0x30, 0x00, 0x00, 0x00, 0xb0, 0xbf, 0xff, 0xff, 0x20, 0x00, 0x00, 0x00,
    0x70, 0x77, 0x33, 0x2f, 0x52, 0x65, 0x6c, 0x75, 0x3b, 0x70, 0x77, 0x33,
    0x2f, 0x42, 0x69, 0x61, 0x73, 0x41, 0x64, 0x64, 0x3b, 0x70, 0x77, 0x33,
    0x2f, 0x43, 0x6f, 0x6e, 0x76, 0x32, 0x44, 0x31, 0x00, 0x00, 0x00, 0x00,
    0x04, 0x00, 0x00, 0x00, 0x01, 0x00, 0x00, 0x00, 0x01, 0x00, 0x00, 0x00,
    0x01, 0x00, 0x00, 0x00, 0x3c, 0x00, 0x00, 0x00, 0xca, 0xbf, 0xff, 0xff,
    0x00, 0x00, 0x00, 0x01, 0x14, 0x00, 0x00, 0x00, 0x34, 0x00, 0x00, 0x00,
    0x3b, 0x00, 0x00, 0x00, 0x00, 0x00, 0x00, 0x09, 0x4c, 0x00, 0x00, 0x00,
    0xb4, 0xbf, 0xff, 0xff, 0x08, 0x00, 0x00, 0x00, 0x14, 0x00, 0x00, 0x00,
    0x01, 0x00, 0x00, 0x00, 0x80, 0xff, 0xff, 0xff, 0xff, 0xff, 0xff, 0xff,
    0x00, 0x00, 0x00, 0x00, 0x01, 0x00, 0x00, 0x00, 0x7b, 0x1f, 0xd1, 0x3c,
    0x1f, 0x00, 0x00, 0x00, 0x70, 0x77, 0x33, 0x2f, 0x52, 0x65, 0x6c, 0x75,
    0x3b, 0x70, 0x77, 0x33, 0x2f, 0x42, 0x69, 0x61, 0x73, 0x41, 0x64, 0x64,
    0x3b, 0x70, 0x77, 0x33, 0x2f, 0x43, 0x6f, 0x6e, 0x76, 0x32, 0x44, 0x00,
    0x04, 0x00, 0x00, 0x00, 0x01, 0x00, 0x00, 0x00, 0x01, 0x00, 0x00, 0x00,
    0x01, 0x00, 0x00, 0x00, 0x3c, 0x00, 0x00, 0x00, 0x42, 0xc0, 0xff, 0xff,
    0x00, 0x00, 0x00, 0x01, 0x14, 0x00, 0x00, 0x00, 0x30, 0x00, 0x00, 0x00,
    0x3a, 0x00, 0x00, 0x00, 0x00, 0x00, 0x00, 0x09, 0x44, 0x00, 0x00, 0x00,
    0x2c, 0xc0, 0xff, 0xff, 0x08, 0x00, 0x00, 0x00, 0x10, 0x00, 0x00, 0x00,
    0x01, 0x00, 0x00, 0x00, 0xff, 0xff, 0xff, 0xff, 0xff, 0xff, 0xff, 0xff,
    0x01, 0x00, 0x00, 0x00, 0x8b, 0x76, 0x3c, 0x3d, 0x19, 0x00, 0x00, 0x00,
    0x64, 0x77, 0x33, 0x2f, 0x42, 0x69, 0x61, 0x73, 0x41, 0x64, 0x64, 0x3b,
    0x64, 0x77, 0x33, 0x2f, 0x64, 0x65, 0x70, 0x74, 0x68, 0x77, 0x69, 0x73,
    0x65, 0x00, 0x00, 0x00, 0x04, 0x00, 0x00, 0x00, 0x01, 0x00, 0x00, 0x00,
    0x01, 0x00, 0x00, 0x00, 0x01, 0x00, 0x00, 0x00, 0x3c, 0x00, 0x00, 0x00,
    0xb2, 0xc0, 0xff, 0xff, 0x00, 0x00, 0x00, 0x01, 0x14, 0x00, 0x00, 0x00,
    0x34, 0x00, 0x00, 0x00, 0x39, 0x00, 0x00, 0x00, 0x00, 0x00, 0x00, 0x09,
    0x3c, 0x00, 0x00, 0x00, 0x9c, 0xc0, 0xff, 0xff, 0x08, 0x00, 0x00, 0x00,
    0x14, 0x00, 0x00, 0x00, 0x01, 0x00, 0x00, 0x00, 0x80, 0xff, 0xff, 0xff,
    0xff, 0xff, 0xff, 0xff, 0x00, 0x00, 0x00, 0x00, 0x01, 0x00, 0x00, 0x00,
    0x30, 0xa4, 0xca, 0x3c, 0x0d, 0x00, 0x00, 0x00, 0x74, 0x66, 0x6c, 0x2e,
    0x71, 0x75, 0x61, 0x6e, 0x74, 0x69, 0x7a, 0x65, 0x33, 0x00, 0x00, 0x00,
    0x04, 0x00, 0x00, 0x00, 0x01, 0x00, 0x00, 0x00, 0x0d, 0x00, 0x00, 0x00,
    0x01, 0x00, 0x00, 0x00, 0x3c, 0x00, 0x00, 0x00, 0x56, 0xf8, 0xff, 0xff,
    0x00, 0x00, 0x00, 0x01, 0x10, 0x00, 0x00, 0x00, 0x10, 0x00, 0x00, 0x00,
    0x38, 0x00, 0x00, 0x00, 0x18, 0x00, 0x00, 0x00, 0x58, 0xc1, 0xff, 0xff,
    0x08, 0x00, 0x00, 0x00, 0x63, 0x6f, 0x6e, 0x63, 0x61, 0x74, 0x5f, 0x33,
    0x00, 0x00, 0x00, 0x00, 0x04, 0x00, 0x00, 0x00, 0x01, 0x00, 0x00, 0x00,
    0x0d, 0x00, 0x00, 0x00, 0x01, 0x00, 0x00, 0x00, 0x3c, 0x00, 0x00, 0x00,
    0x96, 0xf8, 0xff, 0xff, 0x00, 0x00, 0x00, 0x01, 0x10, 0x00, 0x00, 0x00,
    0x10, 0x00, 0x00, 0x00, 0x37, 0x00, 0x00, 0x00, 0x30, 0x00, 0x00, 0x00,
    0x98, 0xc1, 0xff, 0xff, 0x20, 0x00, 0x00, 0x00, 0x70, 0x77, 0x32, 0x2f,
    0x52, 0x65, 0x6c, 0x75, 0x3b, 0x70, 0x77, 0x32, 0x2f, 0x42, 0x69, 0x61,
    0x73, 0x41, 0x64, 0x64, 0x3b, 0x70, 0x77, 0x32, 0x2f, 0x43, 0x6f, 0x6e,
    0x76, 0x32, 0x44, 0x31, 0x00, 0x00, 0x00, 0x00, 0x04, 0x00, 0x00, 0x00,
    0x01, 0x00, 0x00, 0x00, 0x01, 0x00, 0x00, 0x00, 0x01, 0x00, 0x00, 0x00,
    0x3c, 0x00, 0x00, 0x00, 0xb2, 0xc1, 0xff, 0xff, 0x00, 0x00, 0x00, 0x01,
    0x14, 0x00, 0x00, 0x00, 0x34, 0x00, 0x00, 0x00, 0x36, 0x00, 0x00, 0x00,
    0x00, 0x00, 0x00, 0x09, 0x4c, 0x00, 0x00, 0x00, 0x9c, 0xc1, 0xff, 0xff,
    0x08, 0x00, 0x00, 0x00, 0x14, 0x00, 0x00, 0x00, 0x01, 0x00, 0x00, 0x00,
    0x80, 0xff, 0xff, 0xff, 0xff, 0xff, 0xff, 0xff, 0x00, 0x00, 0x00, 0x00,
    0x01, 0x00, 0x00, 0x00, 0x30, 0xa4, 0xca, 0x3c, 0x1f, 0x00, 0x00, 0x00,
    0x70, 0x77, 0x32, 0x2f, 0x52, 0x65, 0x6c, 0x75, 0x3b, 0x70, 0x77, 0x32,
    0x2f, 0x42, 0x69, 0x61, 0x73, 0x41, 0x64, 0x64, 0x3b, 0x70, 0x77, 0x32,
    0x2f, 0x43, 0x6f, 0x6e, 0x76, 0x32, 0x44, 0x00, 0x04, 0x00, 0x00, 0x00,
    0x01, 0x00, 0x00, 0x00, 0x01, 0x00, 0x00, 0x00, 0x01, 0x00, 0x00, 0x00,
    0x3c, 0x00, 0x00, 0x00, 0x2a, 0xc2, 0xff, 0xff, 0x00, 0x00, 0x00, 0x01,
    0x14, 0x00, 0x00, 0x00, 0x30, 0x00, 0x00, 0x00, 0x35, 0x00, 0x00, 0x00,
    0x00, 0x00, 0x00, 0x09, 0x44, 0x00, 0x00, 0x00, 0x14, 0xc2, 0xff, 0xff,
    0x08, 0x00, 0x00, 0x00, 0x10, 0x00, 0x00, 0x00, 0x01, 0x00, 0x00, 0x00,
    0xf9, 0xff, 0xff, 0xff, 0xff, 0xff, 0xff, 0xff, 0x01, 0x00, 0x00, 0x00,
    0xe9, 0x5a, 0xd7, 0x3c, 0x19, 0x00, 0x00, 0x00, 0x64, 0x77, 0x32, 0x2f,
    0x42, 0x69, 0x61, 0x73, 0x41, 0x64, 0x64, 0x3b, 0x64, 0x77, 0x32, 0x2f,
    0x64, 0x65, 0x70, 0x74, 0x68, 0x77, 0x69, 0x73, 0x65, 0x00, 0x00, 0x00,
    0x04, 0x00, 0x00, 0x00, 0x01, 0x00, 0x00, 0x00, 0x01, 0x00, 0x00, 0x00,
    0x01, 0x00, 0x00, 0x00, 0x3c, 0x00, 0x00, 0x00, 0x9a, 0xc2, 0xff, 0xff,
    0x00, 0x00, 0x00, 0x01, 0x14, 0x00, 0x00, 0x00, 0x34, 0x00, 0x00, 0x00,
    0x34, 0x00, 0x00, 0x00, 0x00, 0x00, 0x00, 0x09, 0x3c, 0x00, 0x00, 0x00,
    0x84, 0xc2, 0xff, 0xff, 0x08, 0x00, 0x00, 0x00, 0x14, 0x00, 0x00, 0x00,
    0x01, 0x00, 0x00, 0x00, 0x80, 0xff, 0xff, 0xff, 0xff, 0xff, 0xff, 0xff,
    0x00, 0x00, 0x00, 0x00, 0x01, 0x00, 0x00, 0x00, 0x81, 0x0d, 0xcb, 0x3c,
    0x0d, 0x00, 0x00, 0x00, 0x74, 0x66, 0x6c, 0x2e, 0x71, 0x75, 0x61, 0x6e,
    0x74, 0x69, 0x7a, 0x65, 0x32, 0x00, 0x00, 0x00, 0x04, 0x00, 0x00, 0x00,
    0x01, 0x00, 0x00, 0x00, 0x09, 0x00, 0x00, 0x00, 0x01, 0x00, 0x00, 0x00,
    0x3c, 0x00, 0x00, 0x00, 0x3e, 0xfa, 0xff, 0xff, 0x00, 0x00, 0x00, 0x01,
    0x10, 0x00, 0x00, 0x00, 0x10, 0x00, 0x00, 0x00, 0x33, 0x00, 0x00, 0x00,
    0x18, 0x00, 0x00, 0x00, 0x40, 0xc3, 0xff, 0xff, 0x08, 0x00, 0x00, 0x00,
    0x63, 0x6f, 0x6e, 0x63, 0x61, 0x74, 0x5f, 0x32, 0x00, 0x00, 0x00, 0x00,
    0x04, 0x00, 0x00, 0x00, 0x01, 0x00, 0x00, 0x00, 0x09, 0x00, 0x00, 0x00,
    0x01, 0x00, 0x00, 0x00, 0x3c, 0x00, 0x00, 0x00, 0x7e, 0xfa, 0xff, 0xff,
    0x00, 0x00, 0x00, 0x01, 0x10, 0x00, 0x00, 0x00, 0x10, 0x00, 0x00, 0x00,
    0x32, 0x00, 0x00, 0x00, 0x30, 0x00, 0x00, 0x00, 0x80, 0xc3, 0xff, 0xff,
    0x20, 0x00, 0x00, 0x00, 0x70, 0x77, 0x31, 0x2f, 0x52, 0x65, 0x6c, 0x75,
    0x3b, 0x70, 0x77, 0x31, 0x2f, 0x42, 0x69, 0x61, 0x73, 0x41, 0x64, 0x64,
    0x3b, 0x70, 0x77, 0x31, 0x2f, 0x43, 0x6f, 0x6e, 0x76, 0x32, 0x44, 0x31,
    0x00, 0x00, 0x00, 0x00, 0x04, 0x00, 0x00, 0x00, 0x01, 0x00, 0x00, 0x00,
    0x01, 0x00, 0x00, 0x00, 0x01, 0x00, 0x00, 0x00, 0x3c, 0x00, 0x00, 0x00,
    0x9a, 0xc3, 0xff, 0xff, 0x00, 0x00, 0x00, 0x01, 0x14, 0x00, 0x00, 0x00,
    0x34, 0x00, 0x00, 0x00, 0x31, 0x00, 0x00, 0x00, 0x00, 0x00, 0x00, 0x09,
    0x4c, 0x00, 0x00, 0x00, 0x84, 0xc3, 0xff, 0xff, 0x08, 0x00, 0x00, 0x00,
    0x14, 0x00, 0x00, 0x00, 0x01, 0x00, 0x00, 0x00, 0x80, 0xff, 0xff, 0xff,
    0xff, 0xff, 0xff, 0xff, 0x00, 0x00, 0x00, 0x00, 0x01, 0x00, 0x00, 0x00,
    0x81, 0x0d, 0xcb, 0x3c, 0x1f, 0x00, 0x00, 0x00, 0x70, 0x77, 0x31, 0x2f,
    0x52, 0x65, 0x6c, 0x75, 0x3b, 0x70, 0x77, 0x31, 0x2f, 0x42, 0x69, 0x61,
    0x73, 0x41, 0x64, 0x64, 0x3b, 0x70, 0x77, 0x31, 0x2f, 0x43, 0x6f, 0x6e,
    0x76, 0x32, 0x44, 0x00, 0x04, 0x00, 0x00, 0x00, 0x01, 0x00, 0x00, 0x00,
    0x01, 0x00, 0x00, 0x00, 0x01, 0x00, 0x00, 0x00, 0x3c, 0x00, 0x00, 0x00,
    0x12, 0xc4, 0xff, 0xff, 0x00, 0x00, 0x00, 0x01, 0x14, 0x00, 0x00, 0x00,
    0x30, 0x00, 0x00, 0x00, 0x30, 0x00, 0x00, 0x00, 0x00, 0x00, 0x00, 0x09,
    0x44, 0x00, 0x00, 0x00, 0xfc, 0xc3, 0xff, 0xff, 0x08, 0x00, 0x00, 0x00,
    0x10, 0x00, 0x00, 0x00, 0x01, 0x00, 0x00, 0x00, 0x06, 0x00, 0x00, 0x00,
    0x00, 0x00, 0x00, 0x00, 0x01, 0x00, 0x00, 0x00, 0x4b, 0xed, 0xa3, 0x3c,
    0x19, 0x00, 0x00, 0x00, 0x64, 0x77, 0x31, 0x2f, 0x42, 0x69, 0x61, 0x73,
    0x41, 0x64, 0x64, 0x3b, 0x64, 0x77, 0x31, 0x2f, 0x64, 0x65, 0x70, 0x74,
    0x68, 0x77, 0x69, 0x73, 0x65, 0x00, 0x00, 0x00, 0x04, 0x00, 0x00, 0x00,
    0x01, 0x00, 0x00, 0x00, 0x01, 0x00, 0x00, 0x00, 0x01, 0x00, 0x00, 0x00,
    0x1e, 0x00, 0x00, 0x00, 0x82, 0xc4, 0xff, 0xff, 0x00, 0x00, 0x00, 0x01,
    0x14, 0x00, 0x00, 0x00, 0x30, 0x00, 0x00, 0x00, 0x2f, 0x00, 0x00, 0x00,
    0x00, 0x00, 0x00, 0x09, 0x38, 0x00, 0x00, 0x00, 0x6c, 0xc4, 0xff, 0xff,
    0x08, 0x00, 0x00, 0x00, 0x10, 0x00, 0x00, 0x00, 0x01, 0x00, 0x00, 0x00,
    0x80, 0xff, 0xff, 0xff, 0xff, 0xff, 0xff, 0xff, 0x01, 0x00, 0x00, 0x00,
    0xfe, 0x5d, 0xc7, 0x3c, 0x0d, 0x00, 0x00, 0x00, 0x74, 0x66, 0x6c, 0x2e,
    0x71, 0x75, 0x61, 0x6e, 0x74, 0x69, 0x7a, 0x65, 0x31, 0x00, 0x00, 0x00,
    0x04, 0x00, 0x00, 0x00, 0x01, 0x00, 0x00, 0x00, 0x05, 0x00, 0x00, 0x00,
    0x01, 0x00, 0x00, 0x00, 0x1e, 0x00, 0x00, 0x00, 0x22, 0xfc, 0xff, 0xff,
    0x00, 0x00, 0x00, 0x01, 0x10, 0x00, 0x00, 0x00, 0x10, 0x00, 0x00, 0x00,
    0x2e, 0x00, 0x00, 0x00, 0x18, 0x00, 0x00, 0x00, 0x24, 0xc5, 0xff, 0xff,
    0x08, 0x00, 0x00, 0x00, 0x63, 0x6f, 0x6e, 0x63, 0x61, 0x74, 0x5f, 0x31,
    0x00, 0x00, 0x00, 0x00, 0x04, 0x00, 0x00, 0x00, 0x01, 0x00, 0x00, 0x00,
    0x05, 0x00, 0x00, 0x00, 0x01, 0x00, 0x00, 0x00, 0x1e, 0x00, 0x00, 0x00,
    0x62, 0xfc, 0xff, 0xff, 0x00, 0x00, 0x00, 0x01, 0x10, 0x00, 0x00, 0x00,
    0x10, 0x00, 0x00, 0x00, 0x2d, 0x00, 0x00, 0x00, 0x34, 0x00, 0x00, 0x00,
    0x64, 0xc5, 0xff, 0xff, 0x26, 0x00, 0x00, 0x00, 0x63, 0x6f, 0x6e, 0x76,
    0x30, 0x2f, 0x52, 0x65, 0x6c, 0x75, 0x3b, 0x63, 0x6f, 0x6e, 0x76, 0x30,
    0x2f, 0x42, 0x69, 0x61, 0x73, 0x41, 0x64, 0x64, 0x3b, 0x63, 0x6f, 0x6e,
    0x76, 0x30, 0x2f, 0x43, 0x6f, 0x6e, 0x76, 0x32, 0x44, 0x31, 0x00, 0x00,
    0x04, 0x00, 0x00, 0x00, 0x01, 0x00, 0x00, 0x00, 0x01, 0x00, 0x00, 0x00,
    0x01, 0x00, 0x00, 0x00, 0x1e, 0x00, 0x00, 0x00, 0x82, 0xc5, 0xff, 0xff,
    0x00, 0x00, 0x00, 0x01, 0x14, 0x00, 0x00, 0x00, 0x34, 0x00, 0x00, 0x00,
    0x2c, 0x00, 0x00, 0x00, 0x00, 0x00, 0x00, 0x09, 0x54, 0x00, 0x00, 0x00,
    0x6c, 0xc5, 0xff, 0xff, 0x08, 0x00, 0x00, 0x00, 0x14, 0x00, 0x00, 0x00,
    0x01, 0x00, 0x00, 0x00, 0x80, 0xff, 0xff, 0xff, 0xff, 0xff, 0xff, 0xff,
    0x00, 0x00, 0x00, 0x00, 0x01, 0x00, 0x00, 0x00, 0xfe, 0x5d, 0xc7, 0x3c,
    0x25, 0x00, 0x00, 0x00, 0x63, 0x6f, 0x6e, 0x76, 0x30, 0x2f, 0x52, 0x65,
    0x6c, 0x75, 0x3b, 0x63, 0x6f, 0x6e, 0x76, 0x30, 0x2f, 0x42, 0x69, 0x61,
    0x73, 0x41, 0x64, 0x64, 0x3b, 0x63, 0x6f, 0x6e, 0x76, 0x30, 0x2f, 0x43,
    0x6f, 0x6e, 0x76, 0x32, 0x44, 0x00, 0x00, 0x00, 0x04, 0x00, 0x00, 0x00,
    0x01, 0x00, 0x00, 0x00, 0x01, 0x00, 0x00, 0x00, 0x01, 0x00, 0x00, 0x00,
    0x1e, 0x00, 0x00, 0x00, 0x02, 0xc6, 0xff, 0xff, 0x00, 0x00, 0x00, 0x01,
    0x14, 0x00, 0x00, 0x00, 0x30, 0x00, 0x00, 0x00, 0x2b, 0x00, 0x00, 0x00,
    0x00, 0x00, 0x00, 0x09, 0x38, 0x00, 0x00, 0x00, 0xec, 0xc5, 0xff, 0xff,
    0x08, 0x00, 0x00, 0x00, 0x10, 0x00, 0x00, 0x00, 0x01, 0x00, 0x00, 0x00,
    0x80, 0xff, 0xff, 0xff, 0xff, 0xff, 0xff, 0xff, 0x01, 0x00, 0x00, 0x00,
    0x99, 0x69, 0x22, 0x40, 0x0c, 0x00, 0x00, 0x00, 0x74, 0x66, 0x6c, 0x2e,
    0x71, 0x75, 0x61, 0x6e, 0x74, 0x69, 0x7a, 0x65, 0x00, 0x00, 0x00, 0x00,
    0x04, 0x00, 0x00, 0x00, 0x01, 0x00, 0x00, 0x00, 0x05, 0x00, 0x00, 0x00,
    0x01, 0x00, 0x00, 0x00, 0x28, 0x00, 0x00, 0x00, 0xa2, 0xfd, 0xff, 0xff,
    0x00, 0x00, 0x00, 0x01, 0x10, 0x00, 0x00, 0x00, 0x10, 0x00, 0x00, 0x00,
    0x2a, 0x00, 0x00, 0x00, 0x14, 0x00, 0x00, 0x00, 0xa4, 0xc6, 0xff, 0xff,
    0x06, 0x00, 0x00, 0x00, 0x63, 0x6f, 0x6e, 0x63, 0x61, 0x74, 0x00, 0x00,
    0x04, 0x00, 0x00, 0x00, 0x01, 0x00, 0x00, 0x00, 0x05, 0x00, 0x00, 0x00,
    0x01, 0x00, 0x00, 0x00, 0x28, 0x00, 0x00, 0x00, 0xde, 0xfd, 0xff, 0xff,
    0x00, 0x00, 0x00, 0x01, 0x10, 0x00, 0x00, 0x00, 0x10, 0x00, 0x00, 0x00,
    0x29, 0x00, 0x00, 0x00, 0x18, 0x00, 0x00, 0x00, 0xe0, 0xc6, 0xff, 0xff,
    0x0b, 0x00, 0x00, 0x00, 0x45, 0x78, 0x70, 0x61, 0x6e, 0x64, 0x44, 0x69,
    0x6d, 0x73, 0x31, 0x00, 0x04, 0x00, 0x00, 0x00, 0x01, 0x00, 0x00, 0x00,
    0x03, 0x00, 0x00, 0x00, 0x01, 0x00, 0x00, 0x00, 0x28, 0x00, 0x00, 0x00,
    0xe2, 0xc6, 0xff, 0xff, 0x00, 0x00, 0x00, 0x01, 0x14, 0x00, 0x00, 0x00,
    0x34, 0x00, 0x00, 0x00, 0x28, 0x00, 0x00, 0x00, 0x00, 0x00, 0x00, 0x09,
    0x38, 0x00, 0x00, 0x00, 0xcc, 0xc6, 0xff, 0xff, 0x08, 0x00, 0x00, 0x00,
    0x14, 0x00, 0x00, 0x00, 0x01, 0x00, 0x00, 0x00, 0x80, 0xff, 0xff, 0xff,
    0xff, 0xff, 0xff, 0xff, 0x00, 0x00, 0x00, 0x00, 0x01, 0x00, 0x00, 0x00,
    0x99, 0x69, 0x22, 0x40, 0x0a, 0x00, 0x00, 0x00, 0x45, 0x78, 0x70, 0x61,
    0x6e, 0x64, 0x44, 0x69, 0x6d, 0x73, 0x00, 0x00, 0x04, 0x00, 0x00, 0x00,
    0x01, 0x00, 0x00, 0x00, 0x03, 0x00, 0x00, 0x00, 0x01, 0x00, 0x00, 0x00,
    0x28, 0x00, 0x00, 0x00, 0x82, 0xfe, 0xff, 0xff, 0x00, 0x00, 0x00, 0x01,
    0x10, 0x00, 0x00, 0x00, 0x10, 0x00, 0x00, 0x00, 0x27, 0x00, 0x00, 0x00,
    0x24, 0x00, 0x00, 0x00, 0x84, 0xc7, 0xff, 0xff, 0x15, 0x00, 0x00, 0x00,
    0x63, 0x6f, 0x6e, 0x63, 0x61, 0x74, 0x2f, 0x52, 0x65, 0x61, 0x64, 0x56,
    0x61, 0x72, 0x69, 0x61, 0x62, 0x6c, 0x65, 0x4f, 0x70, 0x00, 0x00, 0x00,
    0x04, 0x00, 0x00, 0x00, 0x01, 0x00, 0x00, 0x00, 0x02, 0x00, 0x00, 0x00,
    0x01, 0x00, 0x00, 0x00, 0x28, 0x00, 0x00, 0x00, 0xce, 0xfe, 0xff, 0xff,
    0x00, 0x00, 0x00, 0x01, 0x10, 0x00, 0x00, 0x00, 0x10, 0x00, 0x00, 0x00,
    0x26, 0x00, 0x00, 0x00, 0x24, 0x00, 0x00, 0x00, 0xd0, 0xc7, 0xff, 0xff,
    0x17, 0x00, 0x00, 0x00, 0x63, 0x6f, 0x6e, 0x63, 0x61, 0x74, 0x5f, 0x35,
    0x2f, 0x52, 0x65, 0x61, 0x64, 0x56, 0x61, 0x72, 0x69, 0x61, 0x62, 0x6c,
    0x65, 0x4f, 0x70, 0x00, 0x04, 0x00, 0x00, 0x00, 0x01, 0x00, 0x00, 0x00,
    0x04, 0x00, 0x00, 0x00, 0x01, 0x00, 0x00, 0x00, 0x3c, 0x00, 0x00, 0x00,
    0x1a, 0xff, 0xff, 0xff, 0x00, 0x00, 0x00, 0x01, 0x10, 0x00, 0x00, 0x00,
    0x10, 0x00, 0x00, 0x00, 0x25, 0x00, 0x00, 0x00, 0x24, 0x00, 0x00, 0x00,
    0x1c, 0xc8, 0xff, 0xff, 0x17, 0x00, 0x00, 0x00, 0x63, 0x6f, 0x6e, 0x63,
    0x61, 0x74, 0x5f, 0x34, 0x2f, 0x52, 0x65, 0x61, 0x64, 0x56, 0x61, 0x72,
    0x69, 0x61, 0x62, 0x6c, 0x65, 0x4f, 0x70, 0x00, 0x04, 0x00, 0x00, 0x00,
    0x01, 0x00, 0x00, 0x00, 0x14, 0x00, 0x00, 0x00, 0x01, 0x00, 0x00, 0x00,
    0x3c, 0x00, 0x00, 0x00, 0x66, 0xff, 0xff, 0xff, 0x00, 0x00, 0x00, 0x01,
    0x10, 0x00, 0x00, 0x00, 0x10, 0x00, 0x00, 0x00, 0x24, 0x00, 0x00, 0x00,
    0x24, 0x00, 0x00, 0x00, 0x68, 0xc8, 0xff, 0xff, 0x17, 0x00, 0x00, 0x00,
    0x63, 0x6f, 0x6e, 0x63, 0x61, 0x74, 0x5f, 0x33, 0x2f, 0x52, 0x65, 0x61,
    0x64, 0x56, 0x61, 0x72, 0x69, 0x61, 0x62, 0x6c, 0x65, 0x4f, 0x70, 0x00,
    0x04, 0x00, 0x00, 0x00, 0x01, 0x00, 0x00, 0x00, 0x0c, 0x00, 0x00, 0x00,
    0x01, 0x00, 0x00, 0x00, 0x3c, 0x00, 0x00, 0x00, 0xb2, 0xff, 0xff, 0xff,
    0x00, 0x00, 0x00, 0x01, 0x10, 0x00, 0x00, 0x00, 0x10, 0x00, 0x00, 0x00,
    0x23, 0x00, 0x00, 0x00, 0x24, 0x00, 0x00, 0x00, 0xb4, 0xc8, 0xff, 0xff,
    0x17, 0x00, 0x00, 0x00, 0x63, 0x6f, 0x6e, 0x63, 0x61, 0x74, 0x5f, 0x32,
    0x2f, 0x52, 0x65, 0x61, 0x64, 0x56, 0x61, 0x72, 0x69, 0x61, 0x62, 0x6c,
    0x65, 0x4f, 0x70, 0x00, 0x04, 0x00, 0x00, 0x00, 0x01, 0x00, 0x00, 0x00,
    0x08, 0x00, 0x00, 0x00, 0x01, 0x00, 0x00, 0x00, 0x3c, 0x00, 0x00, 0x00,
    0x00, 0x00, 0x16, 0x00, 0x18, 0x00, 0x14, 0x00, 0x00, 0x00, 0x10, 0x00,
    0x0c, 0x00, 0x08, 0x00, 0x00, 0x00, 0x00, 0x00, 0x00, 0x00, 0x07, 0x00,
    0x16, 0x00, 0x00, 0x00, 0x00, 0x00, 0x00, 0x01, 0x10, 0x00, 0x00, 0x00,
    0x10, 0x00, 0x00, 0x00, 0x22, 0x00, 0x00, 0x00, 0x24, 0x00, 0x00, 0x00,
    0x18, 0xc9, 0xff, 0xff, 0x17, 0x00, 0x00, 0x00, 0x63, 0x6f, 0x6e, 0x63,
    0x61, 0x74, 0x5f, 0x31, 0x2f, 0x52, 0x65, 0x61, 0x64, 0x56, 0x61, 0x72,
    0x69, 0x61, 0x62, 0x6c, 0x65, 0x4f, 0x70, 0x00, 0x04, 0x00, 0x00, 0x00,
    0x01, 0x00, 0x00, 0x00, 0x04, 0x00, 0x00, 0x00, 0x01, 0x00, 0x00, 0x00,
    0x1e, 0x00, 0x00, 0x00, 0x26, 0xc9, 0xff, 0xff, 0x00, 0x00, 0x00, 0x01,
    0x14, 0x00, 0x00, 0x00, 0x14, 0x00, 0x00, 0x00, 0x21, 0x00, 0x00, 0x00,
    0x00, 0x00, 0x00, 0x0d, 0x18, 0x00, 0x00, 0x00, 0x68, 0xc9, 0xff, 0xff,
    0x08, 0x00, 0x00, 0x00, 0x73, 0x74, 0x72, 0x65, 0x61, 0x6d, 0x5f, 0x35,
    0x00, 0x00, 0x00, 0x00, 0x00, 0x00, 0x00, 0x00, 0x5a, 0xc9, 0xff, 0xff,
    0x00, 0x00, 0x00, 0x01, 0x14, 0x00, 0x00, 0x00, 0x14, 0x00, 0x00, 0x00,
    0x20, 0x00, 0x00, 0x00, 0x00, 0x00, 0x00, 0x0d, 0x18, 0x00, 0x00, 0x00,
    0x9c, 0xc9, 0xff, 0xff, 0x08, 0x00, 0x00, 0x00, 0x73, 0x74, 0x72, 0x65,
    0x61, 0x6d, 0x5f, 0x34, 0x00, 0x00, 0x00, 0x00, 0x00, 0x00, 0x00, 0x00,
    0x8e, 0xc9, 0xff, 0xff, 0x00, 0x00, 0x00, 0x01, 0x14, 0x00, 0x00, 0x00,
    0x14, 0x00, 0x00, 0x00, 0x1f, 0x00, 0x00, 0x00, 0x00, 0x00, 0x00, 0x0d,
    0x18, 0x00, 0x00, 0x00, 0xd0, 0xc9, 0xff, 0xff, 0x08, 0x00, 0x00, 0x00,
    0x73, 0x74, 0x72, 0x65, 0x61, 0x6d, 0x5f, 0x33, 0x00, 0x00, 0x00, 0x00,
    0x00, 0x00, 0x00, 0x00, 0xc2, 0xc9, 0xff, 0xff, 0x00, 0x00, 0x00, 0x01,
    0x14, 0x00, 0x00, 0x00, 0x14, 0x00, 0x00, 0x00, 0x1e, 0x00, 0x00, 0x00,
    0x00, 0x00, 0x00, 0x0d, 0x18, 0x00, 0x00, 0x00, 0x04, 0xca, 0xff, 0xff,
    0x08, 0x00, 0x00, 0x00, 0x73, 0x74, 0x72, 0x65, 0x61, 0x6d, 0x5f, 0x32,
    0x00, 0x00, 0x00, 0x00, 0x00, 0x00, 0x00, 0x00, 0xf6, 0xc9, 0xff, 0xff,
    0x00, 0x00, 0x00, 0x01, 0x14, 0x00, 0x00, 0x00, 0x14, 0x00, 0x00, 0x00,
    0x1d, 0x00, 0x00, 0x00, 0x00, 0x00, 0x00, 0x0d, 0x18, 0x00, 0x00, 0x00,
    0x38, 0xca, 0xff, 0xff, 0x08, 0x00, 0x00, 0x00, 0x73, 0x74, 0x72, 0x65,
    0x61, 0x6d, 0x5f, 0x31, 0x00, 0x00, 0x00, 0x00, 0x00, 0x00, 0x00, 0x00,
    0x2a, 0xca, 0xff, 0xff, 0x00, 0x00, 0x00, 0x01, 0x14, 0x00, 0x00, 0x00,
    0x14, 0x00, 0x00, 0x00, 0x1c, 0x00, 0x00, 0x00, 0x00, 0x00, 0x00, 0x0d,
    0x14, 0x00, 0x00, 0x00, 0x6c, 0xca, 0xff, 0xff, 0x06, 0x00, 0x00, 0x00,
    0x73, 0x74, 0x72, 0x65, 0x61, 0x6d, 0x00, 0x00, 0x00, 0x00, 0x00, 0x00,
    0x5a, 0xca, 0xff, 0xff, 0x00, 0x00, 0x00, 0x01, 0x14, 0x00, 0x00, 0x00,
    0x90, 0x01, 0x00, 0x00, 0x1b, 0x00, 0x00, 0x00, 0x00, 0x00, 0x00, 0x09,
    0x9c, 0x01, 0x00, 0x00, 0x44, 0xca, 0xff, 0xff, 0x08, 0x00, 0x00, 0x00,
    0xfc, 0x00, 0x00, 0x00, 0x1e, 0x00, 0x00, 0x00, 0x00, 0x00, 0x00, 0x00,
    0x00, 0x00, 0x00, 0x00, 0x00, 0x00, 0x00, 0x00, 0x00, 0x00, 0x00, 0x00,
    0x00, 0x00, 0x00, 0x00, 0x00, 0x00, 0x00, 0x00, 0x00, 0x00, 0x00, 0x00,
    0x00, 0x00, 0x00, 0x00, 0x00, 0x00, 0x00, 0x00, 0x00, 0x00, 0x00, 0x00,
    0x00, 0x00, 0x00, 0x00, 0x00, 0x00, 0x00, 0x00, 0x00, 0x00, 0x00, 0x00,
    0x00, 0x00, 0x00, 0x00, 0x00, 0x00, 0x00, 0x00, 0x00, 0x00, 0x00, 0x00,
    0x00, 0x00, 0x00, 0x00, 0x00, 0x00, 0x00, 0x00, 0x00, 0x00, 0x00, 0x00,
    0x00, 0x00, 0x00, 0x00, 0x00, 0x00, 0x00, 0x00, 0x00, 0x00, 0x00, 0x00,
    0x00, 0x00, 0x00, 0x00, 0x00, 0x00, 0x00, 0x00, 0x00, 0x00, 0x00, 0x00,
    0x00, 0x00, 0x00, 0x00, 0x00, 0x00, 0x00, 0x00, 0x00, 0x00, 0x00, 0x00,
    0x00, 0x00, 0x00, 0x00, 0x00, 0x00, 0x00, 0x00, 0x00, 0x00, 0x00, 0x00,
    0x00, 0x00, 0x00, 0x00, 0x00, 0x00, 0x00, 0x00, 0x00, 0x00, 0x00, 0x00,
    0x00, 0x00, 0x00, 0x00, 0x00, 0x00, 0x00, 0x00, 0x00, 0x00, 0x00, 0x00,
    0x00, 0x00, 0x00, 0x00, 0x00, 0x00, 0x00, 0x00, 0x00, 0x00, 0x00, 0x00,
    0x00, 0x00, 0x00, 0x00, 0x00, 0x00, 0x00, 0x00, 0x00, 0x00, 0x00, 0x00,
    0x00, 0x00, 0x00, 0x00, 0x00, 0x00, 0x00, 0x00, 0x00, 0x00, 0x00, 0x00,
    0x00, 0x00, 0x00, 0x00, 0x00, 0x00, 0x00, 0x00, 0x00, 0x00, 0x00, 0x00,
    0x00, 0x00, 0x00, 0x00, 0x00, 0x00, 0x00, 0x00, 0x00, 0x00, 0x00, 0x00,
    0x00, 0x00, 0x00, 0x00, 0x00, 0x00, 0x00, 0x00, 0x00, 0x00, 0x00, 0x00,
    0x00, 0x00, 0x00, 0x00, 0x00, 0x00, 0x00, 0x00, 0x00, 0x00, 0x00, 0x00,
    0x00, 0x00, 0x00, 0x00, 0x00, 0x00, 0x00, 0x00, 0x00, 0x00, 0x00, 0x00,
    0x1e, 0x00, 0x00, 0x00, 0x83, 0xf2, 0xa1, 0x36, 0x4d, 0x86, 0xaf, 0x36,
    0x15, 0xeb, 0x14, 0x36, 0xe9, 0xec, 0x9c, 0x36, 0x29, 0xc9, 0x6b, 0x36,
    0x25, 0xd1, 0x88, 0x36, 0x5a, 0x98, 0xa5, 0x36, 0xcf, 0x42, 0x09, 0x37,
    0x96, 0x89, 0x83, 0x36, 0x12, 0x13, 0xf0, 0x36, 0xf7, 0xae, 0x8e, 0x36,
    0x9a, 0x8c, 0x9e, 0x36, 0x49, 0x00, 0xd2, 0x36, 0x96, 0x27, 0x1b, 0x37,
    0xbb, 0xac, 0xad, 0x36, 0xf9, 0xb8, 0x0d, 0x37, 0x2b, 0x2a, 0xa0, 0x36,
    0x0e, 0x74, 0x88, 0x36, 0x55, 0x0f, 0xac, 0x36, 0x49, 0x2d, 0xcb, 0x36,
    0x31, 0xd4, 0xa3, 0x36, 0xa0, 0xf8, 0x84, 0x36, 0xb1, 0x0e, 0x05, 0x37,
    0xf3, 0xd7, 0x07, 0x37, 0x29, 0xcd, 0x26, 0x37, 0xe9, 0x2f, 0x74, 0x36,
    0x80, 0x72, 0xc9, 0x36, 0xfa, 0x44, 0x80, 0x36, 0x59, 0xe5, 0xec, 0x35,
    0x69, 0xeb, 0x3e, 0x36, 0x13, 0x00, 0x00, 0x00, 0x74, 0x66, 0x6c, 0x2e,
    0x70, 0x73, 0x65, 0x75, 0x64, 0x6f, 0x5f, 0x71, 0x63, 0x6f, 0x6e, 0x73,
    0x74, 0x31, 0x39, 0x00, 0x04, 0x00, 0x00, 0x00, 0x1e, 0x00, 0x00, 0x00,
    0x05, 0x00, 0x00, 0x00, 0x01, 0x00, 0x00, 0x00, 0x28, 0x00, 0x00, 0x00,
    0x22, 0xcc, 0xff, 0xff, 0x00, 0x00, 0x00, 0x01, 0x14, 0x00, 0x00, 0x00,
    0x90, 0x01, 0x00, 0x00, 0x1a, 0x00, 0x00, 0x00, 0x00, 0x00, 0x00, 0x02,
    0x9c, 0x01, 0x00, 0x00, 0x0c, 0xcc, 0xff, 0xff, 0x08, 0x00, 0x00, 0x00,
    0xfc, 0x00, 0x00, 0x00, 0x1e, 0x00, 0x00, 0x00, 0x00, 0x00, 0x00, 0x00,
    0x00, 0x00, 0x00, 0x00, 0x00, 0x00, 0x00, 0x00, 0x00, 0x00, 0x00, 0x00,
    0x00, 0x00, 0x00, 0x00, 0x00, 0x00, 0x00, 0x00, 0x00, 0x00, 0x00, 0x00,
    0x00, 0x00, 0x00, 0x00, 0x00, 0x00, 0x00, 0x00, 0x00, 0x00, 0x00, 0x00,
    0x00, 0x00, 0x00, 0x00, 0x00, 0x00, 0x00, 0x00, 0x00, 0x00, 0x00, 0x00,
    0x00, 0x00, 0x00, 0x00, 0x00, 0x00, 0x00, 0x00, 0x00, 0x00, 0x00, 0x00,
    0x00, 0x00, 0x00, 0x00, 0x00, 0x00, 0x00, 0x00, 0x00, 0x00, 0x00, 0x00,
    0x00, 0x00, 0x00, 0x00, 0x00, 0x00, 0x00, 0x00, 0x00, 0x00, 0x00, 0x00,
    0x00, 0x00, 0x00, 0x00, 0x00, 0x00, 0x00, 0x00, 0x00, 0x00, 0x00, 0x00,
    0x00, 0x00, 0x00, 0x00, 0x00, 0x00, 0x00, 0x00, 0x00, 0x00, 0x00, 0x00,
    0x00, 0x00, 0x00, 0x00, 0x00, 0x00, 0x00, 0x00, 0x00, 0x00, 0x00, 0x00,
    0x00, 0x00, 0x00, 0x00, 0x00, 0x00, 0x00, 0x00, 0x00, 0x00, 0x00, 0x00,
    0x00, 0x00, 0x00, 0x00, 0x00, 0x00, 0x00, 0x00, 0x00, 0x00, 0x00, 0x00,
    0x00, 0x00, 0x00, 0x00, 0x00, 0x00, 0x00, 0x00, 0x00, 0x00, 0x00, 0x00,
    0x00, 0x00, 0x00, 0x00, 0x00, 0x00, 0x00, 0x00, 0x00, 0x00, 0x00, 0x00,
    0x00, 0x00, 0x00, 0x00, 0x00, 0x00, 0x00, 0x00, 0x00, 0x00, 0x00, 0x00,
    0x00, 0x00, 0x00, 0x00, 0x00, 0x00, 0x00, 0x00, 0x00, 0x00, 0x00, 0x00,
    0x00, 0x00, 0x00, 0x00, 0x00, 0x00, 0x00, 0x00, 0x00, 0x00, 0x00, 0x00,
    0x00, 0x00, 0x00, 0x00, 0x00, 0x00, 0x00, 0x00, 0x00, 0x00, 0x00, 0x00,
    0x00, 0x00, 0x00, 0x00, 0x00, 0x00, 0x00, 0x00, 0x00, 0x00, 0x00, 0x00,
    0x00, 0x00, 0x00, 0x00, 0x00, 0x00, 0x00, 0x00, 0x00, 0x00, 0x00, 0x00,
    0x1e, 0x00, 0x00, 0x00, 0x88, 0x7c, 0x4d, 0x37, 0xc7, 0xb6, 0x5e, 0x37,
    0x61, 0xf4, 0xbc, 0x36, 0x4d, 0x1d, 0x47, 0x37, 0x8e, 0x96, 0x15, 0x37,
    0x92, 0x99, 0x2d, 0x37, 0x6f, 0x1d, 0x52, 0x37, 0xcb, 0x29, 0xae, 0x37,
    0xa6, 0xe6, 0x26, 0x37, 0x19, 0x4f, 0x98, 0x37, 0x27, 0x0b, 0x35, 0x37,
    0xc0, 0x2c, 0x49, 0x37, 0xce, 0x3a, 0x85, 0x37, 0x1a, 0xde, 0xc4, 0x37,
    0xe4, 0x5d, 0x5c, 0x37, 0x06, 0xd3, 0xb3, 0x37, 0x80, 0x39, 0x4b, 0x37,
    0x74, 0x23, 0x2d, 0x37, 0x5a, 0x51, 0x5a, 0x37, 0x77, 0xe6, 0x80, 0x37,
    0xb6, 0xdf, 0x4f, 0x37, 0x5d, 0xb8, 0x28, 0x37, 0x5d, 0xd4, 0xa8, 0x37,
    0x61, 0x5d, 0xac, 0x37, 0x44, 0xa5, 0xd3, 0x37, 0x0b, 0xeb, 0x1a, 0x37,
    0x1b, 0x9b, 0x7f, 0x37, 0x1e, 0xc1, 0x22, 0x37, 0xda, 0x4a, 0x96, 0x36,
    0x72, 0x3f, 0xf2, 0x36, 0x13, 0x00, 0x00, 0x00, 0x74, 0x66, 0x6c, 0x2e,
    0x70, 0x73, 0x65, 0x75, 0x64, 0x6f, 0x5f, 0x71, 0x63, 0x6f, 0x6e, 0x73,
    0x74, 0x31, 0x38, 0x00, 0x01, 0x00, 0x00, 0x00, 0x1e, 0x00, 0x00, 0x00,
    0xde, 0xcd, 0xff, 0xff, 0x00, 0x00, 0x00, 0x01, 0x14, 0x00, 0x00, 0x00,
    0x94, 0x01, 0x00, 0x00, 0x19, 0x00, 0x00, 0x00, 0x00, 0x00, 0x00, 0x09,
    0xa0, 0x01, 0x00, 0x00, 0xc2, 0xdc, 0xff, 0xff, 0x03, 0x00, 0x00, 0x00,
    0x08, 0x00, 0x00, 0x00, 0xfc, 0x00, 0x00, 0x00, 0x1e, 0x00, 0x00, 0x00,
    0x00, 0x00, 0x00, 0x00, 0x00, 0x00, 0x00, 0x00, 0x00, 0x00, 0x00, 0x00,
    0x00, 0x00, 0x00, 0x00, 0x00, 0x00, 0x00, 0x00, 0x00, 0x00, 0x00, 0x00,
    0x00, 0x00, 0x00, 0x00, 0x00, 0x00, 0x00, 0x00, 0x00, 0x00, 0x00, 0x00,
    0x00, 0x00, 0x00, 0x00, 0x00, 0x00, 0x00, 0x00, 0x00, 0x00, 0x00, 0x00,
    0x00, 0x00, 0x00, 0x00, 0x00, 0x00, 0x00, 0x00, 0x00, 0x00, 0x00, 0x00,
    0x00, 0x00, 0x00, 0x00, 0x00, 0x00, 0x00, 0x00, 0x00, 0x00, 0x00, 0x00,
    0x00, 0x00, 0x00, 0x00, 0x00, 0x00, 0x00, 0x00, 0x00, 0x00, 0x00, 0x00,
    0x00, 0x00, 0x00, 0x00, 0x00, 0x00, 0x00, 0x00, 0x00, 0x00, 0x00, 0x00,
    0x00, 0x00, 0x00, 0x00, 0x00, 0x00, 0x00, 0x00, 0x00, 0x00, 0x00, 0x00,
    0x00, 0x00, 0x00, 0x00, 0x00, 0x00, 0x00, 0x00, 0x00, 0x00, 0x00, 0x00,
    0x00, 0x00, 0x00, 0x00, 0x00, 0x00, 0x00, 0x00, 0x00, 0x00, 0x00, 0x00,
    0x00, 0x00, 0x00, 0x00, 0x00, 0x00, 0x00, 0x00, 0x00, 0x00, 0x00, 0x00,
    0x00, 0x00, 0x00, 0x00, 0x00, 0x00, 0x00, 0x00, 0x00, 0x00, 0x00, 0x00,
    0x00, 0x00, 0x00, 0x00, 0x00, 0x00, 0x00, 0x00, 0x00, 0x00, 0x00, 0x00,
    0x00, 0x00, 0x00, 0x00, 0x00, 0x00, 0x00, 0x00, 0x00, 0x00, 0x00, 0x00,
    0x00, 0x00, 0x00, 0x00, 0x00, 0x00, 0x00, 0x00, 0x00, 0x00, 0x00, 0x00,
    0x00, 0x00, 0x00, 0x00, 0x00, 0x00, 0x00, 0x00, 0x00, 0x00, 0x00, 0x00,
    0x00, 0x00, 0x00, 0x00, 0x00, 0x00, 0x00, 0x00, 0x00, 0x00, 0x00, 0x00,
    0x00, 0x00, 0x00, 0x00, 0x00, 0x00, 0x00, 0x00, 0x00, 0x00, 0x00, 0x00,
    0x00, 0x00, 0x00, 0x00, 0x00, 0x00, 0x00, 0x00, 0x00, 0x00, 0x00, 0x00,
    0x00, 0x00, 0x00, 0x00, 0x1e, 0x00, 0x00, 0x00, 0x69, 0x1a, 0x76, 0x3b,
    0x5a, 0x82, 0x0c, 0x3b, 0xe7, 0xe4, 0xfb, 0x3a, 0xbb, 0x83, 0x55, 0x3b,
    0xec, 0x09, 0xfe, 0x3a, 0xd6, 0x78, 0x07, 0x3b, 0xc2, 0x44, 0x13, 0x3b,
    0x54, 0x64, 0x37, 0x3b, 0xda, 0xa1, 0x02, 0x3b, 0x3f, 0x9a, 0x7f, 0x3b,
    0x0f, 0x4e, 0x46, 0x3b, 0x6e, 0x97, 0x75, 0x3b, 0x83, 0xca, 0x5d, 0x3b,
    0x82, 0x50, 0x23, 0x3b, 0x1b, 0xb9, 0xfe, 0x3a, 0x46, 0x34, 0x52, 0x3b,
    0x7e, 0xb8, 0x49, 0x3b, 0xd8, 0x15, 0xe8, 0x3a, 0x51, 0x83, 0x1e, 0x3b,
    0x5f, 0x52, 0x24, 0x3b, 0xca, 0x8c, 0xec, 0x3a, 0xb3, 0xf8, 0xa9, 0x3a,
    0xbd, 0x8c, 0x07, 0x3b, 0xa6, 0x1c, 0xdb, 0x3a, 0xd9, 0x80, 0xfa, 0x3a,
    0x44, 0xe0, 0x12, 0x3b, 0x2d, 0xf6, 0xd4, 0x3a, 0x8f, 0x2a, 0x11, 0x3b,
    0xbf, 0xac, 0x60, 0x3a, 0x83, 0x2d, 0xa9, 0x3a, 0x13, 0x00, 0x00, 0x00,
    0x74, 0x66, 0x6c, 0x2e, 0x70, 0x73, 0x65, 0x75, 0x64, 0x6f, 0x5f, 0x71,
    0x63, 0x6f, 0x6e, 0x73, 0x74, 0x31, 0x37, 0x00, 0x04, 0x00, 0x00, 0x00,
    0x01, 0x00, 0x00, 0x00, 0x05, 0x00, 0x00, 0x00, 0x01, 0x00, 0x00, 0x00,
    0x1e, 0x00, 0x00, 0x00, 0xaa, 0xcf, 0xff, 0xff, 0x00, 0x00, 0x00, 0x01,
    0x14, 0x00, 0x00, 0x00, 0x8c, 0x01, 0x00, 0x00, 0x18, 0x00, 0x00, 0x00,
    0x00, 0x00, 0x00, 0x02, 0x98, 0x01, 0x00, 0x00, 0x94, 0xcf, 0xff, 0xff,
    0x08, 0x00, 0x00, 0x00, 0xf8, 0x00, 0x00, 0x00, 0x1e, 0x00, 0x00, 0x00,
    0x00, 0x00, 0x00, 0x00, 0x00, 0x00, 0x00, 0x00, 0x00, 0x00, 0x00, 0x00,
    0x00, 0x00, 0x00, 0x00, 0x00, 0x00, 0x00, 0x00, 0x00, 0x00, 0x00, 0x00,
    0x00, 0x00, 0x00, 0x00, 0x00, 0x00, 0x00, 0x00, 0x00, 0x00, 0x00, 0x00,
    0x00, 0x00, 0x00, 0x00, 0x00, 0x00, 0x00, 0x00, 0x00, 0x00, 0x00, 0x00,
    0x00, 0x00, 0x00, 0x00, 0x00, 0x00, 0x00, 0x00, 0x00, 0x00, 0x00, 0x00,
    0x00, 0x00, 0x00, 0x00, 0x00, 0x00, 0x00, 0x00, 0x00, 0x00, 0x00, 0x00,
    0x00, 0x00, 0x00, 0x00, 0x00, 0x00, 0x00, 0x00, 0x00, 0x00, 0x00, 0x00,
    0x00, 0x00, 0x00, 0x00, 0x00, 0x00, 0x00, 0x00, 0x00, 0x00, 0x00, 0x00,
    0x00, 0x00, 0x00, 0x00, 0x00, 0x00, 0x00, 0x00, 0x00, 0x00, 0x00, 0x00,
    0x00, 0x00, 0x00, 0x00, 0x00, 0x00, 0x00, 0x00, 0x00, 0x00, 0x00, 0x00,
    0x00, 0x00, 0x00, 0x00, 0x00, 0x00, 0x00, 0x00, 0x00, 0x00, 0x00, 0x00,
    0x00, 0x00, 0x00, 0x00, 0x00, 0x00, 0x00, 0x00, 0x00, 0x00, 0x00, 0x00,
    0x00, 0x00, 0x00, 0x00, 0x00, 0x00, 0x00, 0x00, 0x00, 0x00, 0x00, 0x00,
    0x00, 0x00, 0x00, 0x00, 0x00, 0x00, 0x00, 0x00, 0x00, 0x00, 0x00, 0x00,
    0x00, 0x00, 0x00, 0x00, 0x00, 0x00, 0x00, 0x00, 0x00, 0x00, 0x00, 0x00,
    0x00, 0x00, 0x00, 0x00, 0x00, 0x00, 0x00, 0x00, 0x00, 0x00, 0x00, 0x00,
    0x00, 0x00, 0x00, 0x00, 0x00, 0x00, 0x00, 0x00, 0x00, 0x00, 0x00, 0x00,
    0x00, 0x00, 0x00, 0x00, 0x00, 0x00, 0x00, 0x00, 0x00, 0x00, 0x00, 0x00,
    0x00, 0x00, 0x00, 0x00, 0x00, 0x00, 0x00, 0x00, 0x00, 0x00, 0x00, 0x00,
    0x00, 0x00, 0x00, 0x00, 0x00, 0x00, 0x00, 0x00, 0x00, 0x00, 0x00, 0x00,
    0x1e, 0x00, 0x00, 0x00, 0xe3, 0xa8, 0xbf, 0x38, 0xd5, 0xd9, 0x5a, 0x38,
    0x6c, 0x2b, 0x44, 0x38, 0xcb, 0x47, 0xa6, 0x38, 0xfc, 0xd6, 0x45, 0x38,
    0x57, 0x01, 0x53, 0x38, 0x0a, 0x61, 0x65, 0x38, 0x53, 0xd2, 0x8e, 0x38,
    0x8e, 0x77, 0x4b, 0x38, 0xc0, 0x0e, 0xc7, 0x38, 0x7d, 0x6f, 0x9a, 0x38,
    0xe2, 0x42, 0xbf, 0x38, 0xda, 0xb9, 0xac, 0x38, 0x17, 0x5f, 0x7e, 0x38,
    0x6a, 0x5f, 0x46, 0x38, 0xd0, 0xb3, 0xa3, 0x38, 0x7a, 0x18, 0x9d, 0x38,
    0x31, 0xbe, 0x34, 0x38, 0x8e, 0xe4, 0x76, 0x38, 0xba, 0xf0, 0x7f, 0x38,
    0x4b, 0x38, 0x38, 0x38, 0xbb, 0x5e, 0x04, 0x38, 0x57, 0x20, 0x53, 0x38,
    0xb8, 0xa3, 0x2a, 0x38, 0x22, 0x16, 0x43, 0x38, 0x84, 0xc4, 0x64, 0x38,
    0x8e, 0xd9, 0x25, 0x38, 0xc3, 0x1a, 0x62, 0x38, 0xc6, 0xf8, 0xae, 0x37,
    0x7e, 0xc0, 0x03, 0x38, 0x13, 0x00, 0x00, 0x00, 0x74, 0x66, 0x6c, 0x2e,
    0x70, 0x73, 0x65, 0x75, 0x64, 0x6f, 0x5f, 0x71, 0x63, 0x6f, 0x6e, 0x73,
    0x74, 0x31, 0x36, 0x00, 0x01, 0x00, 0x00, 0x00, 0x1e, 0x00, 0x00, 0x00,
    0x62, 0xd1, 0xff, 0xff, 0x00, 0x00, 0x00, 0x01, 0x14, 0x00, 0x00, 0x00,
    0xf8, 0x02, 0x00, 0x00, 0x17, 0x00, 0x00, 0x00, 0x00, 0x00, 0x00, 0x09,
    0x04, 0x03, 0x00, 0x00, 0x4c, 0xd1, 0xff, 0xff, 0x08, 0x00, 0x00, 0x00,
    0xec, 0x01, 0x00, 0x00, 0x3c, 0x00, 0x00, 0x00, 0x00, 0x00, 0x00, 0x00,
    0x00, 0x00, 0x00, 0x00, 0x00, 0x00, 0x00, 0x00, 0x00, 0x00, 0x00, 0x00,
    0x00, 0x00, 0x00, 0x00, 0x00, 0x00, 0x00, 0x00, 0x00, 0x00, 0x00, 0x00,
    0x00, 0x00, 0x00, 0x00, 0x00, 0x00, 0x00, 0x00, 0x00, 0x00, 0x00, 0x00,
    0x00, 0x00, 0x00, 0x00, 0x00, 0x00, 0x00, 0x00, 0x00, 0x00, 0x00, 0x00,
    0x00, 0x00, 0x00, 0x00, 0x00, 0x00, 0x00, 0x00, 0x00, 0x00, 0x00, 0x00,
    0x00, 0x00, 0x00, 0x00, 0x00, 0x00, 0x00, 0x00, 0x00, 0x00, 0x00, 0x00,
    0x00, 0x00, 0x00, 0x00, 0x00, 0x00, 0x00, 0x00, 0x00, 0x00, 0x00, 0x00,
    0x00, 0x00, 0x00, 0x00, 0x00, 0x00, 0x00, 0x00, 0x00, 0x00, 0x00, 0x00,
    0x00, 0x00, 0x00, 0x00, 0x00, 0x00, 0x00, 0x00, 0x00, 0x00, 0x00, 0x00,
    0x00, 0x00, 0x00, 0x00, 0x00, 0x00, 0x00, 0x00, 0x00, 0x00, 0x00, 0x00,
    0x00, 0x00, 0x00, 0x00, 0x00, 0x00, 0x00, 0x00, 0x00, 0x00, 0x00, 0x00,
    0x00, 0x00, 0x00, 0x00, 0x00, 0x00, 0x00, 0x00, 0x00, 0x00, 0x00, 0x00,
    0x00, 0x00, 0x00, 0x00, 0x00, 0x00, 0x00, 0x00, 0x00, 0x00, 0x00, 0x00,
    0x00, 0x00, 0x00, 0x00, 0x00, 0x00, 0x00, 0x00, 0x00, 0x00, 0x00, 0x00,
    0x00, 0x00, 0x00, 0x00, 0x00, 0x00, 0x00, 0x00, 0x00, 0x00, 0x00, 0x00,
    0x00, 0x00, 0x00, 0x00, 0x00, 0x00, 0x00, 0x00, 0x00, 0x00, 0x00, 0x00,
    0x00, 0x00, 0x00, 0x00, 0x00, 0x00, 0x00, 0x00, 0x00, 0x00, 0x00, 0x00,
    0x00, 0x00, 0x00, 0x00, 0x00, 0x00, 0x00, 0x00, 0x00, 0x00, 0x00, 0x00,
    0x00, 0x00, 0x00, 0x00, 0x00, 0x00, 0x00, 0x00, 0x00, 0x00, 0x00, 0x00,
    0x00, 0x00, 0x00, 0x00, 0x00, 0x00, 0x00, 0x00, 0x00, 0x00, 0x00, 0x00,
    0x00, 0x00, 0x00, 0x00, 0x00, 0x00, 0x00, 0x00, 0x00, 0x00, 0x00, 0x00,
    0x00, 0x00, 0x00, 0x00, 0x00, 0x00, 0x00, 0x00, 0x00, 0x00, 0x00, 0x00,
    0x00, 0x00, 0x00, 0x00, 0x00, 0x00, 0x00, 0x00, 0x00, 0x00, 0x00, 0x00,
    0x00, 0x00, 0x00, 0x00, 0x00, 0x00, 0x00, 0x00, 0x00, 0x00, 0x00, 0x00,
    0x00, 0x00, 0x00, 0x00, 0x00, 0x00, 0x00, 0x00, 0x00, 0x00, 0x00, 0x00,
    0x00, 0x00, 0x00, 0x00, 0x00, 0x00, 0x00, 0x00, 0x00, 0x00, 0x00, 0x00,
    0x00, 0x00, 0x00, 0x00, 0x00, 0x00, 0x00, 0x00, 0x00, 0x00, 0x00, 0x00,
    0x00, 0x00, 0x00, 0x00, 0x00, 0x00, 0x00, 0x00, 0x00, 0x00, 0x00, 0x00,
    0x00, 0x00, 0x00, 0x00, 0x00, 0x00, 0x00, 0x00, 0x00, 0x00, 0x00, 0x00,
    0x00, 0x00, 0x00, 0x00, 0x00, 0x00, 0x00, 0x00, 0x00, 0x00, 0x00, 0x00,
    0x00, 0x00, 0x00, 0x00, 0x00, 0x00, 0x00, 0x00, 0x00, 0x00, 0x00, 0x00,
    0x00, 0x00, 0x00, 0x00, 0x00, 0x00, 0x00, 0x00, 0x00, 0x00, 0x00, 0x00,
    0x00, 0x00, 0x00, 0x00, 0x00, 0x00, 0x00, 0x00, 0x00, 0x00, 0x00, 0x00,
    0x00, 0x00, 0x00, 0x00, 0x00, 0x00, 0x00, 0x00, 0x00, 0x00, 0x00, 0x00,
    0x00, 0x00, 0x00, 0x00, 0x00, 0x00, 0x00, 0x00, 0x00, 0x00, 0x00, 0x00,
    0x00, 0x00, 0x00, 0x00, 0x00, 0x00, 0x00, 0x00, 0x00, 0x00, 0x00, 0x00,
    0x00, 0x00, 0x00, 0x00, 0x00, 0x00, 0x00, 0x00, 0x00, 0x00, 0x00, 0x00,
    0x00, 0x00, 0x00, 0x00, 0x00, 0x00, 0x00, 0x00, 0x00, 0x00, 0x00, 0x00,
    0x00, 0x00, 0x00, 0x00, 0x00, 0x00, 0x00, 0x00, 0x00, 0x00, 0x00, 0x00,
    0x00, 0x00, 0x00, 0x00, 0x00, 0x00, 0x00, 0x00, 0x00, 0x00, 0x00, 0x00,
    0x3c, 0x00, 0x00, 0x00, 0x62, 0x52, 0x4a, 0x3c, 0x62, 0x86, 0x38, 0x3c,
    0xd5, 0xbb, 0x31, 0x3c, 0x6c, 0x60, 0x36, 0x3c, 0x63, 0x37, 0x4d, 0x3c,
    0xd9, 0xb8, 0x56, 0x3c, 0x6e, 0xd6, 0x69, 0x3c, 0xc7, 0xcd, 0x0b, 0x3c,
    0x7d, 0x9c, 0x01, 0x3c, 0xdb, 0xdd, 0x49, 0x3c, 0xb8, 0xa7, 0x28, 0x3c,
    0x53, 0x5e, 0xb7, 0x3b, 0xfd, 0xa1, 0x3c, 0x3c, 0xbd, 0xcd, 0x3c, 0x3c,
    0x0a, 0x88, 0x7c, 0x3c, 0x28, 0x38, 0x35, 0x3c, 0xed, 0x3f, 0x02, 0x3c,
    0xbf, 0xb9, 0xf5, 0x3b, 0x5c, 0xde, 0x75, 0x3c, 0x58, 0xc8, 0xee, 0x3b,
    0xb6, 0xba, 0x51, 0x3c, 0x7b, 0x4b, 0x7a, 0x3c, 0xc4, 0x37, 0x41, 0x3c,
    0xdc, 0xad, 0x6a, 0x3c, 0x02, 0xd7, 0xfb, 0x3b, 0xd5, 0xa6, 0x0c, 0x3c,
    0x04, 0xc8, 0x37, 0x3c, 0xb1, 0x07, 0xdb, 0x3b, 0xf1, 0xb3, 0x3e, 0x3c,
    0xb8, 0x22, 0x84, 0x3c, 0x38, 0x8d, 0x34, 0x3c, 0x7b, 0xaa, 0x72, 0x3c,
    0x0d, 0x82, 0xee, 0x3b, 0x20, 0xcf, 0xdd, 0x3b, 0xcd, 0x28, 0x45, 0x3c,
    0xfe, 0x30, 0xc1, 0x3b, 0x58, 0xd6, 0x49, 0x3c, 0xfc, 0x2e, 0x15, 0x3c,
    0xc3, 0xc8, 0x2a, 0x3c, 0xe9, 0x4a, 0x30, 0x3c, 0x26, 0xf7, 0x32, 0x3c,
    0x6b, 0xdf, 0x64, 0x3b, 0x8d, 0xad, 0x36, 0x3c, 0x4d, 0xa2, 0x96, 0x3c,
    0x94, 0x26, 0x36, 0x3c, 0x61, 0xaf, 0xfe, 0x3b, 0xf5, 0x84, 0x49, 0x3c,
    0xd8, 0x23, 0x04, 0x3c, 0x0f, 0xa4, 0x0e, 0x3c, 0xd5, 0x6d, 0x48, 0x3c,
    0xc2, 0x22, 0x3d, 0x3c, 0xf3, 0x5a, 0xe6, 0x3b, 0xf1, 0x2f, 0x89, 0x3c,
    0x91, 0xab, 0x12, 0x3c, 0x51, 0x45, 0x6c, 0x3c, 0x66, 0xee, 0x77, 0x3c,
    0x28, 0x65, 0x92, 0x3b, 0x2c, 0xc7, 0x30, 0x3c, 0xa1, 0x39, 0x54, 0x3c,
    0x9a, 0x61, 0x93, 0x3c, 0x13, 0x00, 0x00, 0x00, 0x74, 0x66, 0x6c, 0x2e,
    0x70, 0x73, 0x65, 0x75, 0x64, 0x6f, 0x5f, 0x71, 0x63, 0x6f, 0x6e, 0x73,
    0x74, 0x31, 0x35, 0x00, 0x04, 0x00, 0x00, 0x00, 0x3c, 0x00, 0x00, 0x00,
    0x01, 0x00, 0x00, 0x00, 0x01, 0x00, 0x00, 0x00, 0x1e, 0x00, 0x00, 0x00,
    0x92, 0xd4, 0xff, 0xff, 0x00, 0x00, 0x00, 0x01, 0x14, 0x00, 0x00, 0x00,
    0xf8, 0x02, 0x00, 0x00, 0x16, 0x00, 0x00, 0x00, 0x00, 0x00, 0x00, 0x02,
    0x04, 0x03, 0x00, 0x00, 0x7c, 0xd4, 0xff, 0xff, 0x08, 0x00, 0x00, 0x00,
    0xec, 0x01, 0x00, 0x00, 0x3c, 0x00, 0x00, 0x00, 0x00, 0x00, 0x00, 0x00,
    0x00, 0x00, 0x00, 0x00, 0x00, 0x00, 0x00, 0x00, 0x00, 0x00, 0x00, 0x00,
    0x00, 0x00, 0x00, 0x00, 0x00, 0x00, 0x00, 0x00, 0x00, 0x00, 0x00, 0x00,
    0x00, 0x00, 0x00, 0x00, 0x00, 0x00, 0x00, 0x00, 0x00, 0x00, 0x00, 0x00,
    0x00, 0x00, 0x00, 0x00, 0x00, 0x00, 0x00, 0x00, 0x00, 0x00, 0x00, 0x00,
    0x00, 0x00, 0x00, 0x00, 0x00, 0x00, 0x00, 0x00, 0x00, 0x00, 0x00, 0x00,
    0x00, 0x00, 0x00, 0x00, 0x00, 0x00, 0x00, 0x00, 0x00, 0x00, 0x00, 0x00,
    0x00, 0x00, 0x00, 0x00, 0x00, 0x00, 0x00, 0x00, 0x00, 0x00, 0x00, 0x00,
    0x00, 0x00, 0x00, 0x00, 0x00, 0x00, 0x00, 0x00, 0x00, 0x00, 0x00, 0x00,
    0x00, 0x00, 0x00, 0x00, 0x00, 0x00, 0x00, 0x00, 0x00, 0x00, 0x00, 0x00,
    0x00, 0x00, 0x00, 0x00, 0x00, 0x00, 0x00, 0x00, 0x00, 0x00, 0x00, 0x00,
    0x00, 0x00, 0x00, 0x00, 0x00, 0x00, 0x00, 0x00, 0x00, 0x00, 0x00, 0x00,
    0x00, 0x00, 0x00, 0x00, 0x00, 0x00, 0x00, 0x00, 0x00, 0x00, 0x00, 0x00,
    0x00, 0x00, 0x00, 0x00, 0x00, 0x00, 0x00, 0x00, 0x00, 0x00, 0x00, 0x00,
    0x00, 0x00, 0x00, 0x00, 0x00, 0x00, 0x00, 0x00, 0x00, 0x00, 0x00, 0x00,
    0x00, 0x00, 0x00, 0x00, 0x00, 0x00, 0x00, 0x00, 0x00, 0x00, 0x00, 0x00,
    0x00, 0x00, 0x00, 0x00, 0x00, 0x00, 0x00, 0x00, 0x00, 0x00, 0x00, 0x00,
    0x00, 0x00, 0x00, 0x00, 0x00, 0x00, 0x00, 0x00, 0x00, 0x00, 0x00, 0x00,
    0x00, 0x00, 0x00, 0x00, 0x00, 0x00, 0x00, 0x00, 0x00, 0x00, 0x00, 0x00,
    0x00, 0x00, 0x00, 0x00, 0x00, 0x00, 0x00, 0x00, 0x00, 0x00, 0x00, 0x00,
    0x00, 0x00, 0x00, 0x00, 0x00, 0x00, 0x00, 0x00, 0x00, 0x00, 0x00, 0x00,
    0x00, 0x00, 0x00, 0x00, 0x00, 0x00, 0x00, 0x00, 0x00, 0x00, 0x00, 0x00,
    0x00, 0x00, 0x00, 0x00, 0x00, 0x00, 0x00, 0x00, 0x00, 0x00, 0x00, 0x00,
    0x00, 0x00, 0x00, 0x00, 0x00, 0x00, 0x00, 0x00, 0x00, 0x00, 0x00, 0x00,
    0x00, 0x00, 0x00, 0x00, 0x00, 0x00, 0x00, 0x00, 0x00, 0x00, 0x00, 0x00,
    0x00, 0x00, 0x00, 0x00, 0x00, 0x00, 0x00, 0x00, 0x00, 0x00, 0x00, 0x00,
    0x00, 0x00, 0x00, 0x00, 0x00, 0x00, 0x00, 0x00, 0x00, 0x00, 0x00, 0x00,
    0x00, 0x00, 0x00, 0x00, 0x00, 0x00, 0x00, 0x00, 0x00, 0x00, 0x00, 0x00,
    0x00, 0x00, 0x00, 0x00, 0x00, 0x00, 0x00, 0x00, 0x00, 0x00, 0x00, 0x00,
    0x00, 0x00, 0x00, 0x00, 0x00, 0x00, 0x00, 0x00, 0x00, 0x00, 0x00, 0x00,
    0x00, 0x00, 0x00, 0x00, 0x00, 0x00, 0x00, 0x00, 0x00, 0x00, 0x00, 0x00,
    0x00, 0x00, 0x00, 0x00, 0x00, 0x00, 0x00, 0x00, 0x00, 0x00, 0x00, 0x00,
    0x00, 0x00, 0x00, 0x00, 0x00, 0x00, 0x00, 0x00, 0x00, 0x00, 0x00, 0x00,
    0x00, 0x00, 0x00, 0x00, 0x00, 0x00, 0x00, 0x00, 0x00, 0x00, 0x00, 0x00,
    0x00, 0x00, 0x00, 0x00, 0x00, 0x00, 0x00, 0x00, 0x00, 0x00, 0x00, 0x00,
    0x00, 0x00, 0x00, 0x00, 0x00, 0x00, 0x00, 0x00, 0x00, 0x00, 0x00, 0x00,
    0x00, 0x00, 0x00, 0x00, 0x00, 0x00, 0x00, 0x00, 0x00, 0x00, 0x00, 0x00,
    0x00, 0x00, 0x00, 0x00, 0x00, 0x00, 0x00, 0x00, 0x00, 0x00, 0x00, 0x00,
    0x00, 0x00, 0x00, 0x00, 0x00, 0x00, 0x00, 0x00, 0x00, 0x00, 0x00, 0x00,
    0x00, 0x00, 0x00, 0x00, 0x00, 0x00, 0x00, 0x00, 0x00, 0x00, 0x00, 0x00,
    0x00, 0x00, 0x00, 0x00, 0x00, 0x00, 0x00, 0x00, 0x00, 0x00, 0x00, 0x00,
    0x3c, 0x00, 0x00, 0x00, 0xfe, 0x8d, 0x81, 0x39, 0x36, 0x51, 0x6c, 0x39,
    0xaf, 0x9e, 0x63, 0x39, 0xe3, 0x90, 0x69, 0x39, 0x7c, 0x68, 0x83, 0x39,
    0xba, 0x7e, 0x89, 0x39, 0x48, 0xbc, 0x95, 0x39, 0x38, 0x0b, 0x33, 0x39,
    0x8f, 0xfd, 0x25, 0x39, 0x60, 0x43, 0x81, 0x39, 0x3e, 0xfe, 0x57, 0x39,
    0x0e, 0xd6, 0xea, 0x38, 0xfb, 0x93, 0x71, 0x39, 0x02, 0xcc, 0x71, 0x39,
    0xb2, 0xb4, 0xa1, 0x39, 0x77, 0x15, 0x68, 0x39, 0xde, 0xce, 0x26, 0x39,
    0x0a, 0x59, 0x1d, 0x39, 0x7b, 0x70, 0x9d, 0x39, 0xe5, 0xe6, 0x18, 0x39,
    0x49, 0x4c, 0x86, 0x39, 0x11, 0x46, 0xa0, 0x39, 0x36, 0x73, 0x77, 0x39,
    0x3b, 0x46, 0x96, 0x39, 0x56, 0x43, 0x21, 0x39, 0x33, 0x21, 0x34, 0x39,
    0x69, 0x5d, 0x6b, 0x39, 0xec, 0x40, 0x0c, 0x39, 0xae, 0x3a, 0x74, 0x39,
    0x2c, 0x39, 0xa9, 0x39, 0x8d, 0x3a, 0x67, 0x39, 0x7b, 0x63, 0x9b, 0x39,
    0xe3, 0xb9, 0x18, 0x39, 0x7b, 0x08, 0x0e, 0x39, 0x76, 0x7f, 0x7c, 0x39,
    0x89, 0x6a, 0xf7, 0x38, 0x91, 0x3e, 0x81, 0x39, 0x65, 0x0e, 0x3f, 0x39,
    0x44, 0xb8, 0x5a, 0x39, 0x37, 0xc6, 0x61, 0x39, 0x81, 0x32, 0x65, 0x39,
    0x67, 0x8e, 0x92, 0x38, 0xaa, 0xf3, 0x69, 0x39, 0xef, 0xe9, 0xc0, 0x39,
    0xcf, 0x46, 0x69, 0x39, 0xbe, 0x15, 0x23, 0x39, 0x73, 0x0a, 0x81, 0x39,
    0x9d, 0x3a, 0x29, 0x39, 0x5a, 0xad, 0x36, 0x39, 0xb7, 0x57, 0x80, 0x39,
    0xe4, 0x38, 0x72, 0x39, 0x6e, 0x81, 0x13, 0x39, 0x60, 0xb1, 0xaf, 0x39,
    0x62, 0xd6, 0x3b, 0x39, 0x24, 0x4b, 0x97, 0x39, 0x9b, 0xc2, 0x9e, 0x39,
    0x36, 0x7c, 0xbb, 0x38, 0x5a, 0x65, 0x62, 0x39, 0x69, 0xe5, 0x87, 0x39,
    0x83, 0xbf, 0xbc, 0x39, 0x13, 0x00, 0x00, 0x00, 0x74, 0x66, 0x6c, 0x2e,
    0x70, 0x73, 0x65, 0x75, 0x64, 0x6f, 0x5f, 0x71, 0x63, 0x6f, 0x6e, 0x73,
    0x74, 0x31, 0x34, 0x00, 0x01, 0x00, 0x00, 0x00, 0x3c, 0x00, 0x00, 0x00,
    0xb6, 0xd7, 0xff, 0xff, 0x00, 0x00, 0x00, 0x01, 0x14, 0x00, 0x00, 0x00,
    0xfc, 0x02, 0x00, 0x00, 0x15, 0x00, 0x00, 0x00, 0x00, 0x00, 0x00, 0x09,
    0x08, 0x03, 0x00, 0x00, 0x9a, 0xe6, 0xff, 0xff, 0x03, 0x00, 0x00, 0x00,
    0x08, 0x00, 0x00, 0x00, 0xec, 0x01, 0x00, 0x00, 0x3c, 0x00, 0x00, 0x00,
    0x00, 0x00, 0x00, 0x00, 0x00, 0x00, 0x00, 0x00, 0x00, 0x00, 0x00, 0x00,
    0x00, 0x00, 0x00, 0x00, 0x00, 0x00, 0x00, 0x00, 0x00, 0x00, 0x00, 0x00,
    0x00, 0x00, 0x00, 0x00, 0x00, 0x00, 0x00, 0x00, 0x00, 0x00, 0x00, 0x00,
    0x00, 0x00, 0x00, 0x00, 0x00, 0x00, 0x00, 0x00, 0x00, 0x00, 0x00, 0x00,
    0x00, 0x00, 0x00, 0x00, 0x00, 0x00, 0x00, 0x00, 0x00, 0x00, 0x00, 0x00,
    0x00, 0x00, 0x00, 0x00, 0x00, 0x00, 0x00, 0x00, 0x00, 0x00, 0x00, 0x00,
    0x00, 0x00, 0x00, 0x00, 0x00, 0x00, 0x00, 0x00, 0x00, 0x00, 0x00, 0x00,
    0x00, 0x00, 0x00, 0x00, 0x00, 0x00, 0x00, 0x00, 0x00, 0x00, 0x00, 0x00,
    0x00, 0x00, 0x00, 0x00, 0x00, 0x00, 0x00, 0x00, 0x00, 0x00, 0x00, 0x00,
    0x00, 0x00, 0x00, 0x00, 0x00, 0x00, 0x00, 0x00, 0x00, 0x00, 0x00, 0x00,
    0x00, 0x00, 0x00, 0x00, 0x00, 0x00, 0x00, 0x00, 0x00, 0x00, 0x00, 0x00,
    0x00, 0x00, 0x00, 0x00, 0x00, 0x00, 0x00, 0x00, 0x00, 0x00, 0x00, 0x00,
    0x00, 0x00, 0x00, 0x00, 0x00, 0x00, 0x00, 0x00, 0x00, 0x00, 0x00, 0x00,
    0x00, 0x00, 0x00, 0x00, 0x00, 0x00, 0x00, 0x00, 0x00, 0x00, 0x00, 0x00,
    0x00, 0x00, 0x00, 0x00, 0x00, 0x00, 0x00, 0x00, 0x00, 0x00, 0x00, 0x00,
    0x00, 0x00, 0x00, 0x00, 0x00, 0x00, 0x00, 0x00, 0x00, 0x00, 0x00, 0x00,
    0x00, 0x00, 0x00, 0x00, 0x00, 0x00, 0x00, 0x00, 0x00, 0x00, 0x00, 0x00,
    0x00, 0x00, 0x00, 0x00, 0x00, 0x00, 0x00, 0x00, 0x00, 0x00, 0x00, 0x00,
    0x00, 0x00, 0x00, 0x00, 0x00, 0x00, 0x00, 0x00, 0x00, 0x00, 0x00, 0x00,
    0x00, 0x00, 0x00, 0x00, 0x00, 0x00, 0x00, 0x00, 0x00, 0x00, 0x00, 0x00,
    0x00, 0x00, 0x00, 0x00, 0x00, 0x00, 0x00, 0x00, 0x00, 0x00, 0x00, 0x00,
    0x00, 0x00, 0x00, 0x00, 0x00, 0x00, 0x00, 0x00, 0x00, 0x00, 0x00, 0x00,
    0x00, 0x00, 0x00, 0x00, 0x00, 0x00, 0x00, 0x00, 0x00, 0x00, 0x00, 0x00,
    0x00, 0x00, 0x00, 0x00, 0x00, 0x00, 0x00, 0x00, 0x00, 0x00, 0x00, 0x00,
    0x00, 0x00, 0x00, 0x00, 0x00, 0x00, 0x00, 0x00, 0x00, 0x00, 0x00, 0x00,
    0x00, 0x00, 0x00, 0x00, 0x00, 0x00, 0x00, 0x00, 0x00, 0x00, 0x00, 0x00,
    0x00, 0x00, 0x00, 0x00, 0x00, 0x00, 0x00, 0x00, 0x00, 0x00, 0x00, 0x00,
    0x00, 0x00, 0x00, 0x00, 0x00, 0x00, 0x00, 0x00, 0x00, 0x00, 0x00, 0x00,
    0x00, 0x00, 0x00, 0x00, 0x00, 0x00, 0x00, 0x00, 0x00, 0x00, 0x00, 0x00,
    0x00, 0x00, 0x00, 0x00, 0x00, 0x00, 0x00, 0x00, 0x00, 0x00, 0x00, 0x00,
    0x00, 0x00, 0x00, 0x00, 0x00, 0x00, 0x00, 0x00, 0x00, 0x00, 0x00, 0x00,
    0x00, 0x00, 0x00, 0x00, 0x00, 0x00, 0x00, 0x00, 0x00, 0x00, 0x00, 0x00,
    0x00, 0x00, 0x00, 0x00, 0x00, 0x00, 0x00, 0x00, 0x00, 0x00, 0x00, 0x00,
    0x00, 0x00, 0x00, 0x00, 0x00, 0x00, 0x00, 0x00, 0x00, 0x00, 0x00, 0x00,
    0x00, 0x00, 0x00, 0x00, 0x00, 0x00, 0x00, 0x00, 0x00, 0x00, 0x00, 0x00,
    0x00, 0x00, 0x00, 0x00, 0x00, 0x00, 0x00, 0x00, 0x00, 0x00, 0x00, 0x00,
    0x00, 0x00, 0x00, 0x00, 0x00, 0x00, 0x00, 0x00, 0x00, 0x00, 0x00, 0x00,
    0x00, 0x00, 0x00, 0x00, 0x00, 0x00, 0x00, 0x00, 0x00, 0x00, 0x00, 0x00,
    0x00, 0x00, 0x00, 0x00, 0x00, 0x00, 0x00, 0x00, 0x00, 0x00, 0x00, 0x00,
    0x00, 0x00, 0x00, 0x00, 0x00, 0x00, 0x00, 0x00, 0x00, 0x00, 0x00, 0x00,
    0x00, 0x00, 0x00, 0x00, 0x3c, 0x00, 0x00, 0x00, 0x35, 0x7f, 0x32, 0x3b,
    0x7a, 0x12, 0x05, 0x3b, 0x71, 0xf4, 0xd7, 0x3a, 0x7d, 0xc5, 0xde, 0x3a,
    0x34, 0x87, 0x23, 0x3b, 0xef, 0xcf, 0x31, 0x3b, 0xbb, 0xcb, 0x1e, 0x3b,
    0xdc, 0xb6, 0xd6, 0x3a, 0x17, 0xa0, 0xf9, 0x3a, 0x31, 0xbf, 0x03, 0x3b,
    0xc2, 0x48, 0xf1, 0x3a, 0xe1, 0x9f, 0x74, 0x3a, 0xf5, 0x9d, 0x04, 0x3b,
    0x5a, 0x00, 0xe4, 0x3a, 0x32, 0xbb, 0x85, 0x3b, 0xf7, 0x59, 0xee, 0x3a,
    0xa7, 0xf8, 0x8f, 0x3a, 0x34, 0xa6, 0x11, 0x3b, 0xe5, 0x84, 0x2f, 0x3b,
    0x68, 0x2b, 0xd7, 0x3a, 0x8e, 0xf8, 0xd7, 0x3a, 0x0a, 0x61, 0xf2, 0x3a,
    0xf8, 0xf2, 0x15, 0x3b, 0x54, 0x36, 0x7a, 0x3b, 0x24, 0xcb, 0x51, 0x3b,
    0xc3, 0x98, 0xdd, 0x3a, 0x35, 0x2b, 0x02, 0x3b, 0xe8, 0xfa, 0xac, 0x3a,
    0x7d, 0xa2, 0xe4, 0x3a, 0xcb, 0x4b, 0x38, 0x3b, 0x88, 0xda, 0xa8, 0x3a,
    0x6a, 0xf4, 0x60, 0x3b, 0x76, 0x1f, 0xa8, 0x3a, 0xb3, 0xf3, 0x54, 0x3b,
    0x9b, 0x9a, 0x1c, 0x3b, 0x05, 0xa6, 0x16, 0x3b, 0x77, 0x14, 0x19, 0x3b,
    0xac, 0x94, 0xd0, 0x3a, 0xde, 0x6f, 0x2b, 0x3b, 0xf6, 0xa8, 0x07, 0x3b,
    0xac, 0xfc, 0x16, 0x3b, 0xa2, 0x52, 0x8a, 0x3a, 0xf9, 0x80, 0x1d, 0x3b,
    0xe8, 0x21, 0x19, 0x3b, 0x5e, 0x6a, 0xa3, 0x3a, 0x3d, 0x86, 0xca, 0x3a,
    0x8b, 0x4e, 0xc5, 0x3a, 0x09, 0x2f, 0x0f, 0x3b, 0x63, 0x7a, 0xd1, 0x3a,
    0xc5, 0x7b, 0x1a, 0x3b, 0x98, 0xe9, 0x28, 0x3b, 0x22, 0x23, 0xcf, 0x3a,
    0x77, 0x49, 0x87, 0x3b, 0x1b, 0x5a, 0xb7, 0x3a, 0xf3, 0xc6, 0x2b, 0x3b,
    0x14, 0x94, 0x4e, 0x3b, 0x2c, 0x78, 0x80, 0x3a, 0x01, 0xba, 0x04, 0x3b,
    0xac, 0x29, 0x09, 0x3b, 0x51, 0xa4, 0x0b, 0x3b, 0x13, 0x00, 0x00, 0x00,
    0x74, 0x66, 0x6c, 0x2e, 0x70, 0x73, 0x65, 0x75, 0x64, 0x6f, 0x5f, 0x71,
    0x63, 0x6f, 0x6e, 0x73, 0x74, 0x31, 0x33, 0x00, 0x04, 0x00, 0x00, 0x00,
    0x01, 0x00, 0x00, 0x00, 0x09, 0x00, 0x00, 0x00, 0x01, 0x00, 0x00, 0x00,
    0x3c, 0x00, 0x00, 0x00, 0xea, 0xda, 0xff, 0xff, 0x00, 0x00, 0x00, 0x01,
    0x14, 0x00, 0x00, 0x00, 0xf4, 0x02, 0x00, 0x00, 0x14, 0x00, 0x00, 0x00,
    0x00, 0x00, 0x00, 0x02, 0x00, 0x03, 0x00, 0x00, 0xd4, 0xda, 0xff, 0xff,
    0x08, 0x00, 0x00, 0x00, 0xe8, 0x01, 0x00, 0x00, 0x3c, 0x00, 0x00, 0x00,
    0x00, 0x00, 0x00, 0x00, 0x00, 0x00, 0x00, 0x00, 0x00, 0x00, 0x00, 0x00,
    0x00, 0x00, 0x00, 0x00, 0x00, 0x00, 0x00, 0x00, 0x00, 0x00, 0x00, 0x00,
    0x00, 0x00, 0x00, 0x00, 0x00, 0x00, 0x00, 0x00, 0x00, 0x00, 0x00, 0x00,
    0x00, 0x00, 0x00, 0x00, 0x00, 0x00, 0x00, 0x00, 0x00, 0x00, 0x00, 0x00,
    0x00, 0x00, 0x00, 0x00, 0x00, 0x00, 0x00, 0x00, 0x00, 0x00, 0x00, 0x00,
    0x00, 0x00, 0x00, 0x00, 0x00, 0x00, 0x00, 0x00, 0x00, 0x00, 0x00, 0x00,
    0x00, 0x00, 0x00, 0x00, 0x00, 0x00, 0x00, 0x00, 0x00, 0x00, 0x00, 0x00,
    0x00, 0x00, 0x00, 0x00, 0x00, 0x00, 0x00, 0x00, 0x00, 0x00, 0x00, 0x00,
    0x00, 0x00, 0x00, 0x00, 0x00, 0x00, 0x00, 0x00, 0x00, 0x00, 0x00, 0x00,
    0x00, 0x00, 0x00, 0x00, 0x00, 0x00, 0x00, 0x00, 0x00, 0x00, 0x00, 0x00,
    0x00, 0x00, 0x00, 0x00, 0x00, 0x00, 0x00, 0x00, 0x00, 0x00, 0x00, 0x00,
    0x00, 0x00, 0x00, 0x00, 0x00, 0x00, 0x00, 0x00, 0x00, 0x00, 0x00, 0x00,
    0x00, 0x00, 0x00, 0x00, 0x00, 0x00, 0x00, 0x00, 0x00, 0x00, 0x00, 0x00,
    0x00, 0x00, 0x00, 0x00, 0x00, 0x00, 0x00, 0x00, 0x00, 0x00, 0x00, 0x00,
    0x00, 0x00, 0x00, 0x00, 0x00, 0x00, 0x00, 0x00, 0x00, 0x00, 0x00, 0x00,
    0x00, 0x00, 0x00, 0x00, 0x00, 0x00, 0x00, 0x00, 0x00, 0x00, 0x00, 0x00,
    0x00, 0x00, 0x00, 0x00, 0x00, 0x00, 0x00, 0x00, 0x00, 0x00, 0x00, 0x00,
    0x00, 0x00, 0x00, 0x00, 0x00, 0x00, 0x00, 0x00, 0x00, 0x00, 0x00, 0x00,
    0x00, 0x00, 0x00, 0x00, 0x00, 0x00, 0x00, 0x00, 0x00, 0x00, 0x00, 0x00,
    0x00, 0x00, 0x00, 0x00, 0x00, 0x00, 0x00, 0x00, 0x00, 0x00, 0x00, 0x00,
    0x00, 0x00, 0x00, 0x00, 0x00, 0x00, 0x00, 0x00, 0x00, 0x00, 0x00, 0x00,
    0x00, 0x00, 0x00, 0x00, 0x00, 0x00, 0x00, 0x00, 0x00, 0x00, 0x00, 0x00,
    0x00, 0x00, 0x00, 0x00, 0x00, 0x00, 0x00, 0x00, 0x00, 0x00, 0x00, 0x00,
    0x00, 0x00, 0x00, 0x00, 0x00, 0x00, 0x00, 0x00, 0x00, 0x00, 0x00, 0x00,
    0x00, 0x00, 0x00, 0x00, 0x00, 0x00, 0x00, 0x00, 0x00, 0x00, 0x00, 0x00,
    0x00, 0x00, 0x00, 0x00, 0x00, 0x00, 0x00, 0x00, 0x00, 0x00, 0x00, 0x00,
    0x00, 0x00, 0x00, 0x00, 0x00, 0x00, 0x00, 0x00, 0x00, 0x00, 0x00, 0x00,
    0x00, 0x00, 0x00, 0x00, 0x00, 0x00, 0x00, 0x00, 0x00, 0x00, 0x00, 0x00,
    0x00, 0x00, 0x00, 0x00, 0x00, 0x00, 0x00, 0x00, 0x00, 0x00, 0x00, 0x00,
    0x00, 0x00, 0x00, 0x00, 0x00, 0x00, 0x00, 0x00, 0x00, 0x00, 0x00, 0x00,
    0x00, 0x00, 0x00, 0x00, 0x00, 0x00, 0x00, 0x00, 0x00, 0x00, 0x00, 0x00,
    0x00, 0x00, 0x00, 0x00, 0x00, 0x00, 0x00, 0x00, 0x00, 0x00, 0x00, 0x00,
    0x00, 0x00, 0x00, 0x00, 0x00, 0x00, 0x00, 0x00, 0x00, 0x00, 0x00, 0x00,
    0x00, 0x00, 0x00, 0x00, 0x00, 0x00, 0x00, 0x00, 0x00, 0x00, 0x00, 0x00,
    0x00, 0x00, 0x00, 0x00, 0x00, 0x00, 0x00, 0x00, 0x00, 0x00, 0x00, 0x00,
    0x00, 0x00, 0x00, 0x00, 0x00, 0x00, 0x00, 0x00, 0x00, 0x00, 0x00, 0x00,
    0x00, 0x00, 0x00, 0x00, 0x00, 0x00, 0x00, 0x00, 0x00, 0x00, 0x00, 0x00,
    0x00, 0x00, 0x00, 0x00, 0x00, 0x00, 0x00, 0x00, 0x00, 0x00, 0x00, 0x00,
    0x00, 0x00, 0x00, 0x00, 0x00, 0x00, 0x00, 0x00, 0x00, 0x00, 0x00, 0x00,
    0x00, 0x00, 0x00, 0x00, 0x00, 0x00, 0x00, 0x00, 0x00, 0x00, 0x00, 0x00,
    0x3c, 0x00, 0x00, 0x00, 0x49, 0x94, 0x8d, 0x38, 0x57, 0x19, 0x53, 0x38,
    0x3a, 0x4a, 0x2b, 0x38, 0x5a, 0xb2, 0x30, 0x38, 0xd7, 0xb4, 0x81, 0x38,
    0x44, 0x09, 0x8d, 0x38, 0xdb, 0xe7, 0x7b, 0x38, 0x54, 0x4e, 0x2a, 0x38,
    0x1d, 0xff, 0x45, 0x38, 0x1e, 0xff, 0x50, 0x38, 0x6c, 0x61, 0x3f, 0x38,
    0xaf, 0x07, 0xc2, 0x37, 0x80, 0x60, 0x52, 0x38, 0x4e, 0xd8, 0x34, 0x38,
    0xfd, 0x24, 0xd4, 0x38, 0xea, 0x0d, 0x3d, 0x38, 0x89, 0x63, 0xe4, 0x37,
    0xf4, 0x0c, 0x67, 0x38, 0xa4, 0x37, 0x8b, 0x38, 0xc5, 0xaa, 0x2a, 0x38,
    0x7d, 0x4d, 0x2b, 0x38, 0xbc, 0x3f, 0x40, 0x38, 0x27, 0xdf, 0x6d, 0x38,
    0x47, 0x76, 0xc6, 0x38, 0x27, 0x67, 0xa6, 0x38, 0xd3, 0xc3, 0x2f, 0x38,
    0x42, 0x7e, 0x4e, 0x38, 0x16, 0x34, 0x09, 0x38, 0xe9, 0x58, 0x35, 0x38,
    0xd3, 0x2d, 0x92, 0x38, 0x32, 0xee, 0x05, 0x38, 0xae, 0x6d, 0xb2, 0x38,
    0xd1, 0x59, 0x05, 0x38, 0x7b, 0xe8, 0xa8, 0x38, 0xb7, 0x6d, 0x78, 0x38,
    0x31, 0xfb, 0x6e, 0x38, 0x9b, 0xd6, 0x72, 0x38, 0xe5, 0x70, 0x25, 0x38,
    0xc0, 0xfa, 0x87, 0x38, 0x46, 0x34, 0x57, 0x38, 0xa7, 0x84, 0x6f, 0x38,
    0xa5, 0x6d, 0xdb, 0x37, 0x29, 0xdb, 0x79, 0x38, 0xee, 0xeb, 0x72, 0x38,
    0xf7, 0x9d, 0x01, 0x38, 0x21, 0xa3, 0x20, 0x38, 0xb1, 0x7f, 0x1c, 0x38,
    0xb3, 0x23, 0x63, 0x38, 0x19, 0x27, 0x26, 0x38, 0x97, 0x10, 0x75, 0x38,
    0x25, 0xfa, 0x85, 0x38, 0xc9, 0x4b, 0x24, 0x38, 0xc9, 0x9c, 0xd6, 0x38,
    0x1f, 0x6e, 0x11, 0x38, 0xd2, 0x3f, 0x88, 0x38, 0x51, 0xda, 0xa3, 0x38,
    0x23, 0xcc, 0xcb, 0x37, 0xfe, 0x8c, 0x52, 0x38, 0x8f, 0x96, 0x59, 0x38,
    0x54, 0x85, 0x5d, 0x38, 0x13, 0x00, 0x00, 0x00, 0x74, 0x66, 0x6c, 0x2e,
    0x70, 0x73, 0x65, 0x75, 0x64, 0x6f, 0x5f, 0x71, 0x63, 0x6f, 0x6e, 0x73,
    0x74, 0x31, 0x32, 0x00, 0x01, 0x00, 0x00, 0x00, 0x3c, 0x00, 0x00, 0x00,
    0x0a, 0xde, 0xff, 0xff, 0x00, 0x00, 0x00, 0x01, 0x14, 0x00, 0x00, 0x00,
    0xf8, 0x02, 0x00, 0x00, 0x13, 0x00, 0x00, 0x00, 0x00, 0x00, 0x00, 0x09,
    0x04, 0x03, 0x00, 0x00, 0xf4, 0xdd, 0xff, 0xff, 0x08, 0x00, 0x00, 0x00,
    0xec, 0x01, 0x00, 0x00, 0x3c, 0x00, 0x00, 0x00, 0x00, 0x00, 0x00, 0x00,
    0x00, 0x00, 0x00, 0x00, 0x00, 0x00, 0x00, 0x00, 0x00, 0x00, 0x00, 0x00,
    0x00, 0x00, 0x00, 0x00, 0x00, 0x00, 0x00, 0x00, 0x00, 0x00, 0x00, 0x00,
    0x00, 0x00, 0x00, 0x00, 0x00, 0x00, 0x00, 0x00, 0x00, 0x00, 0x00, 0x00,
    0x00, 0x00, 0x00, 0x00, 0x00, 0x00, 0x00, 0x00, 0x00, 0x00, 0x00, 0x00,
    0x00, 0x00, 0x00, 0x00, 0x00, 0x00, 0x00, 0x00, 0x00, 0x00, 0x00, 0x00,
    0x00, 0x00, 0x00, 0x00, 0x00, 0x00, 0x00, 0x00, 0x00, 0x00, 0x00, 0x00,
    0x00, 0x00, 0x00, 0x00, 0x00, 0x00, 0x00, 0x00, 0x00, 0x00, 0x00, 0x00,
    0x00, 0x00, 0x00, 0x00, 0x00, 0x00, 0x00, 0x00, 0x00, 0x00, 0x00, 0x00,
    0x00, 0x00, 0x00, 0x00, 0x00, 0x00, 0x00, 0x00, 0x00, 0x00, 0x00, 0x00,
    0x00, 0x00, 0x00, 0x00, 0x00, 0x00, 0x00, 0x00, 0x00, 0x00, 0x00, 0x00,
    0x00, 0x00, 0x00, 0x00, 0x00, 0x00, 0x00, 0x00, 0x00, 0x00, 0x00, 0x00,
    0x00, 0x00, 0x00, 0x00, 0x00, 0x00, 0x00, 0x00, 0x00, 0x00, 0x00, 0x00,
    0x00, 0x00, 0x00, 0x00, 0x00, 0x00, 0x00, 0x00, 0x00, 0x00, 0x00, 0x00,
    0x00, 0x00, 0x00, 0x00, 0x00, 0x00, 0x00, 0x00, 0x00, 0x00, 0x00, 0x00,
    0x00, 0x00, 0x00, 0x00, 0x00, 0x00, 0x00, 0x00, 0x00, 0x00, 0x00, 0x00,
    0x00, 0x00, 0x00, 0x00, 0x00, 0x00, 0x00, 0x00, 0x00, 0x00, 0x00, 0x00,
    0x00, 0x00, 0x00, 0x00, 0x00, 0x00, 0x00, 0x00, 0x00, 0x00, 0x00, 0x00,
    0x00, 0x00, 0x00, 0x00, 0x00, 0x00, 0x00, 0x00, 0x00, 0x00, 0x00, 0x00,
    0x00, 0x00, 0x00, 0x00, 0x00, 0x00, 0x00, 0x00, 0x00, 0x00, 0x00, 0x00,
    0x00, 0x00, 0x00, 0x00, 0x00, 0x00, 0x00, 0x00, 0x00, 0x00, 0x00, 0x00,
    0x00, 0x00, 0x00, 0x00, 0x00, 0x00, 0x00, 0x00, 0x00, 0x00, 0x00, 0x00,
    0x00, 0x00, 0x00, 0x00, 0x00, 0x00, 0x00, 0x00, 0x00, 0x00, 0x00, 0x00,
    0x00, 0x00, 0x00, 0x00, 0x00, 0x00, 0x00, 0x00, 0x00, 0x00, 0x00, 0x00,
    0x00, 0x00, 0x00, 0x00, 0x00, 0x00, 0x00, 0x00, 0x00, 0x00, 0x00, 0x00,
    0x00, 0x00, 0x00, 0x00, 0x00, 0x00, 0x00, 0x00, 0x00, 0x00, 0x00, 0x00,
    0x00, 0x00, 0x00, 0x00, 0x00, 0x00, 0x00, 0x00, 0x00, 0x00, 0x00, 0x00,
    0x00, 0x00, 0x00, 0x00, 0x00, 0x00, 0x00, 0x00, 0x00, 0x00, 0x00, 0x00,
    0x00, 0x00, 0x00, 0x00, 0x00, 0x00, 0x00, 0x00, 0x00, 0x00, 0x00, 0x00,
    0x00, 0x00, 0x00, 0x00, 0x00, 0x00, 0x00, 0x00, 0x00, 0x00, 0x00, 0x00,
    0x00, 0x00, 0x00, 0x00, 0x00, 0x00, 0x00, 0x00, 0x00, 0x00, 0x00, 0x00,
    0x00, 0x00, 0x00, 0x00, 0x00, 0x00, 0x00, 0x00, 0x00, 0x00, 0x00, 0x00,
    0x00, 0x00, 0x00, 0x00, 0x00, 0x00, 0x00, 0x00, 0x00, 0x00, 0x00, 0x00,
    0x00, 0x00, 0x00, 0x00, 0x00, 0x00, 0x00, 0x00, 0x00, 0x00, 0x00, 0x00,
    0x00, 0x00, 0x00, 0x00, 0x00, 0x00, 0x00, 0x00, 0x00, 0x00, 0x00, 0x00,
    0x00, 0x00, 0x00, 0x00, 0x00, 0x00, 0x00, 0x00, 0x00, 0x00, 0x00, 0x00,
    0x00, 0x00, 0x00, 0x00, 0x00, 0x00, 0x00, 0x00, 0x00, 0x00, 0x00, 0x00,
    0x00, 0x00, 0x00, 0x00, 0x00, 0x00, 0x00, 0x00, 0x00, 0x00, 0x00, 0x00,
    0x00, 0x00, 0x00, 0x00, 0x00, 0x00, 0x00, 0x00, 0x00, 0x00, 0x00, 0x00,
    0x00, 0x00, 0x00, 0x00, 0x00, 0x00, 0x00, 0x00, 0x00, 0x00, 0x00, 0x00,
    0x00, 0x00, 0x00, 0x00, 0x00, 0x00, 0x00, 0x00, 0x00, 0x00, 0x00, 0x00,
    0x3c, 0x00, 0x00, 0x00, 0x5b, 0xa4, 0x12, 0x3c, 0xd9, 0x34, 0x04, 0x3c,
    0x86, 0x43, 0x98, 0x3b, 0x49, 0x63, 0x05, 0x3c, 0xd5, 0x13, 0x88, 0x3b,
    0x21, 0x70, 0xb2, 0x3b, 0xbe, 0xa2, 0xe2, 0x3b, 0xaa, 0x0a, 0xb5, 0x3b,
    0xe9, 0xa9, 0x9b, 0x3b, 0x62, 0x83, 0xc3, 0x3b, 0x77, 0x33, 0xb2, 0x3b,
    0x28, 0x8e, 0xc8, 0x3b, 0xa3, 0xb7, 0xa1, 0x3b, 0x44, 0x5c, 0xb1, 0x3b,
    0x50, 0x18, 0xca, 0x3b, 0x96, 0xeb, 0x8c, 0x3b, 0x6a, 0xa2, 0xd6, 0x3b,
    0xd4, 0xaa, 0xbb, 0x3b, 0xcf, 0x1e, 0xa4, 0x3b, 0x65, 0xa5, 0xee, 0x3b,
    0x1d, 0x92, 0xa2, 0x3b, 0x89, 0xcd, 0xc4, 0x3b, 0xed, 0x28, 0xa3, 0x3b,
    0x0c, 0xb2, 0xac, 0x3b, 0x73, 0x09, 0xc2, 0x3b, 0xf9, 0x71, 0xd7, 0x3b,
    0x6f, 0xf4, 0xa4, 0x3b, 0x95, 0xa8, 0x03, 0x3c, 0x88, 0x2d, 0xb4, 0x3b,
    0x30, 0xbf, 0xd9, 0x3b, 0xf7, 0x89, 0xb4, 0x3b, 0x64, 0xe8, 0xed, 0x3b,
    0x5c, 0x8c, 0xaf, 0x3b, 0xd2, 0x51, 0xd8, 0x3b, 0x32, 0xc8, 0xc4, 0x3b,
    0xf4, 0x08, 0xb2, 0x3b, 0x2c, 0x9d, 0xdf, 0x3b, 0x99, 0x17, 0xe0, 0x3b,
    0x22, 0x69, 0x10, 0x3c, 0x26, 0xbf, 0xd4, 0x3b, 0x63, 0xa1, 0xcc, 0x3b,
    0xd5, 0xba, 0xc7, 0x3b, 0x02, 0x86, 0xb6, 0x3b, 0xbc, 0x39, 0xc8, 0x3b,
    0x6c, 0xe4, 0xba, 0x3b, 0x57, 0x63, 0xc2, 0x3b, 0x27, 0xbe, 0x86, 0x3b,
    0x01, 0x8a, 0xbf, 0x3b, 0x0b, 0x6e, 0xb0, 0x3b, 0xe3, 0xf8, 0xbb, 0x3b,
    0xaa, 0xe8, 0x92, 0x3b, 0xd3, 0x50, 0xd9, 0x3b, 0xe0, 0xd0, 0xa0, 0x3b,
    0x00, 0xdb, 0xab, 0x3b, 0xd6, 0xf6, 0xad, 0x3b, 0x8c, 0x25, 0xc8, 0x3b,
    0x14, 0xba, 0x23, 0x3c, 0xb2, 0xa6, 0xc1, 0x3b, 0xbf, 0x81, 0xe2, 0x3b,
    0x9e, 0x6a, 0x8f, 0x3b, 0x13, 0x00, 0x00, 0x00, 0x74, 0x66, 0x6c, 0x2e,
    0x70, 0x73, 0x65, 0x75, 0x64, 0x6f, 0x5f, 0x71, 0x63, 0x6f, 0x6e, 0x73,
    0x74, 0x31, 0x31, 0x00, 0x04, 0x00, 0x00, 0x00, 0x3c, 0x00, 0x00, 0x00,
    0x01, 0x00, 0x00, 0x00, 0x01, 0x00, 0x00, 0x00, 0x3c, 0x00, 0x00, 0x00,
    0x3a, 0xe1, 0xff, 0xff, 0x00, 0x00, 0x00, 0x01, 0x14, 0x00, 0x00, 0x00,
    0xf8, 0x02, 0x00, 0x00, 0x12, 0x00, 0x00, 0x00, 0x00, 0x00, 0x00, 0x02,
    0x04, 0x03, 0x00, 0x00, 0x24, 0xe1, 0xff, 0xff, 0x08, 0x00, 0x00, 0x00,
    0xec, 0x01, 0x00, 0x00, 0x3c, 0x00, 0x00, 0x00, 0x00, 0x00, 0x00, 0x00,
    0x00, 0x00, 0x00, 0x00, 0x00, 0x00, 0x00, 0x00, 0x00, 0x00, 0x00, 0x00,
    0x00, 0x00, 0x00, 0x00, 0x00, 0x00, 0x00, 0x00, 0x00, 0x00, 0x00, 0x00,
    0x00, 0x00, 0x00, 0x00, 0x00, 0x00, 0x00, 0x00, 0x00, 0x00, 0x00, 0x00,
    0x00, 0x00, 0x00, 0x00, 0x00, 0x00, 0x00, 0x00, 0x00, 0x00, 0x00, 0x00,
    0x00, 0x00, 0x00, 0x00, 0x00, 0x00, 0x00, 0x00, 0x00, 0x00, 0x00, 0x00,
    0x00, 0x00, 0x00, 0x00, 0x00, 0x00, 0x00, 0x00, 0x00, 0x00, 0x00, 0x00,
    0x00, 0x00, 0x00, 0x00, 0x00, 0x00, 0x00, 0x00, 0x00, 0x00, 0x00, 0x00,
    0x00, 0x00, 0x00, 0x00, 0x00, 0x00, 0x00, 0x00, 0x00, 0x00, 0x00, 0x00,
    0x00, 0x00, 0x00, 0x00, 0x00, 0x00, 0x00, 0x00, 0x00, 0x00, 0x00, 0x00,
    0x00, 0x00, 0x00, 0x00, 0x00, 0x00, 0x00, 0x00, 0x00, 0x00, 0x00, 0x00,
    0x00, 0x00, 0x00, 0x00, 0x00, 0x00, 0x00, 0x00, 0x00, 0x00, 0x00, 0x00,
    0x00, 0x00, 0x00, 0x00, 0x00, 0x00, 0x00, 0x00, 0x00, 0x00, 0x00, 0x00,
    0x00, 0x00, 0x00, 0x00, 0x00, 0x00, 0x00, 0x00, 0x00, 0x00, 0x00, 0x00,
    0x00, 0x00, 0x00, 0x00, 0x00, 0x00, 0x00, 0x00, 0x00, 0x00, 0x00, 0x00,
    0x00, 0x00, 0x00, 0x00, 0x00, 0x00, 0x00, 0x00, 0x00, 0x00, 0x00, 0x00,
    0x00, 0x00, 0x00, 0x00, 0x00, 0x00, 0x00, 0x00, 0x00, 0x00, 0x00, 0x00,
    0x00, 0x00, 0x00, 0x00, 0x00, 0x00, 0x00, 0x00, 0x00, 0x00, 0x00, 0x00,
    0x00, 0x00, 0x00, 0x00, 0x00, 0x00, 0x00, 0x00, 0x00, 0x00, 0x00, 0x00,
    0x00, 0x00, 0x00, 0x00, 0x00, 0x00, 0x00, 0x00, 0x00, 0x00, 0x00, 0x00,
    0x00, 0x00, 0x00, 0x00, 0x00, 0x00, 0x00, 0x00, 0x00, 0x00, 0x00, 0x00,
    0x00, 0x00, 0x00, 0x00, 0x00, 0x00, 0x00, 0x00, 0x00, 0x00, 0x00, 0x00,
    0x00, 0x00, 0x00, 0x00, 0x00, 0x00, 0x00, 0x00, 0x00, 0x00, 0x00, 0x00,
    0x00, 0x00, 0x00, 0x00, 0x00, 0x00, 0x00, 0x00, 0x00, 0x00, 0x00, 0x00,
    0x00, 0x00, 0x00, 0x00, 0x00, 0x00, 0x00, 0x00, 0x00, 0x00, 0x00, 0x00,
    0x00, 0x00, 0x00, 0x00, 0x00, 0x00, 0x00, 0x00, 0x00, 0x00, 0x00, 0x00,
    0x00, 0x00, 0x00, 0x00, 0x00, 0x00, 0x00, 0x00, 0x00, 0x00, 0x00, 0x00,
    0x00, 0x00, 0x00, 0x00, 0x00, 0x00, 0x00, 0x00, 0x00, 0x00, 0x00, 0x00,
    0x00, 0x00, 0x00, 0x00, 0x00, 0x00, 0x00, 0x00, 0x00, 0x00, 0x00, 0x00,
    0x00, 0x00, 0x00, 0x00, 0x00, 0x00, 0x00, 0x00, 0x00, 0x00, 0x00, 0x00,
    0x00, 0x00, 0x00, 0x00, 0x00, 0x00, 0x00, 0x00, 0x00, 0x00, 0x00, 0x00,
    0x00, 0x00, 0x00, 0x00, 0x00, 0x00, 0x00, 0x00, 0x00, 0x00, 0x00, 0x00,
    0x00, 0x00, 0x00, 0x00, 0x00, 0x00, 0x00, 0x00, 0x00, 0x00, 0x00, 0x00,
    0x00, 0x00, 0x00, 0x00, 0x00, 0x00, 0x00, 0x00, 0x00, 0x00, 0x00, 0x00,
    0x00, 0x00, 0x00, 0x00, 0x00, 0x00, 0x00, 0x00, 0x00, 0x00, 0x00, 0x00,
    0x00, 0x00, 0x00, 0x00, 0x00, 0x00, 0x00, 0x00, 0x00, 0x00, 0x00, 0x00,
    0x00, 0x00, 0x00, 0x00, 0x00, 0x00, 0x00, 0x00, 0x00, 0x00, 0x00, 0x00,
    0x00, 0x00, 0x00, 0x00, 0x00, 0x00, 0x00, 0x00, 0x00, 0x00, 0x00, 0x00,
    0x00, 0x00, 0x00, 0x00, 0x00, 0x00, 0x00, 0x00, 0x00, 0x00, 0x00, 0x00,
    0x00, 0x00, 0x00, 0x00, 0x00, 0x00, 0x00, 0x00, 0x00, 0x00, 0x00, 0x00,
    0x00, 0x00, 0x00, 0x00, 0x00, 0x00, 0x00, 0x00, 0x00, 0x00, 0x00, 0x00,
    0x3c, 0x00, 0x00, 0x00, 0x37, 0xb8, 0x76, 0x39, 0xaa, 0x6e, 0x5e, 0x39,
    0xc8, 0x16, 0x00, 0x39, 0x81, 0x6b, 0x60, 0x39, 0xf5, 0xf1, 0xe4, 0x38,
    0x8a, 0x1b, 0x16, 0x39, 0x29, 0xa7, 0x3e, 0x39, 0x3f, 0x4c, 0x18, 0x39,
    0xfa, 0xf2, 0x02, 0x39, 0xc5, 0x78, 0x24, 0x39, 0x81, 0xe8, 0x15, 0x39,
    0x9c, 0xb6, 0x28, 0x39, 0xa8, 0x0a, 0x08, 0x39, 0x79, 0x33, 0x15, 0x39,
    0x30, 0x02, 0x2a, 0x39, 0xcc, 0x17, 0xed, 0x38, 0x9f, 0x8e, 0x34, 0x39,
    0x1d, 0xdf, 0x1d, 0x39, 0x28, 0x10, 0x0a, 0x39, 0xa7, 0xc1, 0x48, 0x39,
    0x72, 0xc2, 0x08, 0x39, 0x81, 0x8e, 0x25, 0x39, 0x50, 0x41, 0x09, 0x39,
    0xdc, 0x46, 0x11, 0x39, 0xd8, 0x3a, 0x23, 0x39, 0x3a, 0x3d, 0x35, 0x39,
    0xdd, 0xc3, 0x0a, 0x39, 0xac, 0x82, 0x5d, 0x39, 0x39, 0x92, 0x17, 0x39,
    0xe5, 0x2c, 0x37, 0x39, 0xfb, 0xdf, 0x17, 0x39, 0xa8, 0x22, 0x48, 0x39,
    0x38, 0xad, 0x13, 0x39, 0x89, 0xf9, 0x35, 0x39, 0x03, 0x8a, 0x25, 0x39,
    0xbe, 0xc4, 0x15, 0x39, 0x69, 0x1c, 0x3c, 0x39, 0x66, 0x83, 0x3c, 0x39,
    0x28, 0xf7, 0x72, 0x39, 0x16, 0xf8, 0x32, 0x39, 0x35, 0x24, 0x2c, 0x39,
    0xd6, 0x04, 0x28, 0x39, 0x5d, 0x8b, 0x19, 0x39, 0x97, 0x6f, 0x28, 0x39,
    0x35, 0x38, 0x1d, 0x39, 0x76, 0x86, 0x23, 0x39, 0x18, 0xb3, 0xe2, 0x38,
    0xec, 0x20, 0x21, 0x39, 0x13, 0x6b, 0x14, 0x39, 0xc7, 0x20, 0x1e, 0x39,
    0x25, 0x2b, 0xf7, 0x38, 0x0d, 0xd0, 0x36, 0x39, 0x88, 0x48, 0x07, 0x39,
    0xf4, 0x91, 0x10, 0x39, 0x15, 0x58, 0x12, 0x39, 0x9c, 0x5e, 0x28, 0x39,
    0x6b, 0xbb, 0x89, 0x39, 0xc4, 0xe7, 0x22, 0x39, 0x67, 0x8b, 0x3e, 0x39,
    0xf1, 0x4a, 0xf1, 0x38, 0x13, 0x00, 0x00, 0x00, 0x74, 0x66, 0x6c, 0x2e,
    0x70, 0x73, 0x65, 0x75, 0x64, 0x6f, 0x5f, 0x71, 0x63, 0x6f, 0x6e, 0x73,
    0x74, 0x31, 0x30, 0x00, 0x01, 0x00, 0x00, 0x00, 0x3c, 0x00, 0x00, 0x00,
    0x5e, 0xe4, 0xff, 0xff, 0x00, 0x00, 0x00, 0x01, 0x14, 0x00, 0x00, 0x00,
    0xfc, 0x02, 0x00, 0x00, 0x11, 0x00, 0x00, 0x00, 0x00, 0x00, 0x00, 0x09,
    0x08, 0x03, 0x00, 0x00, 0x42, 0xf3, 0xff, 0xff, 0x03, 0x00, 0x00, 0x00,
    0x08, 0x00, 0x00, 0x00, 0xec, 0x01, 0x00, 0x00, 0x3c, 0x00, 0x00, 0x00,
    0x00, 0x00, 0x00, 0x00, 0x00, 0x00, 0x00, 0x00, 0x00, 0x00, 0x00, 0x00,
    0x00, 0x00, 0x00, 0x00, 0x00, 0x00, 0x00, 0x00, 0x00, 0x00, 0x00, 0x00,
    0x00, 0x00, 0x00, 0x00, 0x00, 0x00, 0x00, 0x00, 0x00, 0x00, 0x00, 0x00,
    0x00, 0x00, 0x00, 0x00, 0x00, 0x00, 0x00, 0x00, 0x00, 0x00, 0x00, 0x00,
    0x00, 0x00, 0x00, 0x00, 0x00, 0x00, 0x00, 0x00, 0x00, 0x00, 0x00, 0x00,
    0x00, 0x00, 0x00, 0x00, 0x00, 0x00, 0x00, 0x00, 0x00, 0x00, 0x00, 0x00,
    0x00, 0x00, 0x00, 0x00, 0x00, 0x00, 0x00, 0x00, 0x00, 0x00, 0x00, 0x00,
    0x00, 0x00, 0x00, 0x00, 0x00, 0x00, 0x00, 0x00, 0x00, 0x00, 0x00, 0x00,
    0x00, 0x00, 0x00, 0x00, 0x00, 0x00, 0x00, 0x00, 0x00, 0x00, 0x00, 0x00,
    0x00, 0x00, 0x00, 0x00, 0x00, 0x00, 0x00, 0x00, 0x00, 0x00, 0x00, 0x00,
    0x00, 0x00, 0x00, 0x00, 0x00, 0x00, 0x00, 0x00, 0x00, 0x00, 0x00, 0x00,
    0x00, 0x00, 0x00, 0x00, 0x00, 0x00, 0x00, 0x00, 0x00, 0x00, 0x00, 0x00,
    0x00, 0x00, 0x00, 0x00, 0x00, 0x00, 0x00, 0x00, 0x00, 0x00, 0x00, 0x00,
    0x00, 0x00, 0x00, 0x00, 0x00, 0x00, 0x00, 0x00, 0x00, 0x00, 0x00, 0x00,
    0x00, 0x00, 0x00, 0x00, 0x00, 0x00, 0x00, 0x00, 0x00, 0x00, 0x00, 0x00,
    0x00, 0x00, 0x00, 0x00, 0x00, 0x00, 0x00, 0x00, 0x00, 0x00, 0x00, 0x00,
    0x00, 0x00, 0x00, 0x00, 0x00, 0x00, 0x00, 0x00, 0x00, 0x00, 0x00, 0x00,
    0x00, 0x00, 0x00, 0x00, 0x00, 0x00, 0x00, 0x00, 0x00, 0x00, 0x00, 0x00,
    0x00, 0x00, 0x00, 0x00, 0x00, 0x00, 0x00, 0x00, 0x00, 0x00, 0x00, 0x00,
    0x00, 0x00, 0x00, 0x00, 0x00, 0x00, 0x00, 0x00, 0x00, 0x00, 0x00, 0x00,
    0x00, 0x00, 0x00, 0x00, 0x00, 0x00, 0x00, 0x00, 0x00, 0x00, 0x00, 0x00,
    0x00, 0x00, 0x00, 0x00, 0x00, 0x00, 0x00, 0x00, 0x00, 0x00, 0x00, 0x00,
    0x00, 0x00, 0x00, 0x00, 0x00, 0x00, 0x00, 0x00, 0x00, 0x00, 0x00, 0x00,
    0x00, 0x00, 0x00, 0x00, 0x00, 0x00, 0x00, 0x00, 0x00, 0x00, 0x00, 0x00,
    0x00, 0x00, 0x00, 0x00, 0x00, 0x00, 0x00, 0x00, 0x00, 0x00, 0x00, 0x00,
    0x00, 0x00, 0x00, 0x00, 0x00, 0x00, 0x00, 0x00, 0x00, 0x00, 0x00, 0x00,
    0x00, 0x00, 0x00, 0x00, 0x00, 0x00, 0x00, 0x00, 0x00, 0x00, 0x00, 0x00,
    0x00, 0x00, 0x00, 0x00, 0x00, 0x00, 0x00, 0x00, 0x00, 0x00, 0x00, 0x00,
    0x00, 0x00, 0x00, 0x00, 0x00, 0x00, 0x00, 0x00, 0x00, 0x00, 0x00, 0x00,
    0x00, 0x00, 0x00, 0x00, 0x00, 0x00, 0x00, 0x00, 0x00, 0x00, 0x00, 0x00,
    0x00, 0x00, 0x00, 0x00, 0x00, 0x00, 0x00, 0x00, 0x00, 0x00, 0x00, 0x00,
    0x00, 0x00, 0x00, 0x00, 0x00, 0x00, 0x00, 0x00, 0x00, 0x00, 0x00, 0x00,
    0x00, 0x00, 0x00, 0x00, 0x00, 0x00, 0x00, 0x00, 0x00, 0x00, 0x00, 0x00,
    0x00, 0x00, 0x00, 0x00, 0x00, 0x00, 0x00, 0x00, 0x00, 0x00, 0x00, 0x00,
    0x00, 0x00, 0x00, 0x00, 0x00, 0x00, 0x00, 0x00, 0x00, 0x00, 0x00, 0x00,
    0x00, 0x00, 0x00, 0x00, 0x00, 0x00, 0x00, 0x00, 0x00, 0x00, 0x00, 0x00,
    0x00, 0x00, 0x00, 0x00, 0x00, 0x00, 0x00, 0x00, 0x00, 0x00, 0x00, 0x00,
    0x00, 0x00, 0x00, 0x00, 0x00, 0x00, 0x00, 0x00, 0x00, 0x00, 0x00, 0x00,
    0x00, 0x00, 0x00, 0x00, 0x00, 0x00, 0x00, 0x00, 0x00, 0x00, 0x00, 0x00,
    0x00, 0x00, 0x00, 0x00, 0x00, 0x00, 0x00, 0x00, 0x00, 0x00, 0x00, 0x00,
    0x00, 0x00, 0x00, 0x00, 0x3c, 0x00, 0x00, 0x00, 0xf8, 0x77, 0x30, 0x3b,
    0x60, 0x03, 0x29, 0x3b, 0x1d, 0x5a, 0x4b, 0x3b, 0x7d, 0x0e, 0xf1, 0x3a,
    0xc9, 0xac, 0xa2, 0x3a, 0xe6, 0x5b, 0xee, 0x3a, 0x9d, 0xf6, 0x01, 0x3b,
    0x14, 0x05, 0x23, 0x3b, 0xd5, 0x22, 0x0d, 0x3b, 0x70, 0x5b, 0xf4, 0x3a,
    0xb2, 0x43, 0x41, 0x3b, 0x6f, 0x89, 0xf2, 0x3a, 0x87, 0xa2, 0x88, 0x3b,
    0x21, 0xbb, 0x74, 0x3b, 0xfc, 0xc2, 0x0f, 0x3b, 0x0b, 0x86, 0xc3, 0x3a,
    0x29, 0xf0, 0x85, 0x3b, 0xf3, 0xd0, 0xb8, 0x3a, 0x2e, 0x46, 0x56, 0x3b,
    0x2d, 0xf9, 0x17, 0x3b, 0x80, 0x11, 0x31, 0x3b, 0xa8, 0xbe, 0xf3, 0x3a,
    0x88, 0x03, 0x18, 0x3b, 0xb4, 0xfb, 0x47, 0x3b, 0x93, 0x94, 0xfa, 0x3a,
    0x4d, 0xc5, 0x22, 0x3b, 0xda, 0x9c, 0xf5, 0x3a, 0xff, 0x7a, 0x0d, 0x3b,
    0x05, 0x47, 0xd0, 0x3a, 0x61, 0x8c, 0xcf, 0x3a, 0xdf, 0x45, 0x09, 0x3b,
    0x99, 0xc6, 0x02, 0x3b, 0x82, 0x31, 0xcf, 0x3a, 0xb3, 0x4f, 0x17, 0x3b,
    0xe9, 0x11, 0x16, 0x3b, 0xc4, 0x27, 0x03, 0x3b, 0x9b, 0xe0, 0xee, 0x3a,
    0xfa, 0xed, 0x07, 0x3b, 0x5e, 0xd1, 0x40, 0x3b, 0x8e, 0x25, 0x4c, 0x3b,
    0x04, 0x5d, 0x4a, 0x3b, 0xe5, 0x78, 0xe3, 0x3a, 0x1e, 0x3f, 0x12, 0x3b,
    0xf1, 0xdd, 0x39, 0x3b, 0xb8, 0xd2, 0x07, 0x3b, 0x9e, 0xd3, 0x72, 0x3b,
    0x0d, 0xe1, 0x01, 0x3b, 0x4d, 0x79, 0x19, 0x3b, 0xb4, 0x95, 0xdd, 0x3a,
    0xd8, 0x7d, 0x6f, 0x3b, 0xb5, 0x1f, 0xfb, 0x3a, 0x05, 0x73, 0x2f, 0x3b,
    0x30, 0x78, 0x2a, 0x3b, 0x1f, 0xe2, 0xda, 0x3a, 0x63, 0x0c, 0x0c, 0x3b,
    0x63, 0x68, 0x40, 0x3b, 0xf7, 0xb8, 0x80, 0x3b, 0x5f, 0xdc, 0x86, 0x3b,
    0xb8, 0x48, 0xfd, 0x3a, 0xca, 0x85, 0xc0, 0x3a, 0x12, 0x00, 0x00, 0x00,
    0x74, 0x66, 0x6c, 0x2e, 0x70, 0x73, 0x65, 0x75, 0x64, 0x6f, 0x5f, 0x71,
    0x63, 0x6f, 0x6e, 0x73, 0x74, 0x39, 0x00, 0x00, 0x04, 0x00, 0x00, 0x00,
    0x01, 0x00, 0x00, 0x00, 0x0d, 0x00, 0x00, 0x00, 0x01, 0x00, 0x00, 0x00,
    0x3c, 0x00, 0x00, 0x00, 0x92, 0xe7, 0xff, 0xff, 0x00, 0x00, 0x00, 0x01,
    0x14, 0x00, 0x00, 0x00, 0xf4, 0x02, 0x00, 0x00, 0x10, 0x00, 0x00, 0x00,
    0x00, 0x00, 0x00, 0x02, 0x00, 0x03, 0x00, 0x00, 0x7c, 0xe7, 0xff, 0xff,
    0x08, 0x00, 0x00, 0x00, 0xe8, 0x01, 0x00, 0x00, 0x3c, 0x00, 0x00, 0x00,
    0x00, 0x00, 0x00, 0x00, 0x00, 0x00, 0x00, 0x00, 0x00, 0x00, 0x00, 0x00,
    0x00, 0x00, 0x00, 0x00, 0x00, 0x00, 0x00, 0x00, 0x00, 0x00, 0x00, 0x00,
    0x00, 0x00, 0x00, 0x00, 0x00, 0x00, 0x00, 0x00, 0x00, 0x00, 0x00, 0x00,
    0x00, 0x00, 0x00, 0x00, 0x00, 0x00, 0x00, 0x00, 0x00, 0x00, 0x00, 0x00,
    0x00, 0x00, 0x00, 0x00, 0x00, 0x00, 0x00, 0x00, 0x00, 0x00, 0x00, 0x00,
    0x00, 0x00, 0x00, 0x00, 0x00, 0x00, 0x00, 0x00, 0x00, 0x00, 0x00, 0x00,
    0x00, 0x00, 0x00, 0x00, 0x00, 0x00, 0x00, 0x00, 0x00, 0x00, 0x00, 0x00,
    0x00, 0x00, 0x00, 0x00, 0x00, 0x00, 0x00, 0x00, 0x00, 0x00, 0x00, 0x00,
    0x00, 0x00, 0x00, 0x00, 0x00, 0x00, 0x00, 0x00, 0x00, 0x00, 0x00, 0x00,
    0x00, 0x00, 0x00, 0x00, 0x00, 0x00, 0x00, 0x00, 0x00, 0x00, 0x00, 0x00,
    0x00, 0x00, 0x00, 0x00, 0x00, 0x00, 0x00, 0x00, 0x00, 0x00, 0x00, 0x00,
    0x00, 0x00, 0x00, 0x00, 0x00, 0x00, 0x00, 0x00, 0x00, 0x00, 0x00, 0x00,
    0x00, 0x00, 0x00, 0x00, 0x00, 0x00, 0x00, 0x00, 0x00, 0x00, 0x00, 0x00,
    0x00, 0x00, 0x00, 0x00, 0x00, 0x00, 0x00, 0x00, 0x00, 0x00, 0x00, 0x00,
    0x00, 0x00, 0x00, 0x00, 0x00, 0x00, 0x00, 0x00, 0x00, 0x00, 0x00, 0x00,
    0x00, 0x00, 0x00, 0x00, 0x00, 0x00, 0x00, 0x00, 0x00, 0x00, 0x00, 0x00,
    0x00, 0x00, 0x00, 0x00, 0x00, 0x00, 0x00, 0x00, 0x00, 0x00, 0x00, 0x00,
    0x00, 0x00, 0x00, 0x00, 0x00, 0x00, 0x00, 0x00, 0x00, 0x00, 0x00, 0x00,
    0x00, 0x00, 0x00, 0x00, 0x00, 0x00, 0x00, 0x00, 0x00, 0x00, 0x00, 0x00,
    0x00, 0x00, 0x00, 0x00, 0x00, 0x00, 0x00, 0x00, 0x00, 0x00, 0x00, 0x00,
    0x00, 0x00, 0x00, 0x00, 0x00, 0x00, 0x00, 0x00, 0x00, 0x00, 0x00, 0x00,
    0x00, 0x00, 0x00, 0x00, 0x00, 0x00, 0x00, 0x00, 0x00, 0x00, 0x00, 0x00,
    0x00, 0x00, 0x00, 0x00, 0x00, 0x00, 0x00, 0x00, 0x00, 0x00, 0x00, 0x00,
    0x00, 0x00, 0x00, 0x00, 0x00, 0x00, 0x00, 0x00, 0x00, 0x00, 0x00, 0x00,
    0x00, 0x00, 0x00, 0x00, 0x00, 0x00, 0x00, 0x00, 0x00, 0x00, 0x00, 0x00,
    0x00, 0x00, 0x00, 0x00, 0x00, 0x00, 0x00, 0x00, 0x00, 0x00, 0x00, 0x00,
    0x00, 0x00, 0x00, 0x00, 0x00, 0x00, 0x00, 0x00, 0x00, 0x00, 0x00, 0x00,
    0x00, 0x00, 0x00, 0x00, 0x00, 0x00, 0x00, 0x00, 0x00, 0x00, 0x00, 0x00,
    0x00, 0x00, 0x00, 0x00, 0x00, 0x00, 0x00, 0x00, 0x00, 0x00, 0x00, 0x00,
    0x00, 0x00, 0x00, 0x00, 0x00, 0x00, 0x00, 0x00, 0x00, 0x00, 0x00, 0x00,
    0x00, 0x00, 0x00, 0x00, 0x00, 0x00, 0x00, 0x00, 0x00, 0x00, 0x00, 0x00,
    0x00, 0x00, 0x00, 0x00, 0x00, 0x00, 0x00, 0x00, 0x00, 0x00, 0x00, 0x00,
    0x00, 0x00, 0x00, 0x00, 0x00, 0x00, 0x00, 0x00, 0x00, 0x00, 0x00, 0x00,
    0x00, 0x00, 0x00, 0x00, 0x00, 0x00, 0x00, 0x00, 0x00, 0x00, 0x00, 0x00,
    0x00, 0x00, 0x00, 0x00, 0x00, 0x00, 0x00, 0x00, 0x00, 0x00, 0x00, 0x00,
    0x00, 0x00, 0x00, 0x00, 0x00, 0x00, 0x00, 0x00, 0x00, 0x00, 0x00, 0x00,
    0x00, 0x00, 0x00, 0x00, 0x00, 0x00, 0x00, 0x00, 0x00, 0x00, 0x00, 0x00,
    0x00, 0x00, 0x00, 0x00, 0x00, 0x00, 0x00, 0x00, 0x00, 0x00, 0x00, 0x00,
    0x00, 0x00, 0x00, 0x00, 0x00, 0x00, 0x00, 0x00, 0x00, 0x00, 0x00, 0x00,
    0x00, 0x00, 0x00, 0x00, 0x00, 0x00, 0x00, 0x00, 0x00, 0x00, 0x00, 0x00,
    0x3c, 0x00, 0x00, 0x00, 0xd8, 0xaf, 0x8b, 0x38, 0x10, 0xc9, 0x85, 0x38,
    0x87, 0xf7, 0xa0, 0x38, 0x09, 0xd0, 0x3e, 0x38, 0xac, 0xc4, 0x00, 0x38,
    0x63, 0xad, 0x3c, 0x38, 0xe4, 0xbf, 0x4d, 0x38, 0x90, 0x0a, 0x81, 0x38,
    0x02, 0x70, 0x5f, 0x38, 0xdf, 0x6c, 0x41, 0x38, 0x5e, 0xfb, 0x98, 0x38,
    0xff, 0xfb, 0x3f, 0x38, 0xc1, 0x4f, 0xd8, 0x38, 0x9e, 0xb8, 0xc1, 0x38,
    0x1d, 0x98, 0x63, 0x38, 0x2b, 0xc5, 0x1a, 0x38, 0xcf, 0x0a, 0xd4, 0x38,
    0x68, 0x4b, 0x12, 0x38, 0xcd, 0x9c, 0xa9, 0x38, 0x2b, 0x98, 0x70, 0x38,
    0x5f, 0x29, 0x8c, 0x38, 0xc4, 0xf0, 0x40, 0x38, 0x90, 0xa8, 0x70, 0x38,
    0xdf, 0x4c, 0x9e, 0x38, 0xf2, 0x59, 0x46, 0x38, 0x14, 0xd8, 0x80, 0x38,
    0x4b, 0x6b, 0x42, 0x38, 0x95, 0xfb, 0x5f, 0x38, 0x9e, 0xdd, 0x24, 0x38,
    0xe1, 0x49, 0x24, 0x38, 0x59, 0x52, 0x59, 0x38, 0x29, 0x09, 0x4f, 0x38,
    0xf3, 0x01, 0x24, 0x38, 0xdd, 0x8b, 0x6f, 0x38, 0xc3, 0x94, 0x6d, 0x38,
    0xfd, 0xa2, 0x4f, 0x38, 0x6f, 0x16, 0x3d, 0x38, 0xea, 0x31, 0x57, 0x38,
    0xde, 0xa0, 0x98, 0x38, 0x90, 0x98, 0xa1, 0x38, 0x2f, 0x2f, 0xa0, 0x38,
    0x49, 0x0f, 0x34, 0x38, 0x33, 0x87, 0x67, 0x38, 0x55, 0x20, 0x93, 0x38,
    0xc3, 0x06, 0x57, 0x38, 0xb8, 0x36, 0xc0, 0x38, 0xc2, 0x9d, 0x4d, 0x38,
    0x4a, 0xf8, 0x72, 0x38, 0x3d, 0x66, 0x2f, 0x38, 0xe6, 0x92, 0xbd, 0x38,
    0x14, 0xc8, 0x46, 0x38, 0x49, 0xe1, 0x8a, 0x38, 0x2b, 0xf0, 0x86, 0x38,
    0xce, 0x42, 0x2d, 0x38, 0x31, 0xb7, 0x5d, 0x38, 0xc5, 0x4d, 0x98, 0x38,
    0x03, 0xc9, 0xcb, 0x38, 0xc3, 0x80, 0xd5, 0x38, 0xd3, 0x7d, 0x48, 0x38,
    0x0b, 0x65, 0x18, 0x38, 0x12, 0x00, 0x00, 0x00, 0x74, 0x66, 0x6c, 0x2e,
    0x70, 0x73, 0x65, 0x75, 0x64, 0x6f, 0x5f, 0x71, 0x63, 0x6f, 0x6e, 0x73,
    0x74, 0x38, 0x00, 0x00, 0x01, 0x00, 0x00, 0x00, 0x3c, 0x00, 0x00, 0x00,
    0xb2, 0xea, 0xff, 0xff, 0x00, 0x00, 0x00, 0x01, 0x14, 0x00, 0x00, 0x00,
    0xf8, 0x02, 0x00, 0x00, 0x0f, 0x00, 0x00, 0x00, 0x00, 0x00, 0x00, 0x09,
    0x04, 0x03, 0x00, 0x00, 0x9c, 0xea, 0xff, 0xff, 0x08, 0x00, 0x00, 0x00,
    0xec, 0x01, 0x00, 0x00, 0x3c, 0x00, 0x00, 0x00, 0x00, 0x00, 0x00, 0x00,
    0x00, 0x00, 0x00, 0x00, 0x00, 0x00, 0x00, 0x00, 0x00, 0x00, 0x00, 0x00,
    0x00, 0x00, 0x00, 0x00, 0x00, 0x00, 0x00, 0x00, 0x00, 0x00, 0x00, 0x00,
    0x00, 0x00, 0x00, 0x00, 0x00, 0x00, 0x00, 0x00, 0x00, 0x00, 0x00, 0x00,
    0x00, 0x00, 0x00, 0x00, 0x00, 0x00, 0x00, 0x00, 0x00, 0x00, 0x00, 0x00,
    0x00, 0x00, 0x00, 0x00, 0x00, 0x00, 0x00, 0x00, 0x00, 0x00, 0x00, 0x00,
    0x00, 0x00, 0x00, 0x00, 0x00, 0x00, 0x00, 0x00, 0x00, 0x00, 0x00, 0x00,
    0x00, 0x00, 0x00, 0x00, 0x00, 0x00, 0x00, 0x00, 0x00, 0x00, 0x00, 0x00,
    0x00, 0x00, 0x00, 0x00, 0x00, 0x00, 0x00, 0x00, 0x00, 0x00, 0x00, 0x00,
    0x00, 0x00, 0x00, 0x00, 0x00, 0x00, 0x00, 0x00, 0x00, 0x00, 0x00, 0x00,
    0x00, 0x00, 0x00, 0x00, 0x00, 0x00, 0x00, 0x00, 0x00, 0x00, 0x00, 0x00,
    0x00, 0x00, 0x00, 0x00, 0x00, 0x00, 0x00, 0x00, 0x00, 0x00, 0x00, 0x00,
    0x00, 0x00, 0x00, 0x00, 0x00, 0x00, 0x00, 0x00, 0x00, 0x00, 0x00, 0x00,
    0x00, 0x00, 0x00, 0x00, 0x00, 0x00, 0x00, 0x00, 0x00, 0x00, 0x00, 0x00,
    0x00, 0x00, 0x00, 0x00, 0x00, 0x00, 0x00, 0x00, 0x00, 0x00, 0x00, 0x00,
    0x00, 0x00, 0x00, 0x00, 0x00, 0x00, 0x00, 0x00, 0x00, 0x00, 0x00, 0x00,
    0x00, 0x00, 0x00, 0x00, 0x00, 0x00, 0x00, 0x00, 0x00, 0x00, 0x00, 0x00,
    0x00, 0x00, 0x00, 0x00, 0x00, 0x00, 0x00, 0x00, 0x00, 0x00, 0x00, 0x00,
    0x00, 0x00, 0x00, 0x00, 0x00, 0x00, 0x00, 0x00, 0x00, 0x00, 0x00, 0x00,
    0x00, 0x00, 0x00, 0x00, 0x00, 0x00, 0x00, 0x00, 0x00, 0x00, 0x00, 0x00,
    0x00, 0x00, 0x00, 0x00, 0x00, 0x00, 0x00, 0x00, 0x00, 0x00, 0x00, 0x00,
    0x00, 0x00, 0x00, 0x00, 0x00, 0x00, 0x00, 0x00, 0x00, 0x00, 0x00, 0x00,
    0x00, 0x00, 0x00, 0x00, 0x00, 0x00, 0x00, 0x00, 0x00, 0x00, 0x00, 0x00,
    0x00, 0x00, 0x00, 0x00, 0x00, 0x00, 0x00, 0x00, 0x00, 0x00, 0x00, 0x00,
    0x00, 0x00, 0x00, 0x00, 0x00, 0x00, 0x00, 0x00, 0x00, 0x00, 0x00, 0x00,
    0x00, 0x00, 0x00, 0x00, 0x00, 0x00, 0x00, 0x00, 0x00, 0x00, 0x00, 0x00,
    0x00, 0x00, 0x00, 0x00, 0x00, 0x00, 0x00, 0x00, 0x00, 0x00, 0x00, 0x00,
    0x00, 0x00, 0x00, 0x00, 0x00, 0x00, 0x00, 0x00, 0x00, 0x00, 0x00, 0x00,
    0x00, 0x00, 0x00, 0x00, 0x00, 0x00, 0x00, 0x00, 0x00, 0x00, 0x00, 0x00,
    0x00, 0x00, 0x00, 0x00, 0x00, 0x00, 0x00, 0x00, 0x00, 0x00, 0x00, 0x00,
    0x00, 0x00, 0x00, 0x00, 0x00, 0x00, 0x00, 0x00, 0x00, 0x00, 0x00, 0x00,
    0x00, 0x00, 0x00, 0x00, 0x00, 0x00, 0x00, 0x00, 0x00, 0x00, 0x00, 0x00,
    0x00, 0x00, 0x00, 0x00, 0x00, 0x00, 0x00, 0x00, 0x00, 0x00, 0x00, 0x00,
    0x00, 0x00, 0x00, 0x00, 0x00, 0x00, 0x00, 0x00, 0x00, 0x00, 0x00, 0x00,
    0x00, 0x00, 0x00, 0x00, 0x00, 0x00, 0x00, 0x00, 0x00, 0x00, 0x00, 0x00,
    0x00, 0x00, 0x00, 0x00, 0x00, 0x00, 0x00, 0x00, 0x00, 0x00, 0x00, 0x00,
    0x00, 0x00, 0x00, 0x00, 0x00, 0x00, 0x00, 0x00, 0x00, 0x00, 0x00, 0x00,
    0x00, 0x00, 0x00, 0x00, 0x00, 0x00, 0x00, 0x00, 0x00, 0x00, 0x00, 0x00,
    0x00, 0x00, 0x00, 0x00, 0x00, 0x00, 0x00, 0x00, 0x00, 0x00, 0x00, 0x00,
    0x00, 0x00, 0x00, 0x00, 0x00, 0x00, 0x00, 0x00, 0x00, 0x00, 0x00, 0x00,
    0x00, 0x00, 0x00, 0x00, 0x00, 0x00, 0x00, 0x00, 0x00, 0x00, 0x00, 0x00,
    0x3c, 0x00, 0x00, 0x00, 0x08, 0x4f, 0x96, 0x3b, 0x1a, 0x9c, 0xa5, 0x3b,
    0xd6, 0x34, 0x8e, 0x3b, 0x0f, 0xcf, 0x91, 0x3b, 0x7b, 0x89, 0xaf, 0x3b,
    0xa9, 0xdf, 0x6c, 0x3b, 0x02, 0x1e, 0xb2, 0x3b, 0xca, 0x0c, 0x82, 0x3b,
    0xfa, 0x37, 0x46, 0x3b, 0xdb, 0x55, 0x88, 0x3b, 0x7a, 0x8d, 0x38, 0x3b,
    0xea, 0xe3, 0xd3, 0x3b, 0x09, 0x75, 0x4d, 0x3b, 0x04, 0xd0, 0xe4, 0x3b,
    0xa4, 0xd5, 0x8c, 0x3b, 0xbd, 0x31, 0x96, 0x3b, 0x2c, 0xf2, 0x88, 0x3b,
    0x67, 0x8c, 0xbd, 0x3b, 0x8a, 0x0f, 0x63, 0x3b, 0xb8, 0x48, 0x6a, 0x3b,
    0x01, 0xd9, 0x40, 0x3b, 0x5f, 0x33, 0x80, 0x3b, 0xdb, 0x45, 0x37, 0x3b,
    0x3f, 0x81, 0x8c, 0x3b, 0x3c, 0x12, 0x91, 0x3b, 0xdd, 0xce, 0x48, 0x3b,
    0x38, 0xfd, 0x39, 0x3b, 0x10, 0x51, 0x8c, 0x3b, 0xff, 0x09, 0x95, 0x3b,
    0x76, 0xe3, 0xb2, 0x3b, 0x94, 0x74, 0x91, 0x3b, 0x54, 0x6d, 0xb2, 0x3b,
    0x4e, 0x69, 0x17, 0x3b, 0x15, 0xf0, 0x3a, 0x3b, 0x2e, 0x7a, 0x4d, 0x3b,
    0xbc, 0x0e, 0x81, 0x3b, 0x9f, 0xee, 0x92, 0x3b, 0xd2, 0xe8, 0x97, 0x3b,
    0xdf, 0xcf, 0xc7, 0x3b, 0x57, 0xa8, 0x4a, 0x3b, 0x24, 0xbd, 0x42, 0x3b,
    0x86, 0x3b, 0x2e, 0x3b, 0x42, 0x65, 0x76, 0x3b, 0x52, 0x31, 0x53, 0x3b,
    0x37, 0x35, 0x81, 0x3b, 0x4b, 0x41, 0x91, 0x3b, 0x2d, 0xb8, 0x3e, 0x3b,
    0xed, 0xaf, 0x6e, 0x3b, 0x26, 0x25, 0x55, 0x3b, 0x0e, 0x1c, 0x4f, 0x3b,
    0xea, 0x48, 0xc4, 0x3b, 0xc7, 0x81, 0x07, 0x3b, 0x51, 0xd9, 0x9c, 0x3b,
    0x34, 0xe9, 0x92, 0x3b, 0x9b, 0x1b, 0xc9, 0x3b, 0xf4, 0x7d, 0x74, 0x3b,
    0x97, 0x7f, 0x8d, 0x3b, 0x9f, 0x95, 0x58, 0x3b, 0x02, 0x18, 0x67, 0x3b,
    0x3c, 0x56, 0x4a, 0x3b, 0x12, 0x00, 0x00, 0x00, 0x74, 0x66, 0x6c, 0x2e,
    0x70, 0x73, 0x65, 0x75, 0x64, 0x6f, 0x5f, 0x71, 0x63, 0x6f, 0x6e, 0x73,
    0x74, 0x37, 0x00, 0x00, 0x04, 0x00, 0x00, 0x00, 0x3c, 0x00, 0x00, 0x00,
    0x01, 0x00, 0x00, 0x00, 0x01, 0x00, 0x00, 0x00, 0x3c, 0x00, 0x00, 0x00,
    0xe2, 0xed, 0xff, 0xff, 0x00, 0x00, 0x00, 0x01, 0x14, 0x00, 0x00, 0x00,
    0xf4, 0x02, 0x00, 0x00, 0x0e, 0x00, 0x00, 0x00, 0x00, 0x00, 0x00, 0x02,
    0x00, 0x03, 0x00, 0x00, 0xcc, 0xed, 0xff, 0xff, 0x08, 0x00, 0x00, 0x00,
    0xe8, 0x01, 0x00, 0x00, 0x3c, 0x00, 0x00, 0x00, 0x00, 0x00, 0x00, 0x00,
    0x00, 0x00, 0x00, 0x00, 0x00, 0x00, 0x00, 0x00, 0x00, 0x00, 0x00, 0x00,
    0x00, 0x00, 0x00, 0x00, 0x00, 0x00, 0x00, 0x00, 0x00, 0x00, 0x00, 0x00,
    0x00, 0x00, 0x00, 0x00, 0x00, 0x00, 0x00, 0x00, 0x00, 0x00, 0x00, 0x00,
    0x00, 0x00, 0x00, 0x00, 0x00, 0x00, 0x00, 0x00, 0x00, 0x00, 0x00, 0x00,
    0x00, 0x00, 0x00, 0x00, 0x00, 0x00, 0x00, 0x00, 0x00, 0x00, 0x00, 0x00,
    0x00, 0x00, 0x00, 0x00, 0x00, 0x00, 0x00, 0x00, 0x00, 0x00, 0x00, 0x00,
    0x00, 0x00, 0x00, 0x00, 0x00, 0x00, 0x00, 0x00, 0x00, 0x00, 0x00, 0x00,
    0x00, 0x00, 0x00, 0x00, 0x00, 0x00, 0x00, 0x00, 0x00, 0x00, 0x00, 0x00,
    0x00, 0x00, 0x00, 0x00, 0x00, 0x00, 0x00, 0x00, 0x00, 0x00, 0x00, 0x00,
    0x00, 0x00, 0x00, 0x00, 0x00, 0x00, 0x00, 0x00, 0x00, 0x00, 0x00, 0x00,
    0x00, 0x00, 0x00, 0x00, 0x00, 0x00, 0x00, 0x00, 0x00, 0x00, 0x00, 0x00,
    0x00, 0x00, 0x00, 0x00, 0x00, 0x00, 0x00, 0x00, 0x00, 0x00, 0x00, 0x00,
    0x00, 0x00, 0x00, 0x00, 0x00, 0x00, 0x00, 0x00, 0x00, 0x00, 0x00, 0x00,
    0x00, 0x00, 0x00, 0x00, 0x00, 0x00, 0x00, 0x00, 0x00, 0x00, 0x00, 0x00,
    0x00, 0x00, 0x00, 0x00, 0x00, 0x00, 0x00, 0x00, 0x00, 0x00, 0x00, 0x00,
    0x00, 0x00, 0x00, 0x00, 0x00, 0x00, 0x00, 0x00, 0x00, 0x00, 0x00, 0x00,
    0x00, 0x00, 0x00, 0x00, 0x00, 0x00, 0x00, 0x00, 0x00, 0x00, 0x00, 0x00,
    0x00, 0x00, 0x00, 0x00, 0x00, 0x00, 0x00, 0x00, 0x00, 0x00, 0x00, 0x00,
    0x00, 0x00, 0x00, 0x00, 0x00, 0x00, 0x00, 0x00, 0x00, 0x00, 0x00, 0x00,
    0x00, 0x00, 0x00, 0x00, 0x00, 0x00, 0x00, 0x00, 0x00, 0x00, 0x00, 0x00,
    0x00, 0x00, 0x00, 0x00, 0x00, 0x00, 0x00, 0x00, 0x00, 0x00, 0x00, 0x00,
    0x00, 0x00, 0x00, 0x00, 0x00, 0x00, 0x00, 0x00, 0x00, 0x00, 0x00, 0x00,
    0x00, 0x00, 0x00, 0x00, 0x00, 0x00, 0x00, 0x00, 0x00, 0x00, 0x00, 0x00,
    0x00, 0x00, 0x00, 0x00, 0x00, 0x00, 0x00, 0x00, 0x00, 0x00, 0x00, 0x00,
    0x00, 0x00, 0x00, 0x00, 0x00, 0x00, 0x00, 0x00, 0x00, 0x00, 0x00, 0x00,
    0x00, 0x00, 0x00, 0x00, 0x00, 0x00, 0x00, 0x00, 0x00, 0x00, 0x00, 0x00,
    0x00, 0x00, 0x00, 0x00, 0x00, 0x00, 0x00, 0x00, 0x00, 0x00, 0x00, 0x00,
    0x00, 0x00, 0x00, 0x00, 0x00, 0x00, 0x00, 0x00, 0x00, 0x00, 0x00, 0x00,
    0x00, 0x00, 0x00, 0x00, 0x00, 0x00, 0x00, 0x00, 0x00, 0x00, 0x00, 0x00,
    0x00, 0x00, 0x00, 0x00, 0x00, 0x00, 0x00, 0x00, 0x00, 0x00, 0x00, 0x00,
    0x00, 0x00, 0x00, 0x00, 0x00, 0x00, 0x00, 0x00, 0x00, 0x00, 0x00, 0x00,
    0x00, 0x00, 0x00, 0x00, 0x00, 0x00, 0x00, 0x00, 0x00, 0x00, 0x00, 0x00,
    0x00, 0x00, 0x00, 0x00, 0x00, 0x00, 0x00, 0x00, 0x00, 0x00, 0x00, 0x00,
    0x00, 0x00, 0x00, 0x00, 0x00, 0x00, 0x00, 0x00, 0x00, 0x00, 0x00, 0x00,
    0x00, 0x00, 0x00, 0x00, 0x00, 0x00, 0x00, 0x00, 0x00, 0x00, 0x00, 0x00,
    0x00, 0x00, 0x00, 0x00, 0x00, 0x00, 0x00, 0x00, 0x00, 0x00, 0x00, 0x00,
    0x00, 0x00, 0x00, 0x00, 0x00, 0x00, 0x00, 0x00, 0x00, 0x00, 0x00, 0x00,
    0x00, 0x00, 0x00, 0x00, 0x00, 0x00, 0x00, 0x00, 0x00, 0x00, 0x00, 0x00,
    0x00, 0x00, 0x00, 0x00, 0x00, 0x00, 0x00, 0x00, 0x00, 0x00, 0x00, 0x00,
    0x00, 0x00, 0x00, 0x00, 0x00, 0x00, 0x00, 0x00, 0x3c, 0x00, 0x00, 0x00,
    0x48, 0x4f, 0x5d, 0x39, 0xa6, 0xd6, 0x73, 0x39, 0x4d, 0x61, 0x51, 0x39,
    0x27, 0xaf, 0x56, 0x39, 0x3f, 0x3a, 0x81, 0x39, 0xf0, 0x61, 0x2e, 0x39,
    0x84, 0x20, 0x83, 0x39, 0x3a, 0x7b, 0x3f, 0x39, 0xe5, 0xec, 0x11, 0x39,
    0x5d, 0xbc, 0x48, 0x39, 0x5b, 0xdd, 0x07, 0x39, 0x7e, 0xfd, 0x9b, 0x39,
    0x16, 0x41, 0x17, 0x39, 0xb7, 0x72, 0xa8, 0x39, 0x37, 0x5c, 0x4f, 0x39,
    0x27, 0x24, 0x5d, 0x39, 0x85, 0xa2, 0x49, 0x39, 0xe1, 0x8a, 0x8b, 0x39,
    0x8e, 0x28, 0x27, 0x39, 0xe4, 0x79, 0x2c, 0x39, 0xa9, 0xf8, 0x0d, 0x39,
    0x2e, 0xc2, 0x3c, 0x39, 0x2b, 0xec, 0x06, 0x39, 0xf4, 0xdf, 0x4e, 0x39,
    0x22, 0x99, 0x55, 0x39, 0xe7, 0xd4, 0x13, 0x39, 0x15, 0xec, 0x08, 0x39,
    0x03, 0x99, 0x4e, 0x39, 0xb6, 0x70, 0x5b, 0x39, 0xe1, 0xb1, 0x83, 0x39,
    0xef, 0x29, 0x56, 0x39, 0xe9, 0x5a, 0x83, 0x39, 0xe4, 0xee, 0xde, 0x38,
    0xe0, 0x9e, 0x09, 0x39, 0xe0, 0x44, 0x17, 0x39, 0x2a, 0x05, 0x3e, 0x39,
    0x8d, 0x56, 0x58, 0x39, 0xa4, 0xaa, 0x5f, 0x39, 0x2e, 0x19, 0x93, 0x39,
    0x78, 0x31, 0x15, 0x39, 0x13, 0x5d, 0x0f, 0x39, 0x64, 0x44, 0x00, 0x39,
    0x75, 0x64, 0x35, 0x39, 0x04, 0x7a, 0x1b, 0x39, 0xd2, 0x3d, 0x3e, 0x39,
    0x6c, 0xde, 0x55, 0x39, 0x91, 0x67, 0x0c, 0x39, 0xb9, 0xb7, 0x2f, 0x39,
    0xfb, 0xe9, 0x1c, 0x39, 0x82, 0x78, 0x18, 0x39, 0x70, 0x80, 0x90, 0x39,
    0x1b, 0x84, 0xc7, 0x38, 0x72, 0xf0, 0x66, 0x39, 0x93, 0x4e, 0x58, 0x39,
    0x66, 0x0d, 0x94, 0x39, 0xb6, 0xfd, 0x33, 0x39, 0x71, 0x56, 0x50, 0x39,
    0x2b, 0x72, 0x1f, 0x39, 0xa4, 0x20, 0x2a, 0x39, 0x06, 0xf5, 0x14, 0x39,
    0x12, 0x00, 0x00, 0x00, 0x74, 0x66, 0x6c, 0x2e, 0x70, 0x73, 0x65, 0x75,
    0x64, 0x6f, 0x5f, 0x71, 0x63, 0x6f, 0x6e, 0x73, 0x74, 0x36, 0x00, 0x00,
    0x01, 0x00, 0x00, 0x00, 0x3c, 0x00, 0x00, 0x00, 0x00, 0x00, 0x16, 0x00,
    0x1e, 0x00, 0x18, 0x00, 0x17, 0x00, 0x10, 0x00, 0x0c, 0x00, 0x08, 0x00,
    0x00, 0x00, 0x00, 0x00, 0x00, 0x00, 0x07, 0x00, 0x16, 0x00, 0x00, 0x00,
    0x00, 0x00, 0x00, 0x01, 0x28, 0x00, 0x00, 0x00, 0x10, 0x03, 0x00, 0x00,
    0x0d, 0x00, 0x00, 0x00, 0x00, 0x00, 0x00, 0x09, 0x1c, 0x03, 0x00, 0x00,
    0x00, 0x00, 0x12, 0x00, 0x10, 0x00, 0x00, 0x00, 0x00, 0x00, 0x0c, 0x00,
    0x08, 0x00, 0x00, 0x00, 0x00, 0x00, 0x04, 0x00, 0x12, 0x00, 0x00, 0x00,
    0x03, 0x00, 0x00, 0x00, 0x08, 0x00, 0x00, 0x00, 0xec, 0x01, 0x00, 0x00,
    0x3c, 0x00, 0x00, 0x00, 0x00, 0x00, 0x00, 0x00, 0x00, 0x00, 0x00, 0x00,
    0x00, 0x00, 0x00, 0x00, 0x00, 0x00, 0x00, 0x00, 0x00, 0x00, 0x00, 0x00,
    0x00, 0x00, 0x00, 0x00, 0x00, 0x00, 0x00, 0x00, 0x00, 0x00, 0x00, 0x00,
    0x00, 0x00, 0x00, 0x00, 0x00, 0x00, 0x00, 0x00, 0x00, 0x00, 0x00, 0x00,
    0x00, 0x00, 0x00, 0x00, 0x00, 0x00, 0x00, 0x00, 0x00, 0x00, 0x00, 0x00,
    0x00, 0x00, 0x00, 0x00, 0x00, 0x00, 0x00, 0x00, 0x00, 0x00, 0x00, 0x00,
    0x00, 0x00, 0x00, 0x00, 0x00, 0x00, 0x00, 0x00, 0x00, 0x00, 0x00, 0x00,
    0x00, 0x00, 0x00, 0x00, 0x00, 0x00, 0x00, 0x00, 0x00, 0x00, 0x00, 0x00,
    0x00, 0x00, 0x00, 0x00, 0x00, 0x00, 0x00, 0x00, 0x00, 0x00, 0x00, 0x00,
    0x00, 0x00, 0x00, 0x00, 0x00, 0x00, 0x00, 0x00, 0x00, 0x00, 0x00, 0x00,
    0x00, 0x00, 0x00, 0x00, 0x00, 0x00, 0x00, 0x00, 0x00, 0x00, 0x00, 0x00,
    0x00, 0x00, 0x00, 0x00, 0x00, 0x00, 0x00, 0x00, 0x00, 0x00, 0x00, 0x00,
    0x00, 0x00, 0x00, 0x00, 0x00, 0x00, 0x00, 0x00, 0x00, 0x00, 0x00, 0x00,
    0x00, 0x00, 0x00, 0x00, 0x00, 0x00, 0x00, 0x00, 0x00, 0x00, 0x00, 0x00,
    0x00, 0x00, 0x00, 0x00, 0x00, 0x00, 0x00, 0x00, 0x00, 0x00, 0x00, 0x00,
    0x00, 0x00, 0x00, 0x00, 0x00, 0x00, 0x00, 0x00, 0x00, 0x00, 0x00, 0x00,
    0x00, 0x00, 0x00, 0x00, 0x00, 0x00, 0x00, 0x00, 0x00, 0x00, 0x00, 0x00,
    0x00, 0x00, 0x00, 0x00, 0x00, 0x00, 0x00, 0x00, 0x00, 0x00, 0x00, 0x00,
    0x00, 0x00, 0x00, 0x00, 0x00, 0x00, 0x00, 0x00, 0x00, 0x00, 0x00, 0x00,
    0x00, 0x00, 0x00, 0x00, 0x00, 0x00, 0x00, 0x00, 0x00, 0x00, 0x00, 0x00,
    0x00, 0x00, 0x00, 0x00, 0x00, 0x00, 0x00, 0x00, 0x00, 0x00, 0x00, 0x00,
    0x00, 0x00, 0x00, 0x00, 0x00, 0x00, 0x00, 0x00, 0x00, 0x00, 0x00, 0x00,
    0x00, 0x00, 0x00, 0x00, 0x00, 0x00, 0x00, 0x00, 0x00, 0x00, 0x00, 0x00,
    0x00, 0x00, 0x00, 0x00, 0x00, 0x00, 0x00, 0x00, 0x00, 0x00, 0x00, 0x00,
    0x00, 0x00, 0x00, 0x00, 0x00, 0x00, 0x00, 0x00, 0x00, 0x00, 0x00, 0x00,
    0x00, 0x00, 0x00, 0x00, 0x00, 0x00, 0x00, 0x00, 0x00, 0x00, 0x00, 0x00,
    0x00, 0x00, 0x00, 0x00, 0x00, 0x00, 0x00, 0x00, 0x00, 0x00, 0x00, 0x00,
    0x00, 0x00, 0x00, 0x00, 0x00, 0x00, 0x00, 0x00, 0x00, 0x00, 0x00, 0x00,
    0x00, 0x00, 0x00, 0x00, 0x00, 0x00, 0x00, 0x00, 0x00, 0x00, 0x00, 0x00,
    0x00, 0x00, 0x00, 0x00, 0x00, 0x00, 0x00, 0x00, 0x00, 0x00, 0x00, 0x00,
    0x00, 0x00, 0x00, 0x00, 0x00, 0x00, 0x00, 0x00, 0x00, 0x00, 0x00, 0x00,
    0x00, 0x00, 0x00, 0x00, 0x00, 0x00, 0x00, 0x00, 0x00, 0x00, 0x00, 0x00,
    0x00, 0x00, 0x00, 0x00, 0x00, 0x00, 0x00, 0x00, 0x00, 0x00, 0x00, 0x00,
    0x00, 0x00, 0x00, 0x00, 0x00, 0x00, 0x00, 0x00, 0x00, 0x00, 0x00, 0x00,
    0x00, 0x00, 0x00, 0x00, 0x00, 0x00, 0x00, 0x00, 0x00, 0x00, 0x00, 0x00,
    0x00, 0x00, 0x00, 0x00, 0x00, 0x00, 0x00, 0x00, 0x00, 0x00, 0x00, 0x00,
    0x00, 0x00, 0x00, 0x00, 0x00, 0x00, 0x00, 0x00, 0x00, 0x00, 0x00, 0x00,
    0x00, 0x00, 0x00, 0x00, 0x00, 0x00, 0x00, 0x00, 0x00, 0x00, 0x00, 0x00,
    0x00, 0x00, 0x00, 0x00, 0x00, 0x00, 0x00, 0x00, 0x00, 0x00, 0x00, 0x00,
    0x00, 0x00, 0x00, 0x00, 0x00, 0x00, 0x00, 0x00, 0x00, 0x00, 0x00, 0x00,
    0x00, 0x00, 0x00, 0x00, 0x00, 0x00, 0x00, 0x00, 0x3c, 0x00, 0x00, 0x00,
    0xd7, 0x35, 0x77, 0x3b, 0xb1, 0xd0, 0x72, 0x3b, 0x82, 0x77, 0xfa, 0x3b,
    0x93, 0xdb, 0x27, 0x3b, 0xe2, 0x0b, 0x26, 0x3b, 0x17, 0xda, 0x18, 0x3b,
    0xb2, 0x4b, 0x0e, 0x3b, 0x74, 0x81, 0x49, 0x3b, 0xcb, 0x5a, 0xb5, 0x3a,
    0x9f, 0xab, 0x35, 0x3b, 0xa8, 0x5e, 0x32, 0x3b, 0xda, 0xdd, 0x10, 0x3b,
    0xe7, 0xc2, 0x30, 0x3b, 0xf9, 0x33, 0x06, 0x3b, 0x3d, 0xc5, 0x5f, 0x3b,
    0x2d, 0x73, 0x02, 0x3b, 0xed, 0xd2, 0xeb, 0x3a, 0xbe, 0x3b, 0x22, 0x3b,
    0x45, 0xc1, 0xd8, 0x3a, 0x85, 0x19, 0x88, 0x3b, 0x2b, 0x55, 0x95, 0x3a,
    0x3e, 0xb8, 0xde, 0x3a, 0x24, 0x0c, 0xe1, 0x3a, 0xe4, 0xba, 0xb9, 0x3a,
    0x5f, 0xb2, 0x14, 0x3b, 0xfb, 0x26, 0x47, 0x3b, 0xf0, 0xa6, 0xa4, 0x3a,
    0x94, 0xf7, 0xfc, 0x3a, 0x3e, 0x7b, 0x5d, 0x3b, 0x0e, 0x18, 0x52, 0x3b,
    0x6c, 0x43, 0x29, 0x3b, 0xdc, 0xf6, 0x84, 0x3b, 0xa1, 0x19, 0x24, 0x3b,
    0xdf, 0x0c, 0x2e, 0x3b, 0x23, 0xfe, 0xea, 0x3a, 0xfd, 0xac, 0x07, 0x3b,
    0x0b, 0x55, 0x49, 0x3b, 0x94, 0xc2, 0x37, 0x3b, 0x0e, 0xda, 0x50, 0x3b,
    0xb8, 0x56, 0x35, 0x3b, 0xd2, 0x47, 0xd9, 0x3a, 0x03, 0x29, 0xca, 0x3a,
    0xe7, 0x89, 0x0d, 0x3b, 0x4b, 0xca, 0xde, 0x3a, 0x7d, 0x7c, 0x70, 0x3b,
    0x00, 0x94, 0x6b, 0x3b, 0xfe, 0x88, 0x1c, 0x3b, 0xff, 0xf5, 0x0a, 0x3b,
    0x03, 0xb4, 0x2f, 0x3b, 0x12, 0xa4, 0x10, 0x3b, 0xd2, 0x38, 0x3b, 0x3b,
    0x7c, 0x76, 0xea, 0x3a, 0x36, 0xa4, 0xe1, 0x3a, 0x6e, 0x3b, 0x84, 0x3b,
    0x58, 0x50, 0x91, 0x3b, 0xd1, 0x54, 0xfe, 0x3a, 0xf1, 0xac, 0x2e, 0x3b,
    0x01, 0xf4, 0x68, 0x3b, 0x77, 0x93, 0xaa, 0x3b, 0x5e, 0xb2, 0x1a, 0x3b,
    0x12, 0x00, 0x00, 0x00, 0x74, 0x66, 0x6c, 0x2e, 0x70, 0x73, 0x65, 0x75,
    0x64, 0x6f, 0x5f, 0x71, 0x63, 0x6f, 0x6e, 0x73, 0x74, 0x35, 0x00, 0x00,
    0x04, 0x00, 0x00, 0x00, 0x01, 0x00, 0x00, 0x00, 0x15, 0x00, 0x00, 0x00,
    0x01, 0x00, 0x00, 0x00, 0x3c, 0x00, 0x00, 0x00, 0x62, 0xf4, 0xff, 0xff,
    0x00, 0x00, 0x00, 0x01, 0x14, 0x00, 0x00, 0x00, 0xf4, 0x02, 0x00, 0x00,
    0x0c, 0x00, 0x00, 0x00, 0x00, 0x00, 0x00, 0x02, 0x00, 0x03, 0x00, 0x00,
    0x4c, 0xf4, 0xff, 0xff, 0x08, 0x00, 0x00, 0x00, 0xe8, 0x01, 0x00, 0x00,
    0x3c, 0x00, 0x00, 0x00, 0x00, 0x00, 0x00, 0x00, 0x00, 0x00, 0x00, 0x00,
    0x00, 0x00, 0x00, 0x00, 0x00, 0x00, 0x00, 0x00, 0x00, 0x00, 0x00, 0x00,
    0x00, 0x00, 0x00, 0x00, 0x00, 0x00, 0x00, 0x00, 0x00, 0x00, 0x00, 0x00,
    0x00, 0x00, 0x00, 0x00, 0x00, 0x00, 0x00, 0x00, 0x00, 0x00, 0x00, 0x00,
    0x00, 0x00, 0x00, 0x00, 0x00, 0x00, 0x00, 0x00, 0x00, 0x00, 0x00, 0x00,
    0x00, 0x00, 0x00, 0x00, 0x00, 0x00, 0x00, 0x00, 0x00, 0x00, 0x00, 0x00,
    0x00, 0x00, 0x00, 0x00, 0x00, 0x00, 0x00, 0x00, 0x00, 0x00, 0x00, 0x00,
    0x00, 0x00, 0x00, 0x00, 0x00, 0x00, 0x00, 0x00, 0x00, 0x00, 0x00, 0x00,
    0x00, 0x00, 0x00, 0x00, 0x00, 0x00, 0x00, 0x00, 0x00, 0x00, 0x00, 0x00,
    0x00, 0x00, 0x00, 0x00, 0x00, 0x00, 0x00, 0x00, 0x00, 0x00, 0x00, 0x00,
    0x00, 0x00, 0x00, 0x00, 0x00, 0x00, 0x00, 0x00, 0x00, 0x00, 0x00, 0x00,
    0x00, 0x00, 0x00, 0x00, 0x00, 0x00, 0x00, 0x00, 0x00, 0x00, 0x00, 0x00,
    0x00, 0x00, 0x00, 0x00, 0x00, 0x00, 0x00, 0x00, 0x00, 0x00, 0x00, 0x00,
    0x00, 0x00, 0x00, 0x00, 0x00, 0x00, 0x00, 0x00, 0x00, 0x00, 0x00, 0x00,
    0x00, 0x00, 0x00, 0x00, 0x00, 0x00, 0x00, 0x00, 0x00, 0x00, 0x00, 0x00,
    0x00, 0x00, 0x00, 0x00, 0x00, 0x00, 0x00, 0x00, 0x00, 0x00, 0x00, 0x00,
    0x00, 0x00, 0x00, 0x00, 0x00, 0x00, 0x00, 0x00, 0x00, 0x00, 0x00, 0x00,
    0x00, 0x00, 0x00, 0x00, 0x00, 0x00, 0x00, 0x00, 0x00, 0x00, 0x00, 0x00,
    0x00, 0x00, 0x00, 0x00, 0x00, 0x00, 0x00, 0x00, 0x00, 0x00, 0x00, 0x00,
    0x00, 0x00, 0x00, 0x00, 0x00, 0x00, 0x00, 0x00, 0x00, 0x00, 0x00, 0x00,
    0x00, 0x00, 0x00, 0x00, 0x00, 0x00, 0x00, 0x00, 0x00, 0x00, 0x00, 0x00,
    0x00, 0x00, 0x00, 0x00, 0x00, 0x00, 0x00, 0x00, 0x00, 0x00, 0x00, 0x00,
    0x00, 0x00, 0x00, 0x00, 0x00, 0x00, 0x00, 0x00, 0x00, 0x00, 0x00, 0x00,
    0x00, 0x00, 0x00, 0x00, 0x00, 0x00, 0x00, 0x00, 0x00, 0x00, 0x00, 0x00,
    0x00, 0x00, 0x00, 0x00, 0x00, 0x00, 0x00, 0x00, 0x00, 0x00, 0x00, 0x00,
    0x00, 0x00, 0x00, 0x00, 0x00, 0x00, 0x00, 0x00, 0x00, 0x00, 0x00, 0x00,
    0x00, 0x00, 0x00, 0x00, 0x00, 0x00, 0x00, 0x00, 0x00, 0x00, 0x00, 0x00,
    0x00, 0x00, 0x00, 0x00, 0x00, 0x00, 0x00, 0x00, 0x00, 0x00, 0x00, 0x00,
    0x00, 0x00, 0x00, 0x00, 0x00, 0x00, 0x00, 0x00, 0x00, 0x00, 0x00, 0x00,
    0x00, 0x00, 0x00, 0x00, 0x00, 0x00, 0x00, 0x00, 0x00, 0x00, 0x00, 0x00,
    0x00, 0x00, 0x00, 0x00, 0x00, 0x00, 0x00, 0x00, 0x00, 0x00, 0x00, 0x00,
    0x00, 0x00, 0x00, 0x00, 0x00, 0x00, 0x00, 0x00, 0x00, 0x00, 0x00, 0x00,
    0x00, 0x00, 0x00, 0x00, 0x00, 0x00, 0x00, 0x00, 0x00, 0x00, 0x00, 0x00,
    0x00, 0x00, 0x00, 0x00, 0x00, 0x00, 0x00, 0x00, 0x00, 0x00, 0x00, 0x00,
    0x00, 0x00, 0x00, 0x00, 0x00, 0x00, 0x00, 0x00, 0x00, 0x00, 0x00, 0x00,
    0x00, 0x00, 0x00, 0x00, 0x00, 0x00, 0x00, 0x00, 0x00, 0x00, 0x00, 0x00,
    0x00, 0x00, 0x00, 0x00, 0x00, 0x00, 0x00, 0x00, 0x00, 0x00, 0x00, 0x00,
    0x00, 0x00, 0x00, 0x00, 0x00, 0x00, 0x00, 0x00, 0x00, 0x00, 0x00, 0x00,
    0x00, 0x00, 0x00, 0x00, 0x00, 0x00, 0x00, 0x00, 0x00, 0x00, 0x00, 0x00,
    0x00, 0x00, 0x00, 0x00, 0x00, 0x00, 0x00, 0x00, 0x00, 0x00, 0x00, 0x00,
    0x00, 0x00, 0x00, 0x00, 0x3c, 0x00, 0x00, 0x00, 0x5b, 0xf1, 0xc9, 0x38,
    0x3c, 0x5a, 0xc6, 0x38, 0x5e, 0x9a, 0x4c, 0x39, 0xe7, 0x1e, 0x89, 0x38,
    0x1f, 0xa4, 0x87, 0x38, 0xb1, 0xb9, 0x79, 0x38, 0x98, 0x7a, 0x68, 0x38,
    0x77, 0x9b, 0xa4, 0x38, 0x6d, 0x25, 0x14, 0x38, 0x74, 0x67, 0x94, 0x38,
    0x36, 0xb5, 0x91, 0x38, 0xdf, 0xad, 0x6c, 0x38, 0xdb, 0x64, 0x90, 0x38,
    0xde, 0x41, 0x5b, 0x38, 0x8b, 0xcb, 0xb6, 0x38, 0x25, 0x20, 0x55, 0x38,
    0x33, 0xa4, 0x40, 0x38, 0xb9, 0x86, 0x84, 0x38, 0x71, 0x10, 0x31, 0x38,
    0x24, 0x5b, 0xde, 0x38, 0xca, 0xf9, 0xf3, 0x37, 0xce, 0xef, 0x35, 0x38,
    0x96, 0xd6, 0x37, 0x38, 0x6b, 0xb8, 0x17, 0x38, 0xd1, 0xef, 0x72, 0x38,
    0x50, 0xaf, 0xa2, 0x38, 0x89, 0x80, 0x06, 0x38, 0x3b, 0xa5, 0x4e, 0x38,
    0xda, 0xec, 0xb4, 0x38, 0x79, 0x9f, 0xab, 0x38, 0xdc, 0x44, 0x8a, 0x38,
    0xc7, 0x3b, 0xd9, 0x38, 0x1a, 0x0d, 0x86, 0x38, 0xe9, 0x2d, 0x8e, 0x38,
    0x60, 0xf6, 0x3f, 0x38, 0xd3, 0xa9, 0x5d, 0x38, 0x30, 0x77, 0xa4, 0x38,
    0x74, 0x1c, 0x96, 0x38, 0xb4, 0x9b, 0xaa, 0x38, 0x19, 0x22, 0x94, 0x38,
    0x5b, 0x7e, 0x31, 0x38, 0x58, 0x24, 0x25, 0x38, 0xfb, 0x3d, 0x67, 0x38,
    0x8d, 0xfe, 0x35, 0x38, 0x35, 0x73, 0xc4, 0x38, 0xcc, 0x70, 0xc0, 0x38,
    0x2e, 0xbe, 0x7f, 0x38, 0xd7, 0x07, 0x63, 0x38, 0x92, 0x87, 0x8f, 0x38,
    0x78, 0x4f, 0x6c, 0x38, 0x69, 0xf0, 0x98, 0x38, 0x90, 0x87, 0x3f, 0x38,
    0xcf, 0x52, 0x38, 0x38, 0x8f, 0x09, 0xd8, 0x38, 0xed, 0x68, 0xed, 0x38,
    0x85, 0xc2, 0x4f, 0x38, 0xac, 0xb0, 0x8e, 0x38, 0xda, 0x4b, 0xbe, 0x38,
    0x5e, 0x57, 0x0b, 0x39, 0x49, 0xbd, 0x7c, 0x38, 0x12, 0x00, 0x00, 0x00,
    0x74, 0x66, 0x6c, 0x2e, 0x70, 0x73, 0x65, 0x75, 0x64, 0x6f, 0x5f, 0x71,
    0x63, 0x6f, 0x6e, 0x73, 0x74, 0x34, 0x00, 0x00, 0x01, 0x00, 0x00, 0x00,
    0x3c, 0x00, 0x00, 0x00, 0x82, 0xf7, 0xff, 0xff, 0x00, 0x00, 0x00, 0x01,
    0x14, 0x00, 0x00, 0x00, 0xf8, 0x02, 0x00, 0x00, 0x0b, 0x00, 0x00, 0x00,
    0x00, 0x00, 0x00, 0x09, 0x04, 0x03, 0x00, 0x00, 0x6c, 0xf7, 0xff, 0xff,
    0x08, 0x00, 0x00, 0x00, 0xec, 0x01, 0x00, 0x00, 0x3c, 0x00, 0x00, 0x00,
    0x00, 0x00, 0x00, 0x00, 0x00, 0x00, 0x00, 0x00, 0x00, 0x00, 0x00, 0x00,
    0x00, 0x00, 0x00, 0x00, 0x00, 0x00, 0x00, 0x00, 0x00, 0x00, 0x00, 0x00,
    0x00, 0x00, 0x00, 0x00, 0x00, 0x00, 0x00, 0x00, 0x00, 0x00, 0x00, 0x00,
    0x00, 0x00, 0x00, 0x00, 0x00, 0x00, 0x00, 0x00, 0x00, 0x00, 0x00, 0x00,
    0x00, 0x00, 0x00, 0x00, 0x00, 0x00, 0x00, 0x00, 0x00, 0x00, 0x00, 0x00,
    0x00, 0x00, 0x00, 0x00, 0x00, 0x00, 0x00, 0x00, 0x00, 0x00, 0x00, 0x00,
    0x00, 0x00, 0x00, 0x00, 0x00, 0x00, 0x00, 0x00, 0x00, 0x00, 0x00, 0x00,
    0x00, 0x00, 0x00, 0x00, 0x00, 0x00, 0x00, 0x00, 0x00, 0x00, 0x00, 0x00,
    0x00, 0x00, 0x00, 0x00, 0x00, 0x00, 0x00, 0x00, 0x00, 0x00, 0x00, 0x00,
    0x00, 0x00, 0x00, 0x00, 0x00, 0x00, 0x00, 0x00, 0x00, 0x00, 0x00, 0x00,
    0x00, 0x00, 0x00, 0x00, 0x00, 0x00, 0x00, 0x00, 0x00, 0x00, 0x00, 0x00,
    0x00, 0x00, 0x00, 0x00, 0x00, 0x00, 0x00, 0x00, 0x00, 0x00, 0x00, 0x00,
    0x00, 0x00, 0x00, 0x00, 0x00, 0x00, 0x00, 0x00, 0x00, 0x00, 0x00, 0x00,
    0x00, 0x00, 0x00, 0x00, 0x00, 0x00, 0x00, 0x00, 0x00, 0x00, 0x00, 0x00,
    0x00, 0x00, 0x00, 0x00, 0x00, 0x00, 0x00, 0x00, 0x00, 0x00, 0x00, 0x00,
    0x00, 0x00, 0x00, 0x00, 0x00, 0x00, 0x00, 0x00, 0x00, 0x00, 0x00, 0x00,
    0x00, 0x00, 0x00, 0x00, 0x00, 0x00, 0x00, 0x00, 0x00, 0x00, 0x00, 0x00,
    0x00, 0x00, 0x00, 0x00, 0x00, 0x00, 0x00, 0x00, 0x00, 0x00, 0x00, 0x00,
    0x00, 0x00, 0x00, 0x00, 0x00, 0x00, 0x00, 0x00, 0x00, 0x00, 0x00, 0x00,
    0x00, 0x00, 0x00, 0x00, 0x00, 0x00, 0x00, 0x00, 0x00, 0x00, 0x00, 0x00,
    0x00, 0x00, 0x00, 0x00, 0x00, 0x00, 0x00, 0x00, 0x00, 0x00, 0x00, 0x00,
    0x00, 0x00, 0x00, 0x00, 0x00, 0x00, 0x00, 0x00, 0x00, 0x00, 0x00, 0x00,
    0x00, 0x00, 0x00, 0x00, 0x00, 0x00, 0x00, 0x00, 0x00, 0x00, 0x00, 0x00,
    0x00, 0x00, 0x00, 0x00, 0x00, 0x00, 0x00, 0x00, 0x00, 0x00, 0x00, 0x00,
    0x00, 0x00, 0x00, 0x00, 0x00, 0x00, 0x00, 0x00, 0x00, 0x00, 0x00, 0x00,
    0x00, 0x00, 0x00, 0x00, 0x00, 0x00, 0x00, 0x00, 0x00, 0x00, 0x00, 0x00,
    0x00, 0x00, 0x00, 0x00, 0x00, 0x00, 0x00, 0x00, 0x00, 0x00, 0x00, 0x00,
    0x00, 0x00, 0x00, 0x00, 0x00, 0x00, 0x00, 0x00, 0x00, 0x00, 0x00, 0x00,
    0x00, 0x00, 0x00, 0x00, 0x00, 0x00, 0x00, 0x00, 0x00, 0x00, 0x00, 0x00,
    0x00, 0x00, 0x00, 0x00, 0x00, 0x00, 0x00, 0x00, 0x00, 0x00, 0x00, 0x00,
    0x00, 0x00, 0x00, 0x00, 0x00, 0x00, 0x00, 0x00, 0x00, 0x00, 0x00, 0x00,
    0x00, 0x00, 0x00, 0x00, 0x00, 0x00, 0x00, 0x00, 0x00, 0x00, 0x00, 0x00,
    0x00, 0x00, 0x00, 0x00, 0x00, 0x00, 0x00, 0x00, 0x00, 0x00, 0x00, 0x00,
    0x00, 0x00, 0x00, 0x00, 0x00, 0x00, 0x00, 0x00, 0x00, 0x00, 0x00, 0x00,
    0x00, 0x00, 0x00, 0x00, 0x00, 0x00, 0x00, 0x00, 0x00, 0x00, 0x00, 0x00,
    0x00, 0x00, 0x00, 0x00, 0x00, 0x00, 0x00, 0x00, 0x00, 0x00, 0x00, 0x00,
    0x00, 0x00, 0x00, 0x00, 0x00, 0x00, 0x00, 0x00, 0x00, 0x00, 0x00, 0x00,
    0x00, 0x00, 0x00, 0x00, 0x00, 0x00, 0x00, 0x00, 0x00, 0x00, 0x00, 0x00,
    0x00, 0x00, 0x00, 0x00, 0x00, 0x00, 0x00, 0x00, 0x00, 0x00, 0x00, 0x00,
    0x00, 0x00, 0x00, 0x00, 0x00, 0x00, 0x00, 0x00, 0x00, 0x00, 0x00, 0x00,
    0x00, 0x00, 0x00, 0x00, 0x3c, 0x00, 0x00, 0x00, 0x97, 0xa2, 0xf4, 0x3a,
    0xcb, 0x17, 0xde, 0x3a, 0x62, 0x30, 0xc0, 0x3a, 0x2f, 0x9f, 0xcb, 0x3a,
    0xc1, 0x0c, 0xc3, 0x3a, 0x63, 0x56, 0x02, 0x3b, 0x20, 0xdf, 0x0d, 0x3b,
    0x94, 0xa0, 0x64, 0x3b, 0xaf, 0x74, 0x1a, 0x3b, 0x09, 0x7b, 0xcc, 0x3a,
    0x63, 0x88, 0x41, 0x3b, 0x65, 0x77, 0x03, 0x3b, 0x39, 0xac, 0x3d, 0x3b,
    0x50, 0x3f, 0x51, 0x3b, 0xfd, 0xd2, 0x15, 0x3b, 0xef, 0x2b, 0xdc, 0x3a,
    0xb9, 0x02, 0x06, 0x3b, 0xbc, 0x23, 0x4f, 0x3b, 0x6c, 0xc5, 0x48, 0x3b,
    0xa7, 0x73, 0x11, 0x3b, 0x3d, 0x28, 0x60, 0x3b, 0xfb, 0x1a, 0x1d, 0x3b,
    0x38, 0xf3, 0xe4, 0x3a, 0xc2, 0xf0, 0xfb, 0x3a, 0xd1, 0x10, 0x41, 0x3b,
    0x2a, 0x46, 0x03, 0x3b, 0x25, 0x10, 0x0e, 0x3b, 0xe3, 0x05, 0xcd, 0x3a,
    0xc8, 0xd8, 0x06, 0x3b, 0x9c, 0xcf, 0x27, 0x3b, 0xf0, 0x89, 0x11, 0x3b,
    0x18, 0x64, 0x0f, 0x3b, 0x7a, 0xe7, 0x26, 0x3b, 0xe9, 0xf7, 0x28, 0x3b,
    0x10, 0x62, 0x1e, 0x3b, 0x49, 0x21, 0x30, 0x3b, 0xa1, 0x7f, 0xdd, 0x3a,
    0x75, 0x4c, 0xfe, 0x3a, 0xf5, 0xd8, 0x2f, 0x3b, 0xc4, 0x8f, 0x2d, 0x3b,
    0xdb, 0x2e, 0x03, 0x3b, 0x47, 0x6b, 0x41, 0x3b, 0x43, 0x4d, 0xf0, 0x3a,
    0x81, 0xd6, 0x05, 0x3b, 0x64, 0x66, 0x53, 0x3b, 0x13, 0xec, 0x20, 0x3b,
    0xdc, 0x18, 0x01, 0x3b, 0x51, 0x04, 0xe0, 0x3a, 0x4c, 0x48, 0x34, 0x3b,
    0x2a, 0xd9, 0x6e, 0x3b, 0x2b, 0x0f, 0x1e, 0x3b, 0xe7, 0xb3, 0x30, 0x3b,
    0xd3, 0x2d, 0x18, 0x3b, 0x07, 0x14, 0xeb, 0x3a, 0x17, 0x5e, 0x08, 0x3b,
    0xd2, 0xef, 0xc7, 0x3a, 0x6b, 0x22, 0x0f, 0x3b, 0xe0, 0x0a, 0x0f, 0x3b,
    0x3d, 0xd7, 0x42, 0x3b, 0x90, 0x9d, 0x19, 0x3b, 0x12, 0x00, 0x00, 0x00,
    0x74, 0x66, 0x6c, 0x2e, 0x70, 0x73, 0x65, 0x75, 0x64, 0x6f, 0x5f, 0x71,
    0x63, 0x6f, 0x6e, 0x73, 0x74, 0x33, 0x00, 0x00, 0x04, 0x00, 0x00, 0x00,
    0x3c, 0x00, 0x00, 0x00, 0x01, 0x00, 0x00, 0x00, 0x01, 0x00, 0x00, 0x00,
    0x3c, 0x00, 0x00, 0x00, 0xb2, 0xfa, 0xff, 0xff, 0x00, 0x00, 0x00, 0x01,
    0x14, 0x00, 0x00, 0x00, 0xf4, 0x02, 0x00, 0x00, 0x0a, 0x00, 0x00, 0x00,
    0x00, 0x00, 0x00, 0x02, 0x00, 0x03, 0x00, 0x00, 0x9c, 0xfa, 0xff, 0xff,
    0x08, 0x00, 0x00, 0x00, 0xe8, 0x01, 0x00, 0x00, 0x3c, 0x00, 0x00, 0x00,
    0x00, 0x00, 0x00, 0x00, 0x00, 0x00, 0x00, 0x00, 0x00, 0x00, 0x00, 0x00,
    0x00, 0x00, 0x00, 0x00, 0x00, 0x00, 0x00, 0x00, 0x00, 0x00, 0x00, 0x00,
    0x00, 0x00, 0x00, 0x00, 0x00, 0x00, 0x00, 0x00, 0x00, 0x00, 0x00, 0x00,
    0x00, 0x00, 0x00, 0x00, 0x00, 0x00, 0x00, 0x00, 0x00, 0x00, 0x00, 0x00,
    0x00, 0x00, 0x00, 0x00, 0x00, 0x00, 0x00, 0x00, 0x00, 0x00, 0x00, 0x00,
    0x00, 0x00, 0x00, 0x00, 0x00, 0x00, 0x00, 0x00, 0x00, 0x00, 0x00, 0x00,
    0x00, 0x00, 0x00, 0x00, 0x00, 0x00, 0x00, 0x00, 0x00, 0x00, 0x00, 0x00,
    0x00, 0x00, 0x00, 0x00, 0x00, 0x00, 0x00, 0x00, 0x00, 0x00, 0x00, 0x00,
    0x00, 0x00, 0x00, 0x00, 0x00, 0x00, 0x00, 0x00, 0x00, 0x00, 0x00, 0x00,
    0x00, 0x00, 0x00, 0x00, 0x00, 0x00, 0x00, 0x00, 0x00, 0x00, 0x00, 0x00,
    0x00, 0x00, 0x00, 0x00, 0x00, 0x00, 0x00, 0x00, 0x00, 0x00, 0x00, 0x00,
    0x00, 0x00, 0x00, 0x00, 0x00, 0x00, 0x00, 0x00, 0x00, 0x00, 0x00, 0x00,
    0x00, 0x00, 0x00, 0x00, 0x00, 0x00, 0x00, 0x00, 0x00, 0x00, 0x00, 0x00,
    0x00, 0x00, 0x00, 0x00, 0x00, 0x00, 0x00, 0x00, 0x00, 0x00, 0x00, 0x00,
    0x00, 0x00, 0x00, 0x00, 0x00, 0x00, 0x00, 0x00, 0x00, 0x00, 0x00, 0x00,
    0x00, 0x00, 0x00, 0x00, 0x00, 0x00, 0x00, 0x00, 0x00, 0x00, 0x00, 0x00,
    0x00, 0x00, 0x00, 0x00, 0x00, 0x00, 0x00, 0x00, 0x00, 0x00, 0x00, 0x00,
    0x00, 0x00, 0x00, 0x00, 0x00, 0x00, 0x00, 0x00, 0x00, 0x00, 0x00, 0x00,
    0x00, 0x00, 0x00, 0x00, 0x00, 0x00, 0x00, 0x00, 0x00, 0x00, 0x00, 0x00,
    0x00, 0x00, 0x00, 0x00, 0x00, 0x00, 0x00, 0x00, 0x00, 0x00, 0x00, 0x00,
    0x00, 0x00, 0x00, 0x00, 0x00, 0x00, 0x00, 0x00, 0x00, 0x00, 0x00, 0x00,
    0x00, 0x00, 0x00, 0x00, 0x00, 0x00, 0x00, 0x00, 0x00, 0x00, 0x00, 0x00,
    0x00, 0x00, 0x00, 0x00, 0x00, 0x00, 0x00, 0x00, 0x00, 0x00, 0x00, 0x00,
    0x00, 0x00, 0x00, 0x00, 0x00, 0x00, 0x00, 0x00, 0x00, 0x00, 0x00, 0x00,
    0x00, 0x00, 0x00, 0x00, 0x00, 0x00, 0x00, 0x00, 0x00, 0x00, 0x00, 0x00,
    0x00, 0x00, 0x00, 0x00, 0x00, 0x00, 0x00, 0x00, 0x00, 0x00, 0x00, 0x00,
    0x00, 0x00, 0x00, 0x00, 0x00, 0x00, 0x00, 0x00, 0x00, 0x00, 0x00, 0x00,
    0x00, 0x00, 0x00, 0x00, 0x00, 0x00, 0x00, 0x00, 0x00, 0x00, 0x00, 0x00,
    0x00, 0x00, 0x00, 0x00, 0x00, 0x00, 0x00, 0x00, 0x00, 0x00, 0x00, 0x00,
    0x00, 0x00, 0x00, 0x00, 0x00, 0x00, 0x00, 0x00, 0x00, 0x00, 0x00, 0x00,
    0x00, 0x00, 0x00, 0x00, 0x00, 0x00, 0x00, 0x00, 0x00, 0x00, 0x00, 0x00,
    0x00, 0x00, 0x00, 0x00, 0x00, 0x00, 0x00, 0x00, 0x00, 0x00, 0x00, 0x00,
    0x00, 0x00, 0x00, 0x00, 0x00, 0x00, 0x00, 0x00, 0x00, 0x00, 0x00, 0x00,
    0x00, 0x00, 0x00, 0x00, 0x00, 0x00, 0x00, 0x00, 0x00, 0x00, 0x00, 0x00,
    0x00, 0x00, 0x00, 0x00, 0x00, 0x00, 0x00, 0x00, 0x00, 0x00, 0x00, 0x00,
    0x00, 0x00, 0x00, 0x00, 0x00, 0x00, 0x00, 0x00, 0x00, 0x00, 0x00, 0x00,
    0x00, 0x00, 0x00, 0x00, 0x00, 0x00, 0x00, 0x00, 0x00, 0x00, 0x00, 0x00,
    0x00, 0x00, 0x00, 0x00, 0x00, 0x00, 0x00, 0x00, 0x00, 0x00, 0x00, 0x00,
    0x00, 0x00, 0x00, 0x00, 0x00, 0x00, 0x00, 0x00, 0x00, 0x00, 0x00, 0x00,
    0x00, 0x00, 0x00, 0x00, 0x00, 0x00, 0x00, 0x00, 0x00, 0x00, 0x00, 0x00,
    0x3c, 0x00, 0x00, 0x00, 0x67, 0xd2, 0x0f, 0x39, 0xbb, 0x91, 0x02, 0x39,
    0x2c, 0xfa, 0xe1, 0x38, 0x87, 0x6b, 0xef, 0x38, 0x4d, 0x57, 0xe5, 0x38,
    0x71, 0x40, 0x19, 0x39, 0x4b, 0xd0, 0x26, 0x39, 0x2b, 0x69, 0x86, 0x39,
    0x3a, 0x9c, 0x35, 0x39, 0x07, 0x6e, 0xf0, 0x38, 0xa8, 0x8e, 0x63, 0x39,
    0x43, 0x94, 0x1a, 0x39, 0xc4, 0x04, 0x5f, 0x39, 0xd7, 0x08, 0x76, 0x39,
    0x14, 0x2a, 0x30, 0x39, 0x90, 0x70, 0x01, 0x39, 0x19, 0x92, 0x1d, 0x39,
    0x66, 0x8e, 0x73, 0x39, 0x77, 0x11, 0x6c, 0x39, 0xf4, 0x05, 0x2b, 0x39,
    0x68, 0xc8, 0x83, 0x39, 0xc6, 0xb9, 0x38, 0x39, 0xc0, 0x99, 0x06, 0x39,
    0xe2, 0x1d, 0x14, 0x39, 0x10, 0x02, 0x63, 0x39, 0x60, 0x5a, 0x1a, 0x39,
    0xef, 0x09, 0x27, 0x39, 0x4b, 0x11, 0xf1, 0x38, 0xca, 0x8d, 0x1e, 0x39,
    0x3a, 0x50, 0x45, 0x39, 0x28, 0x20, 0x2b, 0x39, 0xa6, 0x99, 0x28, 0x39,
    0x48, 0x3f, 0x44, 0x39, 0x9e, 0xac, 0x46, 0x39, 0x5c, 0x3a, 0x3a, 0x39,
    0x50, 0x18, 0x4f, 0x39, 0x46, 0x38, 0x02, 0x39, 0xcc, 0x80, 0x15, 0x39,
    0x45, 0xc3, 0x4e, 0x39, 0x32, 0x13, 0x4c, 0x39, 0xf8, 0x3e, 0x1a, 0x39,
    0x6d, 0x6c, 0x63, 0x39, 0x39, 0x46, 0x0d, 0x39, 0x1b, 0x5e, 0x1d, 0x39,
    0xcd, 0x90, 0x78, 0x39, 0xa6, 0x36, 0x3d, 0x39, 0x18, 0xcb, 0x17, 0x39,
    0x49, 0xb3, 0x03, 0x39, 0x36, 0xfa, 0x53, 0x39, 0x78, 0x6b, 0x8c, 0x39,
    0xe4, 0xd8, 0x39, 0x39, 0xb5, 0xc4, 0x4f, 0x39, 0xe5, 0xee, 0x32, 0x39,
    0x0f, 0x34, 0x0a, 0x39, 0x8a, 0x57, 0x20, 0x39, 0x50, 0x16, 0xeb, 0x38,
    0x6d, 0x4c, 0x28, 0x39, 0xbe, 0x30, 0x28, 0x39, 0x60, 0x18, 0x65, 0x39,
    0x49, 0x9f, 0x34, 0x39, 0x12, 0x00, 0x00, 0x00, 0x74, 0x66, 0x6c, 0x2e,
    0x70, 0x73, 0x65, 0x75, 0x64, 0x6f, 0x5f, 0x71, 0x63, 0x6f, 0x6e, 0x73,
    0x74, 0x32, 0x00, 0x00, 0x01, 0x00, 0x00, 0x00, 0x3c, 0x00, 0x00, 0x00,
    0xd2, 0xfd, 0xff, 0xff, 0x00, 0x00, 0x00, 0x01, 0x14, 0x00, 0x00, 0x00,
    0x30, 0x00, 0x00, 0x00, 0x09, 0x00, 0x00, 0x00, 0x00, 0x00, 0x00, 0x09,
    0x3c, 0x00, 0x00, 0x00, 0xbc, 0xfd, 0xff, 0xff, 0x08, 0x00, 0x00, 0x00,
    0x10, 0x00, 0x00, 0x00, 0x01, 0x00, 0x00, 0x00, 0x00, 0x00, 0x00, 0x00,
    0x00, 0x00, 0x00, 0x00, 0x01, 0x00, 0x00, 0x00, 0x8d, 0xc0, 0x63, 0x3b,
    0x12, 0x00, 0x00, 0x00, 0x74, 0x66, 0x6c, 0x2e, 0x70, 0x73, 0x65, 0x75,
    0x64, 0x6f, 0x5f, 0x71, 0x63, 0x6f, 0x6e, 0x73, 0x74, 0x31, 0x00, 0x00,
    0x02, 0x00, 0x00, 0x00, 0x01, 0x00, 0x00, 0x00, 0x2c, 0x01, 0x00, 0x00,
    0x32, 0xfe, 0xff, 0xff, 0x00, 0x00, 0x00, 0x01, 0x14, 0x00, 0x00, 0x00,
    0x34, 0x00, 0x00, 0x00, 0x08, 0x00, 0x00, 0x00, 0x00, 0x00, 0x00, 0x02,
    0x40, 0x00, 0x00, 0x00, 0x1c, 0xfe, 0xff, 0xff, 0x08, 0x00, 0x00, 0x00,
    0x14, 0x00, 0x00, 0x00, 0x01, 0x00, 0x00, 0x00, 0x00, 0x00, 0x00, 0x00,
    0x00, 0x00, 0x00, 0x00, 0x00, 0x00, 0x00, 0x00, 0x01, 0x00, 0x00, 0x00,
    0x0d, 0xc9, 0xa8, 0x38, 0x11, 0x00, 0x00, 0x00, 0x74, 0x66, 0x6c, 0x2e,
    0x70, 0x73, 0x65, 0x75, 0x64, 0x6f, 0x5f, 0x71, 0x63, 0x6f, 0x6e, 0x73,
    0x74, 0x00, 0x00, 0x00, 0x01, 0x00, 0x00, 0x00, 0x01, 0x00, 0x00, 0x00,
    0x92, 0xfe, 0xff, 0xff, 0x00, 0x00, 0x00, 0x01, 0x14, 0x00, 0x00, 0x00,
    0x14, 0x00, 0x00, 0x00, 0x07, 0x00, 0x00, 0x00, 0x00, 0x00, 0x00, 0x02,
    0x1c, 0x00, 0x00, 0x00, 0xd4, 0xfe, 0xff, 0xff, 0x0f, 0x00, 0x00, 0x00,
    0x61, 0x72, 0x69, 0x74, 0x68, 0x2e, 0x63, 0x6f, 0x6e, 0x73, 0x74, 0x61,
    0x6e, 0x74, 0x35, 0x00, 0x01, 0x00, 0x00, 0x00, 0x04, 0x00, 0x00, 0x00,
    0xce, 0xfe, 0xff, 0xff, 0x00, 0x00, 0x00, 0x01, 0x14, 0x00, 0x00, 0x00,
    0x14, 0x00, 0x00, 0x00, 0x06, 0x00, 0x00, 0x00, 0x00, 0x00, 0x00, 0x02,
    0x1c, 0x00, 0x00, 0x00, 0x10, 0xff, 0xff, 0xff, 0x0f, 0x00, 0x00, 0x00,
    0x61, 0x72, 0x69, 0x74, 0x68, 0x2e, 0x63, 0x6f, 0x6e, 0x73, 0x74, 0x61,
    0x6e, 0x74, 0x34, 0x00, 0x01, 0x00, 0x00, 0x00, 0x04, 0x00, 0x00, 0x00,
    0x0a, 0xff, 0xff, 0xff, 0x00, 0x00, 0x00, 0x01, 0x14, 0x00, 0x00, 0x00,
    0x14, 0x00, 0x00, 0x00, 0x05, 0x00, 0x00, 0x00, 0x00, 0x00, 0x00, 0x02,
    0x1c, 0x00, 0x00, 0x00, 0x4c, 0xff, 0xff, 0xff, 0x0f, 0x00, 0x00, 0x00,
    0x61, 0x72, 0x69, 0x74, 0x68, 0x2e, 0x63, 0x6f, 0x6e, 0x73, 0x74, 0x61,
    0x6e, 0x74, 0x33, 0x00, 0x01, 0x00, 0x00, 0x00, 0x04, 0x00, 0x00, 0x00,
    0x46, 0xff, 0xff, 0xff, 0x00, 0x00, 0x00, 0x01, 0x14, 0x00, 0x00, 0x00,
    0x14, 0x00, 0x00, 0x00, 0x04, 0x00, 0x00, 0x00, 0x00, 0x00, 0x00, 0x02,
    0x1c, 0x00, 0x00, 0x00, 0x88, 0xff, 0xff, 0xff, 0x0f, 0x00, 0x00, 0x00,
    0x61, 0x72, 0x69, 0x74, 0x68, 0x2e, 0x63, 0x6f, 0x6e, 0x73, 0x74, 0x61,
    0x6e, 0x74, 0x32, 0x00, 0x01, 0x00, 0x00, 0x00, 0x04, 0x00, 0x00, 0x00,
    0x82, 0xff, 0xff, 0xff, 0x00, 0x00, 0x00, 0x01, 0x14, 0x00, 0x00, 0x00,
    0x14, 0x00, 0x00, 0x00, 0x03, 0x00, 0x00, 0x00, 0x00, 0x00, 0x00, 0x02,
    0x1c, 0x00, 0x00, 0x00, 0xc4, 0xff, 0xff, 0xff, 0x0f, 0x00, 0x00, 0x00,
    0x61, 0x72, 0x69, 0x74, 0x68, 0x2e, 0x63, 0x6f, 0x6e, 0x73, 0x74, 0x61,
    0x6e, 0x74, 0x31, 0x00, 0x01, 0x00, 0x00, 0x00, 0x02, 0x00, 0x00, 0x00,
    0xbe, 0xff, 0xff, 0xff, 0x00, 0x00, 0x00, 0x01, 0x18, 0x00, 0x00, 0x00,
    0x18, 0x00, 0x00, 0x00, 0x02, 0x00, 0x00, 0x00, 0x00, 0x00, 0x00, 0x02,
    0x20, 0x00, 0x00, 0x00, 0x04, 0x00, 0x04, 0x00, 0x04, 0x00, 0x00, 0x00,
    0x0e, 0x00, 0x00, 0x00, 0x61, 0x72, 0x69, 0x74, 0x68, 0x2e, 0x63, 0x6f,
    0x6e, 0x73, 0x74, 0x61, 0x6e, 0x74, 0x00, 0x00, 0x01, 0x00, 0x00, 0x00,
    0x04, 0x00, 0x00, 0x00, 0x00, 0x00, 0x16, 0x00, 0x1c, 0x00, 0x18, 0x00,
    0x17, 0x00, 0x10, 0x00, 0x0c, 0x00, 0x08, 0x00, 0x00, 0x00, 0x00, 0x00,
    0x00, 0x00, 0x07, 0x00, 0x16, 0x00, 0x00, 0x00, 0x00, 0x00, 0x00, 0x01,
    0x20, 0x00, 0x00, 0x00, 0x3c, 0x00, 0x00, 0x00, 0x01, 0x00, 0x00, 0x00,
    0x00, 0x00, 0x00, 0x09, 0x54, 0x00, 0x00, 0x00, 0x0c, 0x00, 0x0c, 0x00,
    0x00, 0x00, 0x00, 0x00, 0x08, 0x00, 0x04, 0x00, 0x0c, 0x00, 0x00, 0x00,
    0x08, 0x00, 0x00, 0x00, 0x10, 0x00, 0x00, 0x00, 0x01, 0x00, 0x00, 0x00,
    0x80, 0xff, 0xff, 0xff, 0xff, 0xff, 0xff, 0xff, 0x01, 0x00, 0x00, 0x00,
    0x99, 0x69, 0x22, 0x40, 0x1d, 0x00, 0x00, 0x00, 0x73, 0x65, 0x72, 0x76,
    0x69, 0x6e, 0x67, 0x5f, 0x64, 0x65, 0x66, 0x61, 0x75, 0x6c, 0x74, 0x5f,
    0x69, 0x6e, 0x70, 0x75, 0x74, 0x5f, 0x61, 0x75, 0x64, 0x69, 0x6f, 0x3a,
    0x30, 0x00, 0x00, 0x00, 0x03, 0x00, 0x00, 0x00, 0x01, 0x00, 0x00, 0x00,
    0x03, 0x00, 0x00, 0x00, 0x28, 0x00, 0x00, 0x00, 0x0d, 0x00, 0x00, 0x00,
    0xf4, 0x00, 0x00, 0x00, 0xd8, 0x00, 0x00, 0x00, 0xc8, 0x00, 0x00, 0x00,
    0xb8, 0x00, 0x00, 0x00, 0xa4, 0x00, 0x00, 0x00, 0x88, 0x00, 0x00, 0x00,
    0x78, 0x00, 0x00, 0x00, 0x64, 0x00, 0x00, 0x00, 0x50, 0x00, 0x00, 0x00,
    0x3c, 0x00, 0x00, 0x00, 0x28, 0x00, 0x00, 0x00, 0x14, 0x00, 0x00, 0x00,
    0x04, 0x00, 0x00, 0x00, 0x4c, 0xff, 0xff, 0xff, 0x90, 0x00, 0x00, 0x00,
    0x00, 0x00, 0x00, 0x7f, 0x98, 0xff, 0xff, 0xff, 0x2d, 0x00, 0x00, 0x00,
    0x02, 0x00, 0x00, 0x00, 0x00, 0x00, 0x00, 0x2d, 0xa8, 0xff, 0xff, 0xff,
    0x0e, 0x00, 0x00, 0x00, 0x02, 0x00, 0x00, 0x00, 0x00, 0x00, 0x00, 0x0e,
    0xb8, 0xff, 0xff, 0xff, 0x09, 0x00, 0x00, 0x00, 0x04, 0x00, 0x00, 0x00,
    0x00, 0x00, 0x00, 0x09, 0xc8, 0xff, 0xff, 0xff, 0x04, 0x00, 0x00, 0x00,
    0x03, 0x00, 0x00, 0x00, 0x00, 0x00, 0x00, 0x04, 0xd8, 0xff, 0xff, 0xff,
    0x03, 0x00, 0x00, 0x00, 0x03, 0x00, 0x00, 0x00, 0x00, 0x00, 0x00, 0x03,
    0xa8, 0xff, 0xff, 0xff, 0x72, 0x00, 0x00, 0x00, 0x00, 0x00, 0x00, 0x72,
    0xb4, 0xff, 0xff, 0xff, 0x02, 0x00, 0x00, 0x00, 0x00, 0x00, 0x00, 0x02,
    0x0c, 0x00, 0x10, 0x00, 0x0f, 0x00, 0x00, 0x00, 0x08, 0x00, 0x04, 0x00,
    0x0c, 0x00, 0x00, 0x00, 0x06, 0x00, 0x00, 0x00, 0x02, 0x00, 0x00, 0x00,
    0x00, 0x00, 0x00, 0x06, 0xdc, 0xff, 0xff, 0xff, 0x16, 0x00, 0x00, 0x00,
    0x00, 0x00, 0x00, 0x16, 0xe8, 0xff, 0xff, 0xff, 0x8f, 0x00, 0x00, 0x00,
    0x00, 0x00, 0x00, 0x7f, 0xf4, 0xff, 0xff, 0xff, 0x8e, 0x00, 0x00, 0x00,
    0x00, 0x00, 0x00, 0x7f, 0x0c, 0x00, 0x0c, 0x00, 0x0b, 0x00, 0x00, 0x00,
    0x00, 0x00, 0x04, 0x00, 0x0c, 0x00, 0x00, 0x00, 0x81, 0x00, 0x00, 0x00,
    0x00, 0x00, 0x00, 0x7f,
};

static const size_t mww_model_data_banana_size = sizeof(mww_model_data_banana);

#endif  // MWW_MODEL_DATA_BANANA_H_
